
zephyr.elf:     file format elf32-xtensa-le


Disassembly of section .iram0.vectors:

40080000 <_WindowOverflow4>:
40080000:	49c500        	s32e	a0, a5, -16
40080003:	49d510        	s32e	a1, a5, -12
40080006:	49e520        	s32e	a2, a5, -8
40080009:	49f530        	s32e	a3, a5, -4
4008000c:	003400        	rfwo
	...

40080040 <_WindowUnderflow4>:
40080040:	09c500        	l32e	a0, a5, -16
40080043:	09d510        	l32e	a1, a5, -12
40080046:	09e520        	l32e	a2, a5, -8
40080049:	09f530        	l32e	a3, a5, -4
4008004c:	003500        	rfwu
	...

40080050 <_xt_alloca_exc>:
40080050:	034800        	rsr.windowbase	a0
40080053:	4080f0        	rotw	-1
40080056:	03e620        	rsr.ps	a2
40080059:	343820        	extui	a3, a2, 8, 4
4008005c:	303340        	xor	a3, a3, a4
4008005f:	03f440        	rsr.misc0	a4
40080062:	113380        	slli	a3, a3, 8
40080065:	302230        	xor	a2, a2, a3
40080068:	13e620        	wsr.ps	a2
4008006b:	002010        	rsync
4008006e:	ce74f7        	bbci	a4, 31, 40080040 <_WindowUnderflow4>
40080071:	4080f0        	rotw	-1
40080074:	4878e7        	bbci	a8, 30, 400800c0 <_WindowUnderflow8>
40080077:	4080f0        	rotw	-1
4008007a:	003086        	j	40080140 <_WindowUnderflow12>
4008007d:	000000        	ill

40080080 <_WindowOverflow8>:
40080080:	49c900        	s32e	a0, a9, -16
40080083:	09d100        	l32e	a0, a1, -12
40080086:	49d910        	s32e	a1, a9, -12
40080089:	49e920        	s32e	a2, a9, -8
4008008c:	49f930        	s32e	a3, a9, -4
4008008f:	498040        	s32e	a4, a0, -32
40080092:	499050        	s32e	a5, a0, -28
40080095:	49a060        	s32e	a6, a0, -24
40080098:	49b070        	s32e	a7, a0, -20
4008009b:	003400        	rfwo
	...

400800c0 <_WindowUnderflow8>:
400800c0:	09c900        	l32e	a0, a9, -16
400800c3:	09d910        	l32e	a1, a9, -12
400800c6:	09e920        	l32e	a2, a9, -8
400800c9:	09d170        	l32e	a7, a1, -12
400800cc:	09f930        	l32e	a3, a9, -4
400800cf:	098740        	l32e	a4, a7, -32
400800d2:	099750        	l32e	a5, a7, -28
400800d5:	09a760        	l32e	a6, a7, -24
400800d8:	09b770        	l32e	a7, a7, -20
400800db:	003500        	rfwu
	...

40080100 <_WindowOverflow12>:
40080100:	49cd00        	s32e	a0, a13, -16
40080103:	09d100        	l32e	a0, a1, -12
40080106:	49dd10        	s32e	a1, a13, -12
40080109:	49ed20        	s32e	a2, a13, -8
4008010c:	49fd30        	s32e	a3, a13, -4
4008010f:	494040        	s32e	a4, a0, -48
40080112:	495050        	s32e	a5, a0, -44
40080115:	496060        	s32e	a6, a0, -40
40080118:	497070        	s32e	a7, a0, -36
4008011b:	498080        	s32e	a8, a0, -32
4008011e:	499090        	s32e	a9, a0, -28
40080121:	49a0a0        	s32e	a10, a0, -24
40080124:	49b0b0        	s32e	a11, a0, -20
40080127:	003400        	rfwo
	...

40080140 <_WindowUnderflow12>:
40080140:	09cd00        	l32e	a0, a13, -16
40080143:	09dd10        	l32e	a1, a13, -12
40080146:	09ed20        	l32e	a2, a13, -8
40080149:	09d1b0        	l32e	a11, a1, -12
4008014c:	09fd30        	l32e	a3, a13, -4
4008014f:	094b40        	l32e	a4, a11, -48
40080152:	095b50        	l32e	a5, a11, -44
40080155:	096b60        	l32e	a6, a11, -40
40080158:	097b70        	l32e	a7, a11, -36
4008015b:	098b80        	l32e	a8, a11, -32
4008015e:	099b90        	l32e	a9, a11, -28
40080161:	09aba0        	l32e	a10, a11, -24
40080164:	09bbb0        	l32e	a11, a11, -20
40080167:	003500        	rfwu
	...

40080180 <_Level2Vector>:
40080180:	b4c112        	addi	a1, a1, -76
40080183:	a109      	s32i.n	a0, a1, 40
40080185:	c129      	s32i.n	a2, a1, 48
40080187:	d139      	s32i.n	a3, a1, 52
40080189:	03ee00        	rsr.excvaddr	a0
4008018c:	3109      	s32i.n	a0, a1, 12
4008018e:	03c200        	rsr.eps2	a0
40080191:	8109      	s32i.n	a0, a1, 32
40080193:	03b200        	rsr.epc2	a0
40080196:	9109      	s32i.n	a0, a1, 36
40080198:	000206        	j	400801a4 <_after_imms2>
	...

4008019c <_handle_excint_imm2>:
4008019c:	2008      	l32i.n	a0, a0, 8
4008019e:	4008      	l32i.n	a0, a0, 16

400801a0 <_c_handler_imm2>:
400801a0:	082340        	lsx	f2, a3, a4
400801a3:	40          	.byte	0x40

400801a4 <_after_imms2>:
400801a4:	ffff21        	l32r	a2, 400801a0 <_c_handler_imm2> (40082340 <xtensa_int2_c>)
400801a7:	fffd01        	l32r	a0, 4008019c <_handle_excint_imm2> (40082008 <_handle_excint>)
400801aa:	0000a0        	jx	a0
	...

400801c0 <_Level3Vector>:
400801c0:	b4c112        	addi	a1, a1, -76
400801c3:	a109      	s32i.n	a0, a1, 40
400801c5:	c129      	s32i.n	a2, a1, 48
400801c7:	d139      	s32i.n	a3, a1, 52
400801c9:	03ee00        	rsr.excvaddr	a0
400801cc:	3109      	s32i.n	a0, a1, 12
400801ce:	03c300        	rsr.eps3	a0
400801d1:	8109      	s32i.n	a0, a1, 32
400801d3:	03b300        	rsr.epc3	a0
400801d6:	9109      	s32i.n	a0, a1, 36
400801d8:	000106        	j	400801e0 <_after_imms3>
	...

400801dc <_c_handler_imm3>:
400801dc:	235c      	movi.n	a3, 82
400801de:	4008      	l32i.n	a0, a0, 16

400801e0 <_after_imms3>:
400801e0:	ffff21        	l32r	a2, 400801dc <_c_handler_imm3> (4008235c <xtensa_int3_c>)
400801e3:	ffee01        	l32r	a0, 4008019c <_handle_excint_imm2> (40082008 <_handle_excint>)
400801e6:	0000a0        	jx	a0
	...

40080200 <_Level4Vector>:
40080200:	b4c112        	addi	a1, a1, -76
40080203:	a109      	s32i.n	a0, a1, 40
40080205:	c129      	s32i.n	a2, a1, 48
40080207:	d139      	s32i.n	a3, a1, 52
40080209:	03ee00        	rsr.excvaddr	a0
4008020c:	3109      	s32i.n	a0, a1, 12
4008020e:	03c400        	rsr.eps4	a0
40080211:	8109      	s32i.n	a0, a1, 32
40080213:	03b400        	rsr.epc4	a0
40080216:	9109      	s32i.n	a0, a1, 36
40080218:	000106        	j	40080220 <_after_imms4>
	...

4008021c <_c_handler_imm4>:
4008021c:	2378      	l32i.n	a7, a3, 8
4008021e:	4008      	l32i.n	a0, a0, 16

40080220 <_after_imms4>:
40080220:	ffff21        	l32r	a2, 4008021c <_c_handler_imm4> (40082378 <xtensa_int4_c>)
40080223:	ffde01        	l32r	a0, 4008019c <_handle_excint_imm2> (40082008 <_handle_excint>)
40080226:	0000a0        	jx	a0
	...

40080240 <_Level5Vector>:
40080240:	b4c112        	addi	a1, a1, -76
40080243:	a109      	s32i.n	a0, a1, 40
40080245:	c129      	s32i.n	a2, a1, 48
40080247:	d139      	s32i.n	a3, a1, 52
40080249:	03ee00        	rsr.excvaddr	a0
4008024c:	3109      	s32i.n	a0, a1, 12
4008024e:	03c500        	rsr.eps5	a0
40080251:	8109      	s32i.n	a0, a1, 32
40080253:	03b500        	rsr.epc5	a0
40080256:	9109      	s32i.n	a0, a1, 36
40080258:	000106        	j	40080260 <_after_imms5>
	...

4008025c <_c_handler_imm5>:
4008025c:	082394        	lsi	f9, a3, 32
4008025f:	40          	.byte	0x40

40080260 <_after_imms5>:
40080260:	ffff21        	l32r	a2, 4008025c <_c_handler_imm5> (40082394 <xtensa_int5_c>)
40080263:	ffce01        	l32r	a0, 4008019c <_handle_excint_imm2> (40082008 <_handle_excint>)
40080266:	0000a0        	jx	a0
	...

40080280 <_Level6Vector>:
40080280:	b4c112        	addi	a1, a1, -76
40080283:	a109      	s32i.n	a0, a1, 40
40080285:	c129      	s32i.n	a2, a1, 48
40080287:	d139      	s32i.n	a3, a1, 52
40080289:	03ee00        	rsr.excvaddr	a0
4008028c:	3109      	s32i.n	a0, a1, 12
4008028e:	03c600        	rsr.eps6	a0
40080291:	8109      	s32i.n	a0, a1, 32
40080293:	03b600        	rsr.epc6	a0
40080296:	9109      	s32i.n	a0, a1, 36
40080298:	000106        	j	400802a0 <_after_imms6>
	...

4008029c <_c_handler_imm6>:
4008029c:	0823b0        	lsx	f2, a3, a11
4008029f:	40          	.byte	0x40

400802a0 <_after_imms6>:
400802a0:	ffff21        	l32r	a2, 4008029c <_c_handler_imm6> (400823b0 <xtensa_int6_c>)
400802a3:	ffbe01        	l32r	a0, 4008019c <_handle_excint_imm2> (40082008 <_handle_excint>)
400802a6:	0000a0        	jx	a0
	...

400802c0 <_Level7Vector>:
400802c0:	b4c112        	addi	a1, a1, -76
400802c3:	a109      	s32i.n	a0, a1, 40
400802c5:	c129      	s32i.n	a2, a1, 48
400802c7:	d139      	s32i.n	a3, a1, 52
400802c9:	03ee00        	rsr.excvaddr	a0
400802cc:	3109      	s32i.n	a0, a1, 12
400802ce:	03c700        	rsr.eps7	a0
400802d1:	8109      	s32i.n	a0, a1, 32
400802d3:	03b700        	rsr.epc7	a0
400802d6:	9109      	s32i.n	a0, a1, 36
400802d8:	000106        	j	400802e0 <_after_imms7>
	...

400802dc <_c_handler_imm7>:
400802dc:	23cc      	bnez.n	a3, 400802e2 <_after_imms7+0x2>
400802de:	4008      	l32i.n	a0, a0, 16

400802e0 <_after_imms7>:
400802e0:	ffff21        	l32r	a2, 400802dc <_c_handler_imm7> (400823cc <xtensa_int7_c>)
400802e3:	ffae01        	l32r	a0, 4008019c <_handle_excint_imm2> (40082008 <_handle_excint>)
400802e6:	0000a0        	jx	a0
	...

40080300 <_KernelExceptionVector>:
40080300:	06a906        	j	40081da8 <_Level1Vector>
	...

40080340 <_Level1RealVector>:
40080340:	13f400        	wsr.misc0	a0
40080343:	002010        	rsync
40080346:	03e800        	rsr.exccause	a0
40080349:	035066        	bnei	a0, 5, 40080350 <_not_alloca>
4008034c:	ff4006        	j	40080050 <_xt_alloca_exc>
	...

40080350 <_not_alloca>:
40080350:	03f400        	rsr.misc0	a0
40080353:	069446        	j	40081da8 <_Level1Vector>
	...

400803c0 <_DoubleExceptionVector>:
400803c0:	ffff06        	j	400803c0 <_DoubleExceptionVector>
	...

Disassembly of section .iram0.text:

40080400 <__esp_platform_app_start-0x814>:
40080400:	40009200 	
40080404:	40009a14 	
40080408:	00006003 	
4008040c:	3ffb13f0 	
40080410:	ffff0000 	
40080414:	0000ffff 	
40080418:	3ffae270 	
4008041c:	00010000 	
40080420:	3ffb3078 	
40080424:	40009a84 	
40080428:	40009ab8 	
4008042c:	3ff4301c 	
40080430:	3ff43014 	
40080434:	3ff4201c 	
40080438:	3ff42014 	
4008043c:	3ff5a000 	
40080440:	3ffe01e0 	
40080444:	000f4240 	
40080448:	04c4b400 	
4008044c:	3ffb3090 	
40080450:	3ffb3094 	
40080454:	3ffb1594 	
40080458:	3ff480b0 	
4008045c:	3ff480b4 	
40080460:	3ff66000 	
40080464:	3ff66004 	
40080468:	3ff48070 	
4008046c:	e7ffffff 	
40080470:	3ff5f000 	
40080474:	e0001fff 	
40080478:	3ff4807c 	
4008047c:	ffffc7ff 	
40080480:	3ffb15a8 	
40080484:	3ff48000 	
40080488:	3ffb15ac 	
4008048c:	3ffb15b0 	
40080490:	3ffb30a4 	
40080494:	0ffd114c 	
40080498:	3ff44024 	
4008049c:	3ff44030 	
400804a0:	3ff6e000 	
400804a4:	3ff40000 	
400804a8:	3ff50000 	
400804ac:	3ff6607c 	
400804b0:	3ffb3140 	
400804b4:	3ffb3138 	
400804b8:	00200000 	
400804bc:	3ff42000 	
400804c0:	80000000 	
400804c4:	f000ffff 	
400804c8:	70000000 	
400804cc:	bfffffff 	
400804d0:	3ffae290 	
400804d4:	dfffffff 	
400804d8:	f7ffffff 	
400804dc:	efffffff 	
400804e0:	00040000 	
400804e4:	3ff42080 	
400804e8:	4000c2c8 	
400804ec:	009d0000 	
400804f0:	00c20000 	
400804f4:	00c84000 	
400804f8:	3ffb1b80 	
400804fc:	3ffb1c9c 	
40080500:	3ffb1cbc 	
40080504:	40007d54 	
40080508:	40008534 	
4008050c:	4000681c 	
40080510:	3ffb3164 	
40080514:	3ffb315c 	
40080518:	3ffb3160 	
4008051c:	3f400d74 	
40080520:	3f400d58 	
40080524:	0effffff 	
40080528:	3ffb156c 	
4008052c:	3ffb15b4 	
40080530:	3ff49000 	
40080534:	ffff8fff 	
40080538:	00002000 	
4008053c:	3f400958 	
40080540:	00000c00 	
40080544:	fffff3ff 	
40080548:	3ff44000 	
4008054c:	40009f0c 	
40080550:	3ffb08ec 	
40080554:	3ffb0900 	
40080558:	3ffb0908 	
4008055c:	3ffb091c 	
40080560:	3ffb0930 	
40080564:	3ffb0944 	
40080568:	3ffb094c 	
4008056c:	3ffb095c 	
40080570:	3ffb0968 	
40080574:	3ffb0980 	
40080578:	3ffb0998 	
4008057c:	3ffb09b4 	
40080580:	3ffb09cc 	
40080584:	3ffb09e8 	
40080588:	3ffb09f8 	
4008058c:	3ffb0a0c 	
40080590:	3ffb0a24 	
40080594:	3ffb0a3c 	
40080598:	3ffb0a50 	
4008059c:	3ffb0a6c 	
400805a0:	3ffb0a84 	
400805a4:	3ffb0a94 	
400805a8:	3ffb0aa8 	
400805ac:	3ffb0ac0 	
400805b0:	3ffb0ad4 	
400805b4:	3ffb0ae0 	
400805b8:	3ffb0104 	
400805bc:	40082003 	
400805c0:	00050020 	
400805c4:	400d0568 	
400805c8:	4000c44c 	
400805cc:	3ffb0208 	
400805d0:	3ffb1d04 	
400805d4:	3ffb3188 	
400805d8:	3ffe8000 	
400805dc:	3ffb0af4 	
400805e0:	3ffb0b14 	
400805e4:	3ffb0b2c 	
400805e8:	3ffb0b4c 	
400805ec:	3ffb0b68 	
400805f0:	3ffb0b80 	
400805f4:	3ffb0b90 	
400805f8:	3ffb0b9c 	
400805fc:	3ffb0be4 	
40080600:	3ffb0c08 	
40080604:	3ffb0c2c 	
40080608:	3ffb0c50 	
4008060c:	3ffb0c74 	
40080610:	3ffb0c94 	
40080614:	3ffb0ca0 	
40080618:	3ffb0cb4 	
4008061c:	40081f93 	
40080620:	40081f9b 	
40080624:	3ffb3144 	
40080628:	3ffb3148 	
4008062c:	40000000 	
40080630:	c0051ff0 	
40080634:	00051fe0 	
40080638:	3ffb0cd0 	
4008063c:	3ffb0ce0 	
40080640:	3ffb0cf0 	
40080644:	3ffb0d00 	
40080648:	3ffb0d10 	
4008064c:	3ffb31c0 	
40080650:	3ffb1e20 	
40080654:	3ffb2e68 	
40080658:	3ffe8800 	
4008065c:	400828e8 	
40080660:	3ffb0d28 	
40080664:	3ffb0224 	
40080668:	40082dd0 	
4008066c:	3f400dac 	
40080670:	3ffb31ba 	
40080674:	3ffb2f00 	
40080678:	400827d8 	
4008067c:	00000800 	
40080680:	3ffe8c00 	
40080684:	3ffb0d30 	
40080688:	3ffb2f98 	
4008068c:	400015d4 	
40080690:	3ffb31a0 	
40080694:	3ffb31ac 	
40080698:	3ffb319c 	
4008069c:	0fffffff 	
400806a0:	cccccccd 	
400806a4:	cccccccc 	
400806a8:	7fffffff 	
400806ac:	3ffb00f8 	
400806b0:	3ffb31b0 	
400806b4:	3ffb3030 	
400806b8:	aaaaaaab 	
400806bc:	3ffb31ac 	
400806c0:	40083278 	
400806c4:	3ffb00fc 	
400806c8:	3ffb31b4 	
400806cc:	3ffb3048 	
400806d0:	400d04b0 	
400806d4:	3ffb1e0c 	
400806d8:	3f400268 	
400806dc:	3ffb1e0c 	
400806e0:	3ffb1e20 	
400806e4:	fffbfff0 	
400806e8:	3ffb0078 	
400806ec:	40083978 	
400806f0:	3ffb0264 	
400806f4:	3ffb0240 	
400806f8:	3ffb0258 	
400806fc:	3ffb0244 	
40080700:	3ffb024c 	
40080704:	3ffb0254 	
40080708:	3ffb0260 	
4008070c:	3ffb026c 	
40080710:	3ffb0270 	
40080714:	00001018 	
40080718:	3ffb027c 	
4008071c:	3ffb0284 	
40080720:	bff30000 	
40080724:	c0c00000 	
40080728:	0032ffff 	
4008072c:	003fffff 	
40080730:	bff80000 	
40080734:	00029fff 	
40080738:	c0052000 	
4008073c:	00051fff 	
40080740:	c0080000 	
40080744:	00001fff 	
40080748:	bff40000 	
4008074c:	b0000000 	
40080750:	3ffb02b4 	
40080754:	3ffb3050 	
40080758:	3ffb02e8 	
4008075c:	3ffb0308 	
40080760:	407fffff 	
40080764:	403fffff 	
40080768:	400cffff 	
4008076c:	3f7fffff 	
40080770:	3ff00044 	
40080774:	3ff0005c 	
40080778:	400095e0 	
4008077c:	40080000 	
40080780:	00040023 	
40080784:	3ffb0344 	
40080788:	3ffb007c 	
4008078c:	3ffb0d38 	
40080790:	3ffb0368 	
40080794:	3ffb077c 	
40080798:	3ffb0788 	
4008079c:	3ffb07b0 	
400807a0:	3ffb07b8 	
400807a4:	3ffb07c0 	
400807a8:	3ffb07c8 	
400807ac:	3ffb07d0 	
400807b0:	3ffb07d4 	
400807b4:	3ffb07dc 	
400807b8:	3ffb07e0 	
400807bc:	3ffb07e8 	
400807c0:	3ffb07f4 	
400807c4:	3ffb0800 	
400807c8:	3ffb0804 	
400807cc:	3ffb0808 	
400807d0:	3ffb080c 	
400807d4:	3ffb0810 	
400807d8:	3ffb0818 	
400807dc:	3ffb0820 	
400807e0:	3ffb0828 	
400807e4:	3ffb077c 	
400807e8:	3ffb0830 	
400807ec:	3ff43008 	
400807f0:	3ffb0850 	
400807f4:	3ffb0d3c 	
400807f8:	3ffb0870 	
400807fc:	3ffb0d5c 	
40080800:	00001000 	
40080804:	40063238 	
40080808:	3ff49060 	
4008080c:	00c86016 	
40080810:	3ff49064 	
40080814:	3ff49068 	
40080818:	3ff49054 	
4008081c:	3ff49058 	
40080820:	3ff4905c 	
40080824:	40008658 	
40080828:	40009edc 	
4008082c:	3ff43020 	
40080830:	6c000000 	
40080834:	00104000 	
40080838:	91a2b3c5 	
4008083c:	ff0fffff 	
40080840:	40007d28 	
40080844:	40009028 	
40080848:	3ff000cc 	
4008084c:	00008000 	
40080850:	3ff480a8 	
40080854:	20000000 	
40080858:	3ff4882c 	
4008085c:	3ff6602c 	
40080860:	adadadad 	
40080864:	3ff66030 	
40080868:	3ff66034 	
4008086c:	3ff66038 	
40080870:	3ff4880c 	
40080874:	000c0000 	
40080878:	3ff48800 	
4008087c:	08000000 	
40080880:	3ff48890 	
40080884:	10000000 	
40080888:	3ff66010 	
4008088c:	ffff807f 	
40080890:	3ff66018 	
40080894:	ff00ffff 	
40080898:	000a0000 	
4008089c:	fdffffff 	
400808a0:	3ff4f0b0 	
400808a4:	fffff03f 	
400808a8:	04000000 	
400808ac:	3ff4f0a8 	
400808b0:	3ff4f008 	
400808b4:	fbffffdb 	
400808b8:	fff3ffff 	
400808bc:	00080000 	
400808c0:	3ffb0424 	
400808c4:	3ffb0430 	
400808c8:	51eb851f 	
400808cc:	3ffb0464 	
400808d0:	3ffb04a4 	
400808d4:	3ffb04e4 	
400808d8:	3ffb0500 	
400808dc:	3ffb052c 	
400808e0:	3ffb0548 	
400808e4:	3ffb0d7c 	
400808e8:	3ffb057c 	
400808ec:	3ffb059c 	
400808f0:	3ffb0624 	
400808f4:	3ffb0890 	
400808f8:	3ffb0424 	
400808fc:	3ffb0894 	
40080900:	3ff00444 	
40080904:	3ff00448 	
40080908:	3ff0044c 	
4008090c:	3ff00450 	
40080910:	3ff00454 	
40080914:	3ff00458 	
40080918:	3ff0045c 	
4008091c:	3ff00460 	
40080920:	3ff00464 	
40080924:	3ff00440 	
40080928:	3ffb08c4 	
4008092c:	400081d4 	
40080930:	400095a4 	
40080934:	6000e044 	
40080938:	0003ff00 	
4008093c:	fffdffff 	
40080940:	ffffbfff 	
40080944:	02625a00 	
40080948:	3ff4803c 	
4008094c:	3ff48048 	
40080950:	3ffb0388 	
40080954:	3ffb0390 	
40080958:	3ffb307c 	
4008095c:	3f4002a0 	
40080960:	3ff4848c 	
40080964:	e73ff7df 	
40080968:	00060000 	
4008096c:	ffcfffff 	
40080970:	3ff48000 	
40080974:	3ffb3098 	
40080978:	3ff48030 	
4008097c:	fffbffff 	
40080980:	00003800 	
40080984:	fff7ffff 	
40080988:	fff9ffff 	
4008098c:	3ff4801c 	
40080990:	ffffc03f 	
40080994:	3ff0003c 	
40080998:	3ffb06ac 	
4008099c:	3ffb074c 	
400809a0:	00010001 	
400809a4:	00050000 	
400809a8:	3ff66008 	
400809ac:	4000855c 	
400809b0:	3ff6600c 	
400809b4:	0081b320 	
400809b8:	0007a120 	
400809bc:	431bde83 	
400809c0:	3ff48084 	
400809c4:	3ff48088 	
400809c8:	23ffffff 	
400809cc:	ff003fff 	
400809d0:	3ff48078 	
400809d4:	03000000 	
400809d8:	60000000 	
400809dc:	f1ffffff 	
400809e0:	fe3fffff 	
400809e4:	01000000 	
400809e8:	fffff7ff 	
400809ec:	3ff00094 	
400809f0:	3ff000a0 	
400809f4:	3ff000a4 	
400809f8:	3ff000ac 	
400809fc:	fbffffff 	
40080a00:	ffffdfff 	
40080a04:	ffbfffff 	
40080a08:	fffeffff 	
40080a0c:	00100000 	
40080a10:	00020000 	
40080a14:	00004000 	
40080a18:	feffffff 	
40080a1c:	00800000 	
40080a20:	ffefffff 	
40080a24:	fffeaabf 	
40080a28:	3ff48080 	
40080a2c:	fffedfff 	
40080a30:	f555ffff 	
40080a34:	ffffefff 	
40080a38:	3ff48074 	
40080a3c:	3ff44038 	
40080a40:	000081b3 	
40080a44:	000249f0 	
40080a48:	00007ffe 	
40080a4c:	ffff9fff 	
40080a50:	3ff5f068 	
40080a54:	8000ffff 	
40080a58:	01ffffff 	
40080a5c:	3ffb1b10 	
40080a60:	3ffb1b1c 	
40080a64:	3ff5f06c 	
40080a68:	4000cff8 	
40080a6c:	7fffefff 	
40080a70:	ffff7fff 	
40080a74:	3ffb1b58 	
40080a78:	12000000 	
40080a7c:	3ffb3184 	
40080a80:	057619f1 	
40080a84:	00005dc0 	
40080a88:	0002bb0b 	
40080a8c:	0002bb0c 	
40080a90:	00005dbf 	
40080a94:	3f400d90 	
40080a98:	3ffb3068 	
40080a9c:	3ff10000 	
40080aa0:	3ff12000 	
40080aa4:	3ffb0094 	
40080aa8:	3ffb306c 	
40080aac:	3ff003f0 	
40080ab0:	3ff00040 	
40080ab4:	50d83aa1 	
40080ab8:	fe6fbfff 	
40080abc:	3ffb0dcc 	
40080ac0:	02000000 	
40080ac4:	f0000000 	
40080ac8:	ff000000 	
40080acc:	00400000 	
40080ad0:	5c000000 	
40080ad4:	3ff43000 	
40080ad8:	3ff000c8 	
40080adc:	3ff5b024 	
40080ae0:	3ff5b000 	
40080ae4:	3ff5b020 	
40080ae8:	3ff5b028 	
40080aec:	00006005 	
40080af0:	00008300 	
40080af4:	00006000 	
40080af8:	40087120 	
40080afc:	40087158 	
40080b00:	400873d8 	
40080b04:	40087440 	
40080b08:	00ffffff 	
40080b0c:	3ffb0e64 	
40080b10:	3ffb14f0 	
40080b14:	3ffb14f4 	
40080b18:	3ffb3074 	
40080b1c:	3ffb14d8 	
40080b20:	3ffb0f00 	
40080b24:	3ffb03e0 	
40080b28:	40064b08 	
40080b2c:	0000cf00 	
40080b30:	40087410 	
40080b34:	40087428 	
40080b38:	3ffb109c 	
40080b3c:	3ffb03c8 	
40080b40:	c0070000 	
40080b44:	00131fff 	
40080b48:	3ffb146c 	
40080b4c:	3ffb1558 	
40080b50:	3ffb1530 	
40080b54:	3ffb009c 	
40080b58:	3ffb1404 	
40080b5c:	3ffb10a4 	
40080b60:	3ffb1300 	
40080b64:	3ffb10c0 	
40080b68:	3ffb1294 	
40080b6c:	3ffb133c 	
40080b70:	3ffb1324 	
40080b74:	c0000000 	
40080b78:	0006ffff 	
40080b7c:	bff88000 	
40080b80:	00007fff 	
40080b84:	00030800 	
40080b88:	3ffb15fc 	
40080b8c:	3ffb1634 	
40080b90:	3ff000c0 	
40080b94:	3ff000d0 	
40080b98:	3ff000c4 	
40080b9c:	3ff00020 	
40080ba0:	ff7fffff 	
40080ba4:	3ffb3080 	
40080ba8:	3ffb1664 	
40080bac:	ffdfffff 	
40080bb0:	3ff0001c 	
40080bb4:	3ffb1838 	
40080bb8:	400041c0 	
40080bbc:	400041a4 	
40080bc0:	3ff42010 	
40080bc4:	3ff42000 	
40080bc8:	400621b0 	
40080bcc:	3ff420f8 	
40080bd0:	3ff430f8 	
40080bd4:	3ff4202c 	
40080bd8:	3ff42004 	
40080bdc:	0ffd0820 	
40080be0:	3ff42008 	
40080be4:	01002000 	
40080be8:	3ff42020 	
40080bec:	7c000000 	
40080bf0:	3ff42024 	
40080bf4:	700000eb 	
40080bf8:	50000000 	
40080bfc:	700000bb 	
40080c00:	7000006b 	
40080c04:	7000003b 	
40080c08:	7000000b 	
40080c0c:	70000003 	
40080c10:	3ffae270 	

40080c14 <__esp_platform_app_start>:
40080c14:	004136        	entry	a1, 32
40080c17:	5090e5        	call8	400d1524 <esp_reset_reason_init>
40080c1a:	509fa5        	call8	400d1614 <esp_timer_early_init>
40080c1d:	032be5        	call8	40083edc <esp_flash_config>
40080c20:	0186a5        	call8	4008248c <z_prep_c>
	...

40080c24 <arch_printk_char_out>:
40080c24:	004136        	entry	a1, 32
40080c27:	079266        	bnei	a2, 10, 40080c32 <arch_printk_char_out+0xe>
40080c2a:	da0c      	movi.n	a10, 13
40080c2c:	fdf581        	l32r	a8, 40080400 <_init_end> (40009200 <esp_rom_output_tx_one_char>)
40080c2f:	0008e0        	callx8	a8
40080c32:	74a020        	extui	a10, a2, 0, 8
40080c35:	fdf281        	l32r	a8, 40080400 <_init_end> (40009200 <esp_rom_output_tx_one_char>)
40080c38:	0008e0        	callx8	a8
40080c3b:	020c      	movi.n	a2, 0
40080c3d:	f01d      	retw.n
	...

40080c40 <Cache_Flush>:
40080c40:	004136        	entry	a1, 32
40080c43:	20a220        	or	a10, a2, a2
40080c46:	fdef81        	l32r	a8, 40080404 <_init_end+0x4> (40009a14 <Cache_Flush_rom>)
40080c49:	0008e0        	callx8	a8
40080c4c:	f01d      	retw.n
	...

40080c50 <read_id_core>:
40080c50:	006136        	entry	a1, 48
40080c53:	026d      	mov.n	a6, a2
40080c55:	02ad      	mov.n	a10, a2
40080c57:	0742a5        	call8	40088080 <esp_flash_chip_driver_initialized>
40080c5a:	0a5d      	mov.n	a5, a10
40080c5c:	fdec81        	l32r	a8, 4008040c <_init_end+0xc> (3ffb13f0 <esp_flash_api_funcs_patched_ptr>)
40080c5f:	0888      	l32i.n	a8, a8, 0
40080c61:	0888      	l32i.n	a8, a8, 0
40080c63:	02ad      	mov.n	a10, a2
40080c65:	0008e0        	callx8	a8
40080c68:	0a2d      	mov.n	a2, a10
40080c6a:	04ca56        	bnez	a10, 40080cba <read_id_core+0x6a>
40080c6d:	558c      	beqz.n	a5, 40080c76 <read_id_core+0x26>
40080c6f:	1688      	l32i.n	a8, a6, 4
40080c71:	182852        	l32i	a5, a8, 96
40080c74:	95cc      	bnez.n	a5, 40080c81 <read_id_core+0x31>
40080c76:	0628      	l32i.n	a2, a6, 0
40080c78:	0288      	l32i.n	a8, a2, 0
40080c7a:	2858      	l32i.n	a5, a8, 8
40080c7c:	0000c6        	j	40080c83 <read_id_core+0x33>
40080c7f:	00          	.byte	00
40080c80:	00          	.byte	00
40080c81:	062d      	mov.n	a2, a6
40080c83:	03bd      	mov.n	a11, a3
40080c85:	02ad      	mov.n	a10, a2
40080c87:	0005e0        	callx8	a5
40080c8a:	0abd      	mov.n	a11, a10
40080c8c:	40fa80        	nsau	a8, a10
40080c8f:	418580        	srli	a8, a8, 5
40080c92:	160847        	bnone	a8, a4, 40080cac <read_id_core+0x5c>
40080c95:	20b110        	or	a11, a1, a1
40080c98:	20a220        	or	a10, a2, a2
40080c9b:	0005e0        	callx8	a5
40080c9e:	0abd      	mov.n	a11, a10
40080ca0:	8acc      	bnez.n	a10, 40080cac <read_id_core+0x5c>
40080ca2:	0398      	l32i.n	a9, a3, 0
40080ca4:	0188      	l32i.n	a8, a1, 0
40080ca6:	021987        	beq	a9, a8, 40080cac <read_id_core+0x5c>
40080ca9:	fdd7b1        	l32r	a11, 40080408 <_init_end+0x8> (6003 <CONFIG_SOC_ADC_SAMPLE_FREQ_THRES_LOW+0x11e3>)
40080cac:	fdd881        	l32r	a8, 4008040c <_init_end+0xc> (3ffb13f0 <esp_flash_api_funcs_patched_ptr>)
40080caf:	0888      	l32i.n	a8, a8, 0
40080cb1:	1888      	l32i.n	a8, a8, 4
40080cb3:	06ad      	mov.n	a10, a6
40080cb5:	0008e0        	callx8	a8
40080cb8:	0a2d      	mov.n	a2, a10
40080cba:	f01d      	retw.n

40080cbc <is_page_mapped_in_cache>:
40080cbc:	006136        	entry	a1, 48
40080cbf:	02ad      	mov.n	a10, a2
40080cc1:	080c      	movi.n	a8, 0
40080cc3:	0389      	s32i.n	a8, a3, 0
40080cc5:	0189      	s32i.n	a8, a1, 0
40080cc7:	01bd      	mov.n	a11, a1
40080cc9:	003565        	call8	40081020 <esp_mmu_paddr_find_caps>
40080ccc:	4a8c      	beqz.n	a10, 40080cd4 <is_page_mapped_in_cache+0x18>
40080cce:	020c      	movi.n	a2, 0
40080cd0:	000086        	j	40080cd6 <is_page_mapped_in_cache+0x1a>
40080cd3:	00          	.byte	00
40080cd4:	120c      	movi.n	a2, 1
40080cd6:	f01d      	retw.n

40080cd8 <spi_flash_check_and_flush_cache>:
40080cd8:	006136        	entry	a1, 48
40080cdb:	fdcd81        	l32r	a8, 40080410 <_init_end+0x10> (ffff0000 <_rtc_force_slow_end+0xaffeffd8>)
40080cde:	105280        	and	a5, a2, a8
40080ce1:	c02250        	sub	a2, a2, a5
40080ce4:	223a      	add.n	a2, a2, a3
40080ce6:	fdcb91        	l32r	a9, 40080414 <_init_end+0x14> (ffff <_image_ram_size+0x3c3f>)
40080ce9:	629a      	add.n	a6, a2, a9
40080ceb:	106680        	and	a6, a6, a8
40080cee:	057d      	mov.n	a7, a5
40080cf0:	000b46        	j	40080d21 <spi_flash_check_and_flush_cache+0x49>
40080cf3:	00          	.byte	00
40080cf4:	fdc981        	l32r	a8, 40080418 <_init_end+0x18> (3ffae270 <g_rom_flashchip>)
40080cf7:	012882        	l32i	a8, a8, 4
40080cfa:	1eb787        	bgeu	a7, a8, 40080d1c <spi_flash_check_and_flush_cache+0x44>
40080cfd:	00a082        	movi	a8, 0
40080d00:	0189      	s32i.n	a8, a1, 0
40080d02:	01bd      	mov.n	a11, a1
40080d04:	07ad      	mov.n	a10, a7
40080d06:	fffb65        	call8	40080cbc <is_page_mapped_in_cache>
40080d09:	0a2d      	mov.n	a2, a10
40080d0b:	5a8c      	beqz.n	a10, 40080d14 <spi_flash_check_and_flush_cache+0x3c>
40080d0d:	0527a5        	call8	40085f88 <cache_sync>
40080d10:	000506        	j	40080d28 <spi_flash_check_and_flush_cache+0x50>
40080d13:	00          	.byte	00
40080d14:	fdc281        	l32r	a8, 4008041c <_init_end+0x1c> (10000 <CONFIG_MMU_PAGE_SIZE>)
40080d17:	778a      	add.n	a7, a7, a8
40080d19:	000106        	j	40080d21 <spi_flash_check_and_flush_cache+0x49>
40080d1c:	020c      	movi.n	a2, 0
40080d1e:	000186        	j	40080d28 <spi_flash_check_and_flush_cache+0x50>
40080d21:	856a      	add.n	a8, a5, a6
40080d23:	cd3787        	bltu	a7, a8, 40080cf4 <spi_flash_check_and_flush_cache+0x1c>
40080d26:	020c      	movi.n	a2, 0
40080d28:	f01d      	retw.n
	...

40080d2c <spi_flash_guard_set>:
40080d2c:	004136        	entry	a1, 32
40080d2f:	fdbc81        	l32r	a8, 40080420 <_init_end+0x20> (3ffb3078 <s_flash_guard_ops>)
40080d32:	0829      	s32i.n	a2, a8, 0
40080d34:	f01d      	retw.n
	...

40080d38 <end>:
40080d38:	004136        	entry	a1, 32
40080d3b:	00a0a2        	movi	a10, 0
40080d3e:	fdb981        	l32r	a8, 40080424 <_init_end+0x24> (40009a84 <Cache_Read_Enable_rom>)
40080d41:	0008e0        	callx8	a8
40080d44:	1a0c      	movi.n	a10, 1
40080d46:	fdb781        	l32r	a8, 40080424 <_init_end+0x24> (40009a84 <Cache_Read_Enable_rom>)
40080d49:	0008e0        	callx8	a8
40080d4c:	020c      	movi.n	a2, 0
40080d4e:	f01d      	retw.n

40080d50 <start>:
40080d50:	004136        	entry	a1, 32
40080d53:	00a0a2        	movi	a10, 0
40080d56:	fdb481        	l32r	a8, 40080428 <_init_end+0x28> (40009ab8 <Cache_Read_Disable_rom>)
40080d59:	0008e0        	callx8	a8
40080d5c:	1a0c      	movi.n	a10, 1
40080d5e:	fdb281        	l32r	a8, 40080428 <_init_end+0x28> (40009ab8 <Cache_Read_Disable_rom>)
40080d61:	0008e0        	callx8	a8
40080d64:	020c      	movi.n	a2, 0
40080d66:	f01d      	retw.n

40080d68 <cache_enable>:
40080d68:	004136        	entry	a1, 32
40080d6b:	0045e5        	call8	400811c8 <spi_flash_enable_interrupts_caches_and_other_cpu>
40080d6e:	f01d      	retw.n

40080d70 <spi1_end>:
40080d70:	004136        	entry	a1, 32
40080d73:	0a0c      	movi.n	a10, 0
40080d75:	ffff25        	call8	40080d68 <cache_enable>
40080d78:	020c      	movi.n	a2, 0
40080d7a:	f01d      	retw.n

40080d7c <cache_disable>:
40080d7c:	004136        	entry	a1, 32
40080d7f:	004265        	call8	400811a4 <spi_flash_disable_interrupts_caches_and_other_cpu>
40080d82:	f01d      	retw.n

40080d84 <spi1_start>:
40080d84:	004136        	entry	a1, 32
40080d87:	046232        	s32i	a3, a2, 16
40080d8a:	00a0a2        	movi	a10, 0
40080d8d:	fffee5        	call8	40080d7c <cache_disable>
40080d90:	00a022        	movi	a2, 0
40080d93:	f01d      	retw.n
40080d95:	000000        	ill

40080d98 <bootloader_flash_cs_timing_config>:
40080d98:	004136        	entry	a1, 32
40080d9b:	fda491        	l32r	a9, 4008042c <_init_end+0x2c> (3ff4301c <SPI0+0x1c>)
40080d9e:	0020c0        	memw
40080da1:	0988      	l32i.n	a8, a9, 0
40080da3:	0d3c      	movi.n	a13, 48
40080da5:	2088d0        	or	a8, a8, a13
40080da8:	0020c0        	memw
40080dab:	0989      	s32i.n	a8, a9, 0
40080dad:	fda091        	l32r	a9, 40080430 <_init_end+0x30> (3ff43014 <SPI0+0x14>)
40080db0:	0020c0        	memw
40080db3:	0988      	l32i.n	a8, a9, 0
40080db5:	0fafc2        	movi	a12, -241
40080db8:	1088c0        	and	a8, a8, a12
40080dbb:	0b1c      	movi.n	a11, 16
40080dbd:	2088b0        	or	a8, a8, a11
40080dc0:	0020c0        	memw
40080dc3:	0989      	s32i.n	a8, a9, 0
40080dc5:	0020c0        	memw
40080dc8:	0988      	l32i.n	a8, a9, 0
40080dca:	0a7c      	movi.n	a10, -16
40080dcc:	1088a0        	and	a8, a8, a10
40080dcf:	0020c0        	memw
40080dd2:	0989      	s32i.n	a8, a9, 0
40080dd4:	fd9891        	l32r	a9, 40080434 <_init_end+0x34> (3ff4201c <SPI1+0x1c>)
40080dd7:	0020c0        	memw
40080dda:	0988      	l32i.n	a8, a9, 0
40080ddc:	2088d0        	or	a8, a8, a13
40080ddf:	0020c0        	memw
40080de2:	0989      	s32i.n	a8, a9, 0
40080de4:	fd9591        	l32r	a9, 40080438 <_init_end+0x38> (3ff42014 <SPI1+0x14>)
40080de7:	0020c0        	memw
40080dea:	0988      	l32i.n	a8, a9, 0
40080dec:	1088c0        	and	a8, a8, a12
40080def:	2088b0        	or	a8, a8, a11
40080df2:	0020c0        	memw
40080df5:	0989      	s32i.n	a8, a9, 0
40080df7:	0020c0        	memw
40080dfa:	0988      	l32i.n	a8, a9, 0
40080dfc:	1088a0        	and	a8, a8, a10
40080dff:	0020c0        	memw
40080e02:	0989      	s32i.n	a8, a9, 0
40080e04:	f01d      	retw.n
	...

40080e08 <bootloader_common_get_chip_ver_pkg>:
40080e08:	004136        	entry	a1, 32
40080e0b:	fd8c91        	l32r	a9, 4008043c <_init_end+0x3c> (3ff5a000 <EFUSE>)
40080e0e:	0020c0        	memw
40080e11:	3988      	l32i.n	a8, a9, 12
40080e13:	048280        	extui	a8, a8, 2, 1
40080e16:	1188d0        	slli	a8, a8, 3
40080e19:	0020c0        	memw
40080e1c:	3928      	l32i.n	a2, a9, 12
40080e1e:	242920        	extui	a2, a2, 9, 3
40080e21:	202820        	or	a2, a8, a2
40080e24:	f01d      	retw.n
	...

40080e28 <esp_clk_apb_freq>:
40080e28:	004136        	entry	a1, 32
40080e2b:	fd8581        	l32r	a8, 40080440 <_init_end+0x40> (3ffe01e0 <g_ticks_per_us_pro>)
40080e2e:	0888      	l32i.n	a8, a8, 0
40080e30:	fd8591        	l32r	a9, 40080444 <_init_end+0x44> (f4240 <procpu_iram0_len+0xbc240>)
40080e33:	828890        	mull	a8, a8, a9
40080e36:	fd8421        	l32r	a2, 40080448 <_init_end+0x48> (4c4b400 <CONFIG_XTAL_FREQ_HZ+0x2625a00>)
40080e39:	632820        	minu	a2, a8, a2
40080e3c:	f01d      	retw.n
	...

40080e40 <periph_rcc_enter>:
40080e40:	004136        	entry	a1, 32
40080e43:	fd8291        	l32r	a9, 4008044c <_init_end+0x4c> (3ffb3090 <rcc_lock_counter>)
40080e46:	0020c0        	memw
40080e49:	002982        	l32i	a8, a9, 0
40080e4c:	08bd      	mov.n	a11, a8
40080e4e:	c81b      	addi.n	a12, a8, 1
40080e50:	130c80        	wsr.scompare1	a8
40080e53:	00e9c2        	s32c1i	a12, a9, 0
40080e56:	0c8d      	mov.n	a8, a12
40080e58:	f09cb7        	bne	a12, a11, 40080e4c <periph_rcc_enter+0xc>
40080e5b:	6bcc      	bnez.n	a11, 40080e65 <periph_rcc_enter+0x25>
40080e5d:	006390        	rsil	a9, 3
40080e60:	fd7c81        	l32r	a8, 40080450 <_init_end+0x50> (3ffb3094 <periph_spinlock>)
40080e63:	0899      	s32i.n	a9, a8, 0
40080e65:	f01d      	retw.n
	...

40080e68 <periph_rcc_exit>:
40080e68:	004136        	entry	a1, 32
40080e6b:	fd7891        	l32r	a9, 4008044c <_init_end+0x4c> (3ffb3090 <rcc_lock_counter>)
40080e6e:	0020c0        	memw
40080e71:	002982        	l32i	a8, a9, 0
40080e74:	08bd      	mov.n	a11, a8
40080e76:	a80b      	addi.n	a10, a8, -1
40080e78:	0acd      	mov.n	a12, a10
40080e7a:	130c80        	wsr.scompare1	a8
40080e7d:	00e9c2        	s32c1i	a12, a9, 0
40080e80:	0c8d      	mov.n	a8, a12
40080e82:	ee9cb7        	bne	a12, a11, 40080e74 <periph_rcc_exit+0xc>
40080e85:	9acc      	bnez.n	a10, 40080e92 <periph_rcc_exit+0x2a>
40080e87:	fd7281        	l32r	a8, 40080450 <_init_end+0x50> (3ffb3094 <periph_spinlock>)
40080e8a:	0888      	l32i.n	a8, a8, 0
40080e8c:	13e680        	wsr.ps	a8
40080e8f:	002010        	rsync
40080e92:	f01d      	retw.n

40080e94 <rtc_clk_get_lact_compensation_delay>:
40080e94:	004136        	entry	a1, 32
40080e97:	099226        	beqi	a2, 10, 40080ea4 <rtc_clk_get_lact_compensation_delay+0x10>
40080e9a:	481c      	movi.n	a8, 20
40080e9c:	099287        	bne	a2, a8, 40080ea9 <rtc_clk_get_lact_compensation_delay+0x15>
40080e9f:	180c      	movi.n	a8, 1
40080ea1:	000186        	j	40080eab <rtc_clk_get_lact_compensation_delay+0x17>
40080ea4:	080c      	movi.n	a8, 0
40080ea6:	000046        	j	40080eab <rtc_clk_get_lact_compensation_delay+0x17>
40080ea9:	280c      	movi.n	a8, 2
40080eab:	095c      	movi.n	a9, 80
40080ead:	0b1397        	beq	a3, a9, 40080ebc <rtc_clk_get_lact_compensation_delay+0x28>
40080eb0:	a0a092        	movi	a9, 160
40080eb3:	0a9397        	bne	a3, a9, 40080ec1 <rtc_clk_get_lact_compensation_delay+0x2d>
40080eb6:	190c      	movi.n	a9, 1
40080eb8:	0001c6        	j	40080ec3 <rtc_clk_get_lact_compensation_delay+0x2f>
40080ebb:	00          	.byte	00
40080ebc:	090c      	movi.n	a9, 0
40080ebe:	000046        	j	40080ec3 <rtc_clk_get_lact_compensation_delay+0x2f>
40080ec1:	290c      	movi.n	a9, 2
40080ec3:	908880        	addx2	a8, a8, a8
40080ec6:	889a      	add.n	a8, a8, a9
40080ec8:	fd6391        	l32r	a9, 40080454 <_init_end+0x54> (3ffb1594 <dfs_lact_compensate_table>)
40080ecb:	908890        	addx2	a8, a8, a9
40080ece:	009822        	l16si	a2, a8, 0
40080ed1:	f01d      	retw.n
	...

40080ed4 <rtc_clk_xtal_freq_get>:
40080ed4:	004136        	entry	a1, 32
40080ed7:	fd6081        	l32r	a8, 40080458 <_init_end+0x58> (3ff480b0 <RTCCNTL+0xb0>)
40080eda:	0020c0        	memw
40080edd:	0828      	l32i.n	a2, a8, 0
40080edf:	f49020        	extui	a9, a2, 0, 16
40080ee2:	f58020        	extui	a8, a2, 16, 16
40080ee5:	109987        	bne	a9, a8, 40080ef9 <rtc_clk_xtal_freq_get+0x25>
40080ee8:	820b      	addi.n	a8, a2, -1
40080eea:	d97c      	movi.n	a9, -3
40080eec:	0e3987        	bltu	a9, a8, 40080efe <rtc_clk_xtal_freq_get+0x2a>
40080eef:	e42120        	extui	a2, a2, 1, 15
40080ef2:	222a      	add.n	a2, a2, a2
40080ef4:	d2cc      	bnez.n	a2, 40080f05 <rtc_clk_xtal_freq_get+0x31>
40080ef6:	000246        	j	40080f03 <rtc_clk_xtal_freq_get+0x2f>
40080ef9:	020c      	movi.n	a2, 0
40080efb:	000186        	j	40080f05 <rtc_clk_xtal_freq_get+0x31>
40080efe:	020c      	movi.n	a2, 0
40080f00:	000046        	j	40080f05 <rtc_clk_xtal_freq_get+0x31>
40080f03:	020c      	movi.n	a2, 0
40080f05:	f01d      	retw.n
	...

40080f08 <rtc_clk_apb_freq_update>:
40080f08:	004136        	entry	a1, 32
40080f0b:	418c20        	srli	a8, a2, 12
40080f0e:	f42c20        	extui	a2, a2, 12, 16
40080f11:	118800        	slli	a8, a8, 16
40080f14:	202280        	or	a2, a2, a8
40080f17:	fd5181        	l32r	a8, 4008045c <_init_end+0x5c> (3ff480b4 <RTCCNTL+0xb4>)
40080f1a:	0020c0        	memw
40080f1d:	0829      	s32i.n	a2, a8, 0
40080f1f:	f01d      	retw.n
40080f21:	000000        	ill

40080f24 <rtc_clk_cpu_freq_to_xtal>:
40080f24:	006136        	entry	a1, 48
40080f27:	02ad      	mov.n	a10, a2
40080f29:	504325        	call8	400d135c <esp_rom_set_cpu_ticks_per_us>
40080f2c:	fd4d91        	l32r	a9, 40080460 <_init_end+0x60> (3ff66000 <SPI3+0x1000>)
40080f2f:	0020c0        	memw
40080f32:	0988      	l32i.n	a8, a9, 0
40080f34:	00aca2        	movi	a10, 0xfffffc00
40080f37:	1088a0        	and	a8, a8, a10
40080f3a:	330b      	addi.n	a3, a3, -1
40080f3c:	943030        	extui	a3, a3, 0, 10
40080f3f:	208830        	or	a8, a8, a3
40080f42:	0020c0        	memw
40080f45:	0989      	s32i.n	a8, a9, 0
40080f47:	920b      	addi.n	a9, a2, -1
40080f49:	fd4681        	l32r	a8, 40080464 <_init_end+0x64> (3ff66004 <SPI3+0x1004>)
40080f4c:	0020c0        	memw
40080f4f:	0899      	s32i.n	a9, a8, 0
40080f51:	fd4591        	l32r	a9, 40080468 <_init_end+0x68> (3ff48070 <RTCCNTL+0x70>)
40080f54:	0020c0        	memw
40080f57:	0988      	l32i.n	a8, a9, 0
40080f59:	fd44a1        	l32r	a10, 4008046c <_init_end+0x6c> (e7ffffff <_rtc_force_slow_end+0x97ffffd7>)
40080f5c:	1088a0        	and	a8, a8, a10
40080f5f:	0020c0        	memw
40080f62:	0989      	s32i.n	a8, a9, 0
40080f64:	058f20        	extui	a8, a2, 31, 1
40080f67:	882a      	add.n	a8, a8, a2
40080f69:	fd41a1        	l32r	a10, 40080470 <_init_end+0x70> (3ff5f000 <TIMERG0>)
40080f6c:	0020c0        	memw
40080f6f:	1c2a92        	l32i	a9, a10, 112
40080f72:	0020c0        	memw
40080f75:	0199      	s32i.n	a9, a1, 0
40080f77:	0020c0        	memw
40080f7a:	0198      	l32i.n	a9, a1, 0
40080f7c:	f48180        	extui	a8, a8, 1, 16
40080f7f:	118830        	slli	a8, a8, 13
40080f82:	fd3cb1        	l32r	a11, 40080474 <_init_end+0x74> (e0001fff <_rtc_force_slow_end+0x90001fd7>)
40080f85:	1099b0        	and	a9, a9, a11
40080f88:	208980        	or	a8, a9, a8
40080f8b:	0020c0        	memw
40080f8e:	0189      	s32i.n	a8, a1, 0
40080f90:	0020c0        	memw
40080f93:	0188      	l32i.n	a8, a1, 0
40080f95:	0020c0        	memw
40080f98:	1c6a82        	s32i	a8, a10, 112
40080f9b:	fd2aa1        	l32r	a10, 40080444 <_init_end+0x44> (f4240 <procpu_iram0_len+0xbc240>)
40080f9e:	82a2a0        	mull	a10, a2, a10
40080fa1:	fff665        	call8	40080f08 <rtc_clk_apb_freq_update>
40080fa4:	0432e6        	bgei	a2, 3, 40080fac <rtc_clk_cpu_freq_to_xtal+0x88>
40080fa7:	290c      	movi.n	a9, 2
40080fa9:	000046        	j	40080fae <rtc_clk_cpu_freq_to_xtal+0x8a>
40080fac:	490c      	movi.n	a9, 4
40080fae:	fd32a1        	l32r	a10, 40080478 <_init_end+0x78> (3ff4807c <RTCCNTL+0x7c>)
40080fb1:	0020c0        	memw
40080fb4:	0a88      	l32i.n	a8, a10, 0
40080fb6:	fd31b1        	l32r	a11, 4008047c <_init_end+0x7c> (ffffc7ff <_rtc_force_slow_end+0xafffc7d7>)
40080fb9:	1088b0        	and	a8, a8, a11
40080fbc:	119950        	slli	a9, a9, 11
40080fbf:	208890        	or	a8, a8, a9
40080fc2:	0020c0        	memw
40080fc5:	0a89      	s32i.n	a8, a10, 0
40080fc7:	f01d      	retw.n
40080fc9:	000000        	ill

40080fcc <rtc_isr_noniram_disable>:
40080fcc:	004136        	entry	a1, 32
40080fcf:	fd2c81        	l32r	a8, 40080480 <_init_end+0x80> (3ffb15a8 <rtc_isr_cpu>)
40080fd2:	0888      	l32i.n	a8, a8, 0
40080fd4:	249827        	bne	a8, a2, 40080ffc <rtc_isr_noniram_disable+0x30>
40080fd7:	fd2b81        	l32r	a8, 40080484 <_init_end+0x84> (3ff48000 <RTCCNTL>)
40080fda:	0020c0        	memw
40080fdd:	f8b8      	l32i.n	a11, a8, 60
40080fdf:	fd2aa1        	l32r	a10, 40080488 <_init_end+0x88> (3ffb15ac <rtc_intr_enabled>)
40080fe2:	0a98      	l32i.n	a9, a10, 0
40080fe4:	2099b0        	or	a9, a9, a11
40080fe7:	0a99      	s32i.n	a9, a10, 0
40080fe9:	0020c0        	memw
40080fec:	f898      	l32i.n	a9, a8, 60
40080fee:	fd27a1        	l32r	a10, 4008048c <_init_end+0x8c> (3ffb15b0 <rtc_intr_cache>)
40080ff1:	0aa8      	l32i.n	a10, a10, 0
40080ff3:	1099a0        	and	a9, a9, a10
40080ff6:	0020c0        	memw
40080ff9:	0f6892        	s32i	a9, a8, 60
40080ffc:	f01d      	retw.n
	...

40081000 <rtc_isr_noniram_enable>:
40081000:	004136        	entry	a1, 32
40081003:	fd1f81        	l32r	a8, 40080480 <_init_end+0x80> (3ffb15a8 <rtc_isr_cpu>)
40081006:	0888      	l32i.n	a8, a8, 0
40081008:	109827        	bne	a8, a2, 4008101c <rtc_isr_noniram_enable+0x1c>
4008100b:	fd1f81        	l32r	a8, 40080488 <_init_end+0x88> (3ffb15ac <rtc_intr_enabled>)
4008100e:	08a8      	l32i.n	a10, a8, 0
40081010:	fd1d91        	l32r	a9, 40080484 <_init_end+0x84> (3ff48000 <RTCCNTL>)
40081013:	0020c0        	memw
40081016:	f9a9      	s32i.n	a10, a9, 60
40081018:	090c      	movi.n	a9, 0
4008101a:	0899      	s32i.n	a9, a8, 0
4008101c:	f01d      	retw.n
	...

40081020 <esp_mmu_paddr_find_caps>:
40081020:	004136        	entry	a1, 32
40081023:	05a316        	beqz	a3, 40081081 <esp_mmu_paddr_find_caps+0x61>
40081026:	0a0c      	movi.n	a10, 0
40081028:	0aed      	mov.n	a14, a10
4008102a:	0add      	mov.n	a13, a10
4008102c:	000f86        	j	4008106e <esp_mmu_paddr_find_caps+0x4e>
4008102f:	00          	.byte	00
40081030:	a08aa0        	addx4	a8, a10, a10
40081033:	fd1791        	l32r	a9, 40080490 <_init_end+0x90> (3ffb30a4 <s_mmu_ctx>)
40081036:	b08890        	addx8	a8, a8, a9
40081039:	98c8      	l32i.n	a12, a8, 36
4008103b:	0c8d      	mov.n	a8, a12
4008103d:	000846        	j	40081062 <esp_mmu_paddr_find_caps+0x42>
40081040:	00          	.byte	00
40081041:	1b18c7        	beq	a8, a12, 40081060 <esp_mmu_paddr_find_caps+0x40>
40081044:	a09aa0        	addx4	a9, a10, a10
40081047:	fd12b1        	l32r	a11, 40080490 <_init_end+0x90> (3ffb30a4 <s_mmu_ctx>)
4008104a:	b099b0        	addx8	a9, a9, a11
4008104d:	a998      	l32i.n	a9, a9, 40
4008104f:	1998      	l32i.n	a9, a9, 4
40081051:	0998      	l32i.n	a9, a9, 0
40081053:	091987        	beq	a9, a8, 40081060 <esp_mmu_paddr_find_caps+0x40>
40081056:	6898      	l32i.n	a9, a8, 24
40081058:	043297        	bltu	a2, a9, 40081060 <esp_mmu_paddr_find_caps+0x40>
4008105b:	7898      	l32i.n	a9, a8, 28
4008105d:	073297        	bltu	a2, a9, 40081068 <esp_mmu_paddr_find_caps+0x48>
40081060:	9888      	l32i.n	a8, a8, 36
40081062:	fdb856        	bnez	a8, 40081041 <esp_mmu_paddr_find_caps+0x21>
40081065:	0000c6        	j	4008106c <esp_mmu_paddr_find_caps+0x4c>
40081068:	08ed      	mov.n	a14, a8
4008106a:	1d0c      	movi.n	a13, 1
4008106c:	aa1b      	addi.n	a10, a10, 1
4008106e:	fd0881        	l32r	a8, 40080490 <_init_end+0x90> (3ffb30a4 <s_mmu_ctx>)
40081071:	0888      	l32i.n	a8, a8, 0
40081073:	b93a87        	bltu	a10, a8, 40081030 <esp_mmu_paddr_find_caps+0x10>
40081076:	dd8c      	beqz.n	a13, 40081087 <esp_mmu_paddr_find_caps+0x67>
40081078:	5e88      	l32i.n	a8, a14, 20
4008107a:	0389      	s32i.n	a8, a3, 0
4008107c:	020c      	movi.n	a2, 0
4008107e:	000206        	j	4008108a <esp_mmu_paddr_find_caps+0x6a>
40081081:	02a122        	movi	a2, 0x102
40081084:	000086        	j	4008108a <esp_mmu_paddr_find_caps+0x6a>
40081087:	05a122        	movi	a2, 0x105
4008108a:	f01d      	retw.n

4008108c <esp_rom_gpio_connect_out_signal>:
4008108c:	004136        	entry	a1, 32
4008108f:	fd0181        	l32r	a8, 40080494 <_init_end+0x94> (ffd114c <CONFIG_ESP_CLK_FREQ_HZ+0x1aef54c>)
40081092:	745050        	extui	a5, a5, 0, 8
40081095:	115550        	slli	a5, a5, 11
40081098:	744040        	extui	a4, a4, 0, 8
4008109b:	205530        	or	a5, a5, a3
4008109e:	114470        	slli	a4, a4, 9
400810a1:	828a      	add.n	a8, a2, a8
400810a3:	1188e0        	slli	a8, a8, 2
400810a6:	205540        	or	a5, a5, a4
400810a9:	0020c0        	memw
400810ac:	0859      	s32i.n	a5, a8, 0
400810ae:	f81c      	movi.n	a8, 31
400810b0:	0d3827        	bltu	a8, a2, 400810c1 <esp_rom_gpio_connect_out_signal+0x35>
400810b3:	180c      	movi.n	a8, 1
400810b5:	fcf891        	l32r	a9, 40080498 <_init_end+0x98> (3ff44024 <GPIO+0x24>)
400810b8:	401200        	ssl	a2
400810bb:	a18800        	sll	a8, a8
400810be:	000286        	j	400810cc <esp_rom_gpio_connect_out_signal+0x40>
400810c1:	180c      	movi.n	a8, 1
400810c3:	fcf691        	l32r	a9, 4008049c <_init_end+0x9c> (3ff44030 <GPIO+0x30>)
400810c6:	401200        	ssl	a2
400810c9:	a18800        	sll	a8, a8
400810cc:	0020c0        	memw
400810cf:	0989      	s32i.n	a8, a9, 0
400810d1:	f01d      	retw.n
	...

400810d4 <esp_rom_output_tx_wait_idle>:
400810d4:	006136        	entry	a1, 48
400810d7:	742020        	extui	a2, a2, 0, 8
400810da:	728c      	beqz.n	a2, 400810e5 <esp_rom_output_tx_wait_idle+0x11>
400810dc:	0c1266        	bnei	a2, 1, 400810ec <esp_rom_output_tx_wait_idle+0x18>
400810df:	fcf281        	l32r	a8, 400804a8 <_init_end+0xa8> (3ff50000 <UART1>)
400810e2:	000246        	j	400810ef <esp_rom_output_tx_wait_idle+0x1b>
400810e5:	fcef81        	l32r	a8, 400804a4 <_init_end+0xa4> (3ff40000 <UART0>)
400810e8:	0000c6        	j	400810ef <esp_rom_output_tx_wait_idle+0x1b>
400810eb:	00          	.byte	00
400810ec:	fced81        	l32r	a8, 400804a0 <_init_end+0xa0> (3ff6e000 <UART2>)
400810ef:	0020c0        	memw
400810f2:	7888      	l32i.n	a8, a8, 28
400810f4:	0020c0        	memw
400810f7:	1189      	s32i.n	a8, a1, 4
400810f9:	0020c0        	memw
400810fc:	1188      	l32i.n	a8, a1, 4
400810fe:	0020c0        	memw
40081101:	0189      	s32i.n	a8, a1, 0
40081103:	0020c0        	memw
40081106:	0188      	l32i.n	a8, a1, 0
40081108:	758080        	extui	a8, a8, 16, 8
4008110b:	d8cc      	bnez.n	a8, 4008111c <esp_rom_output_tx_wait_idle+0x48>
4008110d:	0020c0        	memw
40081110:	1188      	l32i.n	a8, a1, 4
40081112:	358880        	extui	a8, a8, 24, 4
40081115:	888c      	beqz.n	a8, 40081121 <esp_rom_output_tx_wait_idle+0x4d>
40081117:	080c      	movi.n	a8, 0
40081119:	000186        	j	40081123 <esp_rom_output_tx_wait_idle+0x4f>
4008111c:	080c      	movi.n	a8, 0
4008111e:	000046        	j	40081123 <esp_rom_output_tx_wait_idle+0x4f>
40081121:	180c      	movi.n	a8, 1
40081123:	fb3816        	beqz	a8, 400810da <esp_rom_output_tx_wait_idle+0x6>
40081126:	f01d      	retw.n

40081128 <efuse_hal_get_major_chip_version>:
40081128:	004136        	entry	a1, 32
4008112b:	fcc4a1        	l32r	a10, 4008043c <_init_end+0x3c> (3ff5a000 <EFUSE>)
4008112e:	0020c0        	memw
40081131:	3a88      	l32i.n	a8, a10, 12
40081133:	049f80        	extui	a9, a8, 15, 1
40081136:	0020c0        	memw
40081139:	5aa8      	l32i.n	a10, a10, 20
4008113b:	fcdc81        	l32r	a8, 400804ac <_init_end+0xac> (3ff6607c <SPI3+0x107c>)
4008113e:	0020c0        	memw
40081141:	0888      	l32i.n	a8, a8, 0
40081143:	058f80        	extui	a8, a8, 31, 1
40081146:	1188e0        	slli	a8, a8, 2
40081149:	05a4a0        	extui	a10, a10, 20, 1
4008114c:	aaaa      	add.n	a10, a10, a10
4008114e:	2088a0        	or	a8, a8, a10
40081151:	208980        	or	a8, a9, a8
40081154:	0a3826        	beqi	a8, 3, 40081162 <efuse_hal_get_major_chip_version+0x3a>
40081157:	0d7826        	beqi	a8, 7, 40081168 <efuse_hal_get_major_chip_version+0x40>
4008115a:	0f1866        	bnei	a8, 1, 4008116d <efuse_hal_get_major_chip_version+0x45>
4008115d:	120c      	movi.n	a2, 1
4008115f:	000306        	j	4008116f <efuse_hal_get_major_chip_version+0x47>
40081162:	220c      	movi.n	a2, 2
40081164:	0001c6        	j	4008116f <efuse_hal_get_major_chip_version+0x47>
40081167:	00          	.byte	00
40081168:	320c      	movi.n	a2, 3
4008116a:	000046        	j	4008116f <efuse_hal_get_major_chip_version+0x47>
4008116d:	020c      	movi.n	a2, 0
4008116f:	f01d      	retw.n
40081171:	000000        	ill

40081174 <efuse_hal_get_minor_chip_version>:
40081174:	004136        	entry	a1, 32
40081177:	fcb181        	l32r	a8, 4008043c <_init_end+0x3c> (3ff5a000 <EFUSE>)
4008117a:	0020c0        	memw
4008117d:	5828      	l32i.n	a2, a8, 20
4008117f:	152820        	extui	a2, a2, 24, 2
40081182:	f01d      	retw.n

40081184 <efuse_hal_chip_revision>:
40081184:	004136        	entry	a1, 32
40081187:	fffa25        	call8	40081128 <efuse_hal_get_major_chip_version>
4008118a:	a0aaa0        	addx4	a10, a10, a10
4008118d:	a0aaa0        	addx4	a10, a10, a10
40081190:	112ae0        	slli	a2, a10, 2
40081193:	fffe25        	call8	40081174 <efuse_hal_get_minor_chip_version>
40081196:	8022a0        	add	a2, a2, a10
40081199:	000090        	retw

4008119c <spi_flash_disable_cache>:
4008119c:	004136        	entry	a1, 32
4008119f:	07b465        	call8	40088ce4 <esp_cache_suspend_ext_mem_cache>
400811a2:	f01d      	retw.n

400811a4 <spi_flash_disable_interrupts_caches_and_other_cpu>:
400811a4:	004136        	entry	a1, 32
400811a7:	006390        	rsil	a9, 3
400811aa:	fcc181        	l32r	a8, 400804b0 <_init_end+0xb0> (3ffb3140 <s_intr_saved_state>)
400811ad:	006892        	s32i	a9, a8, 0
400811b0:	0066a5        	call8	4008181c <esp_intr_noniram_disable>
400811b3:	fcc0b1        	l32r	a11, 400804b4 <_init_end+0xb4> (3ffb3138 <s_flash_op_cache_state>)
400811b6:	00a0a2        	movi	a10, 0
400811b9:	fffe25        	call8	4008119c <spi_flash_disable_cache>
400811bc:	f01d      	retw.n
	...

400811c0 <spi_flash_restore_cache>:
400811c0:	004136        	entry	a1, 32
400811c3:	07b325        	call8	40088cf4 <esp_cache_resume_ext_mem_cache>
400811c6:	f01d      	retw.n

400811c8 <spi_flash_enable_interrupts_caches_and_other_cpu>:
400811c8:	004136        	entry	a1, 32
400811cb:	fcba81        	l32r	a8, 400804b4 <_init_end+0xb4> (3ffb3138 <s_flash_op_cache_state>)
400811ce:	0028b2        	l32i	a11, a8, 0
400811d1:	00a0a2        	movi	a10, 0
400811d4:	fffea5        	call8	400811c0 <spi_flash_restore_cache>
400811d7:	006a25        	call8	40081878 <esp_intr_noniram_enable>
400811da:	fcb581        	l32r	a8, 400804b0 <_init_end+0xb0> (3ffb3140 <s_intr_saved_state>)
400811dd:	0888      	l32i.n	a8, a8, 0
400811df:	13e680        	wsr.ps	a8
400811e2:	002010        	rsync
400811e5:	f01d      	retw.n
	...

400811e8 <is_xmc_chip_strict>:
400811e8:	004136        	entry	a1, 32
400811eb:	749820        	extui	a9, a2, 8, 8
400811ee:	748020        	extui	a8, a2, 0, 8
400811f1:	752020        	extui	a2, a2, 16, 8
400811f4:	112200        	slli	a2, a2, 16
400811f7:	fcb0a1        	l32r	a10, 400804b8 <_init_end+0xb8> (200000 <CONFIG_SOC_ADC_SAMPLE_FREQ_THRES_HIGH+0x17b80>)
400811fa:	3292a7        	bne	a2, a10, 40081230 <is_xmc_chip_strict+0x48>
400811fd:	0cd966        	bnei	a9, 64, 4008120d <is_xmc_chip_strict+0x25>
40081200:	edc882        	addi	a8, a8, -19
40081203:	d90c      	movi.n	a9, 13
40081205:	2cb987        	bgeu	a9, a8, 40081235 <is_xmc_chip_strict+0x4d>
40081208:	020c      	movi.n	a2, 0
4008120a:	000e46        	j	40081247 <is_xmc_chip_strict+0x5f>
4008120d:	1a4c      	movi.n	a10, 65
4008120f:	0d99a7        	bne	a9, a10, 40081220 <is_xmc_chip_strict+0x38>
40081212:	e9c882        	addi	a8, a8, -23
40081215:	990c      	movi.n	a9, 9
40081217:	1fb987        	bgeu	a9, a8, 4008123a <is_xmc_chip_strict+0x52>
4008121a:	020c      	movi.n	a2, 0
4008121c:	0009c6        	j	40081247 <is_xmc_chip_strict+0x5f>
4008121f:	00          	.byte	00
40081220:	0a5c      	movi.n	a10, 80
40081222:	1a99a7        	bne	a9, a10, 40081240 <is_xmc_chip_strict+0x58>
40081225:	ebc882        	addi	a8, a8, -21
40081228:	1928b6        	bltui	a8, 2, 40081245 <is_xmc_chip_strict+0x5d>
4008122b:	020c      	movi.n	a2, 0
4008122d:	000586        	j	40081247 <is_xmc_chip_strict+0x5f>
40081230:	020c      	movi.n	a2, 0
40081232:	000446        	j	40081247 <is_xmc_chip_strict+0x5f>
40081235:	120c      	movi.n	a2, 1
40081237:	000306        	j	40081247 <is_xmc_chip_strict+0x5f>
4008123a:	120c      	movi.n	a2, 1
4008123c:	0001c6        	j	40081247 <is_xmc_chip_strict+0x5f>
4008123f:	00          	.byte	00
40081240:	020c      	movi.n	a2, 0
40081242:	000046        	j	40081247 <is_xmc_chip_strict+0x5f>
40081245:	120c      	movi.n	a2, 1
40081247:	f01d      	retw.n
40081249:	000000        	ill

4008124c <bootloader_flash_execute_command_common>:
4008124c:	00a136        	entry	a1, 80
4008124f:	02ad      	mov.n	a10, a2
40081251:	4179      	s32i.n	a7, a1, 16
40081253:	745050        	extui	a5, a5, 0, 8
40081256:	746060        	extui	a6, a6, 0, 8
40081259:	500122        	l8ui	a2, a1, 80
4008125c:	fc9881        	l32r	a8, 400804bc <_init_end+0xbc> (3ff42000 <SPI1>)
4008125f:	0020c0        	memw
40081262:	2898      	l32i.n	a9, a8, 8
40081264:	5199      	s32i.n	a9, a1, 20
40081266:	0020c0        	memw
40081269:	7898      	l32i.n	a9, a8, 28
4008126b:	6199      	s32i.n	a9, a1, 24
4008126d:	0020c0        	memw
40081270:	8898      	l32i.n	a9, a8, 32
40081272:	7199      	s32i.n	a9, a1, 28
40081274:	0020c0        	memw
40081277:	9898      	l32i.n	a9, a8, 36
40081279:	8199      	s32i.n	a9, a1, 32
4008127b:	090c      	movi.n	a9, 0
4008127d:	0020c0        	memw
40081280:	2899      	s32i.n	a9, a8, 8
40081282:	0020c0        	memw
40081285:	2898      	l32i.n	a9, a8, 8
40081287:	fc8cb1        	l32r	a11, 400804b8 <_init_end+0xb8> (200000 <CONFIG_SOC_ADC_SAMPLE_FREQ_THRES_HIGH+0x17b80>)
4008128a:	2099b0        	or	a9, a9, a11
4008128d:	0020c0        	memw
40081290:	2899      	s32i.n	a9, a8, 8
40081292:	0020c0        	memw
40081295:	7898      	l32i.n	a9, a8, 28
40081297:	fc8ab1        	l32r	a11, 400804c0 <_init_end+0xc0> (80000000 <_rtc_force_slow_end+0x2fffffd8>)
4008129a:	2099b0        	or	a9, a9, a11
4008129d:	0020c0        	memw
400812a0:	7899      	s32i.n	a9, a8, 28
400812a2:	0020c0        	memw
400812a5:	2198      	l32i.n	a9, a1, 8
400812a7:	74a0a0        	extui	a10, a10, 0, 8
400812aa:	f59090        	extui	a9, a9, 16, 16
400812ad:	119900        	slli	a9, a9, 16
400812b0:	2099a0        	or	a9, a9, a10
400812b3:	0020c0        	memw
400812b6:	2199      	s32i.n	a9, a1, 8
400812b8:	0020c0        	memw
400812bb:	2198      	l32i.n	a9, a1, 8
400812bd:	fc81a1        	l32r	a10, 400804c4 <_init_end+0xc4> (f000ffff <_rtc_force_slow_end+0xa000ffd7>)
400812c0:	1099a0        	and	a9, a9, a10
400812c3:	0020c0        	memw
400812c6:	2199      	s32i.n	a9, a1, 8
400812c8:	0020c0        	memw
400812cb:	2198      	l32i.n	a9, a1, 8
400812cd:	1199c0        	slli	a9, a9, 4
400812d0:	419490        	srli	a9, a9, 4
400812d3:	fc7da1        	l32r	a10, 400804c8 <_init_end+0xc8> (70000000 <_rtc_force_slow_end+0x1fffffd8>)
400812d6:	2099a0        	or	a9, a9, a10
400812d9:	0020c0        	memw
400812dc:	2199      	s32i.n	a9, a1, 8
400812de:	0020c0        	memw
400812e1:	2198      	l32i.n	a9, a1, 8
400812e3:	0020c0        	memw
400812e6:	9899      	s32i.n	a9, a8, 36
400812e8:	a30b      	addi.n	a10, a3, -1
400812ea:	0020c0        	memw
400812ed:	8898      	l32i.n	a9, a8, 32
400812ef:	01aa60        	slli	a10, a10, 26
400812f2:	1199a0        	slli	a9, a9, 6
400812f5:	419690        	srli	a9, a9, 6
400812f8:	2099a0        	or	a9, a9, a10
400812fb:	0020c0        	memw
400812fe:	8899      	s32i.n	a9, a8, 32
40081300:	0020c0        	memw
40081303:	7898      	l32i.n	a9, a8, 28
40081305:	1a0c      	movi.n	a10, 1
40081307:	83a330        	moveqz	a10, a3, a3
4008130a:	01aa20        	slli	a10, a10, 30
4008130d:	fc6fb1        	l32r	a11, 400804cc <_init_end+0xcc> (bfffffff <_rtc_force_slow_end+0x6fffffd7>)
40081310:	1099b0        	and	a9, a9, a11
40081313:	2099a0        	or	a9, a9, a10
40081316:	0020c0        	memw
40081319:	7899      	s32i.n	a9, a8, 28
4008131b:	f91c      	movi.n	a9, 31
4008131d:	11a937        	bge	a9, a3, 40081332 <bootloader_flash_execute_command_common+0xe6>
40081320:	fc6781        	l32r	a8, 400804bc <_init_end+0xbc> (3ff42000 <SPI1>)
40081323:	0020c0        	memw
40081326:	1849      	s32i.n	a4, a8, 4
40081328:	f97c      	movi.n	a9, -1
4008132a:	0020c0        	memw
4008132d:	c899      	s32i.n	a9, a8, 48
4008132f:	000846        	j	40081354 <bootloader_flash_execute_command_common+0x108>
40081332:	f97c      	movi.n	a9, -1
40081334:	400300        	ssr	a3
40081337:	919090        	srl	a9, a9
4008133a:	639c      	beqz.n	a3, 40081354 <bootloader_flash_execute_command_common+0x108>
4008133c:	e0c332        	addi	a3, a3, -32
4008133f:	603030        	neg	a3, a3
40081342:	401300        	ssl	a3
40081345:	a14400        	sll	a4, a4
40081348:	209940        	or	a9, a9, a4
4008134b:	fc5c81        	l32r	a8, 400804bc <_init_end+0xbc> (3ff42000 <SPI1>)
4008134e:	0020c0        	memw
40081351:	016892        	s32i	a9, a8, 4
40081354:	058d      	mov.n	a8, a5
40081356:	628c      	beqz.n	a2, 40081360 <bootloader_flash_execute_command_common+0x114>
40081358:	fc5e81        	l32r	a8, 400804d0 <_init_end+0xd0> (3ffae290 <g_rom_spiflash_dummy_len_plus>)
4008135b:	010882        	l8ui	a8, a8, 1
4008135e:	858a      	add.n	a8, a5, a8
40081360:	fc5791        	l32r	a9, 400804bc <_init_end+0xbc> (3ff42000 <SPI1>)
40081363:	0020c0        	memw
40081366:	79a8      	l32i.n	a10, a9, 28
40081368:	1b0c      	movi.n	a11, 1
4008136a:	83b880        	moveqz	a11, a8, a8
4008136d:	01bb30        	slli	a11, a11, 29
40081370:	fc59c1        	l32r	a12, 400804d4 <_init_end+0xd4> (dfffffff <_rtc_force_slow_end+0x8fffffd7>)
40081373:	10aac0        	and	a10, a10, a12
40081376:	20aab0        	or	a10, a10, a11
40081379:	0020c0        	memw
4008137c:	79a9      	s32i.n	a10, a9, 28
4008137e:	0020c0        	memw
40081381:	89a8      	l32i.n	a10, a9, 32
40081383:	0020c0        	memw
40081386:	11a9      	s32i.n	a10, a1, 4
40081388:	880b      	addi.n	a8, a8, -1
4008138a:	0020c0        	memw
4008138d:	11a8      	l32i.n	a10, a1, 4
4008138f:	748080        	extui	a8, a8, 0, 8
40081392:	00afb2        	movi	a11, 0xffffff00
40081395:	10aab0        	and	a10, a10, a11
40081398:	208a80        	or	a8, a10, a8
4008139b:	0020c0        	memw
4008139e:	1189      	s32i.n	a8, a1, 4
400813a0:	0020c0        	memw
400813a3:	1188      	l32i.n	a8, a1, 4
400813a5:	0020c0        	memw
400813a8:	8989      	s32i.n	a8, a9, 32
400813aa:	0020c0        	memw
400813ad:	7988      	l32i.n	a8, a9, 28
400813af:	1a0c      	movi.n	a10, 1
400813b1:	83a660        	moveqz	a10, a6, a6
400813b4:	01aa50        	slli	a10, a10, 27
400813b7:	fc48b1        	l32r	a11, 400804d8 <_init_end+0xd8> (f7ffffff <_rtc_force_slow_end+0xa7ffffd7>)
400813ba:	1088b0        	and	a8, a8, a11
400813bd:	2088a0        	or	a8, a8, a10
400813c0:	0020c0        	memw
400813c3:	7989      	s32i.n	a8, a9, 28
400813c5:	968c      	beqz.n	a6, 400813d2 <bootloader_flash_execute_command_common+0x186>
400813c7:	960b      	addi.n	a9, a6, -1
400813c9:	119980        	slli	a9, a9, 8
400813cc:	419890        	srli	a9, a9, 8
400813cf:	000046        	j	400813d4 <bootloader_flash_execute_command_common+0x188>
400813d2:	090c      	movi.n	a9, 0
400813d4:	fc3aa1        	l32r	a10, 400804bc <_init_end+0xbc> (3ff42000 <SPI1>)
400813d7:	0020c0        	memw
400813da:	aa88      	l32i.n	a8, a10, 40
400813dc:	119980        	slli	a9, a9, 8
400813df:	419890        	srli	a9, a9, 8
400813e2:	758880        	extui	a8, a8, 24, 8
400813e5:	018880        	slli	a8, a8, 24
400813e8:	208890        	or	a8, a8, a9
400813eb:	0020c0        	memw
400813ee:	aa89      	s32i.n	a8, a10, 40
400813f0:	416360        	srli	a6, a6, 3
400813f3:	363b      	addi.n	a3, a6, 3
400813f5:	413230        	srli	a3, a3, 2
400813f8:	050c      	movi.n	a5, 0
400813fa:	10c142        	addi	a4, a1, 16
400813fd:	000ac6        	j	4008142c <bootloader_flash_execute_command_common+0x1e0>
40081400:	080c      	movi.n	a8, 0
40081402:	3189      	s32i.n	a8, a1, 12
40081404:	470c      	movi.n	a7, 4
40081406:	637670        	minu	a7, a6, a7
40081409:	07cd      	mov.n	a12, a7
4008140b:	04bd      	mov.n	a11, a4
4008140d:	a1cb      	addi.n	a10, a1, 12
4008140f:	fc3681        	l32r	a8, 400804e8 <_init_end+0xe8> (4000c2c8 <memcpy>)
40081412:	0008e0        	callx8	a8
40081415:	20c582        	addi	a8, a5, 32
40081418:	fc2991        	l32r	a9, 400804bc <_init_end+0xbc> (3ff42000 <SPI1>)
4008141b:	a08890        	addx4	a8, a8, a9
4008141e:	3198      	l32i.n	a9, a1, 12
40081420:	0020c0        	memw
40081423:	0899      	s32i.n	a9, a8, 0
40081425:	c06670        	sub	a6, a6, a7
40081428:	474a      	add.n	a4, a7, a4
4008142a:	551b      	addi.n	a5, a5, 1
4008142c:	d02537        	blt	a5, a3, 40081400 <bootloader_flash_execute_command_common+0x1b4>
4008142f:	fc23a1        	l32r	a10, 400804bc <_init_end+0xbc> (3ff42000 <SPI1>)
40081432:	0020c0        	memw
40081435:	7a88      	l32i.n	a8, a10, 28
40081437:	190c      	movi.n	a9, 1
40081439:	839220        	moveqz	a9, a2, a2
4008143c:	019940        	slli	a9, a9, 28
4008143f:	fc27b1        	l32r	a11, 400804dc <_init_end+0xdc> (efffffff <_rtc_force_slow_end+0x9fffffd7>)
40081442:	1088b0        	and	a8, a8, a11
40081445:	208890        	or	a8, a8, a9
40081448:	0020c0        	memw
4008144b:	7a89      	s32i.n	a8, a10, 28
4008144d:	928c      	beqz.n	a2, 4008145a <bootloader_flash_execute_command_common+0x20e>
4008144f:	920b      	addi.n	a9, a2, -1
40081451:	119980        	slli	a9, a9, 8
40081454:	419890        	srli	a9, a9, 8
40081457:	000046        	j	4008145c <bootloader_flash_execute_command_common+0x210>
4008145a:	090c      	movi.n	a9, 0
4008145c:	fc18a1        	l32r	a10, 400804bc <_init_end+0xbc> (3ff42000 <SPI1>)
4008145f:	0020c0        	memw
40081462:	ba88      	l32i.n	a8, a10, 44
40081464:	119980        	slli	a9, a9, 8
40081467:	419890        	srli	a9, a9, 8
4008146a:	758880        	extui	a8, a8, 24, 8
4008146d:	018880        	slli	a8, a8, 24
40081470:	208890        	or	a8, a8, a9
40081473:	0020c0        	memw
40081476:	ba89      	s32i.n	a8, a10, 44
40081478:	0020c0        	memw
4008147b:	0a88      	l32i.n	a8, a10, 0
4008147d:	fc1891        	l32r	a9, 400804e0 <_init_end+0xe0> (40000 <procpu_iram0_len+0x8000>)
40081480:	208890        	or	a8, a8, a9
40081483:	0020c0        	memw
40081486:	0a89      	s32i.n	a8, a10, 0
40081488:	fc0d81        	l32r	a8, 400804bc <_init_end+0xbc> (3ff42000 <SPI1>)
4008148b:	0020c0        	memw
4008148e:	0878      	l32i.n	a7, a8, 0
40081490:	ff4756        	bnez	a7, 40081488 <bootloader_flash_execute_command_common+0x23c>
40081493:	5198      	l32i.n	a9, a1, 20
40081495:	0020c0        	memw
40081498:	2899      	s32i.n	a9, a8, 8
4008149a:	6198      	l32i.n	a9, a1, 24
4008149c:	0020c0        	memw
4008149f:	7899      	s32i.n	a9, a8, 28
400814a1:	7198      	l32i.n	a9, a1, 28
400814a3:	0020c0        	memw
400814a6:	8899      	s32i.n	a9, a8, 32
400814a8:	8198      	l32i.n	a9, a1, 32
400814aa:	0020c0        	memw
400814ad:	9899      	s32i.n	a9, a8, 36
400814af:	080c      	movi.n	a8, 0
400814b1:	0189      	s32i.n	a8, a1, 0
400814b3:	413320        	srli	a3, a2, 3
400814b6:	148320        	extui	a8, a2, 3, 2
400814b9:	f8cc      	bnez.n	a8, 400814cc <bootloader_flash_execute_command_common+0x280>
400814bb:	03cd      	mov.n	a12, a3
400814bd:	fc09b1        	l32r	a11, 400804e4 <_init_end+0xe4> (3ff42080 <SPI1+0x80>)
400814c0:	01ad      	mov.n	a10, a1
400814c2:	fc0981        	l32r	a8, 400804e8 <_init_end+0xe8> (4000c2c8 <memcpy>)
400814c5:	0008e0        	callx8	a8
400814c8:	000e06        	j	40081504 <bootloader_flash_execute_command_common+0x2b8>
400814cb:	00          	.byte	00
400814cc:	034d      	mov.n	a4, a3
400814ce:	015d      	mov.n	a5, a1
400814d0:	000a06        	j	400814fc <bootloader_flash_execute_command_common+0x2b0>
400814d3:	00          	.byte	00
400814d4:	460c      	movi.n	a6, 4
400814d6:	636460        	minu	a6, a4, a6
400814d9:	20c782        	addi	a8, a7, 32
400814dc:	fbf891        	l32r	a9, 400804bc <_init_end+0xbc> (3ff42000 <SPI1>)
400814df:	a08890        	addx4	a8, a8, a9
400814e2:	0020c0        	memw
400814e5:	0888      	l32i.n	a8, a8, 0
400814e7:	3189      	s32i.n	a8, a1, 12
400814e9:	06cd      	mov.n	a12, a6
400814eb:	b1cb      	addi.n	a11, a1, 12
400814ed:	05ad      	mov.n	a10, a5
400814ef:	fbfe81        	l32r	a8, 400804e8 <_init_end+0xe8> (4000c2c8 <memcpy>)
400814f2:	0008e0        	callx8	a8
400814f5:	565a      	add.n	a5, a6, a5
400814f7:	c04460        	sub	a4, a4, a6
400814fa:	771b      	addi.n	a7, a7, 1
400814fc:	833b      	addi.n	a8, a3, 3
400814fe:	418280        	srli	a8, a8, 2
40081501:	cf3787        	bltu	a7, a8, 400814d4 <bootloader_flash_execute_command_common+0x288>
40081504:	0188      	l32i.n	a8, a1, 0
40081506:	f91c      	movi.n	a9, 31
40081508:	0d3927        	bltu	a9, a2, 40081519 <bootloader_flash_execute_command_common+0x2cd>
4008150b:	f97c      	movi.n	a9, -1
4008150d:	401200        	ssl	a2
40081510:	a19900        	sll	a9, a9
40081513:	109980        	and	a9, a9, a8
40081516:	308980        	xor	a8, a9, a8
40081519:	082d      	mov.n	a2, a8
4008151b:	f01d      	retw.n
4008151d:	000000        	ill

40081520 <bootloader_execute_flash_command>:
40081520:	006136        	entry	a1, 48
40081523:	20f330        	or	a15, a3, a3
40081526:	745050        	extui	a5, a5, 0, 8
40081529:	006152        	s32i	a5, a1, 0
4008152c:	74e040        	extui	a14, a4, 0, 8
4008152f:	00a0d2        	movi	a13, 0
40081532:	0dcd      	mov.n	a12, a13
40081534:	0dbd      	mov.n	a11, a13
40081536:	74a020        	extui	a10, a2, 0, 8
40081539:	ffd125        	call8	4008124c <bootloader_flash_execute_command_common>
4008153c:	0a2d      	mov.n	a2, a10
4008153e:	f01d      	retw.n

40081540 <bootloader_flash_unlock_default>:
40081540:	004136        	entry	a1, 32
40081543:	fbb571        	l32r	a7, 40080418 <_init_end+0x18> (3ffae270 <g_rom_flashchip>)
40081546:	07ad      	mov.n	a10, a7
40081548:	201110        	or	a1, a1, a1
4008154b:	074025        	call8	4008894c <esp_rom_spiflash_wait_idle>
4008154e:	0798      	l32i.n	a9, a7, 0
40081550:	758090        	extui	a8, a9, 16, 8
40081553:	118800        	slli	a8, a8, 16
40081556:	fbe5a1        	l32r	a10, 400804ec <_init_end+0xec> (9d0000 <CONFIG_SOC_UART_BITRATE_MAX+0x50b4c0>)
40081559:	0518a7        	beq	a8, a10, 40081562 <bootloader_flash_unlock_default+0x22>
4008155c:	fbe5a1        	l32r	a10, 400804f0 <_init_end+0xf0> (c20000 <procpu_irom_len+0xf0000>)
4008155f:	2198a7        	bne	a8, a10, 40081584 <bootloader_flash_unlock_default+0x44>
40081562:	08a0d2        	movi	a13, 8
40081565:	00a0c2        	movi	a12, 0
40081568:	20bcc0        	or	a11, a12, a12
4008156b:	5a0c      	movi.n	a10, 5
4008156d:	fffb25        	call8	40081520 <bootloader_execute_flash_command>
40081570:	f470a0        	extui	a7, a10, 0, 16
40081573:	43af62        	movi	a6, -189
40081576:	106760        	and	a6, a7, a6
40081579:	830c      	movi.n	a3, 8
4008157b:	050c      	movi.n	a5, 0
4008157d:	054d      	mov.n	a4, a5
4008157f:	001c06        	j	400815f3 <bootloader_flash_unlock_default+0xb3>
40081582:	00          	.byte	00
40081583:	00          	.byte	00
40081584:	f48890        	extui	a8, a9, 8, 16
40081587:	118880        	slli	a8, a8, 8
4008158a:	fbdaa1        	l32r	a10, 400804f4 <_init_end+0xf4> (c84000 <procpu_irom_len+0x154000>)
4008158d:	3198a7        	bne	a8, a10, 400815c2 <bootloader_flash_unlock_default+0x82>
40081590:	749090        	extui	a9, a9, 0, 8
40081593:	581c      	movi.n	a8, 21
40081595:	29b897        	bgeu	a8, a9, 400815c2 <bootloader_flash_unlock_default+0x82>
40081598:	8d0c      	movi.n	a13, 8
4008159a:	0c0c      	movi.n	a12, 0
4008159c:	0cbd      	mov.n	a11, a12
4008159e:	5a0c      	movi.n	a10, 5
400815a0:	fff7e5        	call8	40081520 <bootloader_execute_flash_command>
400815a3:	f470a0        	extui	a7, a10, 0, 16
400815a6:	8d0c      	movi.n	a13, 8
400815a8:	0c0c      	movi.n	a12, 0
400815aa:	0cbd      	mov.n	a11, a12
400815ac:	5a3c      	movi.n	a10, 53
400815ae:	fff725        	call8	40081520 <bootloader_execute_flash_command>
400815b1:	7440a0        	extui	a4, a10, 0, 8
400815b4:	250c      	movi.n	a5, 2
400815b6:	105450        	and	a5, a4, a5
400815b9:	830c      	movi.n	a3, 8
400815bb:	060c      	movi.n	a6, 0
400815bd:	000c86        	j	400815f3 <bootloader_flash_unlock_default+0xb3>
400815c0:	00          	.byte	00
400815c1:	00          	.byte	00
400815c2:	08a0d2        	movi	a13, 8
400815c5:	00a0c2        	movi	a12, 0
400815c8:	20bcc0        	or	a11, a12, a12
400815cb:	5a0c      	movi.n	a10, 5
400815cd:	fff525        	call8	40081520 <bootloader_execute_flash_command>
400815d0:	f470a0        	extui	a7, a10, 0, 16
400815d3:	8d0c      	movi.n	a13, 8
400815d5:	0c0c      	movi.n	a12, 0
400815d7:	0cbd      	mov.n	a11, a12
400815d9:	5a3c      	movi.n	a10, 53
400815db:	fff465        	call8	40081520 <bootloader_execute_flash_command>
400815de:	118a80        	slli	a8, a10, 8
400815e1:	f48080        	extui	a8, a8, 0, 16
400815e4:	207780        	or	a7, a7, a8
400815e7:	00a262        	movi	a6, 0x200
400815ea:	106760        	and	a6, a7, a6
400815ed:	031c      	movi.n	a3, 16
400815ef:	050c      	movi.n	a5, 0
400815f1:	054d      	mov.n	a4, a5
400815f3:	201767        	beq	a7, a6, 40081617 <bootloader_flash_unlock_default+0xd7>
400815f6:	fb88a1        	l32r	a10, 40080418 <_init_end+0x18> (3ffae270 <g_rom_flashchip>)
400815f9:	073525        	call8	4008894c <esp_rom_spiflash_wait_idle>
400815fc:	0d0c      	movi.n	a13, 0
400815fe:	0dcd      	mov.n	a12, a13
40081600:	0dbd      	mov.n	a11, a13
40081602:	6a0c      	movi.n	a10, 6
40081604:	fff1a5        	call8	40081520 <bootloader_execute_flash_command>
40081607:	0d0c      	movi.n	a13, 0
40081609:	03cd      	mov.n	a12, a3
4008160b:	06bd      	mov.n	a11, a6
4008160d:	1a0c      	movi.n	a10, 1
4008160f:	fff125        	call8	40081520 <bootloader_execute_flash_command>
40081612:	180c      	movi.n	a8, 1
40081614:	000046        	j	40081619 <bootloader_flash_unlock_default+0xd9>
40081617:	080c      	movi.n	a8, 0
40081619:	201457        	beq	a4, a5, 4008163d <bootloader_flash_unlock_default+0xfd>
4008161c:	fb7fa1        	l32r	a10, 40080418 <_init_end+0x18> (3ffae270 <g_rom_flashchip>)
4008161f:	0732e5        	call8	4008894c <esp_rom_spiflash_wait_idle>
40081622:	0d0c      	movi.n	a13, 0
40081624:	0dcd      	mov.n	a12, a13
40081626:	0dbd      	mov.n	a11, a13
40081628:	6a0c      	movi.n	a10, 6
4008162a:	ffef65        	call8	40081520 <bootloader_execute_flash_command>
4008162d:	0d0c      	movi.n	a13, 0
4008162f:	8c0c      	movi.n	a12, 8
40081631:	05bd      	mov.n	a11, a5
40081633:	1a3c      	movi.n	a10, 49
40081635:	ffeea5        	call8	40081520 <bootloader_execute_flash_command>
40081638:	000106        	j	40081640 <bootloader_flash_unlock_default+0x100>
4008163b:	00          	.byte	00
4008163c:	00          	.byte	00
4008163d:	011816        	beqz	a8, 40081652 <bootloader_flash_unlock_default+0x112>
40081640:	fb76a1        	l32r	a10, 40080418 <_init_end+0x18> (3ffae270 <g_rom_flashchip>)
40081643:	0730a5        	call8	4008894c <esp_rom_spiflash_wait_idle>
40081646:	00a0d2        	movi	a13, 0
40081649:	0dcd      	mov.n	a12, a13
4008164b:	0dbd      	mov.n	a11, a13
4008164d:	4a0c      	movi.n	a10, 4
4008164f:	ffed25        	call8	40081520 <bootloader_execute_flash_command>
40081652:	020c      	movi.n	a2, 0
40081654:	f01d      	retw.n
	...

40081658 <bootloader_flash_read_sfdp>:
40081658:	006136        	entry	a1, 48
4008165b:	20c220        	or	a12, a2, a2
4008165e:	1133d0        	slli	a3, a3, 3
40081661:	743030        	extui	a3, a3, 0, 8
40081664:	006132        	s32i	a3, a1, 0
40081667:	00a0f2        	movi	a15, 0
4008166a:	0fed      	mov.n	a14, a15
4008166c:	8d0c      	movi.n	a13, 8
4008166e:	8b1c      	movi.n	a11, 24
40081670:	aa5c      	movi.n	a10, 90
40081672:	ffbda5        	call8	4008124c <bootloader_flash_execute_command_common>
40081675:	0a2d      	mov.n	a2, a10
40081677:	f01d      	retw.n
40081679:	000000        	ill

4008167c <bootloader_read_flash_id>:
4008167c:	004136        	entry	a1, 32
4008167f:	8d1c      	movi.n	a13, 24
40081681:	0c0c      	movi.n	a12, 0
40081683:	20bcc0        	or	a11, a12, a12
40081686:	9fa0a2        	movi	a10, 159
40081689:	ffe965        	call8	40081520 <bootloader_execute_flash_command>
4008168c:	112a00        	slli	a2, a10, 16
4008168f:	752020        	extui	a2, a2, 16, 8
40081692:	112200        	slli	a2, a2, 16
40081695:	7580a0        	extui	a8, a10, 16, 8
40081698:	202280        	or	a2, a2, a8
4008169b:	74a8a0        	extui	a10, a10, 8, 8
4008169e:	11aa80        	slli	a10, a10, 8
400816a1:	2022a0        	or	a2, a2, a10
400816a4:	f01d      	retw.n
	...

400816a8 <bootloader_flash_xmc_startup>:
400816a8:	004136        	entry	a1, 32
400816ab:	fb5b81        	l32r	a8, 40080418 <_init_end+0x18> (3ffae270 <g_rom_flashchip>)
400816ae:	08a8      	l32i.n	a10, a8, 0
400816b0:	ffb365        	call8	400811e8 <is_xmc_chip_strict>
400816b3:	07aa56        	bnez	a10, 40081731 <bootloader_flash_xmc_startup+0x89>
400816b6:	1b0c      	movi.n	a11, 1
400816b8:	0a1c      	movi.n	a10, 16
400816ba:	fff9e5        	call8	40081658 <bootloader_flash_read_sfdp>
400816bd:	74a0a0        	extui	a10, a10, 0, 8
400816c0:	02ca26        	beqi	a10, 32, 400816c6 <bootloader_flash_xmc_startup+0x1e>
400816c3:	001bc6        	j	40081736 <bootloader_flash_xmc_startup+0x8e>
400816c6:	fb8cb1        	l32r	a11, 400804f8 <_init_end+0xf8> (3ffb1b80 <_loader_data_start+0x588>)
400816c9:	fb8ca1        	l32r	a10, 400804fc <_init_end+0xfc> (3ffb1c9c <_loader_data_start+0x6a4>)
400816cc:	fb8e81        	l32r	a8, 40080504 <_init_end+0x104> (40007d54 <esp_rom_printf>)
400816cf:	0008e0        	callx8	a8
400816d2:	0d0c      	movi.n	a13, 0
400816d4:	0dcd      	mov.n	a12, a13
400816d6:	0dbd      	mov.n	a11, a13
400816d8:	b9a0a2        	movi	a10, 185
400816db:	ffe465        	call8	40081520 <bootloader_execute_flash_command>
400816de:	0d0c      	movi.n	a13, 0
400816e0:	0dcd      	mov.n	a12, a13
400816e2:	0dbd      	mov.n	a11, a13
400816e4:	79a0a2        	movi	a10, 121
400816e7:	ffe3a5        	call8	40081520 <bootloader_execute_flash_command>
400816ea:	0d0c      	movi.n	a13, 0
400816ec:	0dcd      	mov.n	a12, a13
400816ee:	0dbd      	mov.n	a11, a13
400816f0:	ffa0a2        	movi	a10, 255
400816f3:	ffe2e5        	call8	40081520 <bootloader_execute_flash_command>
400816f6:	d0a7a2        	movi	a10, 0x7d0
400816f9:	fb8381        	l32r	a8, 40080508 <_init_end+0x108> (40008534 <esp_rom_delay_us>)
400816fc:	0008e0        	callx8	a8
400816ff:	0d0c      	movi.n	a13, 0
40081701:	0dcd      	mov.n	a12, a13
40081703:	0dbd      	mov.n	a11, a13
40081705:	aba0a2        	movi	a10, 171
40081708:	ffe165        	call8	40081520 <bootloader_execute_flash_command>
4008170b:	4a1c      	movi.n	a10, 20
4008170d:	fb7e81        	l32r	a8, 40080508 <_init_end+0x108> (40008534 <esp_rom_delay_us>)
40081710:	0008e0        	callx8	a8
40081713:	fff6a5        	call8	4008167c <bootloader_read_flash_id>
40081716:	fb4081        	l32r	a8, 40080418 <_init_end+0x18> (3ffae270 <g_rom_flashchip>)
40081719:	08a9      	s32i.n	a10, a8, 0
4008171b:	fface5        	call8	400811e8 <is_xmc_chip_strict>
4008171e:	aadc      	bnez.n	a10, 4008173c <bootloader_flash_xmc_startup+0x94>
40081720:	fb76b1        	l32r	a11, 400804f8 <_init_end+0xf8> (3ffb1b80 <_loader_data_start+0x588>)
40081723:	fb77a1        	l32r	a10, 40080500 <_init_end+0x100> (3ffb1cbc <_loader_data_start+0x6c4>)
40081726:	fb7781        	l32r	a8, 40080504 <_init_end+0x104> (40007d54 <esp_rom_printf>)
40081729:	0008e0        	callx8	a8
4008172c:	f27c      	movi.n	a2, -1
4008172e:	000306        	j	4008173e <bootloader_flash_xmc_startup+0x96>
40081731:	020c      	movi.n	a2, 0
40081733:	0001c6        	j	4008173e <bootloader_flash_xmc_startup+0x96>
40081736:	020c      	movi.n	a2, 0
40081738:	000086        	j	4008173e <bootloader_flash_xmc_startup+0x96>
4008173b:	00          	.byte	00
4008173c:	020c      	movi.n	a2, 0
4008173e:	f01d      	retw.n

40081740 <xtensa_backtrace_get_start>:
40081740:	004136        	entry	a1, 32
40081743:	022125        	call8	40083954 <xthal_window_spill>
40081746:	002562        	l32i	a6, a5, 0
40081749:	092672        	l32i	a7, a6, 36
4008174c:	006272        	s32i	a7, a2, 0
4008174f:	a678      	l32i.n	a7, a6, 40
40081751:	0479      	s32i.n	a7, a4, 0
40081753:	4cc662        	addi	a6, a6, 76
40081756:	0369      	s32i.n	a6, a3, 0
40081758:	f01d      	retw.n
	...

4008175c <esp_intr_disable>:
4008175c:	004136        	entry	a1, 32
4008175f:	0b5216        	beqz	a2, 40081818 <esp_intr_disable+0xbc>
40081762:	006370        	rsil	a7, 3
40081765:	012282        	l32i	a8, a2, 4
40081768:	03c816        	beqz	a8, 400817a8 <esp_intr_disable+0x4c>
4008176b:	001892        	l16ui	a9, a8, 0
4008176e:	01a0a2        	movi	a10, 1
40081771:	2099a0        	or	a9, a9, a10
40081774:	005892        	s16i	a9, a8, 0
40081777:	1288      	l32i.n	a8, a2, 4
40081779:	08c8      	l32i.n	a12, a8, 0
4008177b:	74c1c0        	extui	a12, a12, 1, 8
4008177e:	23bc00        	sext	a11, a12, 7
40081781:	0288      	l32i.n	a8, a2, 0
40081783:	1898      	l32i.n	a9, a8, 4
40081785:	79dc      	bnez.n	a9, 400817a0 <esp_intr_disable+0x44>
40081787:	4fe9a5        	call8	400d1620 <__assert_no_args>
4008178a:	0988      	l32i.n	a8, a9, 0
4008178c:	748180        	extui	a8, a8, 1, 8
4008178f:	23ac00        	sext	a10, a12, 7
40081792:	238800        	sext	a8, a8, 7
40081795:	059a87        	bne	a10, a8, 4008179e <esp_intr_disable+0x42>
40081798:	001982        	l16ui	a8, a9, 0
4008179b:	1a6807        	bbci	a8, 0, 400817b9 <esp_intr_disable+0x5d>
4008179e:	5998      	l32i.n	a9, a9, 20
400817a0:	fe6956        	bnez	a9, 4008178a <esp_intr_disable+0x2e>
400817a3:	180c      	movi.n	a8, 1
400817a5:	000486        	j	400817bb <esp_intr_disable+0x5f>
400817a8:	0288      	l32i.n	a8, a2, 0
400817aa:	08b8      	l32i.n	a11, a8, 0
400817ac:	75b6b0        	extui	a11, a11, 22, 8
400817af:	23bb00        	sext	a11, a11, 7
400817b2:	180c      	movi.n	a8, 1
400817b4:	0000c6        	j	400817bb <esp_intr_disable+0x5f>
400817b7:	00          	.byte	00
400817b8:	00          	.byte	00
400817b9:	080c      	movi.n	a8, 0
400817bb:	015b96        	bltz	a11, 400817d4 <esp_intr_disable+0x78>
400817be:	04a816        	beqz	a8, 4008180c <esp_intr_disable+0xb0>
400817c1:	0288      	l32i.n	a8, a2, 0
400817c3:	08a8      	l32i.n	a10, a8, 0
400817c5:	6c0c      	movi.n	a12, 6
400817c7:	05a0a0        	extui	a10, a10, 16, 1
400817ca:	fb5081        	l32r	a8, 4008050c <_init_end+0x10c> (4000681c <esp_rom_route_intr_matrix>)
400817cd:	0008e0        	callx8	a8
400817d0:	000e06        	j	4008180c <esp_intr_disable+0xb0>
400817d3:	00          	.byte	00
400817d4:	0298      	l32i.n	a9, a2, 0
400817d6:	0988      	l32i.n	a8, a9, 0
400817d8:	058080        	extui	a8, a8, 16, 1
400817db:	03eba0        	rsr.prid	a10
400817de:	04ada0        	extui	a10, a10, 13, 1
400817e1:	0b18a7        	beq	a8, a10, 400817f0 <esp_intr_disable+0x94>
400817e4:	13e670        	wsr.ps	a7
400817e7:	002010        	rsync
400817ea:	a26c      	movi.n	a2, -22
400817ec:	000a86        	j	4008181a <esp_intr_disable+0xbe>
400817ef:	00          	.byte	00
400817f0:	0998      	l32i.n	a9, a9, 0
400817f2:	459190        	extui	a9, a9, 17, 5
400817f5:	180c      	movi.n	a8, 1
400817f7:	401900        	ssl	a9
400817fa:	a18800        	sll	a8, a8
400817fd:	03e490        	rsr.intenable	a9
40081800:	108890        	and	a8, a8, a9
40081803:	308890        	xor	a8, a8, a9
40081806:	13e480        	wsr.intenable	a8
40081809:	002010        	rsync
4008180c:	13e670        	wsr.ps	a7
4008180f:	002010        	rsync
40081812:	020c      	movi.n	a2, 0
40081814:	000086        	j	4008181a <esp_intr_disable+0xbe>
40081817:	00          	.byte	00
40081818:	a26c      	movi.n	a2, -22
4008181a:	f01d      	retw.n

4008181c <esp_intr_noniram_disable>:
4008181c:	004136        	entry	a1, 32
4008181f:	006350        	rsil	a5, 3
40081822:	03eb70        	rsr.prid	a7
40081825:	047d70        	extui	a7, a7, 13, 1
40081828:	fb3a81        	l32r	a8, 40080510 <_init_end+0x110> (3ffb3164 <non_iram_int_mask>)
4008182b:	a08780        	addx4	a8, a7, a8
4008182e:	002862        	l32i	a6, a8, 0
40081831:	fb3881        	l32r	a8, 40080514 <_init_end+0x114> (3ffb315c <non_iram_int_disabled_flag>)
40081834:	808870        	add	a8, a8, a7
40081837:	000882        	l8ui	a8, a8, 0
4008183a:	002816        	beqz	a8, 40081840 <esp_intr_noniram_disable+0x24>
4008183d:	4fe2a5        	call8	400d1668 <abort>
40081840:	fb3581        	l32r	a8, 40080514 <_init_end+0x114> (3ffb315c <non_iram_int_disabled_flag>)
40081843:	808870        	add	a8, a8, a7
40081846:	01a092        	movi	a9, 1
40081849:	004892        	s8i	a9, a8, 0
4008184c:	03e440        	rsr.intenable	a4
4008184f:	03e490        	rsr.intenable	a9
40081852:	108690        	and	a8, a6, a9
40081855:	308890        	xor	a8, a8, a9
40081858:	13e480        	wsr.intenable	a8
4008185b:	002010        	rsync
4008185e:	20a770        	or	a10, a7, a7
40081861:	ff76a5        	call8	40080fcc <rtc_isr_noniram_disable>
40081864:	fb2d81        	l32r	a8, 40080518 <_init_end+0x118> (3ffb3160 <non_iram_int_disabled>)
40081867:	a07780        	addx4	a7, a7, a8
4008186a:	106640        	and	a6, a6, a4
4008186d:	0769      	s32i.n	a6, a7, 0
4008186f:	13e650        	wsr.ps	a5
40081872:	002010        	rsync
40081875:	f01d      	retw.n
	...

40081878 <esp_intr_noniram_enable>:
40081878:	004136        	entry	a1, 32
4008187b:	006370        	rsil	a7, 3
4008187e:	03eba0        	rsr.prid	a10
40081881:	04ada0        	extui	a10, a10, 13, 1
40081884:	fb2581        	l32r	a8, 40080518 <_init_end+0x118> (3ffb3160 <non_iram_int_disabled>)
40081887:	a08a80        	addx4	a8, a10, a8
4008188a:	002882        	l32i	a8, a8, 0
4008188d:	fb2191        	l32r	a9, 40080514 <_init_end+0x114> (3ffb315c <non_iram_int_disabled_flag>)
40081890:	8099a0        	add	a9, a9, a10
40081893:	000992        	l8ui	a9, a9, 0
40081896:	002956        	bnez	a9, 4008189c <esp_intr_noniram_enable+0x24>
40081899:	4fdce5        	call8	400d1668 <abort>
4008189c:	fb1e91        	l32r	a9, 40080514 <_init_end+0x114> (3ffb315c <non_iram_int_disabled_flag>)
4008189f:	8099a0        	add	a9, a9, a10
400818a2:	00a0b2        	movi	a11, 0
400818a5:	0049b2        	s8i	a11, a9, 0
400818a8:	03e490        	rsr.intenable	a9
400818ab:	208890        	or	a8, a8, a9
400818ae:	13e480        	wsr.intenable	a8
400818b1:	002010        	rsync
400818b4:	ff74a5        	call8	40081000 <rtc_isr_noniram_enable>
400818b7:	13e670        	wsr.ps	a7
400818ba:	002010        	rsync
400818bd:	000090        	retw

400818c0 <gpio_esp32_fire_callbacks>:
400818c0:	006136        	entry	a1, 48
400818c3:	1288      	l32i.n	a8, a2, 4
400818c5:	42a8      	l32i.n	a10, a2, 16
400818c7:	03f590        	rsr.misc1	a9
400818ca:	1009c2        	l8ui	a12, a9, 16
400818cd:	3898      	l32i.n	a9, a8, 12
400818cf:	d9dc      	bnez.n	a9, 400818f0 <gpio_esp32_fire_callbacks+0x30>
400818d1:	1888      	l32i.n	a8, a8, 4
400818d3:	9ccc      	bnez.n	a12, 400818e0 <gpio_esp32_fire_callbacks+0x20>
400818d5:	0020c0        	memw
400818d8:	1a28c2        	l32i	a12, a8, 104
400818db:	0001c6        	j	400818e6 <gpio_esp32_fire_callbacks+0x26>
400818de:	00          	.byte	00
400818df:	00          	.byte	00
400818e0:	0020c0        	memw
400818e3:	1828c2        	l32i	a12, a8, 96
400818e6:	0020c0        	memw
400818e9:	1368c2        	s32i	a12, a8, 76
400818ec:	0017c6        	j	4008194f <gpio_esp32_fire_callbacks+0x8f>
400818ef:	00          	.byte	00
400818f0:	1898      	l32i.n	a9, a8, 4
400818f2:	7cdc      	bnez.n	a12, 4008190d <gpio_esp32_fire_callbacks+0x4d>
400818f4:	0020c0        	memw
400818f7:	1f2982        	l32i	a8, a9, 124
400818fa:	0020c0        	memw
400818fd:	1189      	s32i.n	a8, a1, 4
400818ff:	0020c0        	memw
40081902:	11c8      	l32i.n	a12, a1, 4
40081904:	74c0c0        	extui	a12, a12, 0, 8
40081907:	0005c6        	j	40081922 <gpio_esp32_fire_callbacks+0x62>
4008190a:	00          	.byte	00
4008190b:	00          	.byte	00
4008190c:	00          	.byte	00
4008190d:	0020c0        	memw
40081910:	1d2982        	l32i	a8, a9, 116
40081913:	0020c0        	memw
40081916:	006182        	s32i	a8, a1, 0
40081919:	0020c0        	memw
4008191c:	0021c2        	l32i	a12, a1, 0
4008191f:	74c0c0        	extui	a12, a12, 0, 8
40081922:	0020c0        	memw
40081925:	162982        	l32i	a8, a9, 88
40081928:	0020c0        	memw
4008192b:	026182        	s32i	a8, a1, 8
4008192e:	0020c0        	memw
40081931:	2188      	l32i.n	a8, a1, 8
40081933:	74d0c0        	extui	a13, a12, 0, 8
40081936:	00afe2        	movi	a14, 0xffffff00
40081939:	1088e0        	and	a8, a8, a14
4008193c:	2088d0        	or	a8, a8, a13
4008193f:	0020c0        	memw
40081942:	2189      	s32i.n	a8, a1, 8
40081944:	0020c0        	memw
40081947:	2188      	l32i.n	a8, a1, 8
40081949:	0020c0        	memw
4008194c:	166982        	s32i	a8, a9, 88
4008194f:	5c8c      	beqz.n	a12, 40081958 <gpio_esp32_fire_callbacks+0x98>
40081951:	02bd      	mov.n	a11, a2
40081953:	aa4b      	addi.n	a10, a10, 4
40081955:	5215a5        	call8	400d3ab0 <gpio_fire_callbacks>
40081958:	f01d      	retw.n
	...

4008195c <gpio_esp32_isr>:
4008195c:	004136        	entry	a1, 32
4008195f:	faefa1        	l32r	a10, 4008051c <_init_end+0x11c> (3f400d74 <__device_dts_ord_11>)
40081962:	fff5e5        	call8	400818c0 <gpio_esp32_fire_callbacks>
40081965:	faeea1        	l32r	a10, 40080520 <_init_end+0x120> (3f400d58 <__device_dts_ord_103>)
40081968:	fff565        	call8	400818c0 <gpio_esp32_fire_callbacks>
4008196b:	f01d      	retw.n
4008196d:	000000        	ill

40081970 <gpio_esp32_config>:
40081970:	008136        	entry	a1, 64
40081973:	743030        	extui	a3, a3, 0, 8
40081976:	1228      	l32i.n	a2, a2, 4
40081978:	3288      	l32i.n	a8, a2, 12
4008197a:	0a1866        	bnei	a8, 1, 40081988 <gpio_esp32_config+0x18>
4008197d:	f81c      	movi.n	a8, 31
4008197f:	0bb837        	bgeu	a8, a3, 4008198e <gpio_esp32_config+0x1e>
40081982:	070c      	movi.n	a7, 0
40081984:	000246        	j	40081991 <gpio_esp32_config+0x21>
40081987:	00          	.byte	00
40081988:	070c      	movi.n	a7, 0
4008198a:	0000c6        	j	40081991 <gpio_esp32_config+0x21>
4008198d:	00          	.byte	00
4008198e:	20a072        	movi	a7, 32
40081991:	807370        	add	a7, a3, a7
40081994:	0a2c      	movi.n	a10, 32
40081996:	10a7a0        	and	a10, a7, a10
40081999:	f87c      	movi.n	a8, -1
4008199b:	308780        	xor	a8, a7, a8
4008199e:	fea192        	movi	a9, 0x1fe
400819a1:	401800        	ssl	a8
400819a4:	a19900        	sll	a9, a9
400819a7:	fadf81        	l32r	a8, 40080524 <_init_end+0x124> (effffff <CONFIG_ESP_CLK_FREQ_HZ+0xb1e3ff>)
400819aa:	400700        	ssr	a7
400819ad:	918080        	srl	a8, a8
400819b0:	208980        	or	a8, a9, a8
400819b3:	ffa092        	movi	a9, 255
400819b6:	400700        	ssr	a7
400819b9:	919090        	srl	a9, a9
400819bc:	9389a0        	movnez	a8, a9, a10
400819bf:	02e807        	bbsi	a8, 0, 400819c5 <gpio_esp32_config+0x55>
400819c2:	00e2c6        	j	40081d51 <gpio_esp32_config+0x3e1>
400819c5:	006380        	rsil	a8, 3
400819c8:	4189      	s32i.n	a8, a1, 16
400819ca:	20a770        	or	a10, a7, a7
400819cd:	0318e5        	call8	40084b5c <rtc_gpio_is_valid_gpio>
400819d0:	ea8c      	beqz.n	a10, 400819e2 <gpio_esp32_config+0x72>
400819d2:	fad581        	l32r	a8, 40080528 <_init_end+0x128> (3ffb156c <rtc_io_num_map>)
400819d5:	887a      	add.n	a8, a8, a7
400819d7:	0008a2        	l8ui	a10, a8, 0
400819da:	1b0c      	movi.n	a11, 1
400819dc:	23aa00        	sext	a10, a10, 7
400819df:	507625        	call8	400d2140 <rtcio_ll_function_select>
400819e2:	27a082        	movi	a8, 39
400819e5:	02b877        	bgeu	a8, a7, 400819eb <gpio_esp32_config+0x7b>
400819e8:	00d146        	j	40081d31 <gpio_esp32_config+0x3c1>
400819eb:	749070        	extui	a9, a7, 0, 8
400819ee:	facf81        	l32r	a8, 4008052c <_init_end+0x12c> (3ffb15b4 <GPIO_PIN_MUX_REG_OFFSET>)
400819f1:	808890        	add	a8, a8, a9
400819f4:	000892        	l8ui	a9, a8, 0
400819f7:	face81        	l32r	a8, 40080530 <_init_end+0x130> (3ff49000 <SENS+0x800>)
400819fa:	809980        	add	a9, a9, a8
400819fd:	0020c0        	memw
40081a00:	0988      	l32i.n	a8, a9, 0
40081a02:	facca1        	l32r	a10, 40080534 <_init_end+0x134> (ffff8fff <_rtc_force_slow_end+0xafff8fd7>)
40081a05:	1088a0        	and	a8, a8, a10
40081a08:	facca1        	l32r	a10, 40080538 <_init_end+0x138> (2000 <rtc_data_len>)
40081a0b:	2088a0        	or	a8, a8, a10
40081a0e:	0020c0        	memw
40081a11:	0989      	s32i.n	a8, a9, 0
40081a13:	07ad      	mov.n	a10, a7
40081a15:	031465        	call8	40084b5c <rtc_gpio_is_valid_gpio>
40081a18:	4acc      	bnez.n	a10, 40081a20 <gpio_esp32_config+0xb0>
40081a1a:	150c      	movi.n	a5, 1
40081a1c:	0000c6        	j	40081a23 <gpio_esp32_config+0xb3>
40081a1f:	00          	.byte	00
40081a20:	00a052        	movi	a5, 0
40081a23:	01a062        	movi	a6, 1
40081a26:	306560        	xor	a6, a5, a6
40081a29:	746060        	extui	a6, a6, 0, 8
40081a2c:	20a770        	or	a10, a7, a7
40081a2f:	0312e5        	call8	40084b5c <rtc_gpio_is_valid_gpio>
40081a32:	6a8c      	beqz.n	a10, 40081a3c <gpio_esp32_config+0xcc>
40081a34:	09e467        	bbsi	a4, 6, 40081a41 <gpio_esp32_config+0xd1>
40081a37:	080c      	movi.n	a8, 0
40081a39:	0001c6        	j	40081a44 <gpio_esp32_config+0xd4>
40081a3c:	080c      	movi.n	a8, 0
40081a3e:	000086        	j	40081a44 <gpio_esp32_config+0xd4>
40081a41:	01a082        	movi	a8, 1
40081a44:	056182        	s32i	a8, a1, 20
40081a47:	2a6447        	bbci	a4, 4, 40081a75 <gpio_esp32_config+0x105>
40081a4a:	017516        	beqz	a5, 40081a65 <gpio_esp32_config+0xf5>
40081a4d:	fabb81        	l32r	a8, 4008053c <_init_end+0x13c> (3f400958 <GPIO_PIN_MUX_REG>)
40081a50:	a08780        	addx4	a8, a7, a8
40081a53:	0898      	l32i.n	a9, a8, 0
40081a55:	0020c0        	memw
40081a58:	0988      	l32i.n	a8, a9, 0
40081a5a:	00a1a2        	movi	a10, 0x100
40081a5d:	2088a0        	or	a8, a8, a10
40081a60:	0020c0        	memw
40081a63:	0989      	s32i.n	a8, a9, 0
40081a65:	5188      	l32i.n	a8, a1, 20
40081a67:	208680        	or	a8, a6, a8
40081a6a:	28bc      	beqz.n	a8, 40081aa0 <gpio_esp32_config+0x130>
40081a6c:	07ad      	mov.n	a10, a7
40081a6e:	031265        	call8	40084b94 <rtc_gpio_pullup_en>
40081a71:	000ac6        	j	40081aa0 <gpio_esp32_config+0x130>
40081a74:	00          	.byte	00
40081a75:	b59c      	beqz.n	a5, 40081a94 <gpio_esp32_config+0x124>
40081a77:	faad81        	l32r	a8, 4008052c <_init_end+0x12c> (3ffb15b4 <GPIO_PIN_MUX_REG_OFFSET>)
40081a7a:	887a      	add.n	a8, a8, a7
40081a7c:	000882        	l8ui	a8, a8, 0
40081a7f:	faac91        	l32r	a9, 40080530 <_init_end+0x130> (3ff49000 <SENS+0x800>)
40081a82:	889a      	add.n	a8, a8, a9
40081a84:	0020c0        	memw
40081a87:	0898      	l32i.n	a9, a8, 0
40081a89:	ffaea2        	movi	a10, 0xfffffeff
40081a8c:	1099a0        	and	a9, a9, a10
40081a8f:	0020c0        	memw
40081a92:	0899      	s32i.n	a9, a8, 0
40081a94:	5188      	l32i.n	a8, a1, 20
40081a96:	208680        	or	a8, a6, a8
40081a99:	388c      	beqz.n	a8, 40081aa0 <gpio_esp32_config+0x130>
40081a9b:	07ad      	mov.n	a10, a7
40081a9d:	0314e5        	call8	40084bec <rtc_gpio_pullup_dis>
40081aa0:	206417        	bbci	a4, 1, 40081ac4 <gpio_esp32_config+0x154>
40081aa3:	02e427        	bbsi	a4, 2, 40081aa9 <gpio_esp32_config+0x139>
40081aa6:	00a386        	j	40081d38 <gpio_esp32_config+0x3c8>
40081aa9:	1298      	l32i.n	a9, a2, 4
40081aab:	20c782        	addi	a8, a7, 32
40081aae:	a08890        	addx4	a8, a8, a9
40081ab1:	0020c0        	memw
40081ab4:	2898      	l32i.n	a9, a8, 8
40081ab6:	4a0c      	movi.n	a10, 4
40081ab8:	2099a0        	or	a9, a9, a10
40081abb:	0020c0        	memw
40081abe:	2899      	s32i.n	a9, a8, 8
40081ac0:	0005c6        	j	40081adb <gpio_esp32_config+0x16b>
40081ac3:	00          	.byte	00
40081ac4:	1298      	l32i.n	a9, a2, 4
40081ac6:	20c782        	addi	a8, a7, 32
40081ac9:	a08890        	addx4	a8, a8, a9
40081acc:	0020c0        	memw
40081acf:	2898      	l32i.n	a9, a8, 8
40081ad1:	ba7c      	movi.n	a10, -5
40081ad3:	1099a0        	and	a9, a9, a10
40081ad6:	0020c0        	memw
40081ad9:	2899      	s32i.n	a9, a8, 8
40081adb:	2a6457        	bbci	a4, 5, 40081b09 <gpio_esp32_config+0x199>
40081ade:	659c      	beqz.n	a5, 40081af8 <gpio_esp32_config+0x188>
40081ae0:	fa9781        	l32r	a8, 4008053c <_init_end+0x13c> (3f400958 <GPIO_PIN_MUX_REG>)
40081ae3:	a08780        	addx4	a8, a7, a8
40081ae6:	0898      	l32i.n	a9, a8, 0
40081ae8:	0020c0        	memw
40081aeb:	0988      	l32i.n	a8, a9, 0
40081aed:	80a0a2        	movi	a10, 128
40081af0:	2088a0        	or	a8, a8, a10
40081af3:	0020c0        	memw
40081af6:	0989      	s32i.n	a8, a9, 0
40081af8:	5188      	l32i.n	a8, a1, 20
40081afa:	206680        	or	a6, a6, a8
40081afd:	36bc      	beqz.n	a6, 40081b34 <gpio_esp32_config+0x1c4>
40081aff:	07ad      	mov.n	a10, a7
40081b01:	031465        	call8	40084c48 <rtc_gpio_pulldown_en>
40081b04:	000b06        	j	40081b34 <gpio_esp32_config+0x1c4>
40081b07:	00          	.byte	00
40081b08:	00          	.byte	00
40081b09:	b59c      	beqz.n	a5, 40081b28 <gpio_esp32_config+0x1b8>
40081b0b:	fa8881        	l32r	a8, 4008052c <_init_end+0x12c> (3ffb15b4 <GPIO_PIN_MUX_REG_OFFSET>)
40081b0e:	887a      	add.n	a8, a8, a7
40081b10:	000882        	l8ui	a8, a8, 0
40081b13:	fa8791        	l32r	a9, 40080530 <_init_end+0x130> (3ff49000 <SENS+0x800>)
40081b16:	889a      	add.n	a8, a8, a9
40081b18:	0020c0        	memw
40081b1b:	0898      	l32i.n	a9, a8, 0
40081b1d:	7fafa2        	movi	a10, -129
40081b20:	1099a0        	and	a9, a9, a10
40081b23:	0020c0        	memw
40081b26:	0899      	s32i.n	a9, a8, 0
40081b28:	5188      	l32i.n	a8, a1, 20
40081b2a:	206680        	or	a6, a6, a8
40081b2d:	368c      	beqz.n	a6, 40081b34 <gpio_esp32_config+0x1c4>
40081b2f:	07ad      	mov.n	a10, a7
40081b31:	0316e5        	call8	40084ca0 <rtc_gpio_pulldown_dis>
40081b34:	02f417        	bbsi	a4, 17, 40081b3a <gpio_esp32_config+0x1ca>
40081b37:	005646        	j	40081c94 <gpio_esp32_config+0x324>
40081b3a:	0a2c      	movi.n	a10, 32
40081b3c:	10a3a0        	and	a10, a3, a10
40081b3f:	f87c      	movi.n	a8, -1
40081b41:	308380        	xor	a8, a3, a8
40081b44:	690c      	movi.n	a9, 6
40081b46:	401800        	ssl	a8
40081b49:	a19900        	sll	a9, a9
40081b4c:	fa7681        	l32r	a8, 40080524 <_init_end+0x124> (effffff <CONFIG_ESP_CLK_FREQ_HZ+0xb1e3ff>)
40081b4f:	400300        	ssr	a3
40081b52:	918080        	srl	a8, a8
40081b55:	208980        	or	a8, a9, a8
40081b58:	390c      	movi.n	a9, 3
40081b5a:	400300        	ssr	a3
40081b5d:	919090        	srl	a9, a9
40081b60:	9389a0        	movnez	a8, a9, a10
40081b63:	02e807        	bbsi	a8, 0, 40081b69 <gpio_esp32_config+0x1f9>
40081b66:	007506        	j	40081d3e <gpio_esp32_config+0x3ce>
40081b69:	00a682        	movi	a8, 0x600
40081b6c:	109480        	and	a9, a4, a8
40081b6f:	070487        	bnone	a4, a8, 40081b7a <gpio_esp32_config+0x20a>
40081b72:	391987        	beq	a9, a8, 40081baf <gpio_esp32_config+0x23f>
40081b75:	a26c      	movi.n	a2, -22
40081b77:	0072c6        	j	40081d46 <gpio_esp32_config+0x3d6>
40081b7a:	b59c      	beqz.n	a5, 40081b99 <gpio_esp32_config+0x229>
40081b7c:	fa7081        	l32r	a8, 4008053c <_init_end+0x13c> (3f400958 <GPIO_PIN_MUX_REG>)
40081b7f:	a08780        	addx4	a8, a7, a8
40081b82:	0898      	l32i.n	a9, a8, 0
40081b84:	0020c0        	memw
40081b87:	0988      	l32i.n	a8, a9, 0
40081b89:	fa6da1        	l32r	a10, 40080540 <_init_end+0x140> (c00 <CONFIG_ISR_STACK_SIZE+0x400>)
40081b8c:	2088a0        	or	a8, a8, a10
40081b8f:	0020c0        	memw
40081b92:	0989      	s32i.n	a8, a9, 0
40081b94:	0011c6        	j	40081bdf <gpio_esp32_config+0x26f>
40081b97:	00          	.byte	00
40081b98:	00          	.byte	00
40081b99:	fa6381        	l32r	a8, 40080528 <_init_end+0x128> (3ffb156c <rtc_io_num_map>)
40081b9c:	887a      	add.n	a8, a8, a7
40081b9e:	0008a2        	l8ui	a10, a8, 0
40081ba1:	3b0c      	movi.n	a11, 3
40081ba3:	23aa00        	sext	a10, a10, 7
40081ba6:	505ea5        	call8	400d2190 <rtcio_ll_set_drive_capability>
40081ba9:	000c86        	j	40081bdf <gpio_esp32_config+0x26f>
40081bac:	00          	.byte	00
40081bad:	00          	.byte	00
40081bae:	00          	.byte	00
40081baf:	a59c      	beqz.n	a5, 40081bcd <gpio_esp32_config+0x25d>
40081bb1:	fa6281        	l32r	a8, 4008053c <_init_end+0x13c> (3f400958 <GPIO_PIN_MUX_REG>)
40081bb4:	a08780        	addx4	a8, a7, a8
40081bb7:	0898      	l32i.n	a9, a8, 0
40081bb9:	0020c0        	memw
40081bbc:	0988      	l32i.n	a8, a9, 0
40081bbe:	fa61a1        	l32r	a10, 40080544 <_init_end+0x144> (fffff3ff <_rtc_force_slow_end+0xaffff3d7>)
40081bc1:	1088a0        	and	a8, a8, a10
40081bc4:	0020c0        	memw
40081bc7:	0989      	s32i.n	a8, a9, 0
40081bc9:	000486        	j	40081bdf <gpio_esp32_config+0x26f>
40081bcc:	00          	.byte	00
40081bcd:	fa5681        	l32r	a8, 40080528 <_init_end+0x128> (3ffb156c <rtc_io_num_map>)
40081bd0:	808870        	add	a8, a8, a7
40081bd3:	0008a2        	l8ui	a10, a8, 0
40081bd6:	00a0b2        	movi	a11, 0
40081bd9:	23aa00        	sext	a10, a10, 7
40081bdc:	505b25        	call8	400d2190 <rtcio_ll_set_drive_capability>
40081bdf:	1fa082        	movi	a8, 31
40081be2:	123877        	bltu	a8, a7, 40081bf8 <gpio_esp32_config+0x288>
40081be5:	180c      	movi.n	a8, 1
40081be7:	401700        	ssl	a7
40081bea:	a18800        	sll	a8, a8
40081bed:	fa5691        	l32r	a9, 40080548 <_init_end+0x148> (3ff44000 <GPIO>)
40081bf0:	0020c0        	memw
40081bf3:	9989      	s32i.n	a8, a9, 36
40081bf5:	000d06        	j	40081c2d <gpio_esp32_config+0x2bd>
40081bf8:	fa54a1        	l32r	a10, 40080548 <_init_end+0x148> (3ff44000 <GPIO>)
40081bfb:	0020c0        	memw
40081bfe:	ca88      	l32i.n	a8, a10, 48
40081c00:	0020c0        	memw
40081c03:	1189      	s32i.n	a8, a1, 4
40081c05:	190c      	movi.n	a9, 1
40081c07:	401700        	ssl	a7
40081c0a:	a19900        	sll	a9, a9
40081c0d:	0020c0        	memw
40081c10:	1188      	l32i.n	a8, a1, 4
40081c12:	749090        	extui	a9, a9, 0, 8
40081c15:	00afb2        	movi	a11, 0xffffff00
40081c18:	1088b0        	and	a8, a8, a11
40081c1b:	208890        	or	a8, a8, a9
40081c1e:	0020c0        	memw
40081c21:	1189      	s32i.n	a8, a1, 4
40081c23:	0020c0        	memw
40081c26:	1188      	l32i.n	a8, a1, 4
40081c28:	0020c0        	memw
40081c2b:	ca89      	s32i.n	a8, a10, 48
40081c2d:	0d0c      	movi.n	a13, 0
40081c2f:	0dcd      	mov.n	a12, a13
40081c31:	00a1b2        	movi	a11, 0x100
40081c34:	07ad      	mov.n	a10, a7
40081c36:	fa4581        	l32r	a8, 4008054c <_init_end+0x14c> (40009f0c <esp_rom_gpio_matrix_out>)
40081c39:	0008e0        	callx8	a8
40081c3c:	287437        	bbci	a4, 19, 40081c68 <gpio_esp32_config+0x2f8>
40081c3f:	1298      	l32i.n	a9, a2, 4
40081c41:	f81c      	movi.n	a8, 31
40081c43:	0f3877        	bltu	a8, a7, 40081c56 <gpio_esp32_config+0x2e6>
40081c46:	180c      	movi.n	a8, 1
40081c48:	401700        	ssl	a7
40081c4b:	a18800        	sll	a8, a8
40081c4e:	0020c0        	memw
40081c51:	2989      	s32i.n	a8, a9, 8
40081c53:	002386        	j	40081ce5 <gpio_esp32_config+0x375>
40081c56:	180c      	movi.n	a8, 1
40081c58:	401700        	ssl	a7
40081c5b:	a18800        	sll	a8, a8
40081c5e:	0020c0        	memw
40081c61:	5989      	s32i.n	a8, a9, 20
40081c63:	001f86        	j	40081ce5 <gpio_esp32_config+0x375>
40081c66:	00          	.byte	00
40081c67:	00          	.byte	00
40081c68:	797427        	bbci	a4, 18, 40081ce5 <gpio_esp32_config+0x375>
40081c6b:	1298      	l32i.n	a9, a2, 4
40081c6d:	f81c      	movi.n	a8, 31
40081c6f:	0f3877        	bltu	a8, a7, 40081c82 <gpio_esp32_config+0x312>
40081c72:	180c      	movi.n	a8, 1
40081c74:	401700        	ssl	a7
40081c77:	a18800        	sll	a8, a8
40081c7a:	0020c0        	memw
40081c7d:	3989      	s32i.n	a8, a9, 12
40081c7f:	001886        	j	40081ce5 <gpio_esp32_config+0x375>
40081c82:	180c      	movi.n	a8, 1
40081c84:	401700        	ssl	a7
40081c87:	a18800        	sll	a8, a8
40081c8a:	0020c0        	memw
40081c8d:	6989      	s32i.n	a8, a9, 24
40081c8f:	001486        	j	40081ce5 <gpio_esp32_config+0x375>
40081c92:	00          	.byte	00
40081c93:	00          	.byte	00
40081c94:	4de4c7        	bbsi	a4, 12, 40081ce5 <gpio_esp32_config+0x375>
40081c97:	f81c      	movi.n	a8, 31
40081c99:	133877        	bltu	a8, a7, 40081cb0 <gpio_esp32_config+0x340>
40081c9c:	180c      	movi.n	a8, 1
40081c9e:	401700        	ssl	a7
40081ca1:	a18800        	sll	a8, a8
40081ca4:	fa2991        	l32r	a9, 40080548 <_init_end+0x148> (3ff44000 <GPIO>)
40081ca7:	0020c0        	memw
40081caa:	a989      	s32i.n	a8, a9, 40
40081cac:	000d46        	j	40081ce5 <gpio_esp32_config+0x375>
40081caf:	00          	.byte	00
40081cb0:	fa26a1        	l32r	a10, 40080548 <_init_end+0x148> (3ff44000 <GPIO>)
40081cb3:	0020c0        	memw
40081cb6:	da88      	l32i.n	a8, a10, 52
40081cb8:	0020c0        	memw
40081cbb:	0189      	s32i.n	a8, a1, 0
40081cbd:	190c      	movi.n	a9, 1
40081cbf:	401700        	ssl	a7
40081cc2:	a19900        	sll	a9, a9
40081cc5:	0020c0        	memw
40081cc8:	0188      	l32i.n	a8, a1, 0
40081cca:	749090        	extui	a9, a9, 0, 8
40081ccd:	00afb2        	movi	a11, 0xffffff00
40081cd0:	1088b0        	and	a8, a8, a11
40081cd3:	208890        	or	a8, a8, a9
40081cd6:	0020c0        	memw
40081cd9:	0189      	s32i.n	a8, a1, 0
40081cdb:	0020c0        	memw
40081cde:	0188      	l32i.n	a8, a1, 0
40081ce0:	0020c0        	memw
40081ce3:	da89      	s32i.n	a8, a10, 52
40081ce5:	237407        	bbci	a4, 16, 40081d0c <gpio_esp32_config+0x39c>
40081ce8:	fa1181        	l32r	a8, 4008052c <_init_end+0x12c> (3ffb15b4 <GPIO_PIN_MUX_REG_OFFSET>)
40081ceb:	887a      	add.n	a8, a8, a7
40081ced:	000882        	l8ui	a8, a8, 0
40081cf0:	fa1091        	l32r	a9, 40080530 <_init_end+0x130> (3ff49000 <SENS+0x800>)
40081cf3:	889a      	add.n	a8, a8, a9
40081cf5:	0020c0        	memw
40081cf8:	0898      	l32i.n	a9, a8, 0
40081cfa:	00a2a2        	movi	a10, 0x200
40081cfd:	2099a0        	or	a9, a9, a10
40081d00:	0020c0        	memw
40081d03:	0899      	s32i.n	a9, a8, 0
40081d05:	020c      	movi.n	a2, 0
40081d07:	000ec6        	j	40081d46 <gpio_esp32_config+0x3d6>
40081d0a:	00          	.byte	00
40081d0b:	00          	.byte	00
40081d0c:	34e4d7        	bbsi	a4, 13, 40081d44 <gpio_esp32_config+0x3d4>
40081d0f:	fa0781        	l32r	a8, 4008052c <_init_end+0x12c> (3ffb15b4 <GPIO_PIN_MUX_REG_OFFSET>)
40081d12:	887a      	add.n	a8, a8, a7
40081d14:	000882        	l8ui	a8, a8, 0
40081d17:	fa0691        	l32r	a9, 40080530 <_init_end+0x130> (3ff49000 <SENS+0x800>)
40081d1a:	889a      	add.n	a8, a8, a9
40081d1c:	0020c0        	memw
40081d1f:	0898      	l32i.n	a9, a8, 0
40081d21:	ffada2        	movi	a10, 0xfffffdff
40081d24:	1099a0        	and	a9, a9, a10
40081d27:	0020c0        	memw
40081d2a:	0899      	s32i.n	a9, a8, 0
40081d2c:	020c      	movi.n	a2, 0
40081d2e:	000506        	j	40081d46 <gpio_esp32_config+0x3d6>
40081d31:	a26c      	movi.n	a2, -22
40081d33:	0003c6        	j	40081d46 <gpio_esp32_config+0x3d6>
40081d36:	00          	.byte	00
40081d37:	00          	.byte	00
40081d38:	7aaf22        	movi	a2, -134
40081d3b:	0001c6        	j	40081d46 <gpio_esp32_config+0x3d6>
40081d3e:	a26c      	movi.n	a2, -22
40081d40:	000086        	j	40081d46 <gpio_esp32_config+0x3d6>
40081d43:	00          	.byte	00
40081d44:	020c      	movi.n	a2, 0
40081d46:	4188      	l32i.n	a8, a1, 16
40081d48:	13e680        	wsr.ps	a8
40081d4b:	002010        	rsync
40081d4e:	000046        	j	40081d53 <gpio_esp32_config+0x3e3>
40081d51:	a26c      	movi.n	a2, -22
40081d53:	f01d      	retw.n
40081d55:	000000        	ill

40081d58 <esp_mspi_pin_init>:
40081d58:	004136        	entry	a1, 32
40081d5b:	f01d      	retw.n
40081d5d:	000000        	ill

40081d60 <spi_flash_init_chip_state>:
40081d60:	004136        	entry	a1, 32
40081d63:	020c      	movi.n	a2, 0
40081d65:	f01d      	retw.n
	...

40081d68 <esp_mspi_32bit_address_flash_feature_check>:
40081d68:	004136        	entry	a1, 32
40081d6b:	020c      	movi.n	a2, 0
40081d6d:	f01d      	retw.n
	...

40081d70 <shared_intr_isr>:
40081d70:	004136        	entry	a1, 32
40081d73:	1278      	l32i.n	a7, a2, 4
40081d75:	006360        	rsil	a6, 3
40081d78:	000786        	j	40081d9a <shared_intr_isr+0x2a>
40081d7b:	00          	.byte	00
40081d7c:	001782        	l16ui	a8, a7, 0
40081d7f:	15e807        	bbsi	a8, 0, 40081d98 <shared_intr_isr+0x28>
40081d82:	1788      	l32i.n	a8, a7, 4
40081d84:	988c      	beqz.n	a8, 40081d91 <shared_intr_isr+0x21>
40081d86:	0020c0        	memw
40081d89:	0898      	l32i.n	a9, a8, 0
40081d8b:	022782        	l32i	a8, a7, 8
40081d8e:	060987        	bnone	a9, a8, 40081d98 <shared_intr_isr+0x28>
40081d91:	3788      	l32i.n	a8, a7, 12
40081d93:	47a8      	l32i.n	a10, a7, 16
40081d95:	0008e0        	callx8	a8
40081d98:	5778      	l32i.n	a7, a7, 20
40081d9a:	fde756        	bnez	a7, 40081d7c <shared_intr_isr+0xc>
40081d9d:	13e660        	wsr.ps	a6
40081da0:	002010        	rsync
40081da3:	f01d      	retw.n
40081da5:	000000        	ill

40081da8 <_Level1Vector>:
40081da8:	b4c112        	addi	a1, a1, -76
40081dab:	a109      	s32i.n	a0, a1, 40
40081dad:	c129      	s32i.n	a2, a1, 48
40081daf:	d139      	s32i.n	a3, a1, 52
40081db1:	03ee00        	rsr.excvaddr	a0
40081db4:	3109      	s32i.n	a0, a1, 12
40081db6:	03e600        	rsr.ps	a0
40081db9:	026c      	movi.n	a2, -32
40081dbb:	100020        	and	a0, a0, a2
40081dbe:	8109      	s32i.n	a0, a1, 32
40081dc0:	03b100        	rsr.epc1	a0
40081dc3:	9109      	s32i.n	a0, a1, 36
40081dc5:	0001c6        	j	40081dd0 <_after_imms1>

40081dc8 <_handle_excint_imm1>:
40081dc8:	2008      	l32i.n	a0, a0, 8
40081dca:	4008      	l32i.n	a0, a0, 16

40081dcc <_c_handler_imm1>:
40081dcc:	23e8      	l32i.n	a14, a3, 8
40081dce:	4008      	l32i.n	a0, a0, 16

40081dd0 <_after_imms1>:
40081dd0:	ffff21        	l32r	a2, 40081dcc <_c_handler_imm1> (400823e8 <xtensa_excint1_c>)
40081dd3:	fffd01        	l32r	a0, 40081dc8 <_handle_excint_imm1> (40082008 <_handle_excint>)
40081dd6:	0000a0        	jx	a0
40081dd9:	000000        	ill

40081ddc <xtensa_exccause>:
40081ddc:	004136        	entry	a1, 32
40081ddf:	084c      	movi.n	a8, 64
40081de1:	02b827        	bgeu	a8, a2, 40081de7 <xtensa_exccause+0xb>
40081de4:	002706        	j	40081e84 <xtensa_exccause+0xa8>
40081de7:	f9f481        	l32r	a8, 400805b8 <_init_end+0x1b8> (3ffb0104 <timeout_list+0x8>)
40081dea:	a02280        	addx4	a2, a2, a8
40081ded:	0288      	l32i.n	a8, a2, 0
40081def:	0008a0        	jx	a8
40081df2:	f9d721        	l32r	a2, 40080550 <_init_end+0x150> (3ffb08ec <levels$0+0x6c8>)
40081df5:	002506        	j	40081e8d <xtensa_exccause+0xb1>
40081df8:	f9d821        	l32r	a2, 40080558 <_init_end+0x158> (3ffb0908 <levels$0+0x6e4>)
40081dfb:	002386        	j	40081e8d <xtensa_exccause+0xb1>
40081dfe:	f9d721        	l32r	a2, 4008055c <_init_end+0x15c> (3ffb091c <levels$0+0x6f8>)
40081e01:	002206        	j	40081e8d <xtensa_exccause+0xb1>
40081e04:	f9d721        	l32r	a2, 40080560 <_init_end+0x160> (3ffb0930 <levels$0+0x70c>)
40081e07:	002086        	j	40081e8d <xtensa_exccause+0xb1>
40081e0a:	f9d621        	l32r	a2, 40080564 <_init_end+0x164> (3ffb0944 <levels$0+0x720>)
40081e0d:	001f06        	j	40081e8d <xtensa_exccause+0xb1>
40081e10:	f9d621        	l32r	a2, 40080568 <_init_end+0x168> (3ffb094c <levels$0+0x728>)
40081e13:	001d86        	j	40081e8d <xtensa_exccause+0xb1>
40081e16:	f9d521        	l32r	a2, 4008056c <_init_end+0x16c> (3ffb095c <levels$0+0x738>)
40081e19:	001c06        	j	40081e8d <xtensa_exccause+0xb1>
40081e1c:	f9d521        	l32r	a2, 40080570 <_init_end+0x170> (3ffb0968 <levels$0+0x744>)
40081e1f:	001a86        	j	40081e8d <xtensa_exccause+0xb1>
40081e22:	f9d421        	l32r	a2, 40080574 <_init_end+0x174> (3ffb0980 <levels$0+0x75c>)
40081e25:	001906        	j	40081e8d <xtensa_exccause+0xb1>
40081e28:	f9d421        	l32r	a2, 40080578 <_init_end+0x178> (3ffb0998 <levels$0+0x774>)
40081e2b:	001786        	j	40081e8d <xtensa_exccause+0xb1>
40081e2e:	f9d321        	l32r	a2, 4008057c <_init_end+0x17c> (3ffb09b4 <levels$0+0x790>)
40081e31:	001606        	j	40081e8d <xtensa_exccause+0xb1>
40081e34:	f9d321        	l32r	a2, 40080580 <_init_end+0x180> (3ffb09cc <levels$0+0x7a8>)
40081e37:	001486        	j	40081e8d <xtensa_exccause+0xb1>
40081e3a:	f9d221        	l32r	a2, 40080584 <_init_end+0x184> (3ffb09e8 <levels$0+0x7c4>)
40081e3d:	001306        	j	40081e8d <xtensa_exccause+0xb1>
40081e40:	f9d221        	l32r	a2, 40080588 <_init_end+0x188> (3ffb09f8 <levels$0+0x7d4>)
40081e43:	001186        	j	40081e8d <xtensa_exccause+0xb1>
40081e46:	f9d121        	l32r	a2, 4008058c <_init_end+0x18c> (3ffb0a0c <levels$0+0x7e8>)
40081e49:	001006        	j	40081e8d <xtensa_exccause+0xb1>
40081e4c:	f9d121        	l32r	a2, 40080590 <_init_end+0x190> (3ffb0a24 <levels$0+0x800>)
40081e4f:	000e86        	j	40081e8d <xtensa_exccause+0xb1>
40081e52:	f9d021        	l32r	a2, 40080594 <_init_end+0x194> (3ffb0a3c <levels$0+0x818>)
40081e55:	000d06        	j	40081e8d <xtensa_exccause+0xb1>
40081e58:	f9d021        	l32r	a2, 40080598 <_init_end+0x198> (3ffb0a50 <levels$0+0x82c>)
40081e5b:	000b86        	j	40081e8d <xtensa_exccause+0xb1>
40081e5e:	f9cf21        	l32r	a2, 4008059c <_init_end+0x19c> (3ffb0a6c <levels$0+0x848>)
40081e61:	000a06        	j	40081e8d <xtensa_exccause+0xb1>
40081e64:	f9cf21        	l32r	a2, 400805a0 <_init_end+0x1a0> (3ffb0a84 <levels$0+0x860>)
40081e67:	000886        	j	40081e8d <xtensa_exccause+0xb1>
40081e6a:	f9ce21        	l32r	a2, 400805a4 <_init_end+0x1a4> (3ffb0a94 <levels$0+0x870>)
40081e6d:	000706        	j	40081e8d <xtensa_exccause+0xb1>
40081e70:	f9ce21        	l32r	a2, 400805a8 <_init_end+0x1a8> (3ffb0aa8 <levels$0+0x884>)
40081e73:	000586        	j	40081e8d <xtensa_exccause+0xb1>
40081e76:	00          	.byte	00
40081e77:	00          	.byte	00
40081e78:	f9cd21        	l32r	a2, 400805ac <_init_end+0x1ac> (3ffb0ac0 <levels$0+0x89c>)
40081e7b:	000386        	j	40081e8d <xtensa_exccause+0xb1>
40081e7e:	f9cc21        	l32r	a2, 400805b0 <_init_end+0x1b0> (3ffb0ad4 <levels$0+0x8b0>)
40081e81:	000206        	j	40081e8d <xtensa_exccause+0xb1>
40081e84:	f9cc21        	l32r	a2, 400805b4 <_init_end+0x1b4> (3ffb0ae0 <levels$0+0x8bc>)
40081e87:	000086        	j	40081e8d <xtensa_exccause+0xb1>
40081e8a:	f9b221        	l32r	a2, 40080554 <_init_end+0x154> (3ffb0900 <levels$0+0x6dc>)
40081e8d:	f01d      	retw.n
	...

40081e90 <xtensa_fatal_error>:
40081e90:	004136        	entry	a1, 32
40081e93:	016316        	beqz	a3, 40081ead <xtensa_fatal_error+0x1d>
40081e96:	006370        	rsil	a7, 3
40081e99:	20a330        	or	a10, a3, a3
40081e9c:	0040e5        	call8	400822ac <xtensa_dump_stack>
40081e9f:	03bd      	mov.n	a11, a3
40081ea1:	64a0a2        	movi	a10, 100
40081ea4:	006a65        	call8	4008254c <xtensa_backtrace_print>
40081ea7:	13e670        	wsr.ps	a7
40081eaa:	002010        	rsync
40081ead:	03bd      	mov.n	a11, a3
40081eaf:	02ad      	mov.n	a10, a2
40081eb1:	007ee5        	call8	400826a0 <z_fatal_error>
40081eb4:	f01d      	retw.n
	...

40081eb8 <xtensa_spill_reg_windows>:
40081eb8:	10ccc0        	and	a12, a12, a12
40081ebb:	408030        	rotw	3
40081ebe:	10ccc0        	and	a12, a12, a12
40081ec1:	408030        	rotw	3
40081ec4:	10ccc0        	and	a12, a12, a12
40081ec7:	408030        	rotw	3
40081eca:	10ccc0        	and	a12, a12, a12
40081ecd:	408030        	rotw	3
40081ed0:	10ccc0        	and	a12, a12, a12
40081ed3:	408040        	rotw	4
40081ed6:	f00d      	ret.n

40081ed8 <xtensa_save_high_regs>:
40081ed8:	034920        	rsr.windowstart	a2
40081edb:	113200        	slli	a3, a2, 16
40081ede:	202230        	or	a2, a2, a3
40081ee1:	034830        	rsr.windowbase	a3
40081ee4:	400300        	ssr	a3
40081ee7:	912020        	srl	a2, a2
40081eea:	013d      	mov.n	a3, a1
40081eec:	28e217        	bbsi	a2, 1, 40081f18 <_high_gpr_spill_done>
40081eef:	f0c112        	addi	a1, a1, -16
40081ef2:	0149      	s32i.n	a4, a1, 0
40081ef4:	1159      	s32i.n	a5, a1, 4
40081ef6:	2169      	s32i.n	a6, a1, 8
40081ef8:	3179      	s32i.n	a7, a1, 12
40081efa:	1ae227        	bbsi	a2, 2, 40081f18 <_high_gpr_spill_done>
40081efd:	f0c112        	addi	a1, a1, -16
40081f00:	0189      	s32i.n	a8, a1, 0
40081f02:	1199      	s32i.n	a9, a1, 4
40081f04:	21a9      	s32i.n	a10, a1, 8
40081f06:	31b9      	s32i.n	a11, a1, 12
40081f08:	0ce237        	bbsi	a2, 3, 40081f18 <_high_gpr_spill_done>
40081f0b:	f0c112        	addi	a1, a1, -16
40081f0e:	01c9      	s32i.n	a12, a1, 0
40081f10:	11d9      	s32i.n	a13, a1, 4
40081f12:	0261e2        	s32i	a14, a1, 8
40081f15:	0361f2        	s32i	a15, a1, 12

40081f18 <_high_gpr_spill_done>:
40081f18:	fcc112        	addi	a1, a1, -4
40081f1b:	0139      	s32i.n	a3, a1, 0
40081f1d:	f00d      	ret.n
	...

40081f20 <xtensa_restore_high_regs>:
40081f20:	0128      	l32i.n	a2, a1, 0
40081f22:	114b      	addi.n	a1, a1, 4
40081f24:	023d      	mov.n	a3, a2
40081f26:	261127        	beq	a1, a2, 40081f50 <_high_restore_done>
40081f29:	f0c222        	addi	a2, a2, -16
40081f2c:	0248      	l32i.n	a4, a2, 0
40081f2e:	1258      	l32i.n	a5, a2, 4
40081f30:	2268      	l32i.n	a6, a2, 8
40081f32:	3278      	l32i.n	a7, a2, 12
40081f34:	181127        	beq	a1, a2, 40081f50 <_high_restore_done>
40081f37:	f0c222        	addi	a2, a2, -16
40081f3a:	0288      	l32i.n	a8, a2, 0
40081f3c:	1298      	l32i.n	a9, a2, 4
40081f3e:	22a8      	l32i.n	a10, a2, 8
40081f40:	32b8      	l32i.n	a11, a2, 12
40081f42:	0a1127        	beq	a1, a2, 40081f50 <_high_restore_done>
40081f45:	f0c222        	addi	a2, a2, -16
40081f48:	02c8      	l32i.n	a12, a2, 0
40081f4a:	12d8      	l32i.n	a13, a2, 4
40081f4c:	22e8      	l32i.n	a14, a2, 8
40081f4e:	32f8      	l32i.n	a15, a2, 12

40081f50 <_high_restore_done>:
40081f50:	031d      	mov.n	a1, a3
40081f52:	f00d      	ret.n
	...

40081f55 <_restore_context>:
40081f55:	fffc85        	call0	40081f20 <xtensa_restore_high_regs>
40081f58:	9108      	l32i.n	a0, a1, 36
40081f5a:	13b500        	wsr.epc5	a0
40081f5d:	8108      	l32i.n	a0, a1, 32
40081f5f:	13c500        	wsr.eps5	a0
40081f62:	7108      	l32i.n	a0, a1, 28
40081f64:	130300        	wsr.sar	a0
40081f67:	6108      	l32i.n	a0, a1, 24
40081f69:	130000        	wsr.lbeg	a0
40081f6c:	5108      	l32i.n	a0, a1, 20
40081f6e:	130100        	wsr.lend	a0
40081f71:	4108      	l32i.n	a0, a1, 16
40081f73:	130200        	wsr.lcount	a0
40081f76:	2108      	l32i.n	a0, a1, 8
40081f78:	13e800        	wsr.exccause	a0
40081f7b:	1108      	l32i.n	a0, a1, 4
40081f7d:	130c00        	wsr.scompare1	a0
40081f80:	002010        	rsync
40081f83:	a108      	l32i.n	a0, a1, 40
40081f85:	c128      	l32i.n	a2, a1, 48
40081f87:	d138      	l32i.n	a3, a1, 52
40081f89:	4cc112        	addi	a1, a1, 76
40081f8c:	003510        	rfi	5
	...

40081f90 <xtensa_arch_except>:
40081f90:	002136        	entry	a1, 16

40081f93 <xtensa_arch_except_epc>:
40081f93:	000000        	ill
40081f96:	f01d      	retw.n

40081f98 <xtensa_arch_kernel_oops>:
40081f98:	002136        	entry	a1, 16

40081f9b <xtensa_arch_kernel_oops_epc>:
40081f9b:	000000        	ill
40081f9e:	f01d      	retw.n

40081fa0 <xtensa_switch>:
40081fa0:	002136        	entry	a1, 16
40081fa3:	10ccc0        	and	a12, a12, a12
40081fa6:	408030        	rotw	3
40081fa9:	10ccc0        	and	a12, a12, a12
40081fac:	408030        	rotw	3
40081faf:	10ccc0        	and	a12, a12, a12
40081fb2:	408030        	rotw	3
40081fb5:	10ccc0        	and	a12, a12, a12
40081fb8:	408030        	rotw	3
40081fbb:	10ccc0        	and	a12, a12, a12
40081fbe:	408040        	rotw	4
40081fc1:	b4c112        	addi	a1, a1, -76
40081fc4:	a109      	s32i.n	a0, a1, 40
40081fc6:	c129      	s32i.n	a2, a1, 48
40081fc8:	d139      	s32i.n	a3, a1, 52
40081fca:	030300        	rsr.sar	a0
40081fcd:	7109      	s32i.n	a0, a1, 28
40081fcf:	030000        	rsr.lbeg	a0
40081fd2:	6109      	s32i.n	a0, a1, 24
40081fd4:	030100        	rsr.lend	a0
40081fd7:	5109      	s32i.n	a0, a1, 20
40081fd9:	000c      	movi.n	a0, 0
40081fdb:	610200        	xsr.lcount	a0
40081fde:	4109      	s32i.n	a0, a1, 16
40081fe0:	03e800        	rsr.exccause	a0
40081fe3:	2109      	s32i.n	a0, a1, 8
40081fe5:	030c00        	rsr.scompare1	a0
40081fe8:	1109      	s32i.n	a0, a1, 4
40081fea:	03e600        	rsr.ps	a0
40081fed:	8109      	s32i.n	a0, a1, 32
40081fef:	f97301        	l32r	a0, 400805bc <_init_end+0x1bc> (40082003 <_switch_restore_pc>)
40081ff2:	096102        	s32i	a0, a1, 36
40081ff5:	ffee05        	call0	40081ed8 <xtensa_save_high_regs>
40081ff8:	0128      	l32i.n	a2, a1, 0
40081ffa:	d238      	l32i.n	a3, a2, 52
40081ffc:	0319      	s32i.n	a1, a3, 0
40081ffe:	c218      	l32i.n	a1, a2, 48
40082000:	ffd446        	j	40081f55 <_restore_context>

40082003 <_switch_restore_pc>:
40082003:	f01d      	retw.n
40082005:	000000        	ill

40082008 <_handle_excint>:
40082008:	b129      	s32i.n	a2, a1, 44
4008200a:	030300        	rsr.sar	a0
4008200d:	7109      	s32i.n	a0, a1, 28
4008200f:	030000        	rsr.lbeg	a0
40082012:	6109      	s32i.n	a0, a1, 24
40082014:	030100        	rsr.lend	a0
40082017:	5109      	s32i.n	a0, a1, 20
40082019:	000c      	movi.n	a0, 0
4008201b:	610200        	xsr.lcount	a0
4008201e:	4109      	s32i.n	a0, a1, 16
40082020:	03e800        	rsr.exccause	a0
40082023:	2109      	s32i.n	a0, a1, 8
40082025:	030c00        	rsr.scompare1	a0
40082028:	1109      	s32i.n	a0, a1, 4
4008202a:	ffeac5        	call0	40081ed8 <xtensa_save_high_regs>
4008202d:	0128      	l32i.n	a2, a1, 0
4008202f:	b228      	l32i.n	a2, a2, 44
40082031:	006f00        	rsil	a0, 15
40082034:	2faf32        	movi	a3, -209
40082037:	100030        	and	a0, a0, a3
4008203a:	f30c      	movi.n	a3, 15
4008203c:	103030        	and	a3, a0, a3
4008203f:	005356        	bnez	a3, 40082048 <_not_l1>
40082042:	01a032        	movi	a3, 1
40082045:	200030        	or	a0, a0, a3

40082048 <_not_l1>:
40082048:	13c500        	wsr.eps5	a0
4008204b:	f30c      	movi.n	a3, 15
4008204d:	200030        	or	a0, a0, a3
40082050:	13e600        	wsr.ps	a0
40082053:	002010        	rsync
40082056:	03f530        	rsr.misc1	a3
40082059:	0308      	l32i.n	a0, a3, 0
4008205b:	708c      	beqz.n	a0, 40082066 <_switch_stacks_4>
4008205d:	001b      	addi.n	a0, a0, 1
4008205f:	0309      	s32i.n	a0, a3, 0
40082061:	013d      	mov.n	a3, a1
40082063:	000206        	j	4008206f <_do_call_4>

40082066 <_switch_stacks_4>:
40082066:	01c002        	addi	a0, a0, 1
40082069:	006302        	s32i	a0, a3, 0
4008206c:	012332        	l32i	a3, a3, 4

4008206f <_do_call_4>:
4008206f:	13b510        	wsr.epc5	a1
40082072:	002010        	rsync
40082075:	0118      	l32i.n	a1, a1, 0
40082077:	a108      	l32i.n	a0, a1, 40
40082079:	4cc112        	addi	a1, a1, 76
4008207c:	036d      	mov.n	a6, a3
4008207e:	03b530        	rsr.epc5	a3
40082081:	03ad      	mov.n	a10, a3
40082083:	02bd      	mov.n	a11, a2
40082085:	000095        	call4	40082090 <_xstack_call0_6>
40082088:	031d      	mov.n	a1, a3
4008208a:	062d      	mov.n	a2, a6
4008208c:	000486        	j	400820a2 <_xstack_returned_6>
	...

40082090 <_xstack_call0_6>:
40082090:	002136        	entry	a1, 16
40082093:	021d      	mov.n	a1, a2
40082095:	03c520        	rsr.eps5	a2
40082098:	13e620        	wsr.ps	a2
4008209b:	0007d0        	callx4	a7
4008209e:	062d      	mov.n	a2, a6
400820a0:	f01d      	retw.n

400820a2 <_xstack_returned_6>:
400820a2:	006600        	rsil	a0, 6
400820a5:	03f530        	rsr.misc1	a3
400820a8:	0308      	l32i.n	a0, a3, 0
400820aa:	000b      	addi.n	a0, a0, -1
400820ac:	0309      	s32i.n	a0, a3, 0
400820ae:	261617        	beq	a6, a1, 400820d8 <_restore_4>
400820b1:	0118      	l32i.n	a1, a1, 0
400820b3:	a108      	l32i.n	a0, a1, 40
400820b5:	4cc112        	addi	a1, a1, 76
400820b8:	10ccc0        	and	a12, a12, a12
400820bb:	408030        	rotw	3
400820be:	10ccc0        	and	a12, a12, a12
400820c1:	408030        	rotw	3
400820c4:	10ccc0        	and	a12, a12, a12
400820c7:	408030        	rotw	3
400820ca:	10ccc0        	and	a12, a12, a12
400820cd:	408030        	rotw	3
400820d0:	10ccc0        	and	a12, a12, a12
400820d3:	408040        	rotw	4
400820d6:	061d      	mov.n	a1, a6

400820d8 <_restore_4>:
400820d8:	ff9e46        	j	40081f55 <_restore_context>
	...

400820dc <z_irq_spurious>:
400820dc:	004136        	entry	a1, 32
400820df:	03e280        	rsr.interrupt	a8
400820e2:	03e480        	rsr.intenable	a8
400820e5:	0b0c      	movi.n	a11, 0
400820e7:	1a0c      	movi.n	a10, 1
400820e9:	ffda65        	call8	40081e90 <xtensa_fatal_error>
400820ec:	f01d      	retw.n
	...

400820f0 <init_stack>:
400820f0:	004136        	entry	a1, 32
400820f3:	f87c      	movi.n	a8, -1
400820f5:	246282        	s32i	a8, a2, 144
400820f8:	a0c322        	addi	a2, a3, -96
400820fb:	60a0c2        	movi	a12, 96
400820fe:	0b0c      	movi.n	a11, 0
40082100:	02ad      	mov.n	a10, a2
40082102:	f93181        	l32r	a8, 400805c8 <_init_end+0x1c8> (4000c44c <memset>)
40082105:	0008e0        	callx8	a8
40082108:	f92e81        	l32r	a8, 400805c0 <_init_end+0x1c0> (50020 <procpu_iram0_len+0x18020>)
4008210b:	116282        	s32i	a8, a2, 68
4008210e:	f92d81        	l32r	a8, 400805c4 <_init_end+0x1c4> (400d0568 <z_thread_entry>)
40082111:	126282        	s32i	a8, a2, 72
40082114:	8259      	s32i.n	a5, a2, 32
40082116:	7249      	s32i.n	a4, a2, 28
40082118:	2279      	s32i.n	a7, a2, 8
4008211a:	1269      	s32i.n	a6, a2, 4
4008211c:	c4c332        	addi	a3, a3, -60
4008211f:	0239      	s32i.n	a3, a2, 0
40082121:	f01d      	retw.n
	...

40082124 <arch_new_thread>:
40082124:	004136        	entry	a1, 32
40082127:	20e770        	or	a14, a7, a7
4008212a:	20b440        	or	a11, a4, a4
4008212d:	20c550        	or	a12, a5, a5
40082130:	06dd      	mov.n	a13, a6
40082132:	81f8      	l32i.n	a15, a1, 32
40082134:	02ad      	mov.n	a10, a2
40082136:	fffba5        	call8	400820f0 <init_stack>
40082139:	2262a2        	s32i	a10, a2, 136
4008213c:	f01d      	retw.n
	...

40082140 <xtensa_handle_irq_lvl>:
40082140:	004136        	entry	a1, 32
40082143:	03e290        	rsr.interrupt	a9
40082146:	03e480        	rsr.intenable	a8
40082149:	109980        	and	a9, a9, a8
4008214c:	820b      	addi.n	a8, a2, -1
4008214e:	f91fa1        	l32r	a10, 400805cc <_init_end+0x1cc> (3ffb0208 <xtensa_lvl_mask>)
40082151:	a088a0        	addx4	a8, a8, a10
40082154:	0868      	l32i.n	a6, a8, 0
40082156:	106690        	and	a6, a6, a9
40082159:	000a46        	j	40082186 <xtensa_handle_irq_lvl+0x46>
4008215c:	608060        	neg	a8, a6
4008215f:	108860        	and	a8, a8, a6
40082162:	40f880        	nsau	a8, a8
40082165:	e1c872        	addi	a7, a8, -31
40082168:	607070        	neg	a7, a7
4008216b:	f91981        	l32r	a8, 400805d0 <_init_end+0x1d0> (3ffb1d04 <_sw_isr_table>)
4008216e:	b08780        	addx8	a8, a7, a8
40082171:	1898      	l32i.n	a9, a8, 4
40082173:	08a8      	l32i.n	a10, a8, 0
40082175:	0009e0        	callx8	a9
40082178:	180c      	movi.n	a8, 1
4008217a:	401700        	ssl	a7
4008217d:	a18800        	sll	a8, a8
40082180:	13e380        	wsr.intclear	a8
40082183:	306680        	xor	a6, a6, a8
40082186:	fd2656        	bnez	a6, 4008215c <xtensa_handle_irq_lvl+0x1c>
40082189:	f01d      	retw.n
	...

4008218c <xtensa_int1_c>:
4008218c:	004136        	entry	a1, 32
4008218f:	01a0a2        	movi	a10, 1
40082192:	fffae5        	call8	40082140 <xtensa_handle_irq_lvl>
40082195:	f90f81        	l32r	a8, 400805d4 <_init_end+0x1d4> (3ffb3188 <_kernel>)
40082198:	002882        	l32i	a8, a8, 0
4008219b:	0728f6        	bgeui	a8, 2, 400821a6 <xtensa_int1_c+0x1a>
4008219e:	20a220        	or	a10, a2, a2
400821a1:	00ce25        	call8	40082e84 <z_get_next_switch_handle>
400821a4:	0a2d      	mov.n	a2, a10
400821a6:	f01d      	retw.n

400821a8 <xtensa_is_outside_stack_bounds>:
400821a8:	004136        	entry	a1, 32
400821ab:	f90a81        	l32r	a8, 400805d4 <_init_end+0x1d4> (3ffb3188 <_kernel>)
400821ae:	28a8      	l32i.n	a10, a8, 8
400821b0:	03f580        	rsr.misc1	a8
400821b3:	0898      	l32i.n	a9, a8, 0
400821b5:	180c      	movi.n	a8, 1
400821b7:	0129f6        	bgeui	a9, 2, 400821bc <xtensa_is_outside_stack_bounds+0x14>
400821ba:	080c      	movi.n	a8, 0
400821bc:	749080        	extui	a9, a8, 0, 8
400821bf:	40fa80        	nsau	a8, a10
400821c2:	418580        	srli	a8, a8, 5
400821c5:	208890        	or	a8, a8, a9
400821c8:	888c      	beqz.n	a8, 400821d4 <xtensa_is_outside_stack_bounds+0x2c>
400821ca:	f90391        	l32r	a9, 400805d8 <_init_end+0x1d8> (3ffe8000 <z_interrupt_stacks>)
400821cd:	08d982        	addmi	a8, a9, 0x800
400821d0:	000346        	j	400821e1 <xtensa_is_outside_stack_bounds+0x39>
400821d3:	00          	.byte	00
400821d4:	1e2a92        	l32i	a9, a10, 120
400821d7:	1f2a82        	l32i	a8, a10, 124
400821da:	889a      	add.n	a8, a8, a9
400821dc:	0a7c      	movi.n	a10, -16
400821de:	1088a0        	and	a8, a8, a10
400821e1:	09b927        	bgeu	a9, a2, 400821ee <xtensa_is_outside_stack_bounds+0x46>
400821e4:	223a      	add.n	a2, a2, a3
400821e6:	0a3287        	bltu	a2, a8, 400821f4 <xtensa_is_outside_stack_bounds+0x4c>
400821e9:	120c      	movi.n	a2, 1
400821eb:	0001c6        	j	400821f6 <xtensa_is_outside_stack_bounds+0x4e>
400821ee:	120c      	movi.n	a2, 1
400821f0:	000086        	j	400821f6 <xtensa_is_outside_stack_bounds+0x4e>
400821f3:	00          	.byte	00
400821f4:	020c      	movi.n	a2, 0
400821f6:	f01d      	retw.n

400821f8 <print_fatal_exception>:
400821f8:	006136        	entry	a1, 48
400821fb:	0278      	l32i.n	a7, a2, 0
400821fd:	738c      	beqz.n	a3, 40082208 <print_fatal_exception+0x10>
400821ff:	f8f7a1        	l32r	a10, 400805dc <_init_end+0x1dc> (3ffb0af4 <levels$0+0x8d0>)
40082202:	017ba5        	call8	400839bc <printk>
40082205:	000146        	j	4008220e <print_fatal_exception+0x16>
40082208:	f8f6a1        	l32r	a10, 400805e0 <_init_end+0x1e0> (3ffb0b14 <levels$0+0x8f0>)
4008220b:	017b25        	call8	400839bc <printk>
4008220e:	03f580        	rsr.misc1	a8
40082211:	100852        	l8ui	a5, a8, 16
40082214:	2768      	l32i.n	a6, a7, 8
40082216:	06ad      	mov.n	a10, a6
40082218:	ffbc25        	call8	40081ddc <xtensa_exccause>
4008221b:	0add      	mov.n	a13, a10
4008221d:	06cd      	mov.n	a12, a6
4008221f:	05bd      	mov.n	a11, a5
40082221:	f8f0a1        	l32r	a10, 400805e4 <_init_end+0x1e4> (3ffb0b2c <levels$0+0x908>)
40082224:	017965        	call8	400839bc <printk>
40082227:	fc7c      	movi.n	a12, -1
40082229:	cb4c      	movi.n	a11, 76
4008222b:	07ad      	mov.n	a10, a7
4008222d:	fff7a5        	call8	400821a8 <xtensa_is_outside_stack_bounds>
40082230:	da8c      	beqz.n	a10, 40082241 <print_fatal_exception+0x49>
40082232:	02cd      	mov.n	a12, a2
40082234:	37b8      	l32i.n	a11, a7, 12
40082236:	f8eca1        	l32r	a10, 400805e8 <_init_end+0x1e8> (3ffb0b4c <levels$0+0x928>)
40082239:	017825        	call8	400839bc <printk>
4008223c:	001086        	j	40082282 <print_fatal_exception+0x8a>
4008223f:	00          	.byte	00
40082240:	00          	.byte	00
40082241:	082762        	l32i	a6, a7, 32
40082244:	0327c2        	l32i	a12, a7, 12
40082247:	97b8      	l32i.n	a11, a7, 36
40082249:	f8e8a1        	l32r	a10, 400805ec <_init_end+0x1ec> (3ffb0b68 <levels$0+0x944>)
4008224c:	0176e5        	call8	400839bc <printk>
4008224f:	638c      	beqz.n	a3, 40082259 <print_fatal_exception+0x61>
40082251:	04bd      	mov.n	a11, a4
40082253:	f8e7a1        	l32r	a10, 400805f0 <_init_end+0x1f0> (3ffb0b80 <levels$0+0x95c>)
40082256:	017665        	call8	400839bc <printk>
40082259:	0827b2        	l32i	a11, a7, 32
4008225c:	f8e6a1        	l32r	a10, 400805f4 <_init_end+0x1f4> (3ffb0b90 <levels$0+0x96c>)
4008225f:	0175e5        	call8	400839bc <printk>
40082262:	348860        	extui	a8, a6, 8, 4
40082265:	159060        	extui	a9, a6, 16, 2
40082268:	016192        	s32i	a9, a1, 4
4008226b:	0189      	s32i.n	a8, a1, 0
4008226d:	05f260        	extui	a15, a6, 18, 1
40082270:	14e660        	extui	a14, a6, 6, 2
40082273:	04d560        	extui	a13, a6, 5, 1
40082276:	04c460        	extui	a12, a6, 4, 1
40082279:	34b060        	extui	a11, a6, 0, 4
4008227c:	f8dfa1        	l32r	a10, 400805f8 <_init_end+0x1f8> (3ffb0b9c <levels$0+0x978>)
4008227f:	0173e5        	call8	400839bc <printk>
40082282:	f01d      	retw.n

40082284 <xtensa_is_frame_pointer_valid>:
40082284:	004136        	entry	a1, 32
40082287:	207220        	or	a7, a2, a2
4008228a:	ffafc2        	movi	a12, -1
4008228d:	4b3c      	movi.n	a11, 52
4008228f:	02ad      	mov.n	a10, a2
40082291:	fff165        	call8	400821a8 <xtensa_is_outside_stack_bounds>
40082294:	0a2d      	mov.n	a2, a10
40082296:	eacc      	bnez.n	a10, 400822a8 <xtensa_is_frame_pointer_valid+0x24>
40082298:	fc7c      	movi.n	a12, -1
4008229a:	cb4c      	movi.n	a11, 76
4008229c:	07a8      	l32i.n	a10, a7, 0
4008229e:	fff0a5        	call8	400821a8 <xtensa_is_outside_stack_bounds>
400822a1:	5acc      	bnez.n	a10, 400822aa <xtensa_is_frame_pointer_valid+0x26>
400822a3:	120c      	movi.n	a2, 1
400822a5:	000046        	j	400822aa <xtensa_is_frame_pointer_valid+0x26>
400822a8:	020c      	movi.n	a2, 0
400822aa:	f01d      	retw.n

400822ac <xtensa_dump_stack>:
400822ac:	004136        	entry	a1, 32
400822af:	02ad      	mov.n	a10, a2
400822b1:	fffd25        	call8	40082284 <xtensa_is_frame_pointer_valid>
400822b4:	084a16        	beqz	a10, 4008233c <xtensa_dump_stack+0x90>
400822b7:	0278      	l32i.n	a7, a2, 0
400822b9:	624b      	addi.n	a6, a2, 4
400822bb:	c06760        	sub	a6, a7, a6
400822be:	415260        	srli	a5, a6, 2
400822c1:	416460        	srli	a6, a6, 4
400822c4:	d7e8      	l32i.n	a14, a7, 52
400822c6:	c7d8      	l32i.n	a13, a7, 48
400822c8:	4cc7c2        	addi	a12, a7, 76
400822cb:	a7b8      	l32i.n	a11, a7, 40
400822cd:	f8cba1        	l32r	a10, 400805fc <_init_end+0x1fc> (3ffb0be4 <levels$0+0x9c0>)
400822d0:	016ea5        	call8	400839bc <printk>
400822d3:	1545a6        	blti	a5, 4, 400822ec <xtensa_dump_stack+0x40>
400822d6:	660b      	addi.n	a6, a6, -1
400822d8:	1186c0        	slli	a8, a6, 4
400822db:	828a      	add.n	a8, a2, a8
400822dd:	48e8      	l32i.n	a14, a8, 16
400822df:	38d8      	l32i.n	a13, a8, 12
400822e1:	28c8      	l32i.n	a12, a8, 8
400822e3:	0128b2        	l32i	a11, a8, 4
400822e6:	f8c6a1        	l32r	a10, 40080600 <_init_end+0x200> (3ffb0c08 <levels$0+0x9e4>)
400822e9:	016d25        	call8	400839bc <printk>
400822ec:	2e16a6        	blti	a6, 1, 4008231e <xtensa_dump_stack+0x72>
400822ef:	660b      	addi.n	a6, a6, -1
400822f1:	1186c0        	slli	a8, a6, 4
400822f4:	828a      	add.n	a8, a2, a8
400822f6:	48e8      	l32i.n	a14, a8, 16
400822f8:	38d8      	l32i.n	a13, a8, 12
400822fa:	28c8      	l32i.n	a12, a8, 8
400822fc:	18b8      	l32i.n	a11, a8, 4
400822fe:	f8c1a1        	l32r	a10, 40080604 <_init_end+0x204> (3ffb0c2c <levels$0+0xa08>)
40082301:	016ba5        	call8	400839bc <printk>
40082304:	1616a6        	blti	a6, 1, 4008231e <xtensa_dump_stack+0x72>
40082307:	660b      	addi.n	a6, a6, -1
40082309:	1166c0        	slli	a6, a6, 4
4008230c:	226a      	add.n	a2, a2, a6
4008230e:	42e8      	l32i.n	a14, a2, 16
40082310:	32d8      	l32i.n	a13, a2, 12
40082312:	0222c2        	l32i	a12, a2, 8
40082315:	0122b2        	l32i	a11, a2, 4
40082318:	f8bca1        	l32r	a10, 40080608 <_init_end+0x208> (3ffb0c50 <levels$0+0xa2c>)
4008231b:	016a25        	call8	400839bc <printk>
4008231e:	0427d2        	l32i	a13, a7, 16
40082321:	57c8      	l32i.n	a12, a7, 20
40082323:	0627b2        	l32i	a11, a7, 24
40082326:	f8b9a1        	l32r	a10, 4008060c <_init_end+0x20c> (3ffb0c74 <levels$0+0xa50>)
40082329:	016925        	call8	400839bc <printk>
4008232c:	77b8      	l32i.n	a11, a7, 28
4008232e:	f8b8a1        	l32r	a10, 40080610 <_init_end+0x210> (3ffb0c94 <levels$0+0xa70>)
40082331:	0168a5        	call8	400839bc <printk>
40082334:	07b8      	l32i.n	a11, a7, 0
40082336:	f8b7a1        	l32r	a10, 40080614 <_init_end+0x214> (3ffb0ca0 <levels$0+0xa7c>)
40082339:	016825        	call8	400839bc <printk>
4008233c:	f01d      	retw.n
	...

40082340 <xtensa_int2_c>:
40082340:	004136        	entry	a1, 32
40082343:	02a0a2        	movi	a10, 2
40082346:	ffdfa5        	call8	40082140 <xtensa_handle_irq_lvl>
40082349:	f8a281        	l32r	a8, 400805d4 <_init_end+0x1d4> (3ffb3188 <_kernel>)
4008234c:	002882        	l32i	a8, a8, 0
4008234f:	0728f6        	bgeui	a8, 2, 4008235a <xtensa_int2_c+0x1a>
40082352:	20a220        	or	a10, a2, a2
40082355:	00b2e5        	call8	40082e84 <z_get_next_switch_handle>
40082358:	0a2d      	mov.n	a2, a10
4008235a:	f01d      	retw.n

4008235c <xtensa_int3_c>:
4008235c:	004136        	entry	a1, 32
4008235f:	03a0a2        	movi	a10, 3
40082362:	ffdde5        	call8	40082140 <xtensa_handle_irq_lvl>
40082365:	f89b81        	l32r	a8, 400805d4 <_init_end+0x1d4> (3ffb3188 <_kernel>)
40082368:	002882        	l32i	a8, a8, 0
4008236b:	0728f6        	bgeui	a8, 2, 40082376 <xtensa_int3_c+0x1a>
4008236e:	20a220        	or	a10, a2, a2
40082371:	00b125        	call8	40082e84 <z_get_next_switch_handle>
40082374:	0a2d      	mov.n	a2, a10
40082376:	f01d      	retw.n

40082378 <xtensa_int4_c>:
40082378:	004136        	entry	a1, 32
4008237b:	04a0a2        	movi	a10, 4
4008237e:	ffdc25        	call8	40082140 <xtensa_handle_irq_lvl>
40082381:	f89481        	l32r	a8, 400805d4 <_init_end+0x1d4> (3ffb3188 <_kernel>)
40082384:	002882        	l32i	a8, a8, 0
40082387:	0728f6        	bgeui	a8, 2, 40082392 <xtensa_int4_c+0x1a>
4008238a:	20a220        	or	a10, a2, a2
4008238d:	00af65        	call8	40082e84 <z_get_next_switch_handle>
40082390:	0a2d      	mov.n	a2, a10
40082392:	f01d      	retw.n

40082394 <xtensa_int5_c>:
40082394:	004136        	entry	a1, 32
40082397:	05a0a2        	movi	a10, 5
4008239a:	ffda65        	call8	40082140 <xtensa_handle_irq_lvl>
4008239d:	f88d81        	l32r	a8, 400805d4 <_init_end+0x1d4> (3ffb3188 <_kernel>)
400823a0:	002882        	l32i	a8, a8, 0
400823a3:	0728f6        	bgeui	a8, 2, 400823ae <xtensa_int5_c+0x1a>
400823a6:	20a220        	or	a10, a2, a2
400823a9:	00ada5        	call8	40082e84 <z_get_next_switch_handle>
400823ac:	0a2d      	mov.n	a2, a10
400823ae:	f01d      	retw.n

400823b0 <xtensa_int6_c>:
400823b0:	004136        	entry	a1, 32
400823b3:	06a0a2        	movi	a10, 6
400823b6:	ffd8a5        	call8	40082140 <xtensa_handle_irq_lvl>
400823b9:	f88681        	l32r	a8, 400805d4 <_init_end+0x1d4> (3ffb3188 <_kernel>)
400823bc:	002882        	l32i	a8, a8, 0
400823bf:	0728f6        	bgeui	a8, 2, 400823ca <xtensa_int6_c+0x1a>
400823c2:	20a220        	or	a10, a2, a2
400823c5:	00abe5        	call8	40082e84 <z_get_next_switch_handle>
400823c8:	0a2d      	mov.n	a2, a10
400823ca:	f01d      	retw.n

400823cc <xtensa_int7_c>:
400823cc:	004136        	entry	a1, 32
400823cf:	07a0a2        	movi	a10, 7
400823d2:	ffd6e5        	call8	40082140 <xtensa_handle_irq_lvl>
400823d5:	f87f81        	l32r	a8, 400805d4 <_init_end+0x1d4> (3ffb3188 <_kernel>)
400823d8:	002882        	l32i	a8, a8, 0
400823db:	0728f6        	bgeui	a8, 2, 400823e6 <xtensa_int7_c+0x1a>
400823de:	20a220        	or	a10, a2, a2
400823e1:	00aa25        	call8	40082e84 <z_get_next_switch_handle>
400823e4:	0a2d      	mov.n	a2, a10
400823e6:	f01d      	retw.n

400823e8 <xtensa_excint1_c>:
400823e8:	004136        	entry	a1, 32
400823eb:	0278      	l32i.n	a7, a2, 0
400823ed:	2768      	l32i.n	a6, a7, 8
400823ef:	065d      	mov.n	a5, a6
400823f1:	0c1626        	beqi	a6, 1, 40082401 <xtensa_excint1_c+0x19>
400823f4:	234666        	bnei	a6, 4, 4008241b <xtensa_excint1_c+0x33>
400823f7:	02ad      	mov.n	a10, a2
400823f9:	ffd925        	call8	4008218c <xtensa_int1_c>
400823fc:	0a2d      	mov.n	a2, a10
400823fe:	002186        	j	40082488 <xtensa_excint1_c+0xa0>
40082401:	0927c2        	l32i	a12, a7, 36
40082404:	0827b2        	l32i	a11, a7, 32
40082407:	f884a1        	l32r	a10, 40080618 <_init_end+0x218> (3ffb0cb4 <levels$0+0xa90>)
4008240a:	015b25        	call8	400839bc <printk>
4008240d:	02ad      	mov.n	a10, a2
4008240f:	ffe9e5        	call8	400822ac <xtensa_dump_stack>
40082412:	9788      	l32i.n	a8, a7, 36
40082414:	883b      	addi.n	a8, a8, 3
40082416:	9789      	s32i.n	a8, a7, 36
40082418:	001746        	j	40082479 <xtensa_excint1_c+0x91>
4008241b:	fc7c      	movi.n	a12, -1
4008241d:	cb4c      	movi.n	a11, 76
4008241f:	07ad      	mov.n	a10, a7
40082421:	ffd865        	call8	400821a8 <xtensa_is_outside_stack_bounds>
40082424:	eaec      	bnez.n	a10, 40082456 <xtensa_excint1_c+0x6e>
40082426:	9788      	l32i.n	a8, a7, 36
40082428:	06fc      	bnez.n	a6, 4008245c <xtensa_excint1_c+0x74>
4008242a:	f87c91        	l32r	a9, 4008061c <_init_end+0x21c> (40081f93 <xtensa_arch_except_epc>)
4008242d:	0f9897        	bne	a8, a9, 40082440 <xtensa_excint1_c+0x58>
40082430:	c758      	l32i.n	a5, a7, 48
40082432:	f83c      	movi.n	a8, 63
40082434:	2789      	s32i.n	a8, a7, 8
40082436:	243566        	bnei	a5, 3, 4008245e <xtensa_excint1_c+0x76>
40082439:	02bd      	mov.n	a11, a2
4008243b:	000ac6        	j	4008246a <xtensa_excint1_c+0x82>
4008243e:	00          	.byte	00
4008243f:	00          	.byte	00
40082440:	f87891        	l32r	a9, 40080620 <_init_end+0x220> (40081f9b <xtensa_arch_kernel_oops_epc>)
40082443:	0a9897        	bne	a8, a9, 40082451 <xtensa_excint1_c+0x69>
40082446:	d7b8      	l32i.n	a11, a7, 52
40082448:	084c      	movi.n	a8, 64
4008244a:	2789      	s32i.n	a8, a7, 8
4008244c:	350c      	movi.n	a5, 3
4008244e:	000606        	j	4008246a <xtensa_excint1_c+0x82>
40082451:	2769      	s32i.n	a6, a7, 8
40082453:	0001c6        	j	4008245e <xtensa_excint1_c+0x76>
40082456:	050c      	movi.n	a5, 0
40082458:	000086        	j	4008245e <xtensa_excint1_c+0x76>
4008245b:	00          	.byte	00
4008245c:	050c      	movi.n	a5, 0
4008245e:	00a0c2        	movi	a12, 0
40082461:	0cbd      	mov.n	a11, a12
40082463:	02ad      	mov.n	a10, a2
40082465:	ffd925        	call8	400821f8 <print_fatal_exception>
40082468:	02bd      	mov.n	a11, a2
4008246a:	05ad      	mov.n	a10, a5
4008246c:	ffa225        	call8	40081e90 <xtensa_fatal_error>
4008246f:	006380        	rsil	a8, 3
40082472:	f85881        	l32r	a8, 400805d4 <_init_end+0x1d4> (3ffb3188 <_kernel>)
40082475:	190c      	movi.n	a9, 1
40082477:	0899      	s32i.n	a9, a8, 0
40082479:	f85681        	l32r	a8, 400805d4 <_init_end+0x1d4> (3ffb3188 <_kernel>)
4008247c:	0888      	l32i.n	a8, a8, 0
4008247e:	0628f6        	bgeui	a8, 2, 40082488 <xtensa_excint1_c+0xa0>
40082481:	02ad      	mov.n	a10, a2
40082483:	00a025        	call8	40082e84 <z_get_next_switch_handle>
40082486:	0a2d      	mov.n	a2, a10
40082488:	f01d      	retw.n
	...

4008248c <z_prep_c>:
4008248c:	004136        	entry	a1, 32
4008248f:	f85181        	l32r	a8, 400805d4 <_init_end+0x1d4> (3ffb3188 <_kernel>)
40082492:	090c      	movi.n	a9, 0
40082494:	0899      	s32i.n	a9, a8, 0
40082496:	13f580        	wsr.misc1	a8
40082499:	0042a5        	call8	400828c4 <z_cstart>

4008249c <xtensa_cpu_process_stack_pc>:
4008249c:	004136        	entry	a1, 32
4008249f:	0262d6        	bgez	a2, 400824c9 <xtensa_cpu_process_stack_pc+0x2d>
400824a2:	f86081        	l32r	a8, 40080624 <_init_end+0x224> (3ffb3144 <cause>)
400824a5:	0898      	l32i.n	a9, a8, 0
400824a7:	481c      	movi.n	a8, 20
400824a9:	101987        	beq	a9, a8, 400824bd <xtensa_cpu_process_stack_pc+0x21>
400824ac:	1122e0        	slli	a2, a2, 2
400824af:	412220        	srli	a2, a2, 2
400824b2:	f85d81        	l32r	a8, 40080628 <_init_end+0x228> (3ffb3148 <mask>)
400824b5:	0888      	l32i.n	a8, a8, 0
400824b7:	202280        	or	a2, a2, a8
400824ba:	0002c6        	j	400824c9 <xtensa_cpu_process_stack_pc+0x2d>
400824bd:	1122e0        	slli	a2, a2, 2
400824c0:	412220        	srli	a2, a2, 2
400824c3:	f85a81        	l32r	a8, 4008062c <_init_end+0x22c> (40000000 <__dram_noinit_end+0x16c00>)
400824c6:	202280        	or	a2, a2, a8
400824c9:	fdc222        	addi	a2, a2, -3
400824cc:	f01d      	retw.n
	...

400824d0 <xtensa_stack_ptr_is_sane>:
400824d0:	004136        	entry	a1, 32
400824d3:	f85781        	l32r	a8, 40080630 <_init_end+0x230> (c0051ff0 <_rtc_force_slow_end+0x70051fc8>)
400824d6:	828a      	add.n	a8, a2, a8
400824d8:	f85791        	l32r	a9, 40080634 <_init_end+0x234> (51fe0 <procpu_iram0_len+0x19fe0>)
400824db:	193987        	bltu	a9, a8, 400824f8 <xtensa_stack_ptr_is_sane+0x28>
400824de:	348020        	extui	a8, a2, 0, 4
400824e1:	88dc      	bnez.n	a8, 400824fd <xtensa_stack_ptr_is_sane+0x2d>
400824e3:	fc7c      	movi.n	a12, -1
400824e5:	0b0c      	movi.n	a11, 0
400824e7:	02ad      	mov.n	a10, a2
400824e9:	ffcbe5        	call8	400821a8 <xtensa_is_outside_stack_bounds>
400824ec:	180c      	movi.n	a8, 1
400824ee:	302a80        	xor	a2, a10, a8
400824f1:	742020        	extui	a2, a2, 0, 8
400824f4:	0001c6        	j	400824ff <xtensa_stack_ptr_is_sane+0x2f>
400824f7:	00          	.byte	00
400824f8:	020c      	movi.n	a2, 0
400824fa:	000046        	j	400824ff <xtensa_stack_ptr_is_sane+0x2f>
400824fd:	020c      	movi.n	a2, 0
400824ff:	f01d      	retw.n
40082501:	000000        	ill

40082504 <xtensa_backtrace_get_next_frame>:
40082504:	004136        	entry	a1, 32
40082507:	fc7c      	movi.n	a12, -1
40082509:	0b0c      	movi.n	a11, 0
4008250b:	0122a2        	l32i	a10, a2, 4
4008250e:	ffc9a5        	call8	400821a8 <xtensa_is_outside_stack_bounds>
40082511:	3afc      	bnez.n	a10, 40082548 <xtensa_backtrace_get_next_frame+0x44>
40082513:	1288      	l32i.n	a8, a2, 4
40082515:	2298      	l32i.n	a9, a2, 8
40082517:	0299      	s32i.n	a9, a2, 0
40082519:	f0c892        	addi	a9, a8, -16
4008251c:	0998      	l32i.n	a9, a9, 0
4008251e:	2299      	s32i.n	a9, a2, 8
40082520:	f4c882        	addi	a8, a8, -12
40082523:	0028a2        	l32i	a10, a8, 0
40082526:	0162a2        	s32i	a10, a2, 4
40082529:	fffa65        	call8	400824d0 <xtensa_stack_ptr_is_sane>
4008252c:	da8c      	beqz.n	a10, 4008253d <xtensa_backtrace_get_next_frame+0x39>
4008252e:	02a8      	l32i.n	a10, a2, 0
40082530:	fff6a5        	call8	4008249c <xtensa_cpu_process_stack_pc>
40082533:	05b5e5        	call8	40088090 <esp_ptr_executable>
40082536:	8a8c      	beqz.n	a10, 40082542 <xtensa_backtrace_get_next_frame+0x3e>
40082538:	120c      	movi.n	a2, 1
4008253a:	000306        	j	4008254a <xtensa_backtrace_get_next_frame+0x46>
4008253d:	020c      	movi.n	a2, 0
4008253f:	0001c6        	j	4008254a <xtensa_backtrace_get_next_frame+0x46>
40082542:	020c      	movi.n	a2, 0
40082544:	000086        	j	4008254a <xtensa_backtrace_get_next_frame+0x46>
40082547:	00          	.byte	00
40082548:	020c      	movi.n	a2, 0
4008254a:	f01d      	retw.n

4008254c <xtensa_backtrace_print>:
4008254c:	006136        	entry	a1, 48
4008254f:	0212e6        	bgei	a2, 1, 40082555 <xtensa_backtrace_print+0x9>
40082552:	003486        	j	40082628 <xtensa_backtrace_print+0xdc>
40082555:	20a330        	or	a10, a3, a3
40082558:	ffd2a5        	call8	40082284 <xtensa_is_frame_pointer_valid>
4008255b:	205aa0        	or	a5, a10, a10
4008255e:	0cba16        	beqz	a10, 4008262d <xtensa_backtrace_print+0xe1>
40082561:	0388      	l32i.n	a8, a3, 0
40082563:	2888      	l32i.n	a8, a8, 8
40082565:	f82f71        	l32r	a7, 40080624 <_init_end+0x224> (3ffb3144 <cause>)
40082568:	0789      	s32i.n	a8, a7, 0
4008256a:	03dd      	mov.n	a13, a3
4008256c:	c18b      	addi.n	a12, a1, 8
4008256e:	b14b      	addi.n	a11, a1, 4
40082570:	01ad      	mov.n	a10, a1
40082572:	ff1ce5        	call8	40081740 <xtensa_backtrace_get_start>
40082575:	0798      	l32i.n	a9, a7, 0
40082577:	481c      	movi.n	a8, 20
40082579:	0c1987        	beq	a9, a8, 40082589 <xtensa_backtrace_print+0x3d>
4008257c:	0188      	l32i.n	a8, a1, 0
4008257e:	158e80        	extui	a8, a8, 30, 2
40082581:	018820        	slli	a8, a8, 30
40082584:	f82991        	l32r	a9, 40080628 <_init_end+0x228> (3ffb3148 <mask>)
40082587:	0989      	s32i.n	a8, a9, 0
40082589:	f82ba1        	l32r	a10, 40080638 <_init_end+0x238> (3ffb0cd0 <levels$0+0xaac>)
4008258c:	0142e5        	call8	400839bc <printk>
4008258f:	0021a2        	l32i	a10, a1, 0
40082592:	fff0a5        	call8	4008249c <xtensa_cpu_process_stack_pc>
40082595:	0121c2        	l32i	a12, a1, 4
40082598:	20baa0        	or	a11, a10, a10
4008259b:	f828a1        	l32r	a10, 4008063c <_init_end+0x23c> (3ffb0ce0 <levels$0+0xabc>)
4008259e:	0141e5        	call8	400839bc <printk>
400825a1:	11a8      	l32i.n	a10, a1, 4
400825a3:	fff2e5        	call8	400824d0 <xtensa_stack_ptr_is_sane>
400825a6:	7a9c      	beqz.n	a10, 400825c1 <xtensa_backtrace_print+0x75>
400825a8:	01a8      	l32i.n	a10, a1, 0
400825aa:	ffef25        	call8	4008249c <xtensa_cpu_process_stack_pc>
400825ad:	05ae25        	call8	40088090 <esp_ptr_executable>
400825b0:	2adc      	bnez.n	a10, 400825c6 <xtensa_backtrace_print+0x7a>
400825b2:	f81c81        	l32r	a8, 40080624 <_init_end+0x224> (3ffb3144 <cause>)
400825b5:	0898      	l32i.n	a9, a8, 0
400825b7:	481c      	movi.n	a8, 20
400825b9:	0f9987        	bne	a9, a8, 400825cc <xtensa_backtrace_print+0x80>
400825bc:	060c      	movi.n	a6, 0
400825be:	000b46        	j	400825ef <xtensa_backtrace_print+0xa3>
400825c1:	160c      	movi.n	a6, 1
400825c3:	000a06        	j	400825ef <xtensa_backtrace_print+0xa3>
400825c6:	060c      	movi.n	a6, 0
400825c8:	0008c6        	j	400825ef <xtensa_backtrace_print+0xa3>
400825cb:	00          	.byte	00
400825cc:	160c      	movi.n	a6, 1
400825ce:	000746        	j	400825ef <xtensa_backtrace_print+0xa3>
400825d1:	20a110        	or	a10, a1, a1
400825d4:	fff2e5        	call8	40082504 <xtensa_backtrace_get_next_frame>
400825d7:	002a56        	bnez	a10, 400825dd <xtensa_backtrace_print+0x91>
400825da:	206550        	or	a6, a5, a5
400825dd:	0021a2        	l32i	a10, a1, 0
400825e0:	ffeba5        	call8	4008249c <xtensa_cpu_process_stack_pc>
400825e3:	0abd      	mov.n	a11, a10
400825e5:	11c8      	l32i.n	a12, a1, 4
400825e7:	f815a1        	l32r	a10, 4008063c <_init_end+0x23c> (3ffb0ce0 <levels$0+0xabc>)
400825ea:	013d25        	call8	400839bc <printk>
400825ed:	072d      	mov.n	a2, a7
400825ef:	720b      	addi.n	a7, a2, -1
400825f1:	0712a6        	blti	a2, 1, 400825fc <xtensa_backtrace_print+0xb0>
400825f4:	2188      	l32i.n	a8, a1, 8
400825f6:	002816        	beqz	a8, 400825fc <xtensa_backtrace_print+0xb0>
400825f9:	fd4616        	beqz	a6, 400825d1 <xtensa_backtrace_print+0x85>
400825fc:	968c      	beqz.n	a6, 40082609 <xtensa_backtrace_print+0xbd>
400825fe:	f810a1        	l32r	a10, 40080640 <_init_end+0x240> (3ffb0cf0 <levels$0+0xacc>)
40082601:	013ba5        	call8	400839bc <printk>
40082604:	f27c      	movi.n	a2, -1
40082606:	000546        	j	4008261f <xtensa_backtrace_print+0xd3>
40082609:	022182        	l32i	a8, a1, 8
4008260c:	00d816        	beqz	a8, 4008261d <xtensa_backtrace_print+0xd1>
4008260f:	f80da1        	l32r	a10, 40080644 <_init_end+0x244> (3ffb0d00 <levels$0+0xadc>)
40082612:	013aa5        	call8	400839bc <printk>
40082615:	00a022        	movi	a2, 0
40082618:	0000c6        	j	4008261f <xtensa_backtrace_print+0xd3>
4008261b:	00          	.byte	00
4008261c:	00          	.byte	00
4008261d:	020c      	movi.n	a2, 0
4008261f:	f80aa1        	l32r	a10, 40080648 <_init_end+0x248> (3ffb0d10 <levels$0+0xaec>)
40082622:	0139a5        	call8	400839bc <printk>
40082625:	000186        	j	4008262f <xtensa_backtrace_print+0xe3>
40082628:	f27c      	movi.n	a2, -1
4008262a:	000046        	j	4008262f <xtensa_backtrace_print+0xe3>
4008262d:	f27c      	movi.n	a2, -1
4008262f:	f01d      	retw.n
40082631:	000000        	ill

40082634 <arch_cpu_idle>:
40082634:	004136        	entry	a1, 32
40082637:	007000        	waiti	0
4008263a:	f01d      	retw.n

4008263c <arch_coprocessors_disable>:
4008263c:	004136        	entry	a1, 32
4008263f:	7aaf22        	movi	a2, -134
40082642:	f01d      	retw.n

40082644 <z_isr_install>:
40082644:	004136        	entry	a1, 32
40082647:	02ad      	mov.n	a10, a2
40082649:	000465        	call8	40082690 <z_get_sw_isr_table_idx>
4008264c:	f7e181        	l32r	a8, 400805d0 <_init_end+0x1d0> (3ffb1d04 <_sw_isr_table>)
4008264f:	b0aa80        	addx8	a10, a10, a8
40082652:	0a49      	s32i.n	a4, a10, 0
40082654:	1a39      	s32i.n	a3, a10, 4
40082656:	f01d      	retw.n

40082658 <arch_irq_connect_dynamic>:
40082658:	004136        	entry	a1, 32
4008265b:	04bd      	mov.n	a11, a4
4008265d:	05cd      	mov.n	a12, a5
4008265f:	02ad      	mov.n	a10, a2
40082661:	fffe25        	call8	40082644 <z_isr_install>
40082664:	f01d      	retw.n
	...

40082668 <arch_early_memset>:
40082668:	004136        	entry	a1, 32
4008266b:	02ad      	mov.n	a10, a2
4008266d:	03bd      	mov.n	a11, a3
4008266f:	20c440        	or	a12, a4, a4
40082672:	f7d581        	l32r	a8, 400805c8 <_init_end+0x1c8> (4000c44c <memset>)
40082675:	0008e0        	callx8	a8
40082678:	f01d      	retw.n
	...

4008267c <arch_bss_zero>:
4008267c:	004136        	entry	a1, 32
4008267f:	f7f4a1        	l32r	a10, 40080650 <_init_end+0x250> (3ffb1e20 <kheap__system_heap>)
40082682:	f7f2c1        	l32r	a12, 4008064c <_init_end+0x24c> (3ffb31c0 <__bss_end>)
40082685:	c0cca0        	sub	a12, a12, a10
40082688:	0b0c      	movi.n	a11, 0
4008268a:	fffde5        	call8	40082668 <arch_early_memset>
4008268d:	f01d      	retw.n
	...

40082690 <z_get_sw_isr_table_idx>:
40082690:	004136        	entry	a1, 32
40082693:	f01d      	retw.n
40082695:	000000        	ill

40082698 <k_sys_fatal_error_handler>:
40082698:	004136        	entry	a1, 32
4008269b:	02ad      	mov.n	a10, a2
4008269d:	010f65        	call8	40083794 <arch_system_halt>

400826a0 <z_fatal_error>:
400826a0:	004136        	entry	a1, 32
400826a3:	20a220        	or	a10, a2, a2
400826a6:	20b330        	or	a11, a3, a3
400826a9:	006320        	rsil	a2, 3
400826ac:	f7ca81        	l32r	a8, 400805d4 <_init_end+0x1d4> (3ffb3188 <_kernel>)
400826af:	2838      	l32i.n	a3, a8, 8
400826b1:	fffe65        	call8	40082698 <k_sys_fatal_error_handler>
400826b4:	13e620        	wsr.ps	a2
400826b7:	002010        	rsync
400826ba:	20a330        	or	a10, a3, a3
400826bd:	00b665        	call8	40083224 <z_impl_k_thread_abort>
400826c0:	f01d      	retw.n
	...

400826c4 <init_idle_thread>:
400826c4:	006136        	entry	a1, 48
400826c7:	b0a220        	addx8	a10, a2, a2
400826ca:	806aa0        	add	a6, a10, a10
400826cd:	90aa20        	addx2	a10, a10, a2
400826d0:	f7e151        	l32r	a5, 40080654 <_init_end+0x254> (3ffb2e68 <z_idle_threads>)
400826d3:	b07a50        	addx8	a7, a10, a5
400826d6:	118260        	slli	a8, a2, 10
400826d9:	a0e220        	addx4	a14, a2, a2
400826dc:	f7e191        	l32r	a9, 40080660 <_init_end+0x260> (3ffb0d28 <levels$0+0xb04>)
400826df:	036192        	s32i	a9, a1, 12
400826e2:	01a092        	movi	a9, 1
400826e5:	2199      	s32i.n	a9, a1, 8
400826e7:	f90c      	movi.n	a9, 15
400826e9:	1199      	s32i.n	a9, a1, 4
400826eb:	0f0c      	movi.n	a15, 0
400826ed:	01f9      	s32i.n	a15, a1, 0
400826ef:	f7b991        	l32r	a9, 400805d4 <_init_end+0x1d4> (3ffb3188 <_kernel>)
400826f2:	a0ee90        	addx4	a14, a14, a9
400826f5:	f7d9d1        	l32r	a13, 4008065c <_init_end+0x25c> (400828e8 <idle>)
400826f8:	00a4c2        	movi	a12, 0x400
400826fb:	f7d7b1        	l32r	a11, 40080658 <_init_end+0x258> (3ffe8800 <z_idle_stacks>)
400826fe:	bb8a      	add.n	a11, a11, a8
40082700:	07ad      	mov.n	a10, a7
40082702:	001f25        	call8	400828f4 <z_setup_new_thread>
40082705:	100792        	l8ui	a9, a7, 16
40082708:	862a      	add.n	a8, a6, a2
4008270a:	b08850        	addx8	a8, a8, a5
4008270d:	ba7c      	movi.n	a10, -5
4008270f:	1099a0        	and	a9, a9, a10
40082712:	104892        	s8i	a9, a8, 16
40082715:	f01d      	retw.n
	...

40082718 <z_sys_init_run_level>:
40082718:	004136        	entry	a1, 32
4008271b:	f7d281        	l32r	a8, 40080664 <_init_end+0x264> (3ffb0224 <levels$0>)
4008271e:	a08280        	addx4	a8, a2, a8
40082721:	0878      	l32i.n	a7, a8, 0
40082723:	000646        	j	40082740 <z_sys_init_run_level+0x28>
40082726:	17a8      	l32i.n	a10, a7, 4
40082728:	da8c      	beqz.n	a10, 40082739 <z_sys_init_run_level+0x21>
4008272a:	180a82        	l8ui	a8, a10, 24
4008272d:	0de807        	bbsi	a8, 0, 4008273e <z_sys_init_run_level+0x26>
40082730:	010025        	call8	40083734 <do_device_init>
40082733:	0001c6        	j	4008273e <z_sys_init_run_level+0x26>
40082736:	00          	.byte	00
40082737:	00          	.byte	00
40082738:	00          	.byte	00
40082739:	07a8      	l32i.n	a10, a7, 0
4008273b:	000ae0        	callx8	a10
4008273e:	778b      	addi.n	a7, a7, 8
40082740:	821b      	addi.n	a8, a2, 1
40082742:	f7c891        	l32r	a9, 40080664 <_init_end+0x264> (3ffb0224 <levels$0>)
40082745:	a08890        	addx4	a8, a8, a9
40082748:	0888      	l32i.n	a8, a8, 0
4008274a:	d83787        	bltu	a7, a8, 40082726 <z_sys_init_run_level+0xe>
4008274d:	f01d      	retw.n
	...

40082750 <thread_schedule_new>:
40082750:	004136        	entry	a1, 32
40082753:	20a220        	or	a10, a2, a2
40082756:	20c440        	or	a12, a4, a4
40082759:	20d550        	or	a13, a5, a5
4008275c:	208540        	or	a8, a5, a4
4008275f:	58cc      	bnez.n	a8, 40082768 <thread_schedule_new+0x18>
40082761:	009365        	call8	40083098 <z_impl_k_wakeup>
40082764:	000246        	j	40082771 <thread_schedule_new+0x21>
40082767:	00          	.byte	00
40082768:	f7c0b1        	l32r	a11, 40080668 <_init_end+0x268> (40082dd0 <z_thread_timeout>)
4008276b:	18c2a2        	addi	a10, a2, 24
4008276e:	00c865        	call8	400833f4 <z_add_timeout>
40082771:	f01d      	retw.n
	...

40082774 <z_init_static_threads>:
40082774:	006136        	entry	a1, 48
40082777:	f7bd71        	l32r	a7, 4008066c <_init_end+0x26c> (3f400dac <gpio_esp32_driver_api>)
4008277a:	000a46        	j	400827a7 <z_init_static_threads+0x33>
4008277d:	00          	.byte	00
4008277e:	092782        	l32i	a8, a7, 36
40082781:	036182        	s32i	a8, a1, 12
40082784:	8788      	l32i.n	a8, a7, 32
40082786:	2189      	s32i.n	a8, a1, 8
40082788:	7788      	l32i.n	a8, a7, 28
4008278a:	1189      	s32i.n	a8, a1, 4
4008278c:	6788      	l32i.n	a8, a7, 24
4008278e:	0189      	s32i.n	a8, a1, 0
40082790:	57f8      	l32i.n	a15, a7, 20
40082792:	47e8      	l32i.n	a14, a7, 16
40082794:	37d8      	l32i.n	a13, a7, 12
40082796:	27c8      	l32i.n	a12, a7, 8
40082798:	17b8      	l32i.n	a11, a7, 4
4008279a:	0027a2        	l32i	a10, a7, 0
4008279d:	001565        	call8	400828f4 <z_setup_new_thread>
400827a0:	0788      	l32i.n	a8, a7, 0
400827a2:	d879      	s32i.n	a7, a8, 52
400827a4:	30c772        	addi	a7, a7, 48
400827a7:	f7b181        	l32r	a8, 4008066c <_init_end+0x26c> (3f400dac <gpio_esp32_driver_api>)
400827aa:	d03787        	bltu	a7, a8, 4008277e <z_init_static_threads+0xa>
400827ad:	006565        	call8	40082e04 <k_sched_lock>
400827b0:	f7af71        	l32r	a7, 4008066c <_init_end+0x26c> (3f400dac <gpio_esp32_driver_api>)
400827b3:	0004c6        	j	400827ca <z_init_static_threads+0x56>
400827b6:	a7c8      	l32i.n	a12, a7, 40
400827b8:	0b27d2        	l32i	a13, a7, 44
400827bb:	020c66        	bnei	a12, -1, 400827c1 <z_init_static_threads+0x4d>
400827be:	050d26        	beqi	a13, -1, 400827c7 <z_init_static_threads+0x53>
400827c1:	0027a2        	l32i	a10, a7, 0
400827c4:	fff8a5        	call8	40082750 <thread_schedule_new>
400827c7:	30c772        	addi	a7, a7, 48
400827ca:	f7a881        	l32r	a8, 4008066c <_init_end+0x26c> (3f400dac <gpio_esp32_driver_api>)
400827cd:	e53787        	bltu	a7, a8, 400827b6 <z_init_static_threads+0x42>
400827d0:	0065a5        	call8	40082e2c <k_sched_unlock>
400827d3:	000090        	retw
	...

400827d8 <bg_thread_main>:
400827d8:	004136        	entry	a1, 32
400827db:	f7a581        	l32r	a8, 40080670 <_init_end+0x270> (3ffb31ba <z_sys_post_kernel>)
400827de:	190c      	movi.n	a9, 1
400827e0:	004892        	s8i	a9, a8, 0
400827e3:	3a0c      	movi.n	a10, 3
400827e5:	fff325        	call8	40082718 <z_sys_init_run_level>
400827e8:	00ed65        	call8	400836c0 <boot_banner>
400827eb:	4a0c      	movi.n	a10, 4
400827ed:	fff2a5        	call8	40082718 <z_sys_init_run_level>
400827f0:	fff825        	call8	40082774 <z_init_static_threads>
400827f3:	4dace5        	call8	400d02c0 <main>
400827f6:	f79f91        	l32r	a9, 40080674 <_init_end+0x274> (3ffb2f00 <z_main_thread>)
400827f9:	061982        	l16ui	a8, a9, 12
400827fc:	e48180        	extui	a8, a8, 1, 15
400827ff:	888a      	add.n	a8, a8, a8
40082801:	065982        	s16i	a8, a9, 12
40082804:	f01d      	retw.n
	...

40082808 <z_swap_unlocked>:
40082808:	004136        	entry	a1, 32
4008280b:	006370        	rsil	a7, 3
4008280e:	f77181        	l32r	a8, 400805d4 <_init_end+0x1d4> (3ffb3188 <_kernel>)
40082811:	022852        	l32i	a5, a8, 8
40082814:	f5af92        	movi	a9, -11
40082817:	216592        	s32i	a9, a5, 132
4008281a:	5868      	l32i.n	a6, a8, 20
4008281c:	121567        	beq	a5, a6, 40082832 <z_swap_unlocked+0x2a>
4008281f:	026862        	s32i	a6, a8, 8
40082822:	06ad      	mov.n	a10, a6
40082824:	00a725        	call8	40083298 <z_reset_time_slice>
40082827:	88a0b2        	movi	a11, 136
4008282a:	b5ba      	add.n	a11, a5, a11
4008282c:	2226a2        	l32i	a10, a6, 136
4008282f:	ff7725        	call8	40081fa0 <xtensa_switch>
40082832:	13e670        	wsr.ps	a7
40082835:	002010        	rsync
40082838:	f01d      	retw.n
	...

4008283c <switch_to_main_thread>:
4008283c:	004136        	entry	a1, 32
4008283f:	fffca5        	call8	40082808 <z_swap_unlocked>
	...

40082844 <z_init_cpu>:
40082844:	004136        	entry	a1, 32
40082847:	02ad      	mov.n	a10, a2
40082849:	ffe7a5        	call8	400826c4 <init_idle_thread>
4008284c:	b08220        	addx8	a8, a2, a2
4008284f:	908820        	addx2	a8, a8, a2
40082852:	f78091        	l32r	a9, 40080654 <_init_end+0x254> (3ffb2e68 <z_idle_threads>)
40082855:	b08890        	addx8	a8, a8, a9
40082858:	f75fa1        	l32r	a10, 400805d4 <_init_end+0x1d4> (3ffb3188 <_kernel>)
4008285b:	a09220        	addx4	a9, a2, a2
4008285e:	a099a0        	addx4	a9, a9, a10
40082861:	3989      	s32i.n	a8, a9, 12
40082863:	104922        	s8i	a2, a9, 16
40082866:	118250        	slli	a8, a2, 11
40082869:	f75b91        	l32r	a9, 400805d8 <_init_end+0x1d8> (3ffe8000 <z_interrupt_stacks>)
4008286c:	889a      	add.n	a8, a8, a9
4008286e:	08d882        	addmi	a8, a8, 0x800
40082871:	a02220        	addx4	a2, a2, a2
40082874:	a022a0        	addx4	a2, a2, a10
40082877:	1289      	s32i.n	a8, a2, 4
40082879:	f01d      	retw.n
	...

4008287c <prepare_multithreading>:
4008287c:	006136        	entry	a1, 48
4008287f:	006825        	call8	40082f00 <z_sched_init>
40082882:	f77c61        	l32r	a6, 40080674 <_init_end+0x274> (3ffb2f00 <z_main_thread>)
40082885:	f75381        	l32r	a8, 400805d4 <_init_end+0x1d4> (3ffb3188 <_kernel>)
40082888:	5869      	s32i.n	a6, a8, 20
4008288a:	f77e81        	l32r	a8, 40080684 <_init_end+0x284> (3ffb0d30 <levels$0+0xb0c>)
4008288d:	3189      	s32i.n	a8, a1, 12
4008288f:	180c      	movi.n	a8, 1
40082891:	2189      	s32i.n	a8, a1, 8
40082893:	070c      	movi.n	a7, 0
40082895:	1179      	s32i.n	a7, a1, 4
40082897:	0179      	s32i.n	a7, a1, 0
40082899:	07fd      	mov.n	a15, a7
4008289b:	07ed      	mov.n	a14, a7
4008289d:	f776d1        	l32r	a13, 40080678 <_init_end+0x278> (400827d8 <bg_thread_main>)
400828a0:	f777c1        	l32r	a12, 4008067c <_init_end+0x27c> (800 <CONFIG_ISR_STACK_SIZE>)
400828a3:	f777b1        	l32r	a11, 40080680 <_init_end+0x280> (3ffe8c00 <z_main_stack>)
400828a6:	06ad      	mov.n	a10, a6
400828a8:	0004a5        	call8	400828f4 <z_setup_new_thread>
400828ab:	0a2d      	mov.n	a2, a10
400828ad:	100682        	l8ui	a8, a6, 16
400828b0:	b97c      	movi.n	a9, -5
400828b2:	108890        	and	a8, a8, a9
400828b5:	104682        	s8i	a8, a6, 16
400828b8:	06ad      	mov.n	a10, a6
400828ba:	004aa5        	call8	40082d64 <z_ready_thread>
400828bd:	07ad      	mov.n	a10, a7
400828bf:	fff865        	call8	40082844 <z_init_cpu>
400828c2:	f01d      	retw.n

400828c4 <z_cstart>:
400828c4:	004136        	entry	a1, 32
400828c7:	00a0a2        	movi	a10, 0
400828ca:	ffe4e5        	call8	40082718 <z_sys_init_run_level>
400828cd:	f76ea1        	l32r	a10, 40080688 <_init_end+0x288> (3ffb2f98 <_thread_dummy>)
400828d0:	000aa5        	call8	4008297c <z_dummy_thread_init>
400828d3:	01a0a2        	movi	a10, 1
400828d6:	ffe425        	call8	40082718 <z_sys_init_run_level>
400828d9:	02a0a2        	movi	a10, 2
400828dc:	ffe3a5        	call8	40082718 <z_sys_init_run_level>
400828df:	fff9e5        	call8	4008287c <prepare_multithreading>
400828e2:	fff5a5        	call8	4008283c <switch_to_main_thread>
400828e5:	000000        	ill

400828e8 <idle>:
400828e8:	004136        	entry	a1, 32
400828eb:	006380        	rsil	a8, 3
400828ee:	ffd465        	call8	40082634 <arch_cpu_idle>
400828f1:	fffd86        	j	400828eb <idle+0x3>

400828f4 <z_setup_new_thread>:
400828f4:	006136        	entry	a1, 48
400828f7:	38c282        	addi	a8, a2, 56
400828fa:	0e6282        	s32i	a8, a2, 56
400828fd:	f289      	s32i.n	a8, a2, 60
400828ff:	e1d8      	l32i.n	a13, a1, 56
40082901:	4c0c      	movi.n	a12, 4
40082903:	d1b8      	l32i.n	a11, a1, 52
40082905:	02ad      	mov.n	a10, a2
40082907:	00ed65        	call8	400837dc <z_init_thread_base>
4008290a:	04cd      	mov.n	a12, a4
4008290c:	03bd      	mov.n	a11, a3
4008290e:	02ad      	mov.n	a10, a2
40082910:	00eaa5        	call8	400837bc <setup_thread_stack>
40082913:	0a4d      	mov.n	a4, a10
40082915:	c188      	l32i.n	a8, a1, 48
40082917:	0189      	s32i.n	a8, a1, 0
40082919:	07fd      	mov.n	a15, a7
4008291b:	06ed      	mov.n	a14, a6
4008291d:	05dd      	mov.n	a13, a5
4008291f:	0acd      	mov.n	a12, a10
40082921:	03bd      	mov.n	a11, a3
40082923:	02ad      	mov.n	a10, a2
40082925:	ff7fe5        	call8	40082124 <arch_new_thread>
40082928:	080c      	movi.n	a8, 0
4008292a:	d289      	s32i.n	a8, a2, 52
4008292c:	106252        	s32i	a5, a2, 64
4008292f:	116262        	s32i	a6, a2, 68
40082932:	126272        	s32i	a7, a2, 72
40082935:	c188      	l32i.n	a8, a1, 48
40082937:	136282        	s32i	a8, a2, 76
4008293a:	006390        	rsil	a9, 3
4008293d:	f72581        	l32r	a8, 400805d4 <_init_end+0x1d4> (3ffb3188 <_kernel>)
40082940:	88a8      	l32i.n	a10, a8, 32
40082942:	1462a2        	s32i	a10, a2, 80
40082945:	8829      	s32i.n	a2, a8, 32
40082947:	13e690        	wsr.ps	a9
4008294a:	002010        	rsync
4008294d:	f188      	l32i.n	a8, a1, 60
4008294f:	389c      	beqz.n	a8, 40082966 <z_setup_new_thread+0x72>
40082951:	fc1c      	movi.n	a12, 31
40082953:	08bd      	mov.n	a11, a8
40082955:	54c2a2        	addi	a10, a2, 84
40082958:	f74d81        	l32r	a8, 4008068c <_init_end+0x28c> (400015d4 <strncpy>)
4008295b:	0008e0        	callx8	a8
4008295e:	080c      	movi.n	a8, 0
40082960:	734282        	s8i	a8, a2, 115
40082963:	000106        	j	4008296b <z_setup_new_thread+0x77>
40082966:	080c      	movi.n	a8, 0
40082968:	544282        	s8i	a8, a2, 84
4008296b:	f71a81        	l32r	a8, 400805d4 <_init_end+0x1d4> (3ffb3188 <_kernel>)
4008296e:	2888      	l32i.n	a8, a8, 8
40082970:	232882        	l32i	a8, a8, 140
40082973:	236282        	s32i	a8, a2, 140
40082976:	042d      	mov.n	a2, a4
40082978:	f01d      	retw.n
	...

4008297c <z_dummy_thread_init>:
4008297c:	004136        	entry	a1, 32
4008297f:	01a082        	movi	a8, 1
40082982:	104282        	s8i	a8, a2, 16
40082985:	01a082        	movi	a8, 1
40082988:	065282        	s16i	a8, a2, 12
4008298b:	00a072        	movi	a7, 0
4008298e:	1e6272        	s32i	a7, a2, 120
40082991:	1f6272        	s32i	a7, a2, 124
40082994:	02ad      	mov.n	a10, a2
40082996:	00d1e5        	call8	400836b4 <k_thread_system_pool_assign>
40082999:	226272        	s32i	a7, a2, 136
4008299c:	f70e81        	l32r	a8, 400805d4 <_init_end+0x1d4> (3ffb3188 <_kernel>)
4008299f:	2829      	s32i.n	a2, a8, 8
400829a1:	f01d      	retw.n
	...

400829a4 <ready_thread>:
400829a4:	004136        	entry	a1, 32
400829a7:	100282        	l8ui	a8, a2, 16
400829aa:	239800        	sext	a9, a8, 7
400829ad:	0a5996        	bltz	a9, 40082a56 <ready_thread+0xb2>
400829b0:	449080        	extui	a9, a8, 0, 5
400829b3:	09f956        	bnez	a9, 40082a56 <ready_thread+0xb2>
400829b6:	80af92        	movi	a9, -128
400829b9:	208890        	or	a8, a8, a9
400829bc:	104282        	s8i	a8, a2, 16
400829bf:	f70581        	l32r	a8, 400805d4 <_init_end+0x1d4> (3ffb3188 <_kernel>)
400829c2:	6888      	l32i.n	a8, a8, 24
400829c4:	f73391        	l32r	a9, 40080690 <_init_end+0x290> (3ffb31a0 <_kernel+0x18>)
400829c7:	3a9897        	bne	a8, a9, 40082a05 <ready_thread+0x61>
400829ca:	000d46        	j	40082a03 <ready_thread+0x5f>
400829cd:	0e02a2        	l8ui	a10, a2, 14
400829d0:	23aa00        	sext	a10, a10, 7
400829d3:	0e0892        	l8ui	a9, a8, 14
400829d6:	239900        	sext	a9, a9, 7
400829d9:	131a97        	beq	a10, a9, 400829f0 <ready_thread+0x4c>
400829dc:	c099a0        	sub	a9, a9, a10
400829df:	0d19a6        	blti	a9, 1, 400829f0 <ready_thread+0x4c>
400829e2:	1898      	l32i.n	a9, a8, 4
400829e4:	1299      	s32i.n	a9, a2, 4
400829e6:	0289      	s32i.n	a8, a2, 0
400829e8:	0929      	s32i.n	a2, a9, 0
400829ea:	1829      	s32i.n	a2, a8, 4
400829ec:	000a06        	j	40082a18 <ready_thread+0x74>
400829ef:	00          	.byte	00
400829f0:	08ad      	mov.n	a10, a8
400829f2:	f6f891        	l32r	a9, 400805d4 <_init_end+0x1d4> (3ffb3188 <_kernel>)
400829f5:	7998      	l32i.n	a9, a9, 28
400829f7:	0d1897        	beq	a8, a9, 40082a08 <ready_thread+0x64>
400829fa:	0888      	l32i.n	a8, a8, 0
400829fc:	888c      	beqz.n	a8, 40082a08 <ready_thread+0x64>
400829fe:	3acc      	bnez.n	a10, 40082a05 <ready_thread+0x61>
40082a00:	000106        	j	40082a08 <ready_thread+0x64>
40082a03:	080c      	movi.n	a8, 0
40082a05:	fc4856        	bnez	a8, 400829cd <ready_thread+0x29>
40082a08:	f6f381        	l32r	a8, 400805d4 <_init_end+0x1d4> (3ffb3188 <_kernel>)
40082a0b:	7898      	l32i.n	a9, a8, 28
40082a0d:	f720a1        	l32r	a10, 40080690 <_init_end+0x290> (3ffb31a0 <_kernel+0x18>)
40082a10:	02a9      	s32i.n	a10, a2, 0
40082a12:	1299      	s32i.n	a9, a2, 4
40082a14:	0929      	s32i.n	a2, a9, 0
40082a16:	7829      	s32i.n	a2, a8, 28
40082a18:	f6ef81        	l32r	a8, 400805d4 <_init_end+0x1d4> (3ffb3188 <_kernel>)
40082a1b:	6828      	l32i.n	a2, a8, 24
40082a1d:	f71c81        	l32r	a8, 40080690 <_init_end+0x290> (3ffb31a0 <_kernel+0x18>)
40082a20:	011287        	beq	a2, a8, 40082a25 <ready_thread+0x81>
40082a23:	32cc      	bnez.n	a2, 40082a2a <ready_thread+0x86>
40082a25:	f6eb81        	l32r	a8, 400805d4 <_init_end+0x1d4> (3ffb3188 <_kernel>)
40082a28:	3828      	l32i.n	a2, a8, 12
40082a2a:	f6ea81        	l32r	a8, 400805d4 <_init_end+0x1d4> (3ffb3188 <_kernel>)
40082a2d:	2898      	l32i.n	a9, a8, 8
40082a2f:	100982        	l8ui	a8, a9, 16
40082a32:	448080        	extui	a8, a8, 0, 5
40082a35:	08dc      	bnez.n	a8, 40082a49 <ready_thread+0xa5>
40082a37:	071982        	l16ui	a8, a9, 14
40082a3a:	7fa0a2        	movi	a10, 127
40082a3d:	08ba87        	bgeu	a10, a8, 40082a49 <ready_thread+0xa5>
40082a40:	f6e581        	l32r	a8, 400805d4 <_init_end+0x1d4> (3ffb3188 <_kernel>)
40082a43:	5899      	s32i.n	a9, a8, 20
40082a45:	000346        	j	40082a56 <ready_thread+0xb2>
40082a48:	00          	.byte	00
40082a49:	041927        	beq	a9, a2, 40082a51 <ready_thread+0xad>
40082a4c:	02ad      	mov.n	a10, a2
40082a4e:	0084a5        	call8	40083298 <z_reset_time_slice>
40082a51:	f6e081        	l32r	a8, 400805d4 <_init_end+0x1d4> (3ffb3188 <_kernel>)
40082a54:	5829      	s32i.n	a2, a8, 20
40082a56:	f01d      	retw.n

40082a58 <unready_thread>:
40082a58:	004136        	entry	a1, 32
40082a5b:	100282        	l8ui	a8, a2, 16
40082a5e:	239800        	sext	a9, a8, 7
40082a61:	0149d6        	bgez	a9, 40082a79 <unready_thread+0x21>
40082a64:	648080        	extui	a8, a8, 0, 7
40082a67:	104282        	s8i	a8, a2, 16
40082a6a:	1298      	l32i.n	a9, a2, 4
40082a6c:	0288      	l32i.n	a8, a2, 0
40082a6e:	0989      	s32i.n	a8, a9, 0
40082a70:	1899      	s32i.n	a9, a8, 4
40082a72:	080c      	movi.n	a8, 0
40082a74:	0289      	s32i.n	a8, a2, 0
40082a76:	016282        	s32i	a8, a2, 4
40082a79:	f6d691        	l32r	a9, 400805d4 <_init_end+0x1d4> (3ffb3188 <_kernel>)
40082a7c:	2988      	l32i.n	a8, a9, 8
40082a7e:	6978      	l32i.n	a7, a9, 24
40082a80:	f70491        	l32r	a9, 40080690 <_init_end+0x290> (3ffb31a0 <_kernel+0x18>)
40082a83:	011797        	beq	a7, a9, 40082a88 <unready_thread+0x30>
40082a86:	37cc      	bnez.n	a7, 40082a8d <unready_thread+0x35>
40082a88:	f6d391        	l32r	a9, 400805d4 <_init_end+0x1d4> (3ffb3188 <_kernel>)
40082a8b:	3978      	l32i.n	a7, a9, 12
40082a8d:	181827        	beq	a8, a2, 40082aa9 <unready_thread+0x51>
40082a90:	100892        	l8ui	a9, a8, 16
40082a93:	449090        	extui	a9, a9, 0, 5
40082a96:	f9cc      	bnez.n	a9, 40082aa9 <unready_thread+0x51>
40082a98:	071892        	l16ui	a9, a8, 14
40082a9b:	7fa0a2        	movi	a10, 127
40082a9e:	07ba97        	bgeu	a10, a9, 40082aa9 <unready_thread+0x51>
40082aa1:	f6cc91        	l32r	a9, 400805d4 <_init_end+0x1d4> (3ffb3188 <_kernel>)
40082aa4:	5989      	s32i.n	a8, a9, 20
40082aa6:	000306        	j	40082ab6 <unready_thread+0x5e>
40082aa9:	041877        	beq	a8, a7, 40082ab1 <unready_thread+0x59>
40082aac:	07ad      	mov.n	a10, a7
40082aae:	007ea5        	call8	40083298 <z_reset_time_slice>
40082ab1:	f6c881        	l32r	a8, 400805d4 <_init_end+0x1d4> (3ffb3188 <_kernel>)
40082ab4:	5879      	s32i.n	a7, a8, 20
40082ab6:	f01d      	retw.n

40082ab8 <add_to_waitq_locked>:
40082ab8:	004136        	entry	a1, 32
40082abb:	02ad      	mov.n	a10, a2
40082abd:	fff9a5        	call8	40082a58 <unready_thread>
40082ac0:	100282        	l8ui	a8, a2, 16
40082ac3:	290c      	movi.n	a9, 2
40082ac5:	208890        	or	a8, a8, a9
40082ac8:	104282        	s8i	a8, a2, 16
40082acb:	04d316        	beqz	a3, 40082b1c <add_to_waitq_locked+0x64>
40082ace:	2239      	s32i.n	a3, a2, 8
40082ad0:	0388      	l32i.n	a8, a3, 0
40082ad2:	389387        	bne	a3, a8, 40082b0e <add_to_waitq_locked+0x56>
40082ad5:	000cc6        	j	40082b0c <add_to_waitq_locked+0x54>
40082ad8:	0e02a2        	l8ui	a10, a2, 14
40082adb:	23aa00        	sext	a10, a10, 7
40082ade:	0e0892        	l8ui	a9, a8, 14
40082ae1:	239900        	sext	a9, a9, 7
40082ae4:	121a97        	beq	a10, a9, 40082afa <add_to_waitq_locked+0x42>
40082ae7:	c099a0        	sub	a9, a9, a10
40082aea:	0c19a6        	blti	a9, 1, 40082afa <add_to_waitq_locked+0x42>
40082aed:	1898      	l32i.n	a9, a8, 4
40082aef:	1299      	s32i.n	a9, a2, 4
40082af1:	0289      	s32i.n	a8, a2, 0
40082af3:	0929      	s32i.n	a2, a9, 0
40082af5:	1829      	s32i.n	a2, a8, 4
40082af7:	000846        	j	40082b1c <add_to_waitq_locked+0x64>
40082afa:	08ad      	mov.n	a10, a8
40082afc:	1398      	l32i.n	a9, a3, 4
40082afe:	0f1897        	beq	a8, a9, 40082b11 <add_to_waitq_locked+0x59>
40082b01:	0888      	l32i.n	a8, a8, 0
40082b03:	788c      	beqz.n	a8, 40082b0e <add_to_waitq_locked+0x56>
40082b05:	5acc      	bnez.n	a10, 40082b0e <add_to_waitq_locked+0x56>
40082b07:	0a8d      	mov.n	a8, a10
40082b09:	000046        	j	40082b0e <add_to_waitq_locked+0x56>
40082b0c:	080c      	movi.n	a8, 0
40082b0e:	fc6856        	bnez	a8, 40082ad8 <add_to_waitq_locked+0x20>
40082b11:	1388      	l32i.n	a8, a3, 4
40082b13:	0239      	s32i.n	a3, a2, 0
40082b15:	1289      	s32i.n	a8, a2, 4
40082b17:	0829      	s32i.n	a2, a8, 0
40082b19:	016322        	s32i	a2, a3, 4
40082b1c:	f01d      	retw.n
	...

40082b20 <z_swap>:
40082b20:	004136        	entry	a1, 32
40082b23:	f6ac81        	l32r	a8, 400805d4 <_init_end+0x1d4> (3ffb3188 <_kernel>)
40082b26:	022862        	l32i	a6, a8, 8
40082b29:	f5af92        	movi	a9, -11
40082b2c:	216692        	s32i	a9, a6, 132
40082b2f:	5878      	l32i.n	a7, a8, 20
40082b31:	111677        	beq	a6, a7, 40082b46 <z_swap+0x26>
40082b34:	2879      	s32i.n	a7, a8, 8
40082b36:	07ad      	mov.n	a10, a7
40082b38:	0075e5        	call8	40083298 <z_reset_time_slice>
40082b3b:	88a0b2        	movi	a11, 136
40082b3e:	b6ba      	add.n	a11, a6, a11
40082b40:	2227a2        	l32i	a10, a7, 136
40082b43:	ff45e5        	call8	40081fa0 <xtensa_switch>
40082b46:	13e630        	wsr.ps	a3
40082b49:	002010        	rsync
40082b4c:	f6a281        	l32r	a8, 400805d4 <_init_end+0x1d4> (3ffb3188 <_kernel>)
40082b4f:	2888      	l32i.n	a8, a8, 8
40082b51:	212822        	l32i	a2, a8, 132
40082b54:	f01d      	retw.n
	...

40082b58 <reschedule>:
40082b58:	004136        	entry	a1, 32
40082b5b:	209330        	or	a9, a3, a3
40082b5e:	348030        	extui	a8, a3, 0, 4
40082b61:	01b856        	bnez	a8, 40082b80 <reschedule+0x28>
40082b64:	03f580        	rsr.misc1	a8
40082b67:	002882        	l32i	a8, a8, 0
40082b6a:	28dc      	bnez.n	a8, 40082b80 <reschedule+0x28>
40082b6c:	f69a81        	l32r	a8, 400805d4 <_init_end+0x1d4> (3ffb3188 <_kernel>)
40082b6f:	58a8      	l32i.n	a10, a8, 20
40082b71:	2888      	l32i.n	a8, a8, 8
40082b73:	091a87        	beq	a10, a8, 40082b80 <reschedule+0x28>
40082b76:	03bd      	mov.n	a11, a3
40082b78:	02ad      	mov.n	a10, a2
40082b7a:	fffa65        	call8	40082b20 <z_swap>
40082b7d:	000146        	j	40082b86 <reschedule+0x2e>
40082b80:	13e690        	wsr.ps	a9
40082b83:	002010        	rsync
40082b86:	f01d      	retw.n

40082b88 <unpend_all>:
40082b88:	004136        	entry	a1, 32
40082b8b:	025d      	mov.n	a5, a2
40082b8d:	0278      	l32i.n	a7, a2, 0
40082b8f:	3d9277        	bne	a2, a7, 40082bd0 <unpend_all+0x48>
40082b92:	000cc6        	j	40082bc9 <unpend_all+0x41>
40082b95:	012792        	l32i	a9, a7, 4
40082b98:	002782        	l32i	a8, a7, 0
40082b9b:	0989      	s32i.n	a8, a9, 0
40082b9d:	1899      	s32i.n	a9, a8, 4
40082b9f:	060c      	movi.n	a6, 0
40082ba1:	0769      	s32i.n	a6, a7, 0
40082ba3:	1769      	s32i.n	a6, a7, 4
40082ba5:	100782        	l8ui	a8, a7, 16
40082ba8:	d97c      	movi.n	a9, -3
40082baa:	108890        	and	a8, a8, a9
40082bad:	104782        	s8i	a8, a7, 16
40082bb0:	2769      	s32i.n	a6, a7, 8
40082bb2:	18c7a2        	addi	a10, a7, 24
40082bb5:	0095e5        	call8	40083514 <z_abort_timeout>
40082bb8:	216762        	s32i	a6, a7, 132
40082bbb:	07ad      	mov.n	a10, a7
40082bbd:	ffde65        	call8	400829a4 <ready_thread>
40082bc0:	0278      	l32i.n	a7, a2, 0
40082bc2:	0a9577        	bne	a5, a7, 40082bd0 <unpend_all+0x48>
40082bc5:	000146        	j	40082bce <unpend_all+0x46>
40082bc8:	00          	.byte	00
40082bc9:	070c      	movi.n	a7, 0
40082bcb:	000046        	j	40082bd0 <unpend_all+0x48>
40082bce:	070c      	movi.n	a7, 0
40082bd0:	fc1756        	bnez	a7, 40082b95 <unpend_all+0xd>
40082bd3:	f01d      	retw.n
40082bd5:	000000        	ill

40082bd8 <thread_halt_spin>:
40082bd8:	004136        	entry	a1, 32
40082bdb:	f67e81        	l32r	a8, 400805d4 <_init_end+0x1d4> (3ffb3188 <_kernel>)
40082bde:	2878      	l32i.n	a7, a8, 8
40082be0:	100782        	l8ui	a8, a7, 16
40082be3:	149580        	extui	a9, a8, 5, 2
40082be6:	0ca916        	beqz	a9, 40082cb4 <thread_halt_spin+0xdc>
40082be9:	046857        	bbci	a8, 5, 40082bf1 <thread_halt_spin+0x19>
40082bec:	890c      	movi.n	a9, 8
40082bee:	000046        	j	40082bf3 <thread_halt_spin+0x1b>
40082bf1:	091c      	movi.n	a9, 16
40082bf3:	746090        	extui	a6, a9, 0, 8
40082bf6:	020987        	bnone	a9, a8, 40082bfc <thread_halt_spin+0x24>
40082bf9:	002dc6        	j	40082cb4 <thread_halt_spin+0xdc>
40082bfc:	208680        	or	a8, a6, a8
40082bff:	104782        	s8i	a8, a7, 16
40082c02:	239800        	sext	a9, a8, 7
40082c05:	0139d6        	bgez	a9, 40082c1c <thread_halt_spin+0x44>
40082c08:	648080        	extui	a8, a8, 0, 7
40082c0b:	104782        	s8i	a8, a7, 16
40082c0e:	1798      	l32i.n	a9, a7, 4
40082c10:	0788      	l32i.n	a8, a7, 0
40082c12:	0989      	s32i.n	a8, a9, 0
40082c14:	1899      	s32i.n	a9, a8, 4
40082c16:	080c      	movi.n	a8, 0
40082c18:	0789      	s32i.n	a8, a7, 0
40082c1a:	1789      	s32i.n	a8, a7, 4
40082c1c:	3e8666        	bnei	a6, 8, 40082c5e <thread_halt_spin+0x86>
40082c1f:	2788      	l32i.n	a8, a7, 8
40082c21:	989c      	beqz.n	a8, 40082c3e <thread_halt_spin+0x66>
40082c23:	1798      	l32i.n	a9, a7, 4
40082c25:	0788      	l32i.n	a8, a7, 0
40082c27:	0989      	s32i.n	a8, a9, 0
40082c29:	1899      	s32i.n	a9, a8, 4
40082c2b:	080c      	movi.n	a8, 0
40082c2d:	0789      	s32i.n	a8, a7, 0
40082c2f:	1789      	s32i.n	a8, a7, 4
40082c31:	100792        	l8ui	a9, a7, 16
40082c34:	da7c      	movi.n	a10, -3
40082c36:	1099a0        	and	a9, a9, a10
40082c39:	104792        	s8i	a9, a7, 16
40082c3c:	2789      	s32i.n	a8, a7, 8
40082c3e:	18c7a2        	addi	a10, a7, 24
40082c41:	008d25        	call8	40083514 <z_abort_timeout>
40082c44:	38c7a2        	addi	a10, a7, 56
40082c47:	fff425        	call8	40082b88 <unpend_all>
40082c4a:	f66281        	l32r	a8, 400805d4 <_init_end+0x1d4> (3ffb3188 <_kernel>)
40082c4d:	2888      	l32i.n	a8, a8, 8
40082c4f:	119787        	bne	a7, a8, 40082c64 <thread_halt_spin+0x8c>
40082c52:	03f580        	rsr.misc1	a8
40082c55:	0888      	l32i.n	a8, a8, 0
40082c57:	e8cc      	bnez.n	a8, 40082c69 <thread_halt_spin+0x91>
40082c59:	040c      	movi.n	a4, 0
40082c5b:	000346        	j	40082c6c <thread_halt_spin+0x94>
40082c5e:	040c      	movi.n	a4, 0
40082c60:	000206        	j	40082c6c <thread_halt_spin+0x94>
40082c63:	00          	.byte	00
40082c64:	040c      	movi.n	a4, 0
40082c66:	000086        	j	40082c6c <thread_halt_spin+0x94>
40082c69:	01a042        	movi	a4, 1
40082c6c:	f65a81        	l32r	a8, 400805d4 <_init_end+0x1d4> (3ffb3188 <_kernel>)
40082c6f:	062852        	l32i	a5, a8, 24
40082c72:	f68781        	l32r	a8, 40080690 <_init_end+0x290> (3ffb31a0 <_kernel+0x18>)
40082c75:	021587        	beq	a5, a8, 40082c7b <thread_halt_spin+0xa3>
40082c78:	004556        	bnez	a5, 40082c80 <thread_halt_spin+0xa8>
40082c7b:	f65681        	l32r	a8, 400805d4 <_init_end+0x1d4> (3ffb3188 <_kernel>)
40082c7e:	3858      	l32i.n	a5, a8, 12
40082c80:	f65581        	l32r	a8, 400805d4 <_init_end+0x1d4> (3ffb3188 <_kernel>)
40082c83:	2888      	l32i.n	a8, a8, 8
40082c85:	041857        	beq	a8, a5, 40082c8d <thread_halt_spin+0xb5>
40082c88:	05ad      	mov.n	a10, a5
40082c8a:	0060e5        	call8	40083298 <z_reset_time_slice>
40082c8d:	f65181        	l32r	a8, 400805d4 <_init_end+0x1d4> (3ffb3188 <_kernel>)
40082c90:	056852        	s32i	a5, a8, 20
40082c93:	1db626        	beqi	a6, 16, 40082cb4 <thread_halt_spin+0xdc>
40082c96:	07ad      	mov.n	a10, a7
40082c98:	ff9a25        	call8	4008263c <arch_coprocessors_disable>
40082c9b:	07ad      	mov.n	a10, a7
40082c9d:	006725        	call8	40083310 <z_thread_monitor_exit>
40082ca0:	049c      	beqz.n	a4, 40082cb4 <thread_halt_spin+0xdc>
40082ca2:	f64c81        	l32r	a8, 400805d4 <_init_end+0x1d4> (3ffb3188 <_kernel>)
40082ca5:	022882        	l32i	a8, a8, 8
40082ca8:	01a092        	movi	a9, 1
40082cab:	226892        	s32i	a9, a8, 136
40082cae:	f676a1        	l32r	a10, 40080688 <_init_end+0x288> (3ffb2f98 <_thread_dummy>)
40082cb1:	ffcca5        	call8	4008297c <z_dummy_thread_init>
40082cb4:	13e630        	wsr.ps	a3
40082cb7:	002010        	rsync
40082cba:	0002c6        	j	40082cc9 <thread_halt_spin+0xf1>
40082cbd:	006370        	rsil	a7, 3
40082cc0:	00ade5        	call8	400837a0 <arch_spin_relax>
40082cc3:	13e670        	wsr.ps	a7
40082cc6:	002010        	rsync
40082cc9:	100282        	l8ui	a8, a2, 16
40082ccc:	148580        	extui	a8, a8, 5, 2
40082ccf:	fea856        	bnez	a8, 40082cbd <thread_halt_spin+0xe5>
40082cd2:	f01d      	retw.n

40082cd4 <move_current_to_end_of_prio_q>:
40082cd4:	004136        	entry	a1, 32
40082cd7:	f63f91        	l32r	a9, 400805d4 <_init_end+0x1d4> (3ffb3188 <_kernel>)
40082cda:	2988      	l32i.n	a8, a9, 8
40082cdc:	7998      	l32i.n	a9, a9, 28
40082cde:	041897        	beq	a8, a9, 40082ce6 <move_current_to_end_of_prio_q+0x12>
40082ce1:	0898      	l32i.n	a9, a8, 0
40082ce3:	000046        	j	40082ce8 <move_current_to_end_of_prio_q+0x14>
40082ce6:	090c      	movi.n	a9, 0
40082ce8:	18a8      	l32i.n	a10, a8, 4
40082cea:	0888      	l32i.n	a8, a8, 0
40082cec:	0a89      	s32i.n	a8, a10, 0
40082cee:	18a9      	s32i.n	a10, a8, 4
40082cf0:	000d06        	j	40082d28 <move_current_to_end_of_prio_q+0x54>
40082cf3:	00          	.byte	00
40082cf4:	f63881        	l32r	a8, 400805d4 <_init_end+0x1d4> (3ffb3188 <_kernel>)
40082cf7:	28b8      	l32i.n	a11, a8, 8
40082cf9:	0e0ba2        	l8ui	a10, a11, 14
40082cfc:	23aa00        	sext	a10, a10, 7
40082cff:	0e0982        	l8ui	a8, a9, 14
40082d02:	238800        	sext	a8, a8, 7
40082d05:	131a87        	beq	a10, a8, 40082d1c <move_current_to_end_of_prio_q+0x48>
40082d08:	c088a0        	sub	a8, a8, a10
40082d0b:	0d18a6        	blti	a8, 1, 40082d1c <move_current_to_end_of_prio_q+0x48>
40082d0e:	1988      	l32i.n	a8, a9, 4
40082d10:	1b89      	s32i.n	a8, a11, 4
40082d12:	0b99      	s32i.n	a9, a11, 0
40082d14:	08b9      	s32i.n	a11, a8, 0
40082d16:	19b9      	s32i.n	a11, a9, 4
40082d18:	000886        	j	40082d3e <move_current_to_end_of_prio_q+0x6a>
40082d1b:	00          	.byte	00
40082d1c:	f62e81        	l32r	a8, 400805d4 <_init_end+0x1d4> (3ffb3188 <_kernel>)
40082d1f:	072882        	l32i	a8, a8, 28
40082d22:	051987        	beq	a9, a8, 40082d2b <move_current_to_end_of_prio_q+0x57>
40082d25:	002992        	l32i	a9, a9, 0
40082d28:	fc8956        	bnez	a9, 40082cf4 <move_current_to_end_of_prio_q+0x20>
40082d2b:	f62a91        	l32r	a9, 400805d4 <_init_end+0x1d4> (3ffb3188 <_kernel>)
40082d2e:	022982        	l32i	a8, a9, 8
40082d31:	79a8      	l32i.n	a10, a9, 28
40082d33:	f657b1        	l32r	a11, 40080690 <_init_end+0x290> (3ffb31a0 <_kernel+0x18>)
40082d36:	08b9      	s32i.n	a11, a8, 0
40082d38:	18a9      	s32i.n	a10, a8, 4
40082d3a:	0a89      	s32i.n	a8, a10, 0
40082d3c:	7989      	s32i.n	a8, a9, 28
40082d3e:	f62581        	l32r	a8, 400805d4 <_init_end+0x1d4> (3ffb3188 <_kernel>)
40082d41:	6878      	l32i.n	a7, a8, 24
40082d43:	f65381        	l32r	a8, 40080690 <_init_end+0x290> (3ffb31a0 <_kernel+0x18>)
40082d46:	011787        	beq	a7, a8, 40082d4b <move_current_to_end_of_prio_q+0x77>
40082d49:	37cc      	bnez.n	a7, 40082d50 <move_current_to_end_of_prio_q+0x7c>
40082d4b:	f62281        	l32r	a8, 400805d4 <_init_end+0x1d4> (3ffb3188 <_kernel>)
40082d4e:	3878      	l32i.n	a7, a8, 12
40082d50:	f62181        	l32r	a8, 400805d4 <_init_end+0x1d4> (3ffb3188 <_kernel>)
40082d53:	2888      	l32i.n	a8, a8, 8
40082d55:	041877        	beq	a8, a7, 40082d5d <move_current_to_end_of_prio_q+0x89>
40082d58:	07ad      	mov.n	a10, a7
40082d5a:	0053e5        	call8	40083298 <z_reset_time_slice>
40082d5d:	f61d81        	l32r	a8, 400805d4 <_init_end+0x1d4> (3ffb3188 <_kernel>)
40082d60:	5879      	s32i.n	a7, a8, 20
40082d62:	f01d      	retw.n

40082d64 <z_ready_thread>:
40082d64:	004136        	entry	a1, 32
40082d67:	080c      	movi.n	a8, 0
40082d69:	006370        	rsil	a7, 3
40082d6c:	000606        	j	40082d88 <z_ready_thread+0x24>
40082d6f:	00          	.byte	00
40082d70:	00          	.byte	00
40082d71:	00          	.byte	00
40082d72:	20a220        	or	a10, a2, a2
40082d75:	00a825        	call8	400837f8 <thread_active_elsewhere>
40082d78:	004a56        	bnez	a10, 40082d80 <z_ready_thread+0x1c>
40082d7b:	02ad      	mov.n	a10, a2
40082d7d:	ffc265        	call8	400829a4 <ready_thread>
40082d80:	13e670        	wsr.ps	a7
40082d83:	002010        	rsync
40082d86:	180c      	movi.n	a8, 1
40082d88:	fe6816        	beqz	a8, 40082d72 <z_ready_thread+0xe>
40082d8b:	f01d      	retw.n
40082d8d:	000000        	ill

40082d90 <z_sched_wake_thread_locked>:
40082d90:	004136        	entry	a1, 32
40082d93:	20a220        	or	a10, a2, a2
40082d96:	100292        	l8ui	a9, a2, 16
40082d99:	28a082        	movi	a8, 40
40082d9c:	2d8987        	bany	a9, a8, 40082dcd <z_sched_wake_thread_locked+0x3d>
40082d9f:	022282        	l32i	a8, a2, 8
40082da2:	989c      	beqz.n	a8, 40082dbf <z_sched_wake_thread_locked+0x2f>
40082da4:	1298      	l32i.n	a9, a2, 4
40082da6:	0288      	l32i.n	a8, a2, 0
40082da8:	0989      	s32i.n	a8, a9, 0
40082daa:	1899      	s32i.n	a9, a8, 4
40082dac:	080c      	movi.n	a8, 0
40082dae:	0289      	s32i.n	a8, a2, 0
40082db0:	1289      	s32i.n	a8, a2, 4
40082db2:	100292        	l8ui	a9, a2, 16
40082db5:	db7c      	movi.n	a11, -3
40082db7:	1099b0        	and	a9, a9, a11
40082dba:	104292        	s8i	a9, a2, 16
40082dbd:	2289      	s32i.n	a8, a2, 8
40082dbf:	100a82        	l8ui	a8, a10, 16
40082dc2:	b97c      	movi.n	a9, -5
40082dc4:	108890        	and	a8, a8, a9
40082dc7:	104a82        	s8i	a8, a10, 16
40082dca:	ffbda5        	call8	400829a4 <ready_thread>
40082dcd:	f01d      	retw.n
	...

40082dd0 <z_thread_timeout>:
40082dd0:	004136        	entry	a1, 32
40082dd3:	e8c222        	addi	a2, a2, -24
40082dd6:	080c      	movi.n	a8, 0
40082dd8:	006370        	rsil	a7, 3
40082ddb:	000386        	j	40082ded <z_thread_timeout+0x1d>
40082dde:	20a220        	or	a10, a2, a2
40082de1:	fffae5        	call8	40082d90 <z_sched_wake_thread_locked>
40082de4:	13e670        	wsr.ps	a7
40082de7:	002010        	rsync
40082dea:	01a082        	movi	a8, 1
40082ded:	fed816        	beqz	a8, 40082dde <z_thread_timeout+0xe>
40082df0:	000090        	retw
	...

40082df4 <z_reschedule>:
40082df4:	004136        	entry	a1, 32
40082df7:	20a220        	or	a10, a2, a2
40082dfa:	20b330        	or	a11, a3, a3
40082dfd:	ffd5a5        	call8	40082b58 <reschedule>
40082e00:	000090        	retw
	...

40082e04 <k_sched_lock>:
40082e04:	004136        	entry	a1, 32
40082e07:	080c      	movi.n	a8, 0
40082e09:	0063a0        	rsil	a10, 3
40082e0c:	000546        	j	40082e25 <k_sched_lock+0x21>
40082e0f:	00          	.byte	00
40082e10:	f5f181        	l32r	a8, 400805d4 <_init_end+0x1d4> (3ffb3188 <_kernel>)
40082e13:	2898      	l32i.n	a9, a8, 8
40082e15:	0f0982        	l8ui	a8, a9, 15
40082e18:	880b      	addi.n	a8, a8, -1
40082e1a:	0f4982        	s8i	a8, a9, 15
40082e1d:	13e6a0        	wsr.ps	a10
40082e20:	002010        	rsync
40082e23:	180c      	movi.n	a8, 1
40082e25:	fe7816        	beqz	a8, 40082e10 <k_sched_lock+0xc>
40082e28:	f01d      	retw.n
	...

40082e2c <k_sched_unlock>:
40082e2c:	004136        	entry	a1, 32
40082e2f:	006360        	rsil	a6, 3
40082e32:	f5e8a1        	l32r	a10, 400805d4 <_init_end+0x1d4> (3ffb3188 <_kernel>)
40082e35:	2a88      	l32i.n	a8, a10, 8
40082e37:	0f0892        	l8ui	a9, a8, 15
40082e3a:	991b      	addi.n	a9, a9, 1
40082e3c:	0f4892        	s8i	a9, a8, 15
40082e3f:	6a78      	l32i.n	a7, a10, 24
40082e41:	f61391        	l32r	a9, 40080690 <_init_end+0x290> (3ffb31a0 <_kernel+0x18>)
40082e44:	011797        	beq	a7, a9, 40082e49 <k_sched_unlock+0x1d>
40082e47:	37cc      	bnez.n	a7, 40082e4e <k_sched_unlock+0x22>
40082e49:	f5e291        	l32r	a9, 400805d4 <_init_end+0x1d4> (3ffb3188 <_kernel>)
40082e4c:	3978      	l32i.n	a7, a9, 12
40082e4e:	100892        	l8ui	a9, a8, 16
40082e51:	449090        	extui	a9, a9, 0, 5
40082e54:	19dc      	bnez.n	a9, 40082e69 <k_sched_unlock+0x3d>
40082e56:	071892        	l16ui	a9, a8, 14
40082e59:	7fa0a2        	movi	a10, 127
40082e5c:	09ba97        	bgeu	a10, a9, 40082e69 <k_sched_unlock+0x3d>
40082e5f:	f5dd91        	l32r	a9, 400805d4 <_init_end+0x1d4> (3ffb3188 <_kernel>)
40082e62:	5989      	s32i.n	a8, a9, 20
40082e64:	000386        	j	40082e76 <k_sched_unlock+0x4a>
40082e67:	00          	.byte	00
40082e68:	00          	.byte	00
40082e69:	041787        	beq	a7, a8, 40082e71 <k_sched_unlock+0x45>
40082e6c:	07ad      	mov.n	a10, a7
40082e6e:	0042a5        	call8	40083298 <z_reset_time_slice>
40082e71:	f5d881        	l32r	a8, 400805d4 <_init_end+0x1d4> (3ffb3188 <_kernel>)
40082e74:	5879      	s32i.n	a7, a8, 20
40082e76:	20b660        	or	a11, a6, a6
40082e79:	f606a1        	l32r	a10, 40080694 <_init_end+0x294> (3ffb31ac <_sched_spinlock>)
40082e7c:	ffcda5        	call8	40082b58 <reschedule>
40082e7f:	000090        	retw
	...

40082e84 <z_get_next_switch_handle>:
40082e84:	004136        	entry	a1, 32
40082e87:	f5d381        	l32r	a8, 400805d4 <_init_end+0x1d4> (3ffb3188 <_kernel>)
40082e8a:	2898      	l32i.n	a9, a8, 8
40082e8c:	226922        	s32i	a2, a9, 136
40082e8f:	5898      	l32i.n	a9, a8, 20
40082e91:	2899      	s32i.n	a9, a8, 8
40082e93:	222922        	l32i	a2, a9, 136
40082e96:	f01d      	retw.n

40082e98 <z_unpend_all_locked>:
40082e98:	004136        	entry	a1, 32
40082e9b:	026d      	mov.n	a6, a2
40082e9d:	025d      	mov.n	a5, a2
40082e9f:	0278      	l32i.n	a7, a2, 0
40082ea1:	359727        	bne	a7, a2, 40082eda <z_unpend_all_locked+0x42>
40082ea4:	000c06        	j	40082ed8 <z_unpend_all_locked+0x40>
40082ea7:	00          	.byte	00
40082ea8:	012792        	l32i	a9, a7, 4
40082eab:	002782        	l32i	a8, a7, 0
40082eae:	0989      	s32i.n	a8, a9, 0
40082eb0:	1899      	s32i.n	a9, a8, 4
40082eb2:	080c      	movi.n	a8, 0
40082eb4:	0789      	s32i.n	a8, a7, 0
40082eb6:	1789      	s32i.n	a8, a7, 4
40082eb8:	100792        	l8ui	a9, a7, 16
40082ebb:	da7c      	movi.n	a10, -3
40082ebd:	1099a0        	and	a9, a9, a10
40082ec0:	104792        	s8i	a9, a7, 16
40082ec3:	2789      	s32i.n	a8, a7, 8
40082ec5:	18c7a2        	addi	a10, a7, 24
40082ec8:	0064a5        	call8	40083514 <z_abort_timeout>
40082ecb:	07ad      	mov.n	a10, a7
40082ecd:	ffad65        	call8	400829a4 <ready_thread>
40082ed0:	0678      	l32i.n	a7, a6, 0
40082ed2:	0b9577        	bne	a5, a7, 40082ee1 <z_unpend_all_locked+0x49>
40082ed5:	000186        	j	40082edf <z_unpend_all_locked+0x47>
40082ed8:	070c      	movi.n	a7, 0
40082eda:	020c      	movi.n	a2, 0
40082edc:	0000c6        	j	40082ee3 <z_unpend_all_locked+0x4b>
40082edf:	070c      	movi.n	a7, 0
40082ee1:	120c      	movi.n	a2, 1
40082ee3:	fc1756        	bnez	a7, 40082ea8 <z_unpend_all_locked+0x10>
40082ee6:	f01d      	retw.n

40082ee8 <z_unpend_all>:
40082ee8:	004136        	entry	a1, 32
40082eeb:	20a220        	or	a10, a2, a2
40082eee:	006370        	rsil	a7, 3
40082ef1:	fffa65        	call8	40082e98 <z_unpend_all_locked>
40082ef4:	202aa0        	or	a2, a10, a10
40082ef7:	13e670        	wsr.ps	a7
40082efa:	002010        	rsync
40082efd:	000090        	retw

40082f00 <z_sched_init>:
40082f00:	004136        	entry	a1, 32
40082f03:	f5e5a1        	l32r	a10, 40080698 <_init_end+0x298> (3ffb319c <_kernel+0x14>)
40082f06:	008fa5        	call8	40083800 <init_ready_q>
40082f09:	f01d      	retw.n
	...

40082f0c <z_impl_k_yield>:
40082f0c:	004136        	entry	a1, 32
40082f0f:	006370        	rsil	a7, 3
40082f12:	f5b091        	l32r	a9, 400805d4 <_init_end+0x1d4> (3ffb3188 <_kernel>)
40082f15:	2988      	l32i.n	a8, a9, 8
40082f17:	7998      	l32i.n	a9, a9, 28
40082f19:	041897        	beq	a8, a9, 40082f21 <z_impl_k_yield+0x15>
40082f1c:	0898      	l32i.n	a9, a8, 0
40082f1e:	000046        	j	40082f23 <z_impl_k_yield+0x17>
40082f21:	090c      	movi.n	a9, 0
40082f23:	18a8      	l32i.n	a10, a8, 4
40082f25:	0888      	l32i.n	a8, a8, 0
40082f27:	0a89      	s32i.n	a8, a10, 0
40082f29:	18a9      	s32i.n	a10, a8, 4
40082f2b:	000d46        	j	40082f64 <z_impl_k_yield+0x58>
40082f2e:	00          	.byte	00
40082f2f:	00          	.byte	00
40082f30:	f5a981        	l32r	a8, 400805d4 <_init_end+0x1d4> (3ffb3188 <_kernel>)
40082f33:	28b8      	l32i.n	a11, a8, 8
40082f35:	0e0ba2        	l8ui	a10, a11, 14
40082f38:	23aa00        	sext	a10, a10, 7
40082f3b:	0e0982        	l8ui	a8, a9, 14
40082f3e:	238800        	sext	a8, a8, 7
40082f41:	131a87        	beq	a10, a8, 40082f58 <z_impl_k_yield+0x4c>
40082f44:	c088a0        	sub	a8, a8, a10
40082f47:	0d18a6        	blti	a8, 1, 40082f58 <z_impl_k_yield+0x4c>
40082f4a:	1988      	l32i.n	a8, a9, 4
40082f4c:	1b89      	s32i.n	a8, a11, 4
40082f4e:	0b99      	s32i.n	a9, a11, 0
40082f50:	08b9      	s32i.n	a11, a8, 0
40082f52:	19b9      	s32i.n	a11, a9, 4
40082f54:	000886        	j	40082f7a <z_impl_k_yield+0x6e>
40082f57:	00          	.byte	00
40082f58:	f59f81        	l32r	a8, 400805d4 <_init_end+0x1d4> (3ffb3188 <_kernel>)
40082f5b:	072882        	l32i	a8, a8, 28
40082f5e:	051987        	beq	a9, a8, 40082f67 <z_impl_k_yield+0x5b>
40082f61:	002992        	l32i	a9, a9, 0
40082f64:	fc8956        	bnez	a9, 40082f30 <z_impl_k_yield+0x24>
40082f67:	f59b91        	l32r	a9, 400805d4 <_init_end+0x1d4> (3ffb3188 <_kernel>)
40082f6a:	022982        	l32i	a8, a9, 8
40082f6d:	79a8      	l32i.n	a10, a9, 28
40082f6f:	f5c8b1        	l32r	a11, 40080690 <_init_end+0x290> (3ffb31a0 <_kernel+0x18>)
40082f72:	08b9      	s32i.n	a11, a8, 0
40082f74:	18a9      	s32i.n	a10, a8, 4
40082f76:	0a89      	s32i.n	a8, a10, 0
40082f78:	7989      	s32i.n	a8, a9, 28
40082f7a:	f59681        	l32r	a8, 400805d4 <_init_end+0x1d4> (3ffb3188 <_kernel>)
40082f7d:	6868      	l32i.n	a6, a8, 24
40082f7f:	f5c481        	l32r	a8, 40080690 <_init_end+0x290> (3ffb31a0 <_kernel+0x18>)
40082f82:	011687        	beq	a6, a8, 40082f87 <z_impl_k_yield+0x7b>
40082f85:	36cc      	bnez.n	a6, 40082f8c <z_impl_k_yield+0x80>
40082f87:	f59381        	l32r	a8, 400805d4 <_init_end+0x1d4> (3ffb3188 <_kernel>)
40082f8a:	3868      	l32i.n	a6, a8, 12
40082f8c:	f59281        	l32r	a8, 400805d4 <_init_end+0x1d4> (3ffb3188 <_kernel>)
40082f8f:	2888      	l32i.n	a8, a8, 8
40082f91:	041867        	beq	a8, a6, 40082f99 <z_impl_k_yield+0x8d>
40082f94:	06ad      	mov.n	a10, a6
40082f96:	003025        	call8	40083298 <z_reset_time_slice>
40082f99:	f58e81        	l32r	a8, 400805d4 <_init_end+0x1d4> (3ffb3188 <_kernel>)
40082f9c:	056862        	s32i	a6, a8, 20
40082f9f:	20b770        	or	a11, a7, a7
40082fa2:	f5bca1        	l32r	a10, 40080694 <_init_end+0x294> (3ffb31ac <_sched_spinlock>)
40082fa5:	ffb7a5        	call8	40082b20 <z_swap>
40082fa8:	000090        	retw
	...

40082fac <z_tick_sleep>:
40082fac:	004136        	entry	a1, 32
40082faf:	208320        	or	a8, a3, a2
40082fb2:	98cc      	bnez.n	a8, 40082fbf <z_tick_sleep+0x13>
40082fb4:	fff565        	call8	40082f0c <z_impl_k_yield>
40082fb7:	020c      	movi.n	a2, 0
40082fb9:	001546        	j	40083012 <z_tick_sleep+0x66>
40082fbc:	00          	.byte	00
40082fbd:	00          	.byte	00
40082fbe:	00          	.byte	00
40082fbf:	006360        	rsil	a6, 3
40082fc2:	f58471        	l32r	a7, 400805d4 <_init_end+0x1d4> (3ffb3188 <_kernel>)
40082fc5:	0227a2        	l32i	a10, a7, 8
40082fc8:	ffa8e5        	call8	40082a58 <unready_thread>
40082fcb:	27a8      	l32i.n	a10, a7, 8
40082fcd:	02cd      	mov.n	a12, a2
40082fcf:	03dd      	mov.n	a13, a3
40082fd1:	f5a5b1        	l32r	a11, 40080668 <_init_end+0x268> (40082dd0 <z_thread_timeout>)
40082fd4:	18caa2        	addi	a10, a10, 24
40082fd7:	0041e5        	call8	400833f4 <z_add_timeout>
40082fda:	0a2d      	mov.n	a2, a10
40082fdc:	2798      	l32i.n	a9, a7, 8
40082fde:	100982        	l8ui	a8, a9, 16
40082fe1:	4a0c      	movi.n	a10, 4
40082fe3:	2088a0        	or	a8, a8, a10
40082fe6:	104982        	s8i	a8, a9, 16
40082fe9:	06bd      	mov.n	a11, a6
40082feb:	f5aaa1        	l32r	a10, 40080694 <_init_end+0x294> (3ffb31ac <_sched_spinlock>)
40082fee:	ffb325        	call8	40082b20 <z_swap>
40082ff1:	2788      	l32i.n	a8, a7, 8
40082ff3:	a898      	l32i.n	a9, a8, 40
40082ff5:	0b2882        	l32i	a8, a8, 44
40082ff8:	014956        	bnez	a9, 40083010 <z_tick_sleep+0x64>
40082ffb:	608180        	abs	a8, a8
40082ffe:	0e78f7        	bbci	a8, 31, 40083010 <z_tick_sleep+0x64>
40083001:	006825        	call8	40083684 <sys_clock_tick_get_32>
40083004:	c022a0        	sub	a2, a2, a10
40083007:	0712e6        	bgei	a2, 1, 40083012 <z_tick_sleep+0x66>
4008300a:	020c      	movi.n	a2, 0
4008300c:	000086        	j	40083012 <z_tick_sleep+0x66>
4008300f:	00          	.byte	00
40083010:	020c      	movi.n	a2, 0
40083012:	f01d      	retw.n

40083014 <z_impl_k_sleep>:
40083014:	004136        	entry	a1, 32
40083017:	20a220        	or	a10, a2, a2
4008301a:	20b330        	or	a11, a3, a3
4008301d:	fff8e5        	call8	40082fac <z_tick_sleep>
40083020:	020266        	bnei	a2, -1, 40083026 <z_impl_k_sleep+0x12>
40083023:	6d0326        	beqi	a3, -1, 40083094 <z_impl_k_sleep+0x80>
40083026:	318fa0        	srai	a8, a10, 31
40083029:	09a092        	movi	a9, 9
4008302c:	08bd      	mov.n	a11, a8
4008302e:	aa9a      	add.n	a10, a10, a9
40083030:	01ba97        	bgeu	a10, a9, 40083035 <z_impl_k_sleep+0x21>
40083033:	b81b      	addi.n	a11, a8, 1
40083035:	f599d1        	l32r	a13, 4008069c <_init_end+0x29c> (fffffff <CONFIG_ESP_CLK_FREQ_HZ+0x1b1e3ff>)
40083038:	108ad0        	and	a8, a10, a13
4008303b:	11cbc0        	slli	a12, a11, 4
4008303e:	359ca0        	extui	a9, a10, 28, 4
40083041:	209c90        	or	a9, a12, a9
40083044:	1099d0        	and	a9, a9, a13
40083047:	889a      	add.n	a8, a8, a9
40083049:	7598b0        	extui	a9, a11, 24, 8
4008304c:	889a      	add.n	a8, a8, a9
4008304e:	f59491        	l32r	a9, 400806a0 <_init_end+0x2a0> (cccccccd <_rtc_force_slow_end+0x7ccccca5>)
40083051:	a29890        	muluh	a9, a8, a9
40083054:	419290        	srli	a9, a9, 2
40083057:	a09990        	addx4	a9, a9, a9
4008305a:	c08890        	sub	a8, a8, a9
4008305d:	0b9d      	mov.n	a9, a11
4008305f:	01ba87        	bgeu	a10, a8, 40083064 <z_impl_k_sleep+0x50>
40083062:	9b0b      	addi.n	a9, a11, -1
40083064:	c0aa80        	sub	a10, a10, a8
40083067:	f58eb1        	l32r	a11, 400806a0 <_init_end+0x2a0> (cccccccd <_rtc_force_slow_end+0x7ccccca5>)
4008306a:	8299b0        	mull	a9, a9, a11
4008306d:	f58d81        	l32r	a8, 400806a4 <_init_end+0x2a4> (cccccccc <_rtc_force_slow_end+0x7ccccca4>)
40083070:	828a80        	mull	a8, a10, a8
40083073:	998a      	add.n	a9, a9, a8
40083075:	828ab0        	mull	a8, a10, a11
40083078:	a2aab0        	muluh	a10, a10, a11
4008307b:	a9aa      	add.n	a10, a9, a10
4008307d:	012a10        	slli	a2, a10, 31
40083080:	418180        	srli	a8, a8, 1
40083083:	202280        	or	a2, a2, a8
40083086:	41a1a0        	srli	a10, a10, 1
40083089:	4acc      	bnez.n	a10, 40083091 <z_impl_k_sleep+0x7d>
4008308b:	005a56        	bnez	a10, 40083094 <z_impl_k_sleep+0x80>
4008308e:	0022d6        	bgez	a2, 40083094 <z_impl_k_sleep+0x80>
40083091:	f58521        	l32r	a2, 400806a8 <_init_end+0x2a8> (7fffffff <_rtc_force_slow_end+0x2fffffd7>)
40083094:	f01d      	retw.n
	...

40083098 <z_impl_k_wakeup>:
40083098:	004136        	entry	a1, 32
4008309b:	006370        	rsil	a7, 3
4008309e:	100282        	l8ui	a8, a2, 16
400830a1:	236827        	bbci	a8, 2, 400830c8 <z_impl_k_wakeup+0x30>
400830a4:	18c2a2        	addi	a10, a2, 24
400830a7:	0046e5        	call8	40083514 <z_abort_timeout>
400830aa:	100282        	l8ui	a8, a2, 16
400830ad:	fbaf92        	movi	a9, -5
400830b0:	108890        	and	a8, a8, a9
400830b3:	104282        	s8i	a8, a2, 16
400830b6:	20a220        	or	a10, a2, a2
400830b9:	ff8ea5        	call8	400829a4 <ready_thread>
400830bc:	07bd      	mov.n	a11, a7
400830be:	f575a1        	l32r	a10, 40080694 <_init_end+0x294> (3ffb31ac <_sched_spinlock>)
400830c1:	ffa965        	call8	40082b58 <reschedule>
400830c4:	000186        	j	400830ce <z_impl_k_wakeup+0x36>
400830c7:	00          	.byte	00
400830c8:	13e670        	wsr.ps	a7
400830cb:	002010        	rsync
400830ce:	f01d      	retw.n

400830d0 <z_impl_k_sched_current_thread_query>:
400830d0:	004136        	entry	a1, 32
400830d3:	f54081        	l32r	a8, 400805d4 <_init_end+0x1d4> (3ffb3188 <_kernel>)
400830d6:	2828      	l32i.n	a2, a8, 8
400830d8:	f01d      	retw.n
	...

400830dc <z_thread_abort>:
400830dc:	004136        	entry	a1, 32
400830df:	061272        	l16ui	a7, a2, 12
400830e2:	047070        	extui	a7, a7, 0, 1
400830e5:	006360        	rsil	a6, 3
400830e8:	100252        	l8ui	a5, a2, 16
400830eb:	096537        	bbci	a5, 3, 400830f8 <z_thread_abort+0x1c>
400830ee:	13e660        	wsr.ps	a6
400830f1:	002010        	rsync
400830f4:	004a46        	j	40083221 <z_thread_abort+0x145>
400830f7:	00          	.byte	00
400830f8:	203660        	or	a3, a6, a6
400830fb:	38c242        	addi	a4, a2, 56
400830fe:	20a220        	or	a10, a2, a2
40083101:	006f65        	call8	400837f8 <thread_active_elsewhere>
40083104:	0abc      	beqz.n	a10, 40083138 <z_thread_abort+0x5c>
40083106:	082c      	movi.n	a8, 32
40083108:	208580        	or	a8, a5, a8
4008310b:	104282        	s8i	a8, a2, 16
4008310e:	03f580        	rsr.misc1	a8
40083111:	0888      	l32i.n	a8, a8, 0
40083113:	988c      	beqz.n	a8, 40083120 <z_thread_abort+0x44>
40083115:	06bd      	mov.n	a11, a6
40083117:	02ad      	mov.n	a10, a2
40083119:	ffabe5        	call8	40082bd8 <thread_halt_spin>
4008311c:	003e86        	j	4008321a <z_thread_abort+0x13e>
4008311f:	00          	.byte	00
40083120:	20b440        	or	a11, a4, a4
40083123:	f52c81        	l32r	a8, 400805d4 <_init_end+0x1d4> (3ffb3188 <_kernel>)
40083126:	0228a2        	l32i	a10, a8, 8
40083129:	ff98e5        	call8	40082ab8 <add_to_waitq_locked>
4008312c:	06bd      	mov.n	a11, a6
4008312e:	f559a1        	l32r	a10, 40080694 <_init_end+0x294> (3ffb31ac <_sched_spinlock>)
40083131:	ff9ee5        	call8	40082b20 <z_swap>
40083134:	003886        	j	4008321a <z_thread_abort+0x13e>
40083137:	00          	.byte	00
40083138:	08a082        	movi	a8, 8
4008313b:	208580        	or	a8, a5, a8
4008313e:	748080        	extui	a8, a8, 0, 8
40083141:	104282        	s8i	a8, a2, 16
40083144:	238800        	sext	a8, a8, 7
40083147:	0198d6        	bgez	a8, 40083164 <z_thread_abort+0x88>
4008314a:	645050        	extui	a5, a5, 0, 7
4008314d:	08a082        	movi	a8, 8
40083150:	205580        	or	a5, a5, a8
40083153:	104252        	s8i	a5, a2, 16
40083156:	1298      	l32i.n	a9, a2, 4
40083158:	0288      	l32i.n	a8, a2, 0
4008315a:	0989      	s32i.n	a8, a9, 0
4008315c:	1899      	s32i.n	a9, a8, 4
4008315e:	080c      	movi.n	a8, 0
40083160:	0289      	s32i.n	a8, a2, 0
40083162:	1289      	s32i.n	a8, a2, 4
40083164:	2288      	l32i.n	a8, a2, 8
40083166:	989c      	beqz.n	a8, 40083183 <z_thread_abort+0xa7>
40083168:	1298      	l32i.n	a9, a2, 4
4008316a:	0288      	l32i.n	a8, a2, 0
4008316c:	0989      	s32i.n	a8, a9, 0
4008316e:	1899      	s32i.n	a9, a8, 4
40083170:	080c      	movi.n	a8, 0
40083172:	0289      	s32i.n	a8, a2, 0
40083174:	1289      	s32i.n	a8, a2, 4
40083176:	100292        	l8ui	a9, a2, 16
40083179:	da7c      	movi.n	a10, -3
4008317b:	1099a0        	and	a9, a9, a10
4008317e:	104292        	s8i	a9, a2, 16
40083181:	2289      	s32i.n	a8, a2, 8
40083183:	18c2a2        	addi	a10, a2, 24
40083186:	0038e5        	call8	40083514 <z_abort_timeout>
40083189:	04ad      	mov.n	a10, a4
4008318b:	ff9fe5        	call8	40082b88 <unpend_all>
4008318e:	f51181        	l32r	a8, 400805d4 <_init_end+0x1d4> (3ffb3188 <_kernel>)
40083191:	2888      	l32i.n	a8, a8, 8
40083193:	0b9287        	bne	a2, a8, 400831a2 <z_thread_abort+0xc6>
40083196:	03f590        	rsr.misc1	a9
40083199:	0998      	l32i.n	a9, a9, 0
4008319b:	a9cc      	bnez.n	a9, 400831a9 <z_thread_abort+0xcd>
4008319d:	040c      	movi.n	a4, 0
4008319f:	000206        	j	400831ab <z_thread_abort+0xcf>
400831a2:	040c      	movi.n	a4, 0
400831a4:	0000c6        	j	400831ab <z_thread_abort+0xcf>
400831a7:	00          	.byte	00
400831a8:	00          	.byte	00
400831a9:	140c      	movi.n	a4, 1
400831ab:	f50a91        	l32r	a9, 400805d4 <_init_end+0x1d4> (3ffb3188 <_kernel>)
400831ae:	6958      	l32i.n	a5, a9, 24
400831b0:	f53891        	l32r	a9, 40080690 <_init_end+0x290> (3ffb31a0 <_kernel+0x18>)
400831b3:	011597        	beq	a5, a9, 400831b8 <z_thread_abort+0xdc>
400831b6:	35cc      	bnez.n	a5, 400831bd <z_thread_abort+0xe1>
400831b8:	f50791        	l32r	a9, 400805d4 <_init_end+0x1d4> (3ffb3188 <_kernel>)
400831bb:	3958      	l32i.n	a5, a9, 12
400831bd:	041857        	beq	a8, a5, 400831c5 <z_thread_abort+0xe9>
400831c0:	05ad      	mov.n	a10, a5
400831c2:	000d65        	call8	40083298 <z_reset_time_slice>
400831c5:	f50381        	l32r	a8, 400805d4 <_init_end+0x1d4> (3ffb3188 <_kernel>)
400831c8:	5859      	s32i.n	a5, a8, 20
400831ca:	02ad      	mov.n	a10, a2
400831cc:	ff46e5        	call8	4008263c <arch_coprocessors_disable>
400831cf:	02ad      	mov.n	a10, a2
400831d1:	0013e5        	call8	40083310 <z_thread_monitor_exit>
400831d4:	f48c      	beqz.n	a4, 400831e7 <z_thread_abort+0x10b>
400831d6:	f4ff81        	l32r	a8, 400805d4 <_init_end+0x1d4> (3ffb3188 <_kernel>)
400831d9:	2888      	l32i.n	a8, a8, 8
400831db:	01a092        	movi	a9, 1
400831de:	226892        	s32i	a9, a8, 136
400831e1:	f529a1        	l32r	a10, 40080688 <_init_end+0x288> (3ffb2f98 <_thread_dummy>)
400831e4:	ff7965        	call8	4008297c <z_dummy_thread_init>
400831e7:	f4fb81        	l32r	a8, 400805d4 <_init_end+0x1d4> (3ffb3188 <_kernel>)
400831ea:	2888      	l32i.n	a8, a8, 8
400831ec:	249287        	bne	a2, a8, 40083214 <z_thread_abort+0x138>
400831ef:	03f580        	rsr.misc1	a8
400831f2:	0888      	l32i.n	a8, a8, 0
400831f4:	01c856        	bnez	a8, 40083214 <z_thread_abort+0x138>
400831f7:	061282        	l16ui	a8, a2, 12
400831fa:	0b6807        	bbci	a8, 0, 40083209 <z_thread_abort+0x12d>
400831fd:	13e630        	wsr.ps	a3
40083200:	002010        	rsync
40083203:	04a0a2        	movi	a10, 4
40083206:	fed8a5        	call8	40081f90 <xtensa_arch_except>
40083209:	06bd      	mov.n	a11, a6
4008320b:	f522a1        	l32r	a10, 40080694 <_init_end+0x294> (3ffb31ac <_sched_spinlock>)
4008320e:	ff9125        	call8	40082b20 <z_swap>
40083211:	000146        	j	4008321a <z_thread_abort+0x13e>
40083214:	13e630        	wsr.ps	a3
40083217:	002010        	rsync
4008321a:	378c      	beqz.n	a7, 40083221 <z_thread_abort+0x145>
4008321c:	4a0c      	movi.n	a10, 4
4008321e:	fed725        	call8	40081f90 <xtensa_arch_except>
40083221:	f01d      	retw.n
	...

40083224 <z_impl_k_thread_abort>:
40083224:	004136        	entry	a1, 32
40083227:	02ad      	mov.n	a10, a2
40083229:	ffeb25        	call8	400830dc <z_thread_abort>
4008322c:	f01d      	retw.n
	...

40083230 <z_time_slice_size>:
40083230:	004136        	entry	a1, 32
40083233:	028d      	mov.n	a8, a2
40083235:	100292        	l8ui	a9, a2, 16
40083238:	449090        	extui	a9, a9, 0, 5
4008323b:	79ec      	bnez.n	a9, 40083266 <z_time_slice_size+0x36>
4008323d:	f50591        	l32r	a9, 40080654 <_init_end+0x254> (3ffb2e68 <z_idle_threads>)
40083240:	281297        	beq	a2, a9, 4008326c <z_time_slice_size+0x3c>
40083243:	f51a91        	l32r	a9, 400806ac <_init_end+0x2ac> (3ffb00f8 <slice_ticks>)
40083246:	0928      	l32i.n	a2, a9, 0
40083248:	82ac      	beqz.n	a2, 40083274 <z_time_slice_size+0x44>
4008324a:	071892        	l16ui	a9, a8, 14
4008324d:	7fa0a2        	movi	a10, 127
40083250:	1e3a97        	bltu	a10, a9, 40083272 <z_time_slice_size+0x42>
40083253:	0e0882        	l8ui	a8, a8, 14
40083256:	238800        	sext	a8, a8, 7
40083259:	f51591        	l32r	a9, 400806b0 <_init_end+0x2b0> (3ffb31b0 <slice_max_prio>)
4008325c:	0998      	l32i.n	a9, a9, 0
4008325e:	12a897        	bge	a8, a9, 40083274 <z_time_slice_size+0x44>
40083261:	020c      	movi.n	a2, 0
40083263:	000346        	j	40083274 <z_time_slice_size+0x44>
40083266:	020c      	movi.n	a2, 0
40083268:	000206        	j	40083274 <z_time_slice_size+0x44>
4008326b:	00          	.byte	00
4008326c:	020c      	movi.n	a2, 0
4008326e:	000086        	j	40083274 <z_time_slice_size+0x44>
40083271:	00          	.byte	00
40083272:	020c      	movi.n	a2, 0
40083274:	f01d      	retw.n
	...

40083278 <slice_timeout>:
40083278:	004136        	entry	a1, 32
4008327b:	f50e81        	l32r	a8, 400806b4 <_init_end+0x2b4> (3ffb3030 <slice_timeouts>)
4008327e:	c08280        	sub	a8, a2, a8
40083281:	218380        	srai	a8, a8, 3
40083284:	f50d91        	l32r	a9, 400806b8 <_init_end+0x2b8> (aaaaaaab <_rtc_force_slow_end+0x5aaaaa83>)
40083287:	828890        	mull	a8, a8, a9
4008328a:	f50c91        	l32r	a9, 400806bc <_init_end+0x2bc> (3ffb31ac <_sched_spinlock>)
4008328d:	898a      	add.n	a8, a9, a8
4008328f:	190c      	movi.n	a9, 1
40083291:	004892        	s8i	a9, a8, 0
40083294:	f01d      	retw.n
	...

40083298 <z_reset_time_slice>:
40083298:	004136        	entry	a1, 32
4008329b:	20a220        	or	a10, a2, a2
4008329e:	f4cd81        	l32r	a8, 400805d4 <_init_end+0x1d4> (3ffb3188 <_kernel>)
400832a1:	100862        	l8ui	a6, a8, 16
400832a4:	fff8a5        	call8	40083230 <z_time_slice_size>
400832a7:	0a7d      	mov.n	a7, a10
400832a9:	905660        	addx2	a5, a6, a6
400832ac:	f50281        	l32r	a8, 400806b4 <_init_end+0x2b4> (3ffb3030 <slice_timeouts>)
400832af:	b05580        	addx8	a5, a5, a8
400832b2:	05ad      	mov.n	a10, a5
400832b4:	0025e5        	call8	40083514 <z_abort_timeout>
400832b7:	f50181        	l32r	a8, 400806bc <_init_end+0x2bc> (3ffb31ac <_sched_spinlock>)
400832ba:	886a      	add.n	a8, a8, a6
400832bc:	090c      	movi.n	a9, 0
400832be:	004892        	s8i	a9, a8, 0
400832c1:	b78c      	beqz.n	a7, 400832d0 <z_reset_time_slice+0x38>
400832c3:	c70b      	addi.n	a12, a7, -1
400832c5:	31dfc0        	srai	a13, a12, 31
400832c8:	f4feb1        	l32r	a11, 400806c0 <_init_end+0x2c0> (40083278 <slice_timeout>)
400832cb:	05ad      	mov.n	a10, a5
400832cd:	001265        	call8	400833f4 <z_add_timeout>
400832d0:	f01d      	retw.n
	...

400832d4 <z_time_slice>:
400832d4:	004136        	entry	a1, 32
400832d7:	006370        	rsil	a7, 3
400832da:	f4be81        	l32r	a8, 400805d4 <_init_end+0x1d4> (3ffb3188 <_kernel>)
400832dd:	022862        	l32i	a6, a8, 8
400832e0:	100892        	l8ui	a9, a8, 16
400832e3:	f4f681        	l32r	a8, 400806bc <_init_end+0x2bc> (3ffb31ac <_sched_spinlock>)
400832e6:	808890        	add	a8, a8, a9
400832e9:	000882        	l8ui	a8, a8, 0
400832ec:	589c      	beqz.n	a8, 40083305 <z_time_slice+0x31>
400832ee:	06ad      	mov.n	a10, a6
400832f0:	fff3e5        	call8	40083230 <z_time_slice_size>
400832f3:	ea8c      	beqz.n	a10, 40083305 <z_time_slice+0x31>
400832f5:	100682        	l8ui	a8, a6, 16
400832f8:	448080        	extui	a8, a8, 0, 5
400832fb:	18cc      	bnez.n	a8, 40083300 <z_time_slice+0x2c>
400832fd:	ff9d65        	call8	40082cd4 <move_current_to_end_of_prio_q>
40083300:	06ad      	mov.n	a10, a6
40083302:	fff965        	call8	40083298 <z_reset_time_slice>
40083305:	13e670        	wsr.ps	a7
40083308:	002010        	rsync
4008330b:	f01d      	retw.n
4008330d:	000000        	ill

40083310 <z_thread_monitor_exit>:
40083310:	004136        	entry	a1, 32
40083313:	0063a0        	rsil	a10, 3
40083316:	f4af81        	l32r	a8, 400805d4 <_init_end+0x1d4> (3ffb3188 <_kernel>)
40083319:	8888      	l32i.n	a8, a8, 32
4008331b:	0d9827        	bne	a8, a2, 4008332c <z_thread_monitor_exit+0x1c>
4008331e:	142892        	l32i	a9, a8, 80
40083321:	f4ac81        	l32r	a8, 400805d4 <_init_end+0x1d4> (3ffb3188 <_kernel>)
40083324:	8899      	s32i.n	a9, a8, 32
40083326:	000486        	j	4008333c <z_thread_monitor_exit+0x2c>
40083329:	00          	.byte	00
4008332a:	098d      	mov.n	a8, a9
4008332c:	488c      	beqz.n	a8, 40083334 <z_thread_monitor_exit+0x24>
4008332e:	142892        	l32i	a9, a8, 80
40083331:	f59927        	bne	a9, a2, 4008332a <z_thread_monitor_exit+0x1a>
40083334:	488c      	beqz.n	a8, 4008333c <z_thread_monitor_exit+0x2c>
40083336:	142292        	l32i	a9, a2, 80
40083339:	146892        	s32i	a9, a8, 80
4008333c:	13e6a0        	wsr.ps	a10
4008333f:	002010        	rsync
40083342:	f01d      	retw.n

40083344 <first>:
40083344:	004136        	entry	a1, 32
40083347:	f4df81        	l32r	a8, 400806c4 <_init_end+0x2c4> (3ffb00fc <timeout_list>)
4008334a:	0828      	l32i.n	a2, a8, 0
4008334c:	019287        	bne	a2, a8, 40083351 <first+0xd>
4008334f:	020c      	movi.n	a2, 0
40083351:	f01d      	retw.n
	...

40083354 <next>:
40083354:	004136        	entry	a1, 32
40083357:	d28c      	beqz.n	a2, 40083368 <next+0x14>
40083359:	f4da91        	l32r	a9, 400806c4 <_init_end+0x2c4> (3ffb00fc <timeout_list>)
4008335c:	1998      	l32i.n	a9, a9, 4
4008335e:	041297        	beq	a2, a9, 40083366 <next+0x12>
40083361:	0228      	l32i.n	a2, a2, 0
40083363:	000046        	j	40083368 <next+0x14>
40083366:	020c      	movi.n	a2, 0
40083368:	f01d      	retw.n
	...

4008336c <remove_timeout>:
4008336c:	004136        	entry	a1, 32
4008336f:	02ad      	mov.n	a10, a2
40083371:	fffe25        	call8	40083354 <next>
40083374:	4a9c      	beqz.n	a10, 4008338c <remove_timeout+0x20>
40083376:	4a98      	l32i.n	a9, a10, 16
40083378:	5a88      	l32i.n	a8, a10, 20
4008337a:	42b8      	l32i.n	a11, a2, 16
4008337c:	52c8      	l32i.n	a12, a2, 20
4008337e:	88ca      	add.n	a8, a8, a12
40083380:	99ba      	add.n	a9, a9, a11
40083382:	02b9b7        	bgeu	a9, a11, 40083388 <remove_timeout+0x1c>
40083385:	01c882        	addi	a8, a8, 1
40083388:	4a99      	s32i.n	a9, a10, 16
4008338a:	5a89      	s32i.n	a8, a10, 20
4008338c:	1298      	l32i.n	a9, a2, 4
4008338e:	0288      	l32i.n	a8, a2, 0
40083390:	0989      	s32i.n	a8, a9, 0
40083392:	1899      	s32i.n	a9, a8, 4
40083394:	080c      	movi.n	a8, 0
40083396:	0289      	s32i.n	a8, a2, 0
40083398:	1289      	s32i.n	a8, a2, 4
4008339a:	f01d      	retw.n

4008339c <next_timeout>:
4008339c:	004136        	entry	a1, 32
4008339f:	fffa65        	call8	40083344 <first>
400833a2:	2aac      	beqz.n	a10, 400833c8 <next_timeout+0x2c>
400833a4:	4a88      	l32i.n	a8, a10, 16
400833a6:	052a92        	l32i	a9, a10, 20
400833a9:	31af20        	srai	a10, a2, 31
400833ac:	c099a0        	sub	a9, a9, a10
400833af:	02b827        	bgeu	a8, a2, 400833b5 <next_timeout+0x19>
400833b2:	ffc992        	addi	a9, a9, -1
400833b5:	c02820        	sub	a2, a8, a2
400833b8:	1519e6        	bgei	a9, 1, 400833d1 <next_timeout+0x35>
400833bb:	19cc      	bnez.n	a9, 400833c0 <next_timeout+0x24>
400833bd:	010296        	bltz	a2, 400833d1 <next_timeout+0x35>
400833c0:	0109d6        	bgez	a9, 400833d4 <next_timeout+0x38>
400833c3:	020c      	movi.n	a2, 0
400833c5:	0002c6        	j	400833d4 <next_timeout+0x38>
400833c8:	f4b821        	l32r	a2, 400806a8 <_init_end+0x2a8> (7fffffff <_rtc_force_slow_end+0x2fffffd7>)
400833cb:	000146        	j	400833d4 <next_timeout+0x38>
400833ce:	00          	.byte	00
400833cf:	00          	.byte	00
400833d0:	00          	.byte	00
400833d1:	f4b521        	l32r	a2, 400806a8 <_init_end+0x2a8> (7fffffff <_rtc_force_slow_end+0x2fffffd7>)
400833d4:	f01d      	retw.n
	...

400833d8 <elapsed>:
400833d8:	004136        	entry	a1, 32
400833db:	f4bb81        	l32r	a8, 400806c8 <_init_end+0x2c8> (3ffb31b4 <announce_remaining>)
400833de:	002882        	l32i	a8, a8, 0
400833e1:	008856        	bnez	a8, 400833ed <elapsed+0x15>
400833e4:	02af25        	call8	40085ed8 <sys_clock_elapsed>
400833e7:	202aa0        	or	a2, a10, a10
400833ea:	000046        	j	400833ef <elapsed+0x17>
400833ed:	020c      	movi.n	a2, 0
400833ef:	f01d      	retw.n
400833f1:	000000        	ill

400833f4 <z_add_timeout>:
400833f4:	006136        	entry	a1, 48
400833f7:	0b0466        	bnei	a4, -1, 40083406 <z_add_timeout+0x12>
400833fa:	080566        	bnei	a5, -1, 40083406 <z_add_timeout+0x12>
400833fd:	080c      	movi.n	a8, 0
400833ff:	0189      	s32i.n	a8, a1, 0
40083401:	083d      	mov.n	a3, a8
40083403:	004186        	j	4008350d <z_add_timeout+0x119>
40083406:	2239      	s32i.n	a3, a2, 8
40083408:	080c      	movi.n	a8, 0
4008340a:	006390        	rsil	a9, 3
4008340d:	1199      	s32i.n	a9, a1, 4
4008340f:	0189      	s32i.n	a8, a1, 0
40083411:	083d      	mov.n	a3, a8
40083413:	003cc6        	j	4008350a <z_add_timeout+0x116>
40083416:	0149      	s32i.n	a4, a1, 0
40083418:	053d      	mov.n	a3, a5
4008341a:	036596        	bltz	a5, 40083454 <z_add_timeout+0x60>
4008341d:	fffba5        	call8	400833d8 <elapsed>
40083420:	0a7d      	mov.n	a7, a10
40083422:	059d      	mov.n	a9, a5
40083424:	841b      	addi.n	a8, a4, 1
40083426:	020466        	bnei	a4, -1, 4008342c <z_add_timeout+0x38>
40083429:	01c592        	addi	a9, a5, 1
4008342c:	313f70        	srai	a3, a7, 31
4008342f:	339a      	add.n	a3, a3, a9
40083431:	878a      	add.n	a8, a7, a8
40083433:	01b877        	bgeu	a8, a7, 40083438 <z_add_timeout+0x44>
40083436:	331b      	addi.n	a3, a3, 1
40083438:	4289      	s32i.n	a8, a2, 16
4008343a:	5239      	s32i.n	a3, a2, 20
4008343c:	f4a4a1        	l32r	a10, 400806cc <_init_end+0x2cc> (3ffb3048 <curr_tick>)
4008343f:	0a98      	l32i.n	a9, a10, 0
40083441:	1aa8      	l32i.n	a10, a10, 4
40083443:	33aa      	add.n	a3, a3, a10
40083445:	889a      	add.n	a8, a8, a9
40083447:	01b897        	bgeu	a8, a9, 4008344c <z_add_timeout+0x58>
4008344a:	331b      	addi.n	a3, a3, 1
4008344c:	0189      	s32i.n	a8, a1, 0
4008344e:	160c      	movi.n	a6, 1
40083450:	000d46        	j	40083489 <z_add_timeout+0x95>
40083453:	00          	.byte	00
40083454:	f49e81        	l32r	a8, 400806cc <_init_end+0x2cc> (3ffb3048 <curr_tick>)
40083457:	08a8      	l32i.n	a10, a8, 0
40083459:	1888      	l32i.n	a8, a8, 4
4008345b:	885a      	add.n	a8, a8, a5
4008345d:	9a4a      	add.n	a9, a10, a4
4008345f:	01b9a7        	bgeu	a9, a10, 40083464 <z_add_timeout+0x70>
40083462:	881b      	addi.n	a8, a8, 1
40083464:	ea7c      	movi.n	a10, -2
40083466:	fb7c      	movi.n	a11, -1
40083468:	3088b0        	xor	a8, a8, a11
4008346b:	01ba97        	bgeu	a10, a9, 40083470 <z_add_timeout+0x7c>
4008346e:	88ba      	add.n	a8, a8, a11
40083470:	992b      	addi.n	a9, a9, 2
40083472:	609090        	neg	a9, a9
40083475:	0918e6        	bgei	a8, 1, 40083482 <z_add_timeout+0x8e>
40083478:	08cc      	bnez.n	a8, 4008347c <z_add_timeout+0x88>
4008347a:	49cc      	bnez.n	a9, 40083482 <z_add_timeout+0x8e>
4008347c:	01a092        	movi	a9, 1
4008347f:	00a082        	movi	a8, 0
40083482:	046292        	s32i	a9, a2, 16
40083485:	5289      	s32i.n	a8, a2, 20
40083487:	060c      	movi.n	a6, 0
40083489:	ffeba5        	call8	40083344 <first>
4008348c:	000fc6        	j	400834cf <z_add_timeout+0xdb>
4008348f:	00          	.byte	00
40083490:	4ac8      	l32i.n	a12, a10, 16
40083492:	5ab8      	l32i.n	a11, a10, 20
40083494:	4298      	l32i.n	a9, a2, 16
40083496:	5288      	l32i.n	a8, a2, 20
40083498:	0528b7        	blt	a8, a11, 400834a1 <z_add_timeout+0xad>
4008349b:	1e9b87        	bne	a11, a8, 400834bd <z_add_timeout+0xc9>
4008349e:	1bb9c7        	bgeu	a9, a12, 400834bd <z_add_timeout+0xc9>
400834a1:	c0bb80        	sub	a11, a11, a8
400834a4:	01bc97        	bgeu	a12, a9, 400834a9 <z_add_timeout+0xb5>
400834a7:	bb0b      	addi.n	a11, a11, -1
400834a9:	c0cc90        	sub	a12, a12, a9
400834ac:	4ac9      	s32i.n	a12, a10, 16
400834ae:	5ab9      	s32i.n	a11, a10, 20
400834b0:	1a88      	l32i.n	a8, a10, 4
400834b2:	1289      	s32i.n	a8, a2, 4
400834b4:	02a9      	s32i.n	a10, a2, 0
400834b6:	0829      	s32i.n	a2, a8, 0
400834b8:	1a29      	s32i.n	a2, a10, 4
400834ba:	000886        	j	400834e0 <z_add_timeout+0xec>
400834bd:	c088b0        	sub	a8, a8, a11
400834c0:	01b9c7        	bgeu	a9, a12, 400834c5 <z_add_timeout+0xd1>
400834c3:	880b      	addi.n	a8, a8, -1
400834c5:	c099c0        	sub	a9, a9, a12
400834c8:	4299      	s32i.n	a9, a2, 16
400834ca:	5289      	s32i.n	a8, a2, 20
400834cc:	ffe865        	call8	40083354 <next>
400834cf:	fbda56        	bnez	a10, 40083490 <z_add_timeout+0x9c>
400834d2:	f47c81        	l32r	a8, 400806c4 <_init_end+0x2c4> (3ffb00fc <timeout_list>)
400834d5:	1898      	l32i.n	a9, a8, 4
400834d7:	0289      	s32i.n	a8, a2, 0
400834d9:	1299      	s32i.n	a9, a2, 4
400834db:	0929      	s32i.n	a2, a9, 0
400834dd:	016822        	s32i	a2, a8, 4
400834e0:	ffe625        	call8	40083344 <first>
400834e3:	1992a7        	bne	a2, a10, 40083500 <z_add_timeout+0x10c>
400834e6:	f47881        	l32r	a8, 400806c8 <_init_end+0x2c8> (3ffb31b4 <announce_remaining>)
400834e9:	0888      	l32i.n	a8, a8, 0
400834eb:	18dc      	bnez.n	a8, 40083500 <z_add_timeout+0x10c>
400834ed:	36cc      	bnez.n	a6, 400834f4 <z_add_timeout+0x100>
400834ef:	ffeea5        	call8	400833d8 <elapsed>
400834f2:	0a7d      	mov.n	a7, a10
400834f4:	20a770        	or	a10, a7, a7
400834f7:	ffea65        	call8	4008339c <next_timeout>
400834fa:	00a0b2        	movi	a11, 0
400834fd:	0296a5        	call8	40085e68 <sys_clock_set_timeout>
40083500:	1188      	l32i.n	a8, a1, 4
40083502:	13e680        	wsr.ps	a8
40083505:	002010        	rsync
40083508:	180c      	movi.n	a8, 1
4008350a:	f08816        	beqz	a8, 40083416 <z_add_timeout+0x22>
4008350d:	0128      	l32i.n	a2, a1, 0
4008350f:	f01d      	retw.n
40083511:	000000        	ill

40083514 <z_abort_timeout>:
40083514:	004136        	entry	a1, 32
40083517:	027d      	mov.n	a7, a2
40083519:	060c      	movi.n	a6, 0
4008351b:	006330        	rsil	a3, 3
4008351e:	a26c      	movi.n	a2, -22
40083520:	001506        	j	40083578 <z_abort_timeout+0x64>
40083523:	00          	.byte	00
40083524:	00          	.byte	00
40083525:	00          	.byte	00
40083526:	002782        	l32i	a8, a7, 0
40083529:	027816        	beqz	a8, 40083554 <z_abort_timeout+0x40>
4008352c:	ffe165        	call8	40083344 <first>
4008352f:	204aa0        	or	a4, a10, a10
40083532:	07ad      	mov.n	a10, a7
40083534:	ffe365        	call8	4008336c <remove_timeout>
40083537:	080c      	movi.n	a8, 0
40083539:	4789      	s32i.n	a8, a7, 16
4008353b:	f3e181        	l32r	a8, 400804c0 <_init_end+0xc0> (80000000 <_rtc_force_slow_end+0x2fffffd8>)
4008353e:	5789      	s32i.n	a8, a7, 20
40083540:	2a9477        	bne	a4, a7, 4008356e <z_abort_timeout+0x5a>
40083543:	ffe965        	call8	400833d8 <elapsed>
40083546:	ffe565        	call8	4008339c <next_timeout>
40083549:	0b0c      	movi.n	a11, 0
4008354b:	0291e5        	call8	40085e68 <sys_clock_set_timeout>
4008354e:	052d      	mov.n	a2, a5
40083550:	000706        	j	40083570 <z_abort_timeout+0x5c>
40083553:	00          	.byte	00
40083554:	4798      	l32i.n	a9, a7, 16
40083556:	5788      	l32i.n	a8, a7, 20
40083558:	141966        	bnei	a9, 1, 40083570 <z_abort_timeout+0x5c>
4008355b:	608180        	abs	a8, a8
4008355e:	0e78f7        	bbci	a8, 31, 40083570 <z_abort_timeout+0x5c>
40083561:	080c      	movi.n	a8, 0
40083563:	4789      	s32i.n	a8, a7, 16
40083565:	f3d681        	l32r	a8, 400804c0 <_init_end+0xc0> (80000000 <_rtc_force_slow_end+0x2fffffd8>)
40083568:	5789      	s32i.n	a8, a7, 20
4008356a:	000086        	j	40083570 <z_abort_timeout+0x5c>
4008356d:	00          	.byte	00
4008356e:	062d      	mov.n	a2, a6
40083570:	13e630        	wsr.ps	a3
40083573:	002010        	rsync
40083576:	160c      	movi.n	a6, 1
40083578:	065d      	mov.n	a5, a6
4008357a:	fa8616        	beqz	a6, 40083526 <z_abort_timeout+0x12>
4008357d:	f01d      	retw.n
	...

40083580 <sys_clock_announce_locked>:
40083580:	004136        	entry	a1, 32
40083583:	f45181        	l32r	a8, 400806c8 <_init_end+0x2c8> (3ffb31b4 <announce_remaining>)
40083586:	0829      	s32i.n	a2, a8, 0
40083588:	ffdba5        	call8	40083344 <first>
4008358b:	0a7d      	mov.n	a7, a10
4008358d:	001286        	j	400835db <sys_clock_announce_locked+0x5b>
40083590:	00          	.byte	00
40083591:	f44e81        	l32r	a8, 400806cc <_init_end+0x2cc> (3ffb3048 <curr_tick>)
40083594:	31af60        	srai	a10, a6, 31
40083597:	08b8      	l32i.n	a11, a8, 0
40083599:	1898      	l32i.n	a9, a8, 4
4008359b:	99aa      	add.n	a9, a9, a10
4008359d:	ab6a      	add.n	a10, a11, a6
4008359f:	01bab7        	bgeu	a10, a11, 400835a4 <sys_clock_announce_locked+0x24>
400835a2:	991b      	addi.n	a9, a9, 1
400835a4:	08a9      	s32i.n	a10, a8, 0
400835a6:	1899      	s32i.n	a9, a8, 4
400835a8:	080c      	movi.n	a8, 0
400835aa:	4789      	s32i.n	a8, a7, 16
400835ac:	5789      	s32i.n	a8, a7, 20
400835ae:	07ad      	mov.n	a10, a7
400835b0:	ffdba5        	call8	4008336c <remove_timeout>
400835b3:	180c      	movi.n	a8, 1
400835b5:	4789      	s32i.n	a8, a7, 16
400835b7:	f3c281        	l32r	a8, 400804c0 <_init_end+0xc0> (80000000 <_rtc_force_slow_end+0x2fffffd8>)
400835ba:	5789      	s32i.n	a8, a7, 20
400835bc:	13e630        	wsr.ps	a3
400835bf:	002010        	rsync
400835c2:	2788      	l32i.n	a8, a7, 8
400835c4:	07ad      	mov.n	a10, a7
400835c6:	0008e0        	callx8	a8
400835c9:	006330        	rsil	a3, 3
400835cc:	f43f91        	l32r	a9, 400806c8 <_init_end+0x2c8> (3ffb31b4 <announce_remaining>)
400835cf:	0988      	l32i.n	a8, a9, 0
400835d1:	c08860        	sub	a8, a8, a6
400835d4:	0989      	s32i.n	a8, a9, 0
400835d6:	ffd6e5        	call8	40083344 <first>
400835d9:	0a7d      	mov.n	a7, a10
400835db:	379c      	beqz.n	a7, 400835f2 <sys_clock_announce_locked+0x72>
400835dd:	4768      	l32i.n	a6, a7, 16
400835df:	5798      	l32i.n	a9, a7, 20
400835e1:	f43981        	l32r	a8, 400806c8 <_init_end+0x2c8> (3ffb31b4 <announce_remaining>)
400835e4:	08a8      	l32i.n	a10, a8, 0
400835e6:	318fa0        	srai	a8, a10, 31
400835e9:	052897        	blt	a8, a9, 400835f2 <sys_clock_announce_locked+0x72>
400835ec:	a19987        	bne	a9, a8, 40083591 <sys_clock_announce_locked+0x11>
400835ef:	9eba67        	bgeu	a10, a6, 40083591 <sys_clock_announce_locked+0x11>
400835f2:	b79c      	beqz.n	a7, 40083611 <sys_clock_announce_locked+0x91>
400835f4:	4798      	l32i.n	a9, a7, 16
400835f6:	5788      	l32i.n	a8, a7, 20
400835f8:	f434a1        	l32r	a10, 400806c8 <_init_end+0x2c8> (3ffb31b4 <announce_remaining>)
400835fb:	0aa8      	l32i.n	a10, a10, 0
400835fd:	31bfa0        	srai	a11, a10, 31
40083600:	c088b0        	sub	a8, a8, a11
40083603:	02b9a7        	bgeu	a9, a10, 40083609 <sys_clock_announce_locked+0x89>
40083606:	ffc882        	addi	a8, a8, -1
40083609:	c099a0        	sub	a9, a9, a10
4008360c:	4799      	s32i.n	a9, a7, 16
4008360e:	056782        	s32i	a8, a7, 20
40083611:	f42e91        	l32r	a9, 400806cc <_init_end+0x2cc> (3ffb3048 <curr_tick>)
40083614:	f42d81        	l32r	a8, 400806c8 <_init_end+0x2c8> (3ffb31b4 <announce_remaining>)
40083617:	0888      	l32i.n	a8, a8, 0
40083619:	31cf80        	srai	a12, a8, 31
4008361c:	09b8      	l32i.n	a11, a9, 0
4008361e:	19a8      	l32i.n	a10, a9, 4
40083620:	aaca      	add.n	a10, a10, a12
40083622:	8b8a      	add.n	a8, a11, a8
40083624:	01b8b7        	bgeu	a8, a11, 40083629 <sys_clock_announce_locked+0xa9>
40083627:	aa1b      	addi.n	a10, a10, 1
40083629:	006982        	s32i	a8, a9, 0
4008362c:	19a9      	s32i.n	a10, a9, 4
4008362e:	070c      	movi.n	a7, 0
40083630:	f42681        	l32r	a8, 400806c8 <_init_end+0x2c8> (3ffb31b4 <announce_remaining>)
40083633:	0879      	s32i.n	a7, a8, 0
40083635:	07ad      	mov.n	a10, a7
40083637:	ffd665        	call8	4008339c <next_timeout>
4008363a:	07bd      	mov.n	a11, a7
4008363c:	0282a5        	call8	40085e68 <sys_clock_set_timeout>
4008363f:	13e630        	wsr.ps	a3
40083642:	002010        	rsync
40083645:	ffc8e5        	call8	400832d4 <z_time_slice>
40083648:	f01d      	retw.n
	...

4008364c <sys_clock_tick_get>:
4008364c:	004136        	entry	a1, 32
4008364f:	080c      	movi.n	a8, 0
40083651:	006370        	rsil	a7, 3
40083654:	082d      	mov.n	a2, a8
40083656:	083d      	mov.n	a3, a8
40083658:	000846        	j	4008367d <sys_clock_tick_get+0x31>
4008365b:	00          	.byte	00
4008365c:	ffd7a5        	call8	400833d8 <elapsed>
4008365f:	313fa0        	srai	a3, a10, 31
40083662:	f41a91        	l32r	a9, 400806cc <_init_end+0x2cc> (3ffb3048 <curr_tick>)
40083665:	002982        	l32i	a8, a9, 0
40083668:	012992        	l32i	a9, a9, 4
4008366b:	803390        	add	a3, a3, a9
4008366e:	2a8a      	add.n	a2, a10, a8
40083670:	01b287        	bgeu	a2, a8, 40083675 <sys_clock_tick_get+0x29>
40083673:	331b      	addi.n	a3, a3, 1
40083675:	13e670        	wsr.ps	a7
40083678:	002010        	rsync
4008367b:	180c      	movi.n	a8, 1
4008367d:	fdb816        	beqz	a8, 4008365c <sys_clock_tick_get+0x10>
40083680:	f01d      	retw.n
	...

40083684 <sys_clock_tick_get_32>:
40083684:	004136        	entry	a1, 32
40083687:	fffc65        	call8	4008364c <sys_clock_tick_get>
4008368a:	0a2d      	mov.n	a2, a10
4008368c:	f01d      	retw.n
	...

40083690 <k_free>:
40083690:	004136        	entry	a1, 32
40083693:	628c      	beqz.n	a2, 4008369d <k_free+0xd>
40083695:	fcc2b2        	addi	a11, a2, -4
40083698:	0ba8      	l32i.n	a10, a11, 0
4008369a:	0006e5        	call8	40083708 <k_heap_free>
4008369d:	f01d      	retw.n
	...

400836a0 <k_malloc>:
400836a0:	004136        	entry	a1, 32
400836a3:	02cd      	mov.n	a12, a2
400836a5:	f40ad1        	l32r	a13, 400806d0 <_init_end+0x2d0> (400d04b0 <sys_heap_noalign_alloc>)
400836a8:	0b0c      	movi.n	a11, 0
400836aa:	f40aa1        	l32r	a10, 400806d4 <_init_end+0x2d4> (3ffb1e0c <_system_heap>)
400836ad:	0015e5        	call8	4008380c <z_alloc_helper>
400836b0:	0a2d      	mov.n	a2, a10
400836b2:	f01d      	retw.n

400836b4 <k_thread_system_pool_assign>:
400836b4:	004136        	entry	a1, 32
400836b7:	f40781        	l32r	a8, 400806d4 <_init_end+0x2d4> (3ffb1e0c <_system_heap>)
400836ba:	236282        	s32i	a8, a2, 140
400836bd:	f01d      	retw.n
	...

400836c0 <boot_banner>:
400836c0:	004136        	entry	a1, 32
400836c3:	f405a1        	l32r	a10, 400806d8 <_init_end+0x2d8> (3f400268 <_image_drom_vaddr+0x268>)
400836c6:	002f65        	call8	400839bc <printk>
400836c9:	f01d      	retw.n
	...

400836cc <k_heap_init>:
400836cc:	004136        	entry	a1, 32
400836cf:	20a220        	or	a10, a2, a2
400836d2:	20b330        	or	a11, a3, a3
400836d5:	20c440        	or	a12, a4, a4
400836d8:	82cb      	addi.n	a8, a2, 12
400836da:	3289      	s32i.n	a8, a2, 12
400836dc:	4289      	s32i.n	a8, a2, 16
400836de:	4cde65        	call8	400d04c4 <sys_heap_init>
400836e1:	f01d      	retw.n
	...

400836e4 <statics_init>:
400836e4:	004136        	entry	a1, 32
400836e7:	f3fd71        	l32r	a7, 400806dc <_init_end+0x2dc> (3ffb1e0c <_system_heap>)
400836ea:	000386        	j	400836fc <statics_init+0x18>
400836ed:	0227c2        	l32i	a12, a7, 8
400836f0:	0127b2        	l32i	a11, a7, 4
400836f3:	20a770        	or	a10, a7, a7
400836f6:	fffd65        	call8	400836cc <k_heap_init>
400836f9:	14c772        	addi	a7, a7, 20
400836fc:	f3f981        	l32r	a8, 400806e0 <_init_end+0x2e0> (3ffb1e20 <kheap__system_heap>)
400836ff:	ea3787        	bltu	a7, a8, 400836ed <statics_init+0x9>
40083702:	020c      	movi.n	a2, 0
40083704:	f01d      	retw.n
	...

40083708 <k_heap_free>:
40083708:	004136        	entry	a1, 32
4008370b:	20b330        	or	a11, a3, a3
4008370e:	006330        	rsil	a3, 3
40083711:	037d      	mov.n	a7, a3
40083713:	02ad      	mov.n	a10, a2
40083715:	4cce25        	call8	400d03f8 <sys_heap_free>
40083718:	a2cb      	addi.n	a10, a2, 12
4008371a:	ff7ce5        	call8	40082ee8 <z_unpend_all>
4008371d:	ba8c      	beqz.n	a10, 4008372c <k_heap_free+0x24>
4008371f:	20b330        	or	a11, a3, a3
40083722:	14c2a2        	addi	a10, a2, 20
40083725:	ff6ce5        	call8	40082df4 <z_reschedule>
40083728:	000186        	j	40083732 <k_heap_free+0x2a>
4008372b:	00          	.byte	00
4008372c:	13e630        	wsr.ps	a3
4008372f:	002010        	rsync
40083732:	f01d      	retw.n

40083734 <do_device_init>:
40083734:	004136        	entry	a1, 32
40083737:	5288      	l32i.n	a8, a2, 20
40083739:	b89c      	beqz.n	a8, 40083758 <do_device_init+0x24>
4008373b:	02ad      	mov.n	a10, a2
4008373d:	0008e0        	callx8	a8
40083740:	6a9c      	beqz.n	a10, 4008375a <do_device_init+0x26>
40083742:	002ad6        	bgez	a10, 40083748 <do_device_init+0x14>
40083745:	60a0a0        	neg	a10, a10
40083748:	ffa082        	movi	a8, 255
4008374b:	01a8a7        	bge	a8, a10, 40083750 <do_device_init+0x1c>
4008374e:	08ad      	mov.n	a10, a8
40083750:	3288      	l32i.n	a8, a2, 12
40083752:	0048a2        	s8i	a10, a8, 0
40083755:	000046        	j	4008375a <do_device_init+0x26>
40083758:	0a0c      	movi.n	a10, 0
4008375a:	3298      	l32i.n	a9, a2, 12
4008375c:	010982        	l8ui	a8, a9, 1
4008375f:	1b0c      	movi.n	a11, 1
40083761:	2088b0        	or	a8, a8, a11
40083764:	014982        	s8i	a8, a9, 1
40083767:	6020a0        	neg	a2, a10
4008376a:	f01d      	retw.n

4008376c <z_impl_device_is_ready>:
4008376c:	004136        	entry	a1, 32
4008376f:	b29c      	beqz.n	a2, 4008378e <z_impl_device_is_ready+0x22>
40083771:	3288      	l32i.n	a8, a2, 12
40083773:	010892        	l8ui	a9, a8, 1
40083776:	0a6907        	bbci	a9, 0, 40083784 <z_impl_device_is_ready+0x18>
40083779:	000882        	l8ui	a8, a8, 0
4008377c:	988c      	beqz.n	a8, 40083789 <z_impl_device_is_ready+0x1d>
4008377e:	020c      	movi.n	a2, 0
40083780:	000306        	j	40083790 <z_impl_device_is_ready+0x24>
40083783:	00          	.byte	00
40083784:	020c      	movi.n	a2, 0
40083786:	000186        	j	40083790 <z_impl_device_is_ready+0x24>
40083789:	120c      	movi.n	a2, 1
4008378b:	000046        	j	40083790 <z_impl_device_is_ready+0x24>
4008378e:	020c      	movi.n	a2, 0
40083790:	f01d      	retw.n
	...

40083794 <arch_system_halt>:
40083794:	004136        	entry	a1, 32
40083797:	006380        	rsil	a8, 3
4008379a:	ffff06        	j	4008379a <arch_system_halt+0x6>
4008379d:	000000        	ill

400837a0 <arch_spin_relax>:
400837a0:	004136        	entry	a1, 32
400837a3:	f03d      	nop.n
400837a5:	f01d      	retw.n
	...

400837a8 <z_impl_k_mutex_init>:
400837a8:	004136        	entry	a1, 32
400837ab:	028d      	mov.n	a8, a2
400837ad:	020c      	movi.n	a2, 0
400837af:	2829      	s32i.n	a2, a8, 8
400837b1:	3829      	s32i.n	a2, a8, 12
400837b3:	0889      	s32i.n	a8, a8, 0
400837b5:	1889      	s32i.n	a8, a8, 4
400837b7:	f01d      	retw.n
400837b9:	000000        	ill

400837bc <setup_thread_stack>:
400837bc:	004136        	entry	a1, 32
400837bf:	84fb      	addi.n	a8, a4, 15
400837c1:	097c      	movi.n	a9, -16
400837c3:	108890        	and	a8, a8, a9
400837c6:	88fb      	addi.n	a8, a8, 15
400837c8:	108890        	and	a8, a8, a9
400837cb:	1e6232        	s32i	a3, a2, 120
400837ce:	1f6282        	s32i	a8, a2, 124
400837d1:	090c      	movi.n	a9, 0
400837d3:	206292        	s32i	a9, a2, 128
400837d6:	238a      	add.n	a2, a3, a8
400837d8:	f01d      	retw.n
	...

400837dc <z_init_thread_base>:
400837dc:	004136        	entry	a1, 32
400837df:	080c      	movi.n	a8, 0
400837e1:	2289      	s32i.n	a8, a2, 8
400837e3:	065252        	s16i	a5, a2, 12
400837e6:	104242        	s8i	a4, a2, 16
400837e9:	0e4232        	s8i	a3, a2, 14
400837ec:	0f4282        	s8i	a8, a2, 15
400837ef:	6289      	s32i.n	a8, a2, 24
400837f1:	7289      	s32i.n	a8, a2, 28
400837f3:	f01d      	retw.n
400837f5:	000000        	ill

400837f8 <thread_active_elsewhere>:
400837f8:	004136        	entry	a1, 32
400837fb:	020c      	movi.n	a2, 0
400837fd:	f01d      	retw.n
	...

40083800 <init_ready_q>:
40083800:	004136        	entry	a1, 32
40083803:	824b      	addi.n	a8, a2, 4
40083805:	1289      	s32i.n	a8, a2, 4
40083807:	2289      	s32i.n	a8, a2, 8
40083809:	f01d      	retw.n
	...

4008380c <z_alloc_helper>:
4008380c:	004136        	entry	a1, 32
4008380f:	027d      	mov.n	a7, a2
40083811:	080c      	movi.n	a8, 0
40083813:	c44b      	addi.n	a12, a4, 4
40083815:	01bc47        	bgeu	a12, a4, 4008381a <z_alloc_helper+0xe>
40083818:	180c      	movi.n	a8, 1
4008381a:	c8dc      	bnez.n	a8, 4008383a <z_alloc_helper+0x2e>
4008381c:	480c      	movi.n	a8, 4
4008381e:	20b380        	or	a11, a3, a8
40083821:	006340        	rsil	a4, 3
40083824:	07ad      	mov.n	a10, a7
40083826:	0005e0        	callx8	a5
40083829:	0a2d      	mov.n	a2, a10
4008382b:	13e640        	wsr.ps	a4
4008382e:	002010        	rsync
40083831:	7a8c      	beqz.n	a10, 4008383c <z_alloc_helper+0x30>
40083833:	0a79      	s32i.n	a7, a10, 0
40083835:	2a4b      	addi.n	a2, a10, 4
40083837:	000046        	j	4008383c <z_alloc_helper+0x30>
4008383a:	020c      	movi.n	a2, 0
4008383c:	f01d      	retw.n
	...

40083840 <xthal_window_spill_nw>:
40083840:	034820        	rsr.windowbase	a2
40083843:	221b      	addi.n	a2, a2, 1
40083845:	400200        	ssr	a2
40083848:	034930        	rsr.windowstart	a3
4008384b:	912030        	srl	a2, a3
4008384e:	a13300        	sll	a3, a3
40083851:	0bf3d6        	bgez	a3, 40083914 <xthal_window_spill_nw+0xd4>
40083854:	f53030        	extui	a3, a3, 16, 16
40083857:	202230        	or	a2, a2, a3
4008385a:	603020        	neg	a3, a2
4008385d:	103320        	and	a3, a3, a2
40083860:	40f330        	nsau	a3, a3
40083863:	401300        	ssl	a3
40083866:	912020        	srl	a2, a2
40083869:	134920        	wsr.windowstart	a2
4008386c:	034820        	rsr.windowbase	a2
4008386f:	1fc222        	addi	a2, a2, 31
40083872:	c03230        	sub	a3, a2, a3
40083875:	134830        	wsr.windowbase	a3
40083878:	002010        	rsync
4008387b:	034920        	rsr.windowstart	a2
4008387e:	07a216        	beqz	a2, 400838fc <xthal_window_spill_nw+0xbc>
40083881:	08e207        	bbsi	a2, 0, 4008388d <xthal_window_spill_nw+0x4d>
40083884:	19e217        	bbsi	a2, 1, 400838a1 <xthal_window_spill_nw+0x61>
40083887:	3ae227        	bbsi	a2, 2, 400838c5 <xthal_window_spill_nw+0x85>
4008388a:	002306        	j	4008391a <xthal_window_spill_nw+0xda>
4008388d:	f0c932        	addi	a3, a9, -16
40083890:	0349      	s32i.n	a4, a3, 0
40083892:	1359      	s32i.n	a5, a3, 4
40083894:	2369      	s32i.n	a6, a3, 8
40083896:	3379      	s32i.n	a7, a3, 12
40083898:	416120        	srli	a6, a2, 1
4008389b:	408010        	rotw	1
4008389e:	fff706        	j	4008387e <xthal_window_spill_nw+0x3e>
400838a1:	f0cd32        	addi	a3, a13, -16
400838a4:	0349      	s32i.n	a4, a3, 0
400838a6:	1359      	s32i.n	a5, a3, 4
400838a8:	2369      	s32i.n	a6, a3, 8
400838aa:	3379      	s32i.n	a7, a3, 12
400838ac:	f4c532        	addi	a3, a5, -12
400838af:	0338      	l32i.n	a3, a3, 0
400838b1:	e0c332        	addi	a3, a3, -32
400838b4:	0389      	s32i.n	a8, a3, 0
400838b6:	1399      	s32i.n	a9, a3, 4
400838b8:	23a9      	s32i.n	a10, a3, 8
400838ba:	33b9      	s32i.n	a11, a3, 12
400838bc:	41a220        	srli	a10, a2, 2
400838bf:	408020        	rotw	2
400838c2:	ffee06        	j	4008387e <xthal_window_spill_nw+0x3e>
400838c5:	408010        	rotw	1
400838c8:	f0cdd2        	addi	a13, a13, -16
400838cb:	0d09      	s32i.n	a0, a13, 0
400838cd:	1d19      	s32i.n	a1, a13, 4
400838cf:	2d29      	s32i.n	a2, a13, 8
400838d1:	3d39      	s32i.n	a3, a13, 12
400838d3:	f4c132        	addi	a3, a1, -12
400838d6:	0338      	l32i.n	a3, a3, 0
400838d8:	10cdd2        	addi	a13, a13, 16
400838db:	d0c332        	addi	a3, a3, -48
400838de:	0349      	s32i.n	a4, a3, 0
400838e0:	1359      	s32i.n	a5, a3, 4
400838e2:	2369      	s32i.n	a6, a3, 8
400838e4:	3379      	s32i.n	a7, a3, 12
400838e6:	4389      	s32i.n	a8, a3, 16
400838e8:	5399      	s32i.n	a9, a3, 20
400838ea:	63a9      	s32i.n	a10, a3, 24
400838ec:	73b9      	s32i.n	a11, a3, 28
400838ee:	4080f0        	rotw	-1
400838f1:	41e320        	srli	a14, a2, 3
400838f4:	408030        	rotw	3
400838f7:	ffe0c6        	j	4008387e <xthal_window_spill_nw+0x3e>
400838fa:	00          	.byte	00
400838fb:	00          	.byte	00
400838fc:	408010        	rotw	1
400838ff:	034820        	rsr.windowbase	a2
40083902:	401200        	ssl	a2
40083905:	120c      	movi.n	a2, 1
40083907:	a12200        	sll	a2, a2
4008390a:	134920        	wsr.windowstart	a2
4008390d:	002010        	rsync
40083910:	020c      	movi.n	a2, 0
40083912:	f00d      	ret.n
40083914:	120c      	movi.n	a2, 1
40083916:	f00d      	ret.n
40083918:	00          	.byte	00
40083919:	00          	.byte	00
4008391a:	1122f0        	slli	a2, a2, 1
4008391d:	221b      	addi.n	a2, a2, 1
4008391f:	034830        	rsr.windowbase	a3
40083922:	0ae2f7        	bbsi	a2, 15, 40083930 <xthal_window_spill_nw+0xf0>
40083925:	330b      	addi.n	a3, a3, -1
40083927:	1122f0        	slli	a2, a2, 1
4008392a:	f762f7        	bbci	a2, 15, 40083925 <xthal_window_spill_nw+0xe5>
4008392d:	343030        	extui	a3, a3, 0, 4
40083930:	401300        	ssl	a3
40083933:	113200        	slli	a3, a2, 16
40083936:	812230        	src	a2, a2, a3
40083939:	f42020        	extui	a2, a2, 0, 16
4008393c:	134920        	wsr.windowstart	a2
4008393f:	030330        	rsr.sar	a3
40083942:	022c      	movi.n	a2, 32
40083944:	c03230        	sub	a3, a2, a3
40083947:	134830        	wsr.windowbase	a3
4008394a:	002010        	rsync
4008394d:	220c      	movi.n	a2, 2
4008394f:	f00d      	ret.n
40083951:	000000        	ill

40083954 <xthal_window_spill>:
40083954:	002136        	entry	a1, 16
40083957:	f36361        	l32r	a6, 400806e4 <_init_end+0x2e4> (fffbfff0 <_rtc_force_slow_end+0xaffbffc8>)
4008395a:	03e650        	rsr.ps	a5
4008395d:	004d      	mov.n	a4, a0
4008395f:	102560        	and	a2, a5, a6
40083962:	223b      	addi.n	a2, a2, 3
40083964:	13e620        	wsr.ps	a2
40083967:	002010        	rsync
4008396a:	ffed45        	call0	40083840 <xthal_window_spill_nw>
4008396d:	040d      	mov.n	a0, a4
4008396f:	13e650        	wsr.ps	a5
40083972:	002010        	rsync
40083975:	f01d      	retw.n
	...

40083978 <char_out>:
40083978:	004136        	entry	a1, 32
4008397b:	02ad      	mov.n	a10, a2
4008397d:	f35a81        	l32r	a8, 400806e8 <_init_end+0x2e8> (3ffb0078 <_char_out>)
40083980:	0888      	l32i.n	a8, a8, 0
40083982:	0008e0        	callx8	a8
40083985:	0a2d      	mov.n	a2, a10
40083987:	f01d      	retw.n
40083989:	000000        	ill

4008398c <vprintk>:
4008398c:	008136        	entry	a1, 64
4008398f:	4139      	s32i.n	a3, a1, 16
40083991:	5149      	s32i.n	a4, a1, 20
40083993:	6159      	s32i.n	a5, a1, 24
40083995:	0c1c      	movi.n	a12, 16
40083997:	0b0c      	movi.n	a11, 0
40083999:	01ad      	mov.n	a10, a1
4008399b:	f30b81        	l32r	a8, 400805c8 <_init_end+0x1c8> (4000c44c <memset>)
4008399e:	0008e0        	callx8	a8
400839a1:	280c      	movi.n	a8, 2
400839a3:	024182        	s8i	a8, a1, 2
400839a6:	f35181        	l32r	a8, 400806ec <_init_end+0x2ec> (40083978 <char_out>)
400839a9:	1189      	s32i.n	a8, a1, 4
400839ab:	41c8      	l32i.n	a12, a1, 16
400839ad:	51d8      	l32i.n	a13, a1, 20
400839af:	61e8      	l32i.n	a14, a1, 24
400839b1:	02bd      	mov.n	a11, a2
400839b3:	01ad      	mov.n	a10, a1
400839b5:	4f40a5        	call8	400d2dc0 <__l_vfprintf>
400839b8:	f01d      	retw.n
	...

400839bc <printk>:
400839bc:	00a136        	entry	a1, 80
400839bf:	5139      	s32i.n	a3, a1, 20
400839c1:	6149      	s32i.n	a4, a1, 24
400839c3:	7159      	s32i.n	a5, a1, 28
400839c5:	8169      	s32i.n	a6, a1, 32
400839c7:	9179      	s32i.n	a7, a1, 36
400839c9:	02ad      	mov.n	a10, a2
400839cb:	10c1c2        	addi	a12, a1, 16
400839ce:	11c9      	s32i.n	a12, a1, 4
400839d0:	30c1b2        	addi	a11, a1, 48
400839d3:	01b9      	s32i.n	a11, a1, 0
400839d5:	4d0c      	movi.n	a13, 4
400839d7:	21d9      	s32i.n	a13, a1, 8
400839d9:	fffb25        	call8	4008398c <vprintk>
400839dc:	f01d      	retw.n
	...

400839e0 <map_rom_segments>:
400839e0:	00a136        	entry	a1, 80
400839e3:	9129      	s32i.n	a2, a1, 36
400839e5:	0398      	l32i.n	a9, a3, 0
400839e7:	f28a81        	l32r	a8, 40080410 <_init_end+0x10> (ffff0000 <_rtc_force_slow_end+0xaffeffd8>)
400839ea:	109980        	and	a9, a9, a8
400839ed:	a199      	s32i.n	a9, a1, 40
400839ef:	1358      	l32i.n	a5, a3, 4
400839f1:	105580        	and	a5, a5, a8
400839f4:	3398      	l32i.n	a9, a3, 12
400839f6:	109980        	and	a9, a9, a8
400839f9:	b199      	s32i.n	a9, a1, 44
400839fb:	4348      	l32i.n	a4, a3, 16
400839fd:	104480        	and	a4, a4, a8
40083a00:	060c      	movi.n	a6, 0
40083a02:	068d      	mov.n	a8, a6
40083a04:	8169      	s32i.n	a6, a1, 32
40083a06:	f34371        	l32r	a7, 40080714 <_init_end+0x314> (1018 <CONFIG_BOOTLOADER_OFFSET_IN_FLASH+0x18>)
40083a09:	008e86        	j	40083c47 <map_rom_segments+0x267>
40083a0c:	00          	.byte	00
40083a0d:	01a0d2        	movi	a13, 1
40083a10:	08a0c2        	movi	a12, 8
40083a13:	10c1b2        	addi	a11, a1, 16
40083a16:	07ad      	mov.n	a10, a7
40083a18:	0543a5        	call8	40088e54 <esp_rom_flash_read>
40083a1b:	fa8c      	beqz.n	a10, 40083a2e <map_rom_segments+0x4e>
40083a1d:	07cd      	mov.n	a12, a7
40083a1f:	f33eb1        	l32r	a11, 40080718 <_init_end+0x318> (3ffb027c <levels$0+0x58>)
40083a22:	f33ea1        	l32r	a10, 4008071c <_init_end+0x31c> (3ffb0284 <levels$0+0x60>)
40083a25:	f2b781        	l32r	a8, 40080504 <_init_end+0x104> (40007d54 <esp_rom_printf>)
40083a28:	0008e0        	callx8	a8
40083a2b:	4dc3e5        	call8	400d1668 <abort>
40083a2e:	41e8      	l32i.n	a14, a1, 16
40083a30:	f33c91        	l32r	a9, 40080720 <_init_end+0x320> (bff30000 <_rtc_force_slow_end+0x6ff2ffd8>)
40083a33:	9e9a      	add.n	a9, a14, a9
40083a35:	f33ba1        	l32r	a10, 40080724 <_init_end+0x324> (c0c00000 <_rtc_force_slow_end+0x70bfffd8>)
40083a38:	aeaa      	add.n	a10, a14, a10
40083a3a:	01a082        	movi	a8, 1
40083a3d:	f33ab1        	l32r	a11, 40080728 <_init_end+0x328> (32ffff <CONFIG_SOC_ADC_SAMPLE_FREQ_THRES_HIGH+0x147b7f>)
40083a40:	023b97        	bltu	a11, a9, 40083a46 <map_rom_segments+0x66>
40083a43:	00a082        	movi	a8, 0
40083a46:	1b0c      	movi.n	a11, 1
40083a48:	f339c1        	l32r	a12, 4008072c <_init_end+0x32c> (3fffff <CONFIG_SOC_ADC_SAMPLE_FREQ_THRES_HIGH+0x217b7f>)
40083a4b:	023ca7        	bltu	a12, a10, 40083a51 <map_rom_segments+0x71>
40083a4e:	00a0b2        	movi	a11, 0
40083a51:	1088b0        	and	a8, a8, a11
40083a54:	748080        	extui	a8, a8, 0, 8
40083a57:	04e816        	beqz	a8, 40083aa9 <map_rom_segments+0xc9>
40083a5a:	f33581        	l32r	a8, 40080730 <_init_end+0x330> (bff80000 <_rtc_force_slow_end+0x6ff7ffd8>)
40083a5d:	8e8a      	add.n	a8, a14, a8
40083a5f:	f335b1        	l32r	a11, 40080734 <_init_end+0x334> (29fff <_image_irom_start+0x9fff>)
40083a62:	43bb87        	bgeu	a11, a8, 40083aa9 <map_rom_segments+0xc9>
40083a65:	f33481        	l32r	a8, 40080738 <_init_end+0x338> (c0052000 <_rtc_force_slow_end+0x70051fd8>)
40083a68:	8e8a      	add.n	a8, a14, a8
40083a6a:	f334b1        	l32r	a11, 4008073c <_init_end+0x33c> (51fff <procpu_iram0_len+0x19fff>)
40083a6d:	38bb87        	bgeu	a11, a8, 40083aa9 <map_rom_segments+0xc9>
40083a70:	5ebc      	beqz.n	a14, 40083aa9 <map_rom_segments+0xc9>
40083a72:	f333b1        	l32r	a11, 40080740 <_init_end+0x340> (c0080000 <_rtc_force_slow_end+0x7007ffd8>)
40083a75:	beba      	add.n	a11, a14, a11
40083a77:	180c      	movi.n	a8, 1
40083a79:	f332c1        	l32r	a12, 40080744 <_init_end+0x344> (1fff <CONFIG_BOOTLOADER_OFFSET_IN_FLASH+0xfff>)
40083a7c:	013cb7        	bltu	a12, a11, 40083a81 <map_rom_segments+0xa1>
40083a7f:	080c      	movi.n	a8, 0
40083a81:	f331b1        	l32r	a11, 40080748 <_init_end+0x348> (bff40000 <_rtc_force_slow_end+0x6ff3ffd8>)
40083a84:	beba      	add.n	a11, a14, a11
40083a86:	1c0c      	movi.n	a12, 1
40083a88:	f32fd1        	l32r	a13, 40080744 <_init_end+0x344> (1fff <CONFIG_BOOTLOADER_OFFSET_IN_FLASH+0xfff>)
40083a8b:	023db7        	bltu	a13, a11, 40083a91 <map_rom_segments+0xb1>
40083a8e:	00a0c2        	movi	a12, 0
40083a91:	1088c0        	and	a8, a8, a12
40083a94:	748080        	extui	a8, a8, 0, 8
40083a97:	00e816        	beqz	a8, 40083aa9 <map_rom_segments+0xc9>
40083a9a:	f32c81        	l32r	a8, 4008074c <_init_end+0x34c> (b0000000 <_rtc_force_slow_end+0x5fffffd8>)
40083a9d:	808e80        	add	a8, a14, a8
40083aa0:	f329b1        	l32r	a11, 40080744 <_init_end+0x344> (1fff <CONFIG_BOOTLOADER_OFFSET_IN_FLASH+0xfff>)
40083aa3:	02bb87        	bgeu	a11, a8, 40083aa9 <map_rom_segments+0xc9>
40083aa6:	0069c6        	j	40083c51 <map_rom_segments+0x271>
40083aa9:	0f8e16        	beqz	a14, 40083ba5 <map_rom_segments+0x1c5>
40083aac:	180c      	movi.n	a8, 1
40083aae:	f31eb1        	l32r	a11, 40080728 <_init_end+0x328> (32ffff <CONFIG_SOC_ADC_SAMPLE_FREQ_THRES_HIGH+0x147b7f>)
40083ab1:	01bb97        	bgeu	a11, a9, 40083ab6 <map_rom_segments+0xd6>
40083ab4:	080c      	movi.n	a8, 0
40083ab6:	1b0c      	movi.n	a11, 1
40083ab8:	f31dc1        	l32r	a12, 4008072c <_init_end+0x32c> (3fffff <CONFIG_SOC_ADC_SAMPLE_FREQ_THRES_HIGH+0x217b7f>)
40083abb:	01bca7        	bgeu	a12, a10, 40083ac0 <map_rom_segments+0xe0>
40083abe:	0b0c      	movi.n	a11, 0
40083ac0:	2088b0        	or	a8, a8, a11
40083ac3:	748080        	extui	a8, a8, 0, 8
40083ac6:	04a856        	bnez	a8, 40083b14 <map_rom_segments+0x134>
40083ac9:	f31981        	l32r	a8, 40080730 <_init_end+0x330> (bff80000 <_rtc_force_slow_end+0x6ff7ffd8>)
40083acc:	8e8a      	add.n	a8, a14, a8
40083ace:	f319b1        	l32r	a11, 40080734 <_init_end+0x334> (29fff <_image_irom_start+0x9fff>)
40083ad1:	3fbb87        	bgeu	a11, a8, 40083b14 <map_rom_segments+0x134>
40083ad4:	f31981        	l32r	a8, 40080738 <_init_end+0x338> (c0052000 <_rtc_force_slow_end+0x70051fd8>)
40083ad7:	8e8a      	add.n	a8, a14, a8
40083ad9:	f318b1        	l32r	a11, 4008073c <_init_end+0x33c> (51fff <procpu_iram0_len+0x19fff>)
40083adc:	34bb87        	bgeu	a11, a8, 40083b14 <map_rom_segments+0x134>
40083adf:	f318b1        	l32r	a11, 40080740 <_init_end+0x340> (c0080000 <_rtc_force_slow_end+0x7007ffd8>)
40083ae2:	80beb0        	add	a11, a14, a11
40083ae5:	01a082        	movi	a8, 1
40083ae8:	f317c1        	l32r	a12, 40080744 <_init_end+0x344> (1fff <CONFIG_BOOTLOADER_OFFSET_IN_FLASH+0xfff>)
40083aeb:	02bcb7        	bgeu	a12, a11, 40083af1 <map_rom_segments+0x111>
40083aee:	00a082        	movi	a8, 0
40083af1:	f315b1        	l32r	a11, 40080748 <_init_end+0x348> (bff40000 <_rtc_force_slow_end+0x6ff3ffd8>)
40083af4:	beba      	add.n	a11, a14, a11
40083af6:	1c0c      	movi.n	a12, 1
40083af8:	f313d1        	l32r	a13, 40080744 <_init_end+0x344> (1fff <CONFIG_BOOTLOADER_OFFSET_IN_FLASH+0xfff>)
40083afb:	02bdb7        	bgeu	a13, a11, 40083b01 <map_rom_segments+0x121>
40083afe:	00a0c2        	movi	a12, 0
40083b01:	2088c0        	or	a8, a8, a12
40083b04:	748080        	extui	a8, a8, 0, 8
40083b07:	98cc      	bnez.n	a8, 40083b14 <map_rom_segments+0x134>
40083b09:	f31081        	l32r	a8, 4008074c <_init_end+0x34c> (b0000000 <_rtc_force_slow_end+0x5fffffd8>)
40083b0c:	8e8a      	add.n	a8, a14, a8
40083b0e:	f30db1        	l32r	a11, 40080744 <_init_end+0x344> (1fff <CONFIG_BOOTLOADER_OFFSET_IN_FLASH+0xfff>)
40083b11:	433b87        	bltu	a11, a8, 40083b58 <map_rom_segments+0x178>
40083b14:	f30981        	l32r	a8, 40080738 <_init_end+0x338> (c0052000 <_rtc_force_slow_end+0x70051fd8>)
40083b17:	8e8a      	add.n	a8, a14, a8
40083b19:	f308b1        	l32r	a11, 4008073c <_init_end+0x33c> (51fff <procpu_iram0_len+0x19fff>)
40083b1c:	40bb87        	bgeu	a11, a8, 40083b60 <map_rom_segments+0x180>
40083b1f:	f30481        	l32r	a8, 40080730 <_init_end+0x330> (bff80000 <_rtc_force_slow_end+0x6ff7ffd8>)
40083b22:	8e8a      	add.n	a8, a14, a8
40083b24:	f304b1        	l32r	a11, 40080734 <_init_end+0x334> (29fff <_image_irom_start+0x9fff>)
40083b27:	3dbb87        	bgeu	a11, a8, 40083b68 <map_rom_segments+0x188>
40083b2a:	f2ff81        	l32r	a8, 40080728 <_init_end+0x328> (32ffff <CONFIG_SOC_ADC_SAMPLE_FREQ_THRES_HIGH+0x147b7f>)
40083b2d:	3fb897        	bgeu	a8, a9, 40083b70 <map_rom_segments+0x190>
40083b30:	f2ff81        	l32r	a8, 4008072c <_init_end+0x32c> (3fffff <CONFIG_SOC_ADC_SAMPLE_FREQ_THRES_HIGH+0x217b7f>)
40083b33:	41b8a7        	bgeu	a8, a10, 40083b78 <map_rom_segments+0x198>
40083b36:	f30481        	l32r	a8, 40080748 <_init_end+0x348> (bff40000 <_rtc_force_slow_end+0x6ff3ffd8>)
40083b39:	8e8a      	add.n	a8, a14, a8
40083b3b:	f30291        	l32r	a9, 40080744 <_init_end+0x344> (1fff <CONFIG_BOOTLOADER_OFFSET_IN_FLASH+0xfff>)
40083b3e:	3eb987        	bgeu	a9, a8, 40083b80 <map_rom_segments+0x1a0>
40083b41:	f2ff81        	l32r	a8, 40080740 <_init_end+0x340> (c0080000 <_rtc_force_slow_end+0x7007ffd8>)
40083b44:	8e8a      	add.n	a8, a14, a8
40083b46:	3eb987        	bgeu	a9, a8, 40083b88 <map_rom_segments+0x1a8>
40083b49:	f30081        	l32r	a8, 4008074c <_init_end+0x34c> (b0000000 <_rtc_force_slow_end+0x5fffffd8>)
40083b4c:	8e8a      	add.n	a8, a14, a8
40083b4e:	3e3987        	bltu	a9, a8, 40083b90 <map_rom_segments+0x1b0>
40083b51:	f2efc1        	l32r	a12, 40080710 <_init_end+0x310> (3ffb0270 <levels$0+0x4c>)
40083b54:	000ec6        	j	40083b93 <map_rom_segments+0x1b3>
40083b57:	00          	.byte	00
40083b58:	f2e7c1        	l32r	a12, 400806f4 <_init_end+0x2f4> (3ffb0240 <levels$0+0x1c>)
40083b5b:	000d06        	j	40083b93 <map_rom_segments+0x1b3>
40083b5e:	00          	.byte	00
40083b5f:	00          	.byte	00
40083b60:	f2e4c1        	l32r	a12, 400806f0 <_init_end+0x2f0> (3ffb0264 <levels$0+0x40>)
40083b63:	000b06        	j	40083b93 <map_rom_segments+0x1b3>
40083b66:	00          	.byte	00
40083b67:	00          	.byte	00
40083b68:	f2e4c1        	l32r	a12, 400806f8 <_init_end+0x2f8> (3ffb0258 <levels$0+0x34>)
40083b6b:	000906        	j	40083b93 <map_rom_segments+0x1b3>
40083b6e:	00          	.byte	00
40083b6f:	00          	.byte	00
40083b70:	f2e3c1        	l32r	a12, 400806fc <_init_end+0x2fc> (3ffb0244 <levels$0+0x20>)
40083b73:	000706        	j	40083b93 <map_rom_segments+0x1b3>
40083b76:	00          	.byte	00
40083b77:	00          	.byte	00
40083b78:	f2e2c1        	l32r	a12, 40080700 <_init_end+0x300> (3ffb024c <levels$0+0x28>)
40083b7b:	000506        	j	40083b93 <map_rom_segments+0x1b3>
40083b7e:	00          	.byte	00
40083b7f:	00          	.byte	00
40083b80:	f2e1c1        	l32r	a12, 40080704 <_init_end+0x304> (3ffb0254 <levels$0+0x30>)
40083b83:	000306        	j	40083b93 <map_rom_segments+0x1b3>
40083b86:	00          	.byte	00
40083b87:	00          	.byte	00
40083b88:	f2e0c1        	l32r	a12, 40080708 <_init_end+0x308> (3ffb0260 <levels$0+0x3c>)
40083b8b:	000106        	j	40083b93 <map_rom_segments+0x1b3>
40083b8e:	00          	.byte	00
40083b8f:	00          	.byte	00
40083b90:	f2dfc1        	l32r	a12, 4008070c <_init_end+0x30c> (3ffb026c <levels$0+0x48>)
40083b93:	51f8      	l32i.n	a15, a1, 20
40083b95:	01f9      	s32i.n	a15, a1, 0
40083b97:	d78b      	addi.n	a13, a7, 8
40083b99:	f2dfb1        	l32r	a11, 40080718 <_init_end+0x318> (3ffb027c <levels$0+0x58>)
40083b9c:	f2eda1        	l32r	a10, 40080750 <_init_end+0x350> (3ffb02b4 <levels$0+0x90>)
40083b9f:	f25981        	l32r	a8, 40080504 <_init_end+0x104> (40007d54 <esp_rom_printf>)
40083ba2:	0008e0        	callx8	a8
40083ba5:	4188      	l32i.n	a8, a1, 16
40083ba7:	3398      	l32i.n	a9, a3, 12
40083ba9:	099897        	bne	a8, a9, 40083bb6 <map_rom_segments+0x1d6>
40083bac:	478b      	addi.n	a4, a7, 8
40083bae:	4349      	s32i.n	a4, a3, 16
40083bb0:	f54040        	extui	a4, a4, 16, 16
40083bb3:	114400        	slli	a4, a4, 16
40083bb6:	0398      	l32i.n	a9, a3, 0
40083bb8:	099897        	bne	a8, a9, 40083bc5 <map_rom_segments+0x1e5>
40083bbb:	578b      	addi.n	a5, a7, 8
40083bbd:	1359      	s32i.n	a5, a3, 4
40083bbf:	f55050        	extui	a5, a5, 16, 16
40083bc2:	115500        	slli	a5, a5, 16
40083bc5:	f2daa1        	l32r	a10, 40080730 <_init_end+0x330> (bff80000 <_rtc_force_slow_end+0x6ff7ffd8>)
40083bc8:	a8aa      	add.n	a10, a8, a10
40083bca:	190c      	movi.n	a9, 1
40083bcc:	f2dab1        	l32r	a11, 40080734 <_init_end+0x334> (29fff <_image_irom_start+0x9fff>)
40083bcf:	02bba7        	bgeu	a11, a10, 40083bd5 <map_rom_segments+0x1f5>
40083bd2:	00a092        	movi	a9, 0
40083bd5:	f2d8a1        	l32r	a10, 40080738 <_init_end+0x338> (c0052000 <_rtc_force_slow_end+0x70051fd8>)
40083bd8:	a8aa      	add.n	a10, a8, a10
40083bda:	1b0c      	movi.n	a11, 1
40083bdc:	f2d8c1        	l32r	a12, 4008073c <_init_end+0x33c> (51fff <procpu_iram0_len+0x19fff>)
40083bdf:	02bca7        	bgeu	a12, a10, 40083be5 <map_rom_segments+0x205>
40083be2:	00a0b2        	movi	a11, 0
40083be5:	2099b0        	or	a9, a9, a11
40083be8:	749090        	extui	a9, a9, 0, 8
40083beb:	19fc      	bnez.n	a9, 40083c20 <map_rom_segments+0x240>
40083bed:	f2d4a1        	l32r	a10, 40080740 <_init_end+0x340> (c0080000 <_rtc_force_slow_end+0x7007ffd8>)
40083bf0:	a8aa      	add.n	a10, a8, a10
40083bf2:	190c      	movi.n	a9, 1
40083bf4:	f2d4b1        	l32r	a11, 40080744 <_init_end+0x344> (1fff <CONFIG_BOOTLOADER_OFFSET_IN_FLASH+0xfff>)
40083bf7:	02bba7        	bgeu	a11, a10, 40083bfd <map_rom_segments+0x21d>
40083bfa:	00a092        	movi	a9, 0
40083bfd:	f2d2a1        	l32r	a10, 40080748 <_init_end+0x348> (bff40000 <_rtc_force_slow_end+0x6ff3ffd8>)
40083c00:	a8aa      	add.n	a10, a8, a10
40083c02:	1b0c      	movi.n	a11, 1
40083c04:	f2d0c1        	l32r	a12, 40080744 <_init_end+0x344> (1fff <CONFIG_BOOTLOADER_OFFSET_IN_FLASH+0xfff>)
40083c07:	02bca7        	bgeu	a12, a10, 40083c0d <map_rom_segments+0x22d>
40083c0a:	00a0b2        	movi	a11, 0
40083c0d:	2099b0        	or	a9, a9, a11
40083c10:	749090        	extui	a9, a9, 0, 8
40083c13:	99cc      	bnez.n	a9, 40083c20 <map_rom_segments+0x240>
40083c15:	f2cd91        	l32r	a9, 4008074c <_init_end+0x34c> (b0000000 <_rtc_force_slow_end+0x5fffffd8>)
40083c18:	889a      	add.n	a8, a8, a9
40083c1a:	f2ca91        	l32r	a9, 40080744 <_init_end+0x344> (1fff <CONFIG_BOOTLOADER_OFFSET_IN_FLASH+0xfff>)
40083c1d:	013987        	bltu	a9, a8, 40083c22 <map_rom_segments+0x242>
40083c20:	661b      	addi.n	a6, a6, 1
40083c22:	5188      	l32i.n	a8, a1, 20
40083c24:	887a      	add.n	a8, a8, a7
40083c26:	788b      	addi.n	a7, a8, 8
40083c28:	f2cb81        	l32r	a8, 40080754 <_init_end+0x354> (3ffb3050 <bootloader_image_hdr>)
40083c2b:	010882        	l8ui	a8, a8, 1
40083c2e:	139867        	bne	a8, a6, 40083c45 <map_rom_segments+0x265>
40083c31:	8188      	l32i.n	a8, a1, 32
40083c33:	e8cc      	bnez.n	a8, 40083c45 <map_rom_segments+0x265>
40083c35:	f87c      	movi.n	a8, -1
40083c37:	308780        	xor	a8, a7, a8
40083c3a:	348080        	extui	a8, a8, 0, 4
40083c3d:	887a      	add.n	a8, a8, a7
40083c3f:	781b      	addi.n	a7, a8, 1
40083c41:	180c      	movi.n	a8, 1
40083c43:	8189      	s32i.n	a8, a1, 32
40083c45:	028d      	mov.n	a8, a2
40083c47:	281b      	addi.n	a2, a8, 1
40083c49:	f90c      	movi.n	a9, 15
40083c4b:	023987        	bltu	a9, a8, 40083c51 <map_rom_segments+0x271>
40083c4e:	ff6ec6        	j	40083a0d <map_rom_segments+0x2d>
40083c51:	40f280        	nsau	a8, a2
40083c54:	418580        	srli	a8, a8, 5
40083c57:	f0c2b2        	addi	a11, a2, -16
40083c5a:	40fbb0        	nsau	a11, a11
40083c5d:	41b5b0        	srli	a11, a11, 5
40083c60:	2088b0        	or	a8, a8, a11
40083c63:	00e816        	beqz	a8, 40083c75 <map_rom_segments+0x295>
40083c66:	f2acb1        	l32r	a11, 40080718 <_init_end+0x318> (3ffb027c <levels$0+0x58>)
40083c69:	f2bba1        	l32r	a10, 40080758 <_init_end+0x358> (3ffb02e8 <levels$0+0xc4>)
40083c6c:	f22681        	l32r	a8, 40080504 <_init_end+0x104> (40007d54 <esp_rom_printf>)
40083c6f:	0008e0        	callx8	a8
40083c72:	4d9f65        	call8	400d1668 <abort>
40083c75:	0a0c      	movi.n	a10, 0
40083c77:	fd45e5        	call8	400810d4 <esp_rom_output_tx_wait_idle>
40083c7a:	9178      	l32i.n	a7, a1, 36
40083c7c:	07ad      	mov.n	a10, a7
40083c7e:	f1ea81        	l32r	a8, 40080428 <_init_end+0x28> (40009ab8 <Cache_Read_Disable_rom>)
40083c81:	0008e0        	callx8	a8
40083c84:	07ad      	mov.n	a10, a7
40083c86:	f1df81        	l32r	a8, 40080404 <_init_end+0x4> (40009a14 <Cache_Flush_rom>)
40083c89:	0008e0        	callx8	a8
40083c8c:	17cc      	bnez.n	a7, 40083c91 <map_rom_segments+0x2b1>
40083c8e:	022aa5        	call8	40085f38 <mmu_hal_unmap_all>
40083c91:	53f8      	l32i.n	a15, a3, 20
40083c93:	f1e071        	l32r	a7, 40080414 <_init_end+0x14> (ffff <_image_ram_size+0x3c3f>)
40083c96:	ff7a      	add.n	a15, a15, a7
40083c98:	f5f0f0        	extui	a15, a15, 16, 16
40083c9b:	0e4c      	movi.n	a14, 64
40083c9d:	04dd      	mov.n	a13, a4
40083c9f:	b1c8      	l32i.n	a12, a1, 44
40083ca1:	0b0c      	movi.n	a11, 0
40083ca3:	9148      	l32i.n	a4, a1, 36
40083ca5:	04ad      	mov.n	a10, a4
40083ca7:	f2b481        	l32r	a8, 40080778 <_init_end+0x378> (400095e0 <cache_flash_mmu_set_rom>)
40083caa:	0008e0        	callx8	a8
40083cad:	0a6d      	mov.n	a6, a10
40083caf:	23f8      	l32i.n	a15, a3, 8
40083cb1:	ff7a      	add.n	a15, a15, a7
40083cb3:	f5f0f0        	extui	a15, a15, 16, 16
40083cb6:	0e4c      	movi.n	a14, 64
40083cb8:	05dd      	mov.n	a13, a5
40083cba:	a1c8      	l32i.n	a12, a1, 40
40083cbc:	00a0b2        	movi	a11, 0
40083cbf:	20a440        	or	a10, a4, a4
40083cc2:	f2ad81        	l32r	a8, 40080778 <_init_end+0x378> (400095e0 <cache_flash_mmu_set_rom>)
40083cc5:	0008e0        	callx8	a8
40083cc8:	2066a0        	or	a6, a6, a10
40083ccb:	f68c      	beqz.n	a6, 40083cde <map_rom_segments+0x2fe>
40083ccd:	06cd      	mov.n	a12, a6
40083ccf:	f292b1        	l32r	a11, 40080718 <_init_end+0x318> (3ffb027c <levels$0+0x58>)
40083cd2:	f2a2a1        	l32r	a10, 4008075c <_init_end+0x35c> (3ffb0308 <levels$0+0xe4>)
40083cd5:	f20b81        	l32r	a8, 40080504 <_init_end+0x104> (40007d54 <esp_rom_printf>)
40083cd8:	0008e0        	callx8	a8
40083cdb:	4d98e5        	call8	400d1668 <abort>
40083cde:	5388      	l32i.n	a8, a3, 20
40083ce0:	b1a8      	l32i.n	a10, a1, 44
40083ce2:	88aa      	add.n	a8, a8, a10
40083ce4:	880b      	addi.n	a8, a8, -1
40083ce6:	f29e91        	l32r	a9, 40080760 <_init_end+0x360> (407fffff <__rom_region_end+0x72c15f>)
40083ce9:	5439a7        	bltu	a9, a10, 40083d41 <map_rom_segments+0x361>
40083cec:	f29e91        	l32r	a9, 40080764 <_init_end+0x364> (403fffff <__rom_region_end+0x32c15f>)
40083cef:	14b9a7        	bgeu	a9, a10, 40083d07 <map_rom_segments+0x327>
40083cf2:	f29b91        	l32r	a9, 40080760 <_init_end+0x360> (407fffff <__rom_region_end+0x72c15f>)
40083cf5:	04b987        	bgeu	a9, a8, 40083cfd <map_rom_segments+0x31d>
40083cf8:	480c      	movi.n	a8, 4
40083cfa:	000046        	j	40083cff <map_rom_segments+0x31f>
40083cfd:	080c      	movi.n	a8, 0
40083cff:	290c      	movi.n	a9, 2
40083d01:	208890        	or	a8, a8, a9
40083d04:	001006        	j	40083d48 <map_rom_segments+0x368>
40083d07:	f29891        	l32r	a9, 40080768 <_init_end+0x368> (400cffff <rtc_iram_org+0xffff>)
40083d0a:	b1a8      	l32i.n	a10, a1, 44
40083d0c:	24b9a7        	bgeu	a9, a10, 40083d34 <map_rom_segments+0x354>
40083d0f:	f29591        	l32r	a9, 40080764 <_init_end+0x364> (403fffff <__rom_region_end+0x32c15f>)
40083d12:	0cb987        	bgeu	a9, a8, 40083d22 <map_rom_segments+0x342>
40083d15:	f29291        	l32r	a9, 40080760 <_init_end+0x360> (407fffff <__rom_region_end+0x72c15f>)
40083d18:	0db987        	bgeu	a9, a8, 40083d29 <map_rom_segments+0x349>
40083d1b:	390c      	movi.n	a9, 3
40083d1d:	480c      	movi.n	a8, 4
40083d1f:	000286        	j	40083d2d <map_rom_segments+0x34d>
40083d22:	190c      	movi.n	a9, 1
40083d24:	080c      	movi.n	a8, 0
40083d26:	0000c6        	j	40083d2d <map_rom_segments+0x34d>
40083d29:	390c      	movi.n	a9, 3
40083d2b:	080c      	movi.n	a8, 0
40083d2d:	208890        	or	a8, a8, a9
40083d30:	000506        	j	40083d48 <map_rom_segments+0x368>
40083d33:	00          	.byte	00
40083d34:	f28e81        	l32r	a8, 4008076c <_init_end+0x36c> (3f7fffff <_rodata_end+0x3effff>)
40083d37:	b198      	l32i.n	a9, a1, 44
40083d39:	09b897        	bgeu	a8, a9, 40083d46 <map_rom_segments+0x366>
40083d3c:	081c      	movi.n	a8, 16
40083d3e:	000186        	j	40083d48 <map_rom_segments+0x368>
40083d41:	480c      	movi.n	a8, 4
40083d43:	000046        	j	40083d48 <map_rom_segments+0x368>
40083d46:	880c      	movi.n	a8, 8
40083d48:	9198      	l32i.n	a9, a1, 36
40083d4a:	e9ec      	bnez.n	a9, 40083d7c <map_rom_segments+0x39c>
40083d4c:	249080        	extui	a9, a8, 0, 3
40083d4f:	a88a      	add.n	a10, a8, a8
40083d51:	0b1c      	movi.n	a11, 16
40083d53:	10aab0        	and	a10, a10, a11
40083d56:	2099a0        	or	a9, a9, a10
40083d59:	418180        	srli	a8, a8, 1
40083d5c:	8a0c      	movi.n	a10, 8
40083d5e:	1088a0        	and	a8, a8, a10
40083d61:	208980        	or	a8, a9, a8
40083d64:	f28391        	l32r	a9, 40080770 <_init_end+0x370> (3ff00044 <_rodata_end+0xaf0044>)
40083d67:	0020c0        	memw
40083d6a:	09a8      	l32i.n	a10, a9, 0
40083d6c:	1088a0        	and	a8, a8, a10
40083d6f:	3088a0        	xor	a8, a8, a10
40083d72:	0020c0        	memw
40083d75:	0989      	s32i.n	a8, a9, 0
40083d77:	000b06        	j	40083da7 <map_rom_segments+0x3c7>
40083d7a:	00          	.byte	00
40083d7b:	00          	.byte	00
40083d7c:	249080        	extui	a9, a8, 0, 3
40083d7f:	a88a      	add.n	a10, a8, a8
40083d81:	0b1c      	movi.n	a11, 16
40083d83:	10aab0        	and	a10, a10, a11
40083d86:	2099a0        	or	a9, a9, a10
40083d89:	418180        	srli	a8, a8, 1
40083d8c:	8a0c      	movi.n	a10, 8
40083d8e:	1088a0        	and	a8, a8, a10
40083d91:	208980        	or	a8, a9, a8
40083d94:	f27891        	l32r	a9, 40080774 <_init_end+0x374> (3ff0005c <_rodata_end+0xaf005c>)
40083d97:	0020c0        	memw
40083d9a:	09a8      	l32i.n	a10, a9, 0
40083d9c:	1088a0        	and	a8, a8, a10
40083d9f:	3088a0        	xor	a8, a8, a10
40083da2:	0020c0        	memw
40083da5:	0989      	s32i.n	a8, a9, 0
40083da7:	2388      	l32i.n	a8, a3, 8
40083da9:	a1a8      	l32i.n	a10, a1, 40
40083dab:	88aa      	add.n	a8, a8, a10
40083dad:	880b      	addi.n	a8, a8, -1
40083daf:	f26c91        	l32r	a9, 40080760 <_init_end+0x360> (407fffff <__rom_region_end+0x72c15f>)
40083db2:	5639a7        	bltu	a9, a10, 40083e0c <map_rom_segments+0x42c>
40083db5:	f26b91        	l32r	a9, 40080764 <_init_end+0x364> (403fffff <__rom_region_end+0x32c15f>)
40083db8:	14b9a7        	bgeu	a9, a10, 40083dd0 <map_rom_segments+0x3f0>
40083dbb:	f26991        	l32r	a9, 40080760 <_init_end+0x360> (407fffff <__rom_region_end+0x72c15f>)
40083dbe:	04b987        	bgeu	a9, a8, 40083dc6 <map_rom_segments+0x3e6>
40083dc1:	480c      	movi.n	a8, 4
40083dc3:	000046        	j	40083dc8 <map_rom_segments+0x3e8>
40083dc6:	080c      	movi.n	a8, 0
40083dc8:	290c      	movi.n	a9, 2
40083dca:	208890        	or	a8, a8, a9
40083dcd:	001086        	j	40083e13 <map_rom_segments+0x433>
40083dd0:	f26691        	l32r	a9, 40080768 <_init_end+0x368> (400cffff <rtc_iram_org+0xffff>)
40083dd3:	a1a8      	l32i.n	a10, a1, 40
40083dd5:	25b9a7        	bgeu	a9, a10, 40083dfe <map_rom_segments+0x41e>
40083dd8:	f26391        	l32r	a9, 40080764 <_init_end+0x364> (403fffff <__rom_region_end+0x32c15f>)
40083ddb:	0db987        	bgeu	a9, a8, 40083dec <map_rom_segments+0x40c>
40083dde:	f26091        	l32r	a9, 40080760 <_init_end+0x360> (407fffff <__rom_region_end+0x72c15f>)
40083de1:	0fb987        	bgeu	a9, a8, 40083df4 <map_rom_segments+0x414>
40083de4:	390c      	movi.n	a9, 3
40083de6:	480c      	movi.n	a8, 4
40083de8:	000306        	j	40083df8 <map_rom_segments+0x418>
40083deb:	00          	.byte	00
40083dec:	190c      	movi.n	a9, 1
40083dee:	080c      	movi.n	a8, 0
40083df0:	000106        	j	40083df8 <map_rom_segments+0x418>
40083df3:	00          	.byte	00
40083df4:	390c      	movi.n	a9, 3
40083df6:	080c      	movi.n	a8, 0
40083df8:	208890        	or	a8, a8, a9
40083dfb:	000506        	j	40083e13 <map_rom_segments+0x433>
40083dfe:	f25b81        	l32r	a8, 4008076c <_init_end+0x36c> (3f7fffff <_rodata_end+0x3effff>)
40083e01:	a198      	l32i.n	a9, a1, 40
40083e03:	0ab897        	bgeu	a8, a9, 40083e11 <map_rom_segments+0x431>
40083e06:	081c      	movi.n	a8, 16
40083e08:	0001c6        	j	40083e13 <map_rom_segments+0x433>
40083e0b:	00          	.byte	00
40083e0c:	480c      	movi.n	a8, 4
40083e0e:	000046        	j	40083e13 <map_rom_segments+0x433>
40083e11:	880c      	movi.n	a8, 8
40083e13:	9198      	l32i.n	a9, a1, 36
40083e15:	c9ec      	bnez.n	a9, 40083e45 <map_rom_segments+0x465>
40083e17:	249080        	extui	a9, a8, 0, 3
40083e1a:	a88a      	add.n	a10, a8, a8
40083e1c:	0b1c      	movi.n	a11, 16
40083e1e:	10aab0        	and	a10, a10, a11
40083e21:	2099a0        	or	a9, a9, a10
40083e24:	418180        	srli	a8, a8, 1
40083e27:	8a0c      	movi.n	a10, 8
40083e29:	1088a0        	and	a8, a8, a10
40083e2c:	208980        	or	a8, a9, a8
40083e2f:	f25091        	l32r	a9, 40080770 <_init_end+0x370> (3ff00044 <_rodata_end+0xaf0044>)
40083e32:	0020c0        	memw
40083e35:	09a8      	l32i.n	a10, a9, 0
40083e37:	1088a0        	and	a8, a8, a10
40083e3a:	3088a0        	xor	a8, a8, a10
40083e3d:	0020c0        	memw
40083e40:	0989      	s32i.n	a8, a9, 0
40083e42:	000a86        	j	40083e70 <map_rom_segments+0x490>
40083e45:	249080        	extui	a9, a8, 0, 3
40083e48:	a88a      	add.n	a10, a8, a8
40083e4a:	0b1c      	movi.n	a11, 16
40083e4c:	10aab0        	and	a10, a10, a11
40083e4f:	2099a0        	or	a9, a9, a10
40083e52:	418180        	srli	a8, a8, 1
40083e55:	8a0c      	movi.n	a10, 8
40083e57:	1088a0        	and	a8, a8, a10
40083e5a:	208980        	or	a8, a9, a8
40083e5d:	f24591        	l32r	a9, 40080774 <_init_end+0x374> (3ff0005c <_rodata_end+0xaf005c>)
40083e60:	0020c0        	memw
40083e63:	09a8      	l32i.n	a10, a9, 0
40083e65:	1088a0        	and	a8, a8, a10
40083e68:	3088a0        	xor	a8, a8, a10
40083e6b:	0020c0        	memw
40083e6e:	0989      	s32i.n	a8, a9, 0
40083e70:	91a8      	l32i.n	a10, a1, 36
40083e72:	f16c81        	l32r	a8, 40080424 <_init_end+0x24> (40009a84 <Cache_Read_Enable_rom>)
40083e75:	0008e0        	callx8	a8
40083e78:	f01d      	retw.n
	...

40083e7c <__start>:
40083e7c:	004136        	entry	a1, 32
40083e7f:	f23f81        	l32r	a8, 4008077c <_init_end+0x37c> (40080000 <_WindowOverflow4>)
40083e82:	13e780        	wsr.vecbase	a8
40083e85:	fe7f65        	call8	4008267c <arch_bss_zero>
40083e88:	f23e81        	l32r	a8, 40080780 <_init_end+0x380> (40023 <procpu_iram0_len+0x8023>)
40083e8b:	13e680        	wsr.ps	a8
40083e8e:	f1d181        	l32r	a8, 400805d4 <_init_end+0x1d4> (3ffb3188 <_kernel>)
40083e91:	13f580        	wsr.misc1	a8
40083e94:	002010        	rsync
40083e97:	00c4a5        	call8	40084ae0 <hardware_init>
40083e9a:	00ea16        	beqz	a10, 40083eac <__start+0x30>
40083e9d:	f21eb1        	l32r	a11, 40080718 <_init_end+0x318> (3ffb027c <levels$0+0x58>)
40083ea0:	f239a1        	l32r	a10, 40080784 <_init_end+0x384> (3ffb0344 <levels$0+0x120>)
40083ea3:	f19881        	l32r	a8, 40080504 <_init_end+0x104> (40007d54 <esp_rom_printf>)
40083ea6:	0008e0        	callx8	a8
40083ea9:	4d7be5        	call8	400d1668 <abort>
40083eac:	005ca5        	call8	40084478 <soc_random_enable>
40083eaf:	f236b1        	l32r	a11, 40080788 <_init_end+0x388> (3ffb007c <map>)
40083eb2:	00a0a2        	movi	a10, 0
40083eb5:	ffb2a5        	call8	400839e0 <map_rom_segments>
40083eb8:	00a0a2        	movi	a10, 0
40083ebb:	00c1e5        	call8	40084ad8 <ana_clock_glitch_reset_config>
40083ebe:	f23381        	l32r	a8, 4008078c <_init_end+0x38c> (3ffb0d38 <libc_heap_size>)
40083ec1:	0028c2        	l32i	a12, a8, 0
40083ec4:	41cac0        	srli	a12, a12, 10
40083ec7:	f214b1        	l32r	a11, 40080718 <_init_end+0x318> (3ffb027c <levels$0+0x58>)
40083eca:	f231a1        	l32r	a10, 40080790 <_init_end+0x390> (3ffb0368 <levels$0+0x144>)
40083ecd:	f18d81        	l32r	a8, 40080504 <_init_end+0x104> (40007d54 <esp_rom_printf>)
40083ed0:	0008e0        	callx8	a8
40083ed3:	007765        	call8	40084648 <soc_random_disable>
40083ed6:	fcd3e5        	call8	40080c14 <__esp_platform_app_start>
40083ed9:	f01d      	retw.n
	...

40083edc <esp_flash_config>:
40083edc:	004136        	entry	a1, 32
40083edf:	fde825        	call8	40081d60 <spi_flash_init_chip_state>
40083ee2:	fde765        	call8	40081d58 <esp_mspi_pin_init>
40083ee5:	fceb25        	call8	40080d98 <bootloader_flash_cs_timing_config>
40083ee8:	052325        	call8	4008911c <esp_flash_app_init>
40083eeb:	0516e5        	call8	40089058 <esp_flash_init_default_chip>
40083eee:	010a16        	beqz	a10, 40083f02 <esp_flash_config+0x26>
40083ef1:	0acd      	mov.n	a12, a10
40083ef3:	f228b1        	l32r	a11, 40080794 <_init_end+0x394> (3ffb077c <levels$0+0x558>)
40083ef6:	f228a1        	l32r	a10, 40080798 <_init_end+0x398> (3ffb0788 <levels$0+0x564>)
40083ef9:	f18281        	l32r	a8, 40080504 <_init_end+0x104> (40007d54 <esp_rom_printf>)
40083efc:	0008e0        	callx8	a8
40083eff:	4d76a5        	call8	400d1668 <abort>
40083f02:	4d2ea5        	call8	400d11ec <esp_mmu_map_init>
40083f05:	f01d      	retw.n
	...

40083f08 <print_flash_info>:
40083f08:	004136        	entry	a1, 32
40083f0b:	030282        	l8ui	a8, a2, 3
40083f0e:	348080        	extui	a8, a8, 0, 4
40083f11:	182826        	beqi	a8, 2, 40083f2d <print_flash_info+0x25>
40083f14:	0a38f6        	bgeui	a8, 3, 40083f22 <print_flash_info+0x1a>
40083f17:	989c      	beqz.n	a8, 40083f34 <print_flash_info+0x2c>
40083f19:	1f1866        	bnei	a8, 1, 40083f3c <print_flash_info+0x34>
40083f1c:	f221c1        	l32r	a12, 400807a0 <_init_end+0x3a0> (3ffb07b8 <levels$0+0x594>)
40083f1f:	000946        	j	40083f48 <print_flash_info+0x40>
40083f22:	f90c      	movi.n	a9, 15
40083f24:	1d9897        	bne	a8, a9, 40083f45 <print_flash_info+0x3d>
40083f27:	f220c1        	l32r	a12, 400807a8 <_init_end+0x3a8> (3ffb07c8 <levels$0+0x5a4>)
40083f2a:	000686        	j	40083f48 <print_flash_info+0x40>
40083f2d:	f21dc1        	l32r	a12, 400807a4 <_init_end+0x3a4> (3ffb07c0 <levels$0+0x59c>)
40083f30:	000506        	j	40083f48 <print_flash_info+0x40>
40083f33:	00          	.byte	00
40083f34:	f21ac1        	l32r	a12, 4008079c <_init_end+0x39c> (3ffb07b0 <levels$0+0x58c>)
40083f37:	000346        	j	40083f48 <print_flash_info+0x40>
40083f3a:	00          	.byte	00
40083f3b:	00          	.byte	00
40083f3c:	f21ac1        	l32r	a12, 400807a4 <_init_end+0x3a4> (3ffb07c0 <levels$0+0x59c>)
40083f3f:	000146        	j	40083f48 <print_flash_info+0x40>
40083f42:	00          	.byte	00
40083f43:	00          	.byte	00
40083f44:	00          	.byte	00
40083f45:	f217c1        	l32r	a12, 400807a4 <_init_end+0x3a4> (3ffb07c0 <levels$0+0x59c>)
40083f48:	f227b1        	l32r	a11, 400807e4 <_init_end+0x3e4> (3ffb077c <levels$0+0x558>)
40083f4b:	f227a1        	l32r	a10, 400807e8 <_init_end+0x3e8> (3ffb0830 <levels$0+0x60c>)
40083f4e:	f16d81        	l32r	a8, 40080504 <_init_end+0x104> (40007d54 <esp_rom_printf>)
40083f51:	0008e0        	callx8	a8
40083f54:	f22681        	l32r	a8, 400807ec <_init_end+0x3ec> (3ff43008 <SPI0+0x8>)
40083f57:	0020c0        	memw
40083f5a:	0888      	l32i.n	a8, a8, 0
40083f5c:	11f887        	bbsi	a8, 24, 40083f71 <print_flash_info+0x69>
40083f5f:	15f847        	bbsi	a8, 20, 40083f78 <print_flash_info+0x70>
40083f62:	1af877        	bbsi	a8, 23, 40083f80 <print_flash_info+0x78>
40083f65:	1fe8e7        	bbsi	a8, 14, 40083f88 <print_flash_info+0x80>
40083f68:	2568d7        	bbci	a8, 13, 40083f91 <print_flash_info+0x89>
40083f6b:	f214c1        	l32r	a12, 400807bc <_init_end+0x3bc> (3ffb07e8 <levels$0+0x5c4>)
40083f6e:	000886        	j	40083f94 <print_flash_info+0x8c>
40083f71:	f20ec1        	l32r	a12, 400807ac <_init_end+0x3ac> (3ffb07d0 <levels$0+0x5ac>)
40083f74:	000706        	j	40083f94 <print_flash_info+0x8c>
40083f77:	00          	.byte	00
40083f78:	f20ec1        	l32r	a12, 400807b0 <_init_end+0x3b0> (3ffb07d4 <levels$0+0x5b0>)
40083f7b:	000546        	j	40083f94 <print_flash_info+0x8c>
40083f7e:	00          	.byte	00
40083f7f:	00          	.byte	00
40083f80:	f20dc1        	l32r	a12, 400807b4 <_init_end+0x3b4> (3ffb07dc <levels$0+0x5b8>)
40083f83:	000346        	j	40083f94 <print_flash_info+0x8c>
40083f86:	00          	.byte	00
40083f87:	00          	.byte	00
40083f88:	f20cc1        	l32r	a12, 400807b8 <_init_end+0x3b8> (3ffb07e0 <levels$0+0x5bc>)
40083f8b:	000146        	j	40083f94 <print_flash_info+0x8c>
40083f8e:	00          	.byte	00
40083f8f:	00          	.byte	00
40083f90:	00          	.byte	00
40083f91:	f20bc1        	l32r	a12, 400807c0 <_init_end+0x3c0> (3ffb07f4 <levels$0+0x5d0>)
40083f94:	f214b1        	l32r	a11, 400807e4 <_init_end+0x3e4> (3ffb077c <levels$0+0x558>)
40083f97:	f216a1        	l32r	a10, 400807f0 <_init_end+0x3f0> (3ffb0850 <levels$0+0x62c>)
40083f9a:	f15a81        	l32r	a8, 40080504 <_init_end+0x104> (40007d54 <esp_rom_printf>)
40083f9d:	0008e0        	callx8	a8
40083fa0:	030282        	l8ui	a8, a2, 3
40083fa3:	348480        	extui	a8, a8, 4, 4
40083fa6:	3788f6        	bgeui	a8, 8, 40083fe1 <print_flash_info+0xd9>
40083fa9:	f21291        	l32r	a9, 400807f4 <_init_end+0x3f4> (3ffb0d3c <libc_heap_size+0x4>)
40083fac:	a08890        	addx4	a8, a8, a9
40083faf:	0888      	l32i.n	a8, a8, 0
40083fb1:	0008a0        	jx	a8
40083fb4:	f204c1        	l32r	a12, 400807c4 <_init_end+0x3c4> (3ffb0800 <levels$0+0x5dc>)
40083fb7:	000a46        	j	40083fe4 <print_flash_info+0xdc>
40083fba:	00          	.byte	00
40083fbb:	00          	.byte	00
40083fbc:	00          	.byte	00
40083fbd:	f203c1        	l32r	a12, 400807cc <_init_end+0x3cc> (3ffb0808 <levels$0+0x5e4>)
40083fc0:	000806        	j	40083fe4 <print_flash_info+0xdc>
40083fc3:	f203c1        	l32r	a12, 400807d0 <_init_end+0x3d0> (3ffb080c <levels$0+0x5e8>)
40083fc6:	000686        	j	40083fe4 <print_flash_info+0xdc>
40083fc9:	f202c1        	l32r	a12, 400807d4 <_init_end+0x3d4> (3ffb0810 <levels$0+0x5ec>)
40083fcc:	000506        	j	40083fe4 <print_flash_info+0xdc>
40083fcf:	f202c1        	l32r	a12, 400807d8 <_init_end+0x3d8> (3ffb0818 <levels$0+0x5f4>)
40083fd2:	000386        	j	40083fe4 <print_flash_info+0xdc>
40083fd5:	f201c1        	l32r	a12, 400807dc <_init_end+0x3dc> (3ffb0820 <levels$0+0x5fc>)
40083fd8:	000206        	j	40083fe4 <print_flash_info+0xdc>
40083fdb:	f201c1        	l32r	a12, 400807e0 <_init_end+0x3e0> (3ffb0828 <levels$0+0x604>)
40083fde:	000086        	j	40083fe4 <print_flash_info+0xdc>
40083fe1:	f1f9c1        	l32r	a12, 400807c8 <_init_end+0x3c8> (3ffb0804 <levels$0+0x5e0>)
40083fe4:	f200b1        	l32r	a11, 400807e4 <_init_end+0x3e4> (3ffb077c <levels$0+0x558>)
40083fe7:	f204a1        	l32r	a10, 400807f8 <_init_end+0x3f8> (3ffb0870 <levels$0+0x64c>)
40083fea:	f14681        	l32r	a8, 40080504 <_init_end+0x104> (40007d54 <esp_rom_printf>)
40083fed:	0008e0        	callx8	a8
40083ff0:	f01d      	retw.n
	...

40083ff4 <update_flash_config>:
40083ff4:	006136        	entry	a1, 48
40083ff7:	030282        	l8ui	a8, a2, 3
40083ffa:	348480        	extui	a8, a8, 4, 4
40083ffd:	5d88f6        	bgeui	a8, 8, 4008405e <update_flash_config+0x6a>
40084000:	f1ff91        	l32r	a9, 400807fc <_init_end+0x3fc> (3ffb0d5c <libc_heap_size+0x24>)
40084003:	a08890        	addx4	a8, a8, a9
40084006:	0888      	l32i.n	a8, a8, 0
40084008:	0008a0        	jx	a8
4008400b:	180c      	movi.n	a8, 1
4008400d:	0020c0        	memw
40084010:	0189      	s32i.n	a8, a1, 0
40084012:	0013c6        	j	40084065 <update_flash_config+0x71>
40084015:	280c      	movi.n	a8, 2
40084017:	0020c0        	memw
4008401a:	0189      	s32i.n	a8, a1, 0
4008401c:	001146        	j	40084065 <update_flash_config+0x71>
4008401f:	480c      	movi.n	a8, 4
40084021:	0020c0        	memw
40084024:	0189      	s32i.n	a8, a1, 0
40084026:	000ec6        	j	40084065 <update_flash_config+0x71>
40084029:	880c      	movi.n	a8, 8
4008402b:	0020c0        	memw
4008402e:	0189      	s32i.n	a8, a1, 0
40084030:	000c46        	j	40084065 <update_flash_config+0x71>
40084033:	081c      	movi.n	a8, 16
40084035:	0020c0        	memw
40084038:	0189      	s32i.n	a8, a1, 0
4008403a:	0009c6        	j	40084065 <update_flash_config+0x71>
4008403d:	082c      	movi.n	a8, 32
4008403f:	0020c0        	memw
40084042:	0189      	s32i.n	a8, a1, 0
40084044:	000746        	j	40084065 <update_flash_config+0x71>
40084047:	00          	.byte	00
40084048:	00          	.byte	00
40084049:	084c      	movi.n	a8, 64
4008404b:	0020c0        	memw
4008404e:	0189      	s32i.n	a8, a1, 0
40084050:	000446        	j	40084065 <update_flash_config+0x71>
40084053:	80a082        	movi	a8, 128
40084056:	0020c0        	memw
40084059:	0189      	s32i.n	a8, a1, 0
4008405b:	000186        	j	40084065 <update_flash_config+0x71>
4008405e:	280c      	movi.n	a8, 2
40084060:	0020c0        	memw
40084063:	0189      	s32i.n	a8, a1, 0
40084065:	0a0c      	movi.n	a10, 0
40084067:	f0f081        	l32r	a8, 40080428 <_init_end+0x28> (40009ab8 <Cache_Read_Disable_rom>)
4008406a:	0008e0        	callx8	a8
4008406d:	0020c0        	memw
40084070:	01b8      	l32i.n	a11, a1, 0
40084072:	f0e8f1        	l32r	a15, 40080414 <_init_end+0x14> (ffff <_image_ram_size+0x3c3f>)
40084075:	00a1e2        	movi	a14, 0x100
40084078:	f1e2d1        	l32r	a13, 40080800 <_init_end+0x400> (1000 <CONFIG_BOOTLOADER_OFFSET_IN_FLASH>)
4008407b:	f0e8c1        	l32r	a12, 4008041c <_init_end+0x1c> (10000 <CONFIG_MMU_PAGE_SIZE>)
4008407e:	01bbc0        	slli	a11, a11, 20
40084081:	f0e581        	l32r	a8, 40080418 <_init_end+0x18> (3ffae270 <g_rom_flashchip>)
40084084:	08a8      	l32i.n	a10, a8, 0
40084086:	f1df81        	l32r	a8, 40080804 <_init_end+0x404> (40063238 <esp_rom_spiflash_config_param>)
40084089:	0008e0        	callx8	a8
4008408c:	0a0c      	movi.n	a10, 0
4008408e:	f0dd81        	l32r	a8, 40080404 <_init_end+0x4> (40009a14 <Cache_Flush_rom>)
40084091:	0008e0        	callx8	a8
40084094:	0a0c      	movi.n	a10, 0
40084096:	f0e381        	l32r	a8, 40080424 <_init_end+0x24> (40009a84 <Cache_Read_Enable_rom>)
40084099:	0008e0        	callx8	a8
4008409c:	f01d      	retw.n
	...

400840a0 <get_chip_ver_pkg>:
400840a0:	004136        	entry	a1, 32
400840a3:	fcd665        	call8	40080e08 <bootloader_common_get_chip_ver_pkg>
400840a6:	0a2d      	mov.n	a2, a10
400840a8:	f01d      	retw.n
	...

400840ac <flash_update_id>:
400840ac:	004136        	entry	a1, 32
400840af:	fd5ce5        	call8	4008167c <bootloader_read_flash_id>
400840b2:	f0d981        	l32r	a8, 40080418 <_init_end+0x18> (3ffae270 <g_rom_flashchip>)
400840b5:	08a9      	s32i.n	a10, a8, 0
400840b7:	f01d      	retw.n
400840b9:	000000        	ill

400840bc <flash_cs_timing_config>:
400840bc:	004136        	entry	a1, 32
400840bf:	f0db91        	l32r	a9, 4008042c <_init_end+0x2c> (3ff4301c <SPI0+0x1c>)
400840c2:	0020c0        	memw
400840c5:	0988      	l32i.n	a8, a9, 0
400840c7:	0d3c      	movi.n	a13, 48
400840c9:	2088d0        	or	a8, a8, a13
400840cc:	0020c0        	memw
400840cf:	0989      	s32i.n	a8, a9, 0
400840d1:	f0d791        	l32r	a9, 40080430 <_init_end+0x30> (3ff43014 <SPI0+0x14>)
400840d4:	0020c0        	memw
400840d7:	0988      	l32i.n	a8, a9, 0
400840d9:	0fafc2        	movi	a12, -241
400840dc:	1088c0        	and	a8, a8, a12
400840df:	0b1c      	movi.n	a11, 16
400840e1:	2088b0        	or	a8, a8, a11
400840e4:	0020c0        	memw
400840e7:	0989      	s32i.n	a8, a9, 0
400840e9:	0020c0        	memw
400840ec:	0988      	l32i.n	a8, a9, 0
400840ee:	0a7c      	movi.n	a10, -16
400840f0:	1088a0        	and	a8, a8, a10
400840f3:	0020c0        	memw
400840f6:	0989      	s32i.n	a8, a9, 0
400840f8:	f0cf91        	l32r	a9, 40080434 <_init_end+0x34> (3ff4201c <SPI1+0x1c>)
400840fb:	0020c0        	memw
400840fe:	0988      	l32i.n	a8, a9, 0
40084100:	2088d0        	or	a8, a8, a13
40084103:	0020c0        	memw
40084106:	0989      	s32i.n	a8, a9, 0
40084108:	f0cc91        	l32r	a9, 40080438 <_init_end+0x38> (3ff42014 <SPI1+0x14>)
4008410b:	0020c0        	memw
4008410e:	0988      	l32i.n	a8, a9, 0
40084110:	1088c0        	and	a8, a8, a12
40084113:	2088b0        	or	a8, a8, a11
40084116:	0020c0        	memw
40084119:	0989      	s32i.n	a8, a9, 0
4008411b:	0020c0        	memw
4008411e:	0988      	l32i.n	a8, a9, 0
40084120:	1088a0        	and	a8, a8, a10
40084123:	0020c0        	memw
40084126:	0989      	s32i.n	a8, a9, 0
40084128:	f01d      	retw.n
	...

4008412c <flash_gpio_config>:
4008412c:	004136        	entry	a1, 32
4008412f:	030282        	l8ui	a8, a2, 3
40084132:	348080        	extui	a8, a8, 0, 4
40084135:	f90c      	movi.n	a9, 15
40084137:	051897        	beq	a8, a9, 40084140 <flash_gpio_config+0x14>
4008413a:	270c      	movi.n	a7, 2
4008413c:	0000c6        	j	40084143 <flash_gpio_config+0x17>
4008413f:	00          	.byte	00
40084140:	03a072        	movi	a7, 3
40084143:	fff5e5        	call8	400840a0 <get_chip_ver_pkg>
40084146:	feca82        	addi	a8, a10, -2
40084149:	40f880        	nsau	a8, a8
4008414c:	418580        	srli	a8, a8, 5
4008414f:	fcca92        	addi	a9, a10, -4
40084152:	40f990        	nsau	a9, a9
40084155:	419590        	srli	a9, a9, 5
40084158:	208890        	or	a8, a8, a9
4008415b:	005856        	bnez	a8, 40084164 <flash_gpio_config+0x38>
4008415e:	fbcaa2        	addi	a10, a10, -5
40084161:	402af6        	bgeui	a10, 2, 400841a5 <flash_gpio_config+0x79>
40084164:	f0f281        	l32r	a8, 4008052c <_init_end+0x12c> (3ffb15b4 <GPIO_PIN_MUX_REG_OFFSET>)
40084167:	060892        	l8ui	a9, a8, 6
4008416a:	f0f181        	l32r	a8, 40080530 <_init_end+0x130> (3ff49000 <SENS+0x800>)
4008416d:	809980        	add	a9, a9, a8
40084170:	0020c0        	memw
40084173:	0988      	l32i.n	a8, a9, 0
40084175:	f0efa1        	l32r	a10, 40080534 <_init_end+0x134> (ffff8fff <_rtc_force_slow_end+0xafff8fd7>)
40084178:	1088a0        	and	a8, a8, a10
4008417b:	f1a1a1        	l32r	a10, 40080800 <_init_end+0x400> (1000 <CONFIG_BOOTLOADER_OFFSET_IN_FLASH>)
4008417e:	2088a0        	or	a8, a8, a10
40084181:	0020c0        	memw
40084184:	0989      	s32i.n	a8, a9, 0
40084186:	f1a091        	l32r	a9, 40080808 <_init_end+0x408> (3ff49060 <SENS+0x860>)
40084189:	0020c0        	memw
4008418c:	0988      	l32i.n	a8, a9, 0
4008418e:	f0eda1        	l32r	a10, 40080544 <_init_end+0x144> (fffff3ff <_rtc_force_slow_end+0xaffff3d7>)
40084191:	1088a0        	and	a8, a8, a10
40084194:	117760        	slli	a7, a7, 10
40084197:	207870        	or	a7, a8, a7
4008419a:	0020c0        	memw
4008419d:	0979      	s32i.n	a7, a9, 0
4008419f:	006246        	j	4008432c <flash_gpio_config+0x200>
400841a2:	00          	.byte	00
400841a3:	00          	.byte	00
400841a4:	00          	.byte	00
400841a5:	f19f81        	l32r	a8, 40080824 <_init_end+0x424> (40008658 <esp_rom_efuse_get_flash_gpio_info>)
400841a8:	0008e0        	callx8	a8
400841ab:	17da56        	bnez	a10, 4008432c <flash_gpio_config+0x200>
400841ae:	00a0d2        	movi	a13, 0
400841b1:	20cdd0        	or	a12, a13, a13
400841b4:	05a0b2        	movi	a11, 5
400841b7:	ba0c      	movi.n	a10, 11
400841b9:	fced25        	call8	4008108c <esp_rom_gpio_connect_out_signal>
400841bc:	0d0c      	movi.n	a13, 0
400841be:	0dcd      	mov.n	a12, a13
400841c0:	1b0c      	movi.n	a11, 1
400841c2:	7a0c      	movi.n	a10, 7
400841c4:	fcec65        	call8	4008108c <esp_rom_gpio_connect_out_signal>
400841c7:	0c0c      	movi.n	a12, 0
400841c9:	1b0c      	movi.n	a11, 1
400841cb:	7a0c      	movi.n	a10, 7
400841cd:	f19681        	l32r	a8, 40080828 <_init_end+0x428> (40009edc <esp_rom_gpio_connect_in_signal>)
400841d0:	0008e0        	callx8	a8
400841d3:	0d0c      	movi.n	a13, 0
400841d5:	0dcd      	mov.n	a12, a13
400841d7:	2b0c      	movi.n	a11, 2
400841d9:	8a0c      	movi.n	a10, 8
400841db:	fceb25        	call8	4008108c <esp_rom_gpio_connect_out_signal>
400841de:	0c0c      	movi.n	a12, 0
400841e0:	2b0c      	movi.n	a11, 2
400841e2:	8a0c      	movi.n	a10, 8
400841e4:	f19181        	l32r	a8, 40080828 <_init_end+0x428> (40009edc <esp_rom_gpio_connect_in_signal>)
400841e7:	0008e0        	callx8	a8
400841ea:	0d0c      	movi.n	a13, 0
400841ec:	0dcd      	mov.n	a12, a13
400841ee:	4b0c      	movi.n	a11, 4
400841f0:	aa0c      	movi.n	a10, 10
400841f2:	fce9a5        	call8	4008108c <esp_rom_gpio_connect_out_signal>
400841f5:	0c0c      	movi.n	a12, 0
400841f7:	4b0c      	movi.n	a11, 4
400841f9:	aa0c      	movi.n	a10, 10
400841fb:	f18b81        	l32r	a8, 40080828 <_init_end+0x428> (40009edc <esp_rom_gpio_connect_in_signal>)
400841fe:	0008e0        	callx8	a8
40084201:	0d0c      	movi.n	a13, 0
40084203:	0dcd      	mov.n	a12, a13
40084205:	3b0c      	movi.n	a11, 3
40084207:	9a0c      	movi.n	a10, 9
40084209:	fce825        	call8	4008108c <esp_rom_gpio_connect_out_signal>
4008420c:	0c0c      	movi.n	a12, 0
4008420e:	3b0c      	movi.n	a11, 3
40084210:	9a0c      	movi.n	a10, 9
40084212:	f18581        	l32r	a8, 40080828 <_init_end+0x428> (40009edc <esp_rom_gpio_connect_in_signal>)
40084215:	0008e0        	callx8	a8
40084218:	f0c5a1        	l32r	a10, 4008052c <_init_end+0x12c> (3ffb15b4 <GPIO_PIN_MUX_REG_OFFSET>)
4008421b:	070ad2        	l8ui	a13, a10, 7
4008421e:	f0c491        	l32r	a9, 40080530 <_init_end+0x130> (3ff49000 <SENS+0x800>)
40084221:	dd9a      	add.n	a13, a13, a9
40084223:	0020c0        	memw
40084226:	0db8      	l32i.n	a11, a13, 0
40084228:	f0c381        	l32r	a8, 40080534 <_init_end+0x134> (ffff8fff <_rtc_force_slow_end+0xafff8fd7>)
4008422b:	10bb80        	and	a11, a11, a8
4008422e:	f0c2c1        	l32r	a12, 40080538 <_init_end+0x138> (2000 <rtc_data_len>)
40084231:	20bbc0        	or	a11, a11, a12
40084234:	0020c0        	memw
40084237:	0db9      	s32i.n	a11, a13, 0
40084239:	080ad2        	l8ui	a13, a10, 8
4008423c:	dd9a      	add.n	a13, a13, a9
4008423e:	0020c0        	memw
40084241:	0db8      	l32i.n	a11, a13, 0
40084243:	10bb80        	and	a11, a11, a8
40084246:	20bbc0        	or	a11, a11, a12
40084249:	0020c0        	memw
4008424c:	0db9      	s32i.n	a11, a13, 0
4008424e:	090ad2        	l8ui	a13, a10, 9
40084251:	dd9a      	add.n	a13, a13, a9
40084253:	0020c0        	memw
40084256:	0db8      	l32i.n	a11, a13, 0
40084258:	10bb80        	and	a11, a11, a8
4008425b:	20bbc0        	or	a11, a11, a12
4008425e:	0020c0        	memw
40084261:	0db9      	s32i.n	a11, a13, 0
40084263:	0a0ad2        	l8ui	a13, a10, 10
40084266:	dd9a      	add.n	a13, a13, a9
40084268:	0020c0        	memw
4008426b:	0db8      	l32i.n	a11, a13, 0
4008426d:	10bb80        	and	a11, a11, a8
40084270:	20bbc0        	or	a11, a11, a12
40084273:	0020c0        	memw
40084276:	0db9      	s32i.n	a11, a13, 0
40084278:	0b0ad2        	l8ui	a13, a10, 11
4008427b:	dd9a      	add.n	a13, a13, a9
4008427d:	0020c0        	memw
40084280:	0db8      	l32i.n	a11, a13, 0
40084282:	10bb80        	and	a11, a11, a8
40084285:	20bbc0        	or	a11, a11, a12
40084288:	0020c0        	memw
4008428b:	0db9      	s32i.n	a11, a13, 0
4008428d:	060aa2        	l8ui	a10, a10, 6
40084290:	aa9a      	add.n	a10, a10, a9
40084292:	0020c0        	memw
40084295:	0a98      	l32i.n	a9, a10, 0
40084297:	108980        	and	a8, a9, a8
4008429a:	f15991        	l32r	a9, 40080800 <_init_end+0x400> (1000 <CONFIG_BOOTLOADER_OFFSET_IN_FLASH>)
4008429d:	208890        	or	a8, a8, a9
400842a0:	0020c0        	memw
400842a3:	0a89      	s32i.n	a8, a10, 0
400842a5:	f15891        	l32r	a9, 40080808 <_init_end+0x408> (3ff49060 <SENS+0x860>)
400842a8:	0020c0        	memw
400842ab:	0988      	l32i.n	a8, a9, 0
400842ad:	f0a5a1        	l32r	a10, 40080544 <_init_end+0x144> (fffff3ff <_rtc_force_slow_end+0xaffff3d7>)
400842b0:	1088a0        	and	a8, a8, a10
400842b3:	117760        	slli	a7, a7, 10
400842b6:	208870        	or	a8, a8, a7
400842b9:	0020c0        	memw
400842bc:	0989      	s32i.n	a8, a9, 0
400842be:	f05681        	l32r	a8, 40080418 <_init_end+0x18> (3ffae270 <g_rom_flashchip>)
400842c1:	0898      	l32i.n	a9, a8, 0
400842c3:	f15281        	l32r	a8, 4008080c <_init_end+0x40c> (c86016 <procpu_irom_len+0x156016>)
400842c6:	629987        	bne	a9, a8, 4008432c <flash_gpio_config+0x200>
400842c9:	f151a1        	l32r	a10, 40080810 <_init_end+0x410> (3ff49064 <SENS+0x864>)
400842cc:	0020c0        	memw
400842cf:	0a98      	l32i.n	a9, a10, 0
400842d1:	f09b81        	l32r	a8, 40080540 <_init_end+0x140> (c00 <CONFIG_ISR_STACK_SIZE+0x400>)
400842d4:	209980        	or	a9, a9, a8
400842d7:	0020c0        	memw
400842da:	0a99      	s32i.n	a9, a10, 0
400842dc:	f14ea1        	l32r	a10, 40080814 <_init_end+0x414> (3ff49068 <SENS+0x868>)
400842df:	0020c0        	memw
400842e2:	0a98      	l32i.n	a9, a10, 0
400842e4:	209980        	or	a9, a9, a8
400842e7:	0020c0        	memw
400842ea:	0a99      	s32i.n	a9, a10, 0
400842ec:	f14ba1        	l32r	a10, 40080818 <_init_end+0x418> (3ff49054 <SENS+0x854>)
400842ef:	0020c0        	memw
400842f2:	0a98      	l32i.n	a9, a10, 0
400842f4:	209980        	or	a9, a9, a8
400842f7:	0020c0        	memw
400842fa:	0a99      	s32i.n	a9, a10, 0
400842fc:	f148a1        	l32r	a10, 4008081c <_init_end+0x41c> (3ff49058 <SENS+0x858>)
400842ff:	0020c0        	memw
40084302:	0a98      	l32i.n	a9, a10, 0
40084304:	209980        	or	a9, a9, a8
40084307:	0020c0        	memw
4008430a:	0a99      	s32i.n	a9, a10, 0
4008430c:	f145a1        	l32r	a10, 40080820 <_init_end+0x420> (3ff4905c <SENS+0x85c>)
4008430f:	0020c0        	memw
40084312:	0a98      	l32i.n	a9, a10, 0
40084314:	209980        	or	a9, a9, a8
40084317:	0020c0        	memw
4008431a:	0a99      	s32i.n	a9, a10, 0
4008431c:	f13ba1        	l32r	a10, 40080808 <_init_end+0x408> (3ff49060 <SENS+0x860>)
4008431f:	0020c0        	memw
40084322:	0a98      	l32i.n	a9, a10, 0
40084324:	208980        	or	a8, a9, a8
40084327:	0020c0        	memw
4008432a:	0a89      	s32i.n	a8, a10, 0
4008432c:	f01d      	retw.n
	...

40084330 <flash_dummy_config>:
40084330:	004136        	entry	a1, 32
40084333:	f12e81        	l32r	a8, 400807ec <_init_end+0x3ec> (3ff43008 <SPI0+0x8>)
40084336:	0020c0        	memw
40084339:	0888      	l32i.n	a8, a8, 0
4008433b:	3068d7        	bbci	a8, 13, 4008436f <flash_dummy_config+0x3f>
4008433e:	32f887        	bbsi	a8, 24, 40084374 <flash_dummy_config+0x44>
40084341:	1f7877        	bbci	a8, 23, 40084364 <flash_dummy_config+0x34>
40084344:	f13a91        	l32r	a9, 4008082c <_init_end+0x42c> (3ff43020 <SPI0+0x20>)
40084347:	0020c0        	memw
4008434a:	0988      	l32i.n	a8, a9, 0
4008434c:	1188a0        	slli	a8, a8, 6
4008434f:	418680        	srli	a8, a8, 6
40084352:	f137a1        	l32r	a10, 40080830 <_init_end+0x430> (6c000000 <_rtc_force_slow_end+0x1bffffd8>)
40084355:	2088a0        	or	a8, a8, a10
40084358:	0020c0        	memw
4008435b:	0989      	s32i.n	a8, a9, 0
4008435d:	1b0c      	movi.n	a11, 1
4008435f:	000606        	j	4008437b <flash_dummy_config+0x4b>
40084362:	00          	.byte	00
40084363:	00          	.byte	00
40084364:	f13491        	l32r	a9, 40080834 <_init_end+0x434> (104000 <procpu_iram0_len+0xcc000>)
40084367:	0e8897        	bany	a8, a9, 40084379 <flash_dummy_config+0x49>
4008436a:	0b0c      	movi.n	a11, 0
4008436c:	0002c6        	j	4008437b <flash_dummy_config+0x4b>
4008436f:	0b0c      	movi.n	a11, 0
40084371:	000186        	j	4008437b <flash_dummy_config+0x4b>
40084374:	3b0c      	movi.n	a11, 3
40084376:	000046        	j	4008437b <flash_dummy_config+0x4b>
40084379:	7b0c      	movi.n	a11, 7
4008437b:	030282        	l8ui	a8, a2, 3
4008437e:	349080        	extui	a9, a8, 0, 4
40084381:	348080        	extui	a8, a8, 0, 4
40084384:	0938f6        	bgeui	a8, 3, 40084391 <flash_dummy_config+0x61>
40084387:	239900        	sext	a9, a9, 7
4008438a:	79ec      	bnez.n	a9, 400843b5 <flash_dummy_config+0x85>
4008438c:	489c      	beqz.n	a8, 400843a4 <flash_dummy_config+0x74>
4008438e:	000b86        	j	400843c0 <flash_dummy_config+0x90>
40084391:	f90c      	movi.n	a9, 15
40084393:	299897        	bne	a8, a9, 400843c0 <flash_dummy_config+0x90>
40084396:	f04e81        	l32r	a8, 400804d0 <_init_end+0xd0> (3ffae290 <g_rom_spiflash_dummy_len_plus>)
40084399:	290c      	movi.n	a9, 2
4008439b:	004892        	s8i	a9, a8, 0
4008439e:	014892        	s8i	a9, a8, 1
400843a1:	0006c6        	j	400843c0 <flash_dummy_config+0x90>
400843a4:	f04b81        	l32r	a8, 400804d0 <_init_end+0xd0> (3ffae290 <g_rom_spiflash_dummy_len_plus>)
400843a7:	190c      	movi.n	a9, 1
400843a9:	004892        	s8i	a9, a8, 0
400843ac:	014892        	s8i	a9, a8, 1
400843af:	000346        	j	400843c0 <flash_dummy_config+0x90>
400843b2:	00          	.byte	00
400843b3:	00          	.byte	00
400843b4:	00          	.byte	00
400843b5:	f04681        	l32r	a8, 400804d0 <_init_end+0xd0> (3ffae290 <g_rom_spiflash_dummy_len_plus>)
400843b8:	090c      	movi.n	a9, 0
400843ba:	004892        	s8i	a9, a8, 0
400843bd:	014892        	s8i	a9, a8, 1
400843c0:	f11ba1        	l32r	a10, 4008082c <_init_end+0x42c> (3ff43020 <SPI0+0x20>)
400843c3:	0020c0        	memw
400843c6:	0a88      	l32i.n	a8, a10, 0
400843c8:	00af92        	movi	a9, 0xffffff00
400843cb:	108890        	and	a8, a8, a9
400843ce:	f04091        	l32r	a9, 400804d0 <_init_end+0xd0> (3ffae290 <g_rom_spiflash_dummy_len_plus>)
400843d1:	000992        	l8ui	a9, a9, 0
400843d4:	99ba      	add.n	a9, a9, a11
400843d6:	749090        	extui	a9, a9, 0, 8
400843d9:	208890        	or	a8, a8, a9
400843dc:	0020c0        	memw
400843df:	0a89      	s32i.n	a8, a10, 0
400843e1:	f01d      	retw.n
	...

400843e4 <init_flash_configure>:
400843e4:	004136        	entry	a1, 32
400843e7:	f0dba1        	l32r	a10, 40080754 <_init_end+0x354> (3ffb3050 <bootloader_image_hdr>)
400843ea:	ffd425        	call8	4008412c <flash_gpio_config>
400843ed:	f0d9a1        	l32r	a10, 40080754 <_init_end+0x354> (3ffb3050 <bootloader_image_hdr>)
400843f0:	fff3e5        	call8	40084330 <flash_dummy_config>
400843f3:	ffcca5        	call8	400840bc <flash_cs_timing_config>
400843f6:	000090        	retw
400843f9:	000000        	ill

400843fc <init_spi_flash>:
400843fc:	004136        	entry	a1, 32
400843ff:	fffe65        	call8	400843e4 <init_flash_configure>
40084402:	fd13e5        	call8	40081540 <bootloader_flash_unlock_default>
40084405:	f0d3a1        	l32r	a10, 40080754 <_init_end+0x354> (3ffb3050 <bootloader_image_hdr>)
40084408:	ffafe5        	call8	40083f08 <print_flash_info>
4008440b:	f0d2a1        	l32r	a10, 40080754 <_init_end+0x354> (3ffb3050 <bootloader_image_hdr>)
4008440e:	ffbe65        	call8	40083ff4 <update_flash_config>
40084411:	04aaa5        	call8	40088ebc <bootloader_enable_wp>
40084414:	020c      	movi.n	a2, 0
40084416:	f01d      	retw.n

40084418 <esp_console_init>:
40084418:	004136        	entry	a1, 32
4008441b:	f10981        	l32r	a8, 40080840 <_init_end+0x440> (40007d28 <esp_rom_install_uart_printf>)
4008441e:	0008e0        	callx8	a8
40084421:	00a0a2        	movi	a10, 0
40084424:	f10881        	l32r	a8, 40080844 <_init_end+0x444> (40009028 <esp_rom_output_set_as_console>)
40084427:	0008e0        	callx8	a8
4008442a:	011325        	call8	4008555c <rtc_clk_apb_freq_get>
4008442d:	207aa0        	or	a7, a10, a10
40084430:	0a0c      	movi.n	a10, 0
40084432:	fcca25        	call8	400810d4 <esp_rom_output_tx_wait_idle>
40084435:	11a7c0        	slli	a10, a7, 4
40084438:	f10081        	l32r	a8, 40080838 <_init_end+0x438> (91a2b3c5 <_rtc_force_slow_end+0x41a2b39d>)
4008443b:	a2aa80        	muluh	a10, a10, a8
4008443e:	f590a0        	extui	a9, a10, 16, 16
40084441:	b5a4a0        	extui	a10, a10, 20, 12
40084444:	f018b1        	l32r	a11, 400804a4 <_init_end+0xa4> (3ff40000 <UART0>)
40084447:	0020c0        	memw
4008444a:	5b88      	l32i.n	a8, a11, 20
4008444c:	b58480        	extui	a8, a8, 20, 12
4008444f:	0188c0        	slli	a8, a8, 20
40084452:	20aa80        	or	a10, a10, a8
40084455:	0020c0        	memw
40084458:	5ba9      	s32i.n	a10, a11, 20
4008445a:	0020c0        	memw
4008445d:	5b88      	l32i.n	a8, a11, 20
4008445f:	349090        	extui	a9, a9, 0, 4
40084462:	0199c0        	slli	a9, a9, 20
40084465:	f0f5a1        	l32r	a10, 4008083c <_init_end+0x43c> (ff0fffff <_rtc_force_slow_end+0xaf0fffd7>)
40084468:	1088a0        	and	a8, a8, a10
4008446b:	208890        	or	a8, a8, a9
4008446e:	0020c0        	memw
40084471:	5b89      	s32i.n	a8, a11, 20
40084473:	f01d      	retw.n
40084475:	000000        	ill

40084478 <soc_random_enable>:
40084478:	004136        	entry	a1, 32
4008447b:	f0f391        	l32r	a9, 40080848 <_init_end+0x448> (3ff000cc <_rodata_end+0xaf00cc>)
4008447e:	0020c0        	memw
40084481:	002982        	l32i	a8, a9, 0
40084484:	f0f2a1        	l32r	a10, 4008084c <_init_end+0x44c> (8000 <CONFIG_SOC_ADC_SAMPLE_FREQ_THRES_LOW+0x31e0>)
40084487:	2088a0        	or	a8, a8, a10
4008448a:	0020c0        	memw
4008448d:	006982        	s32i	a8, a9, 0
40084490:	f0f091        	l32r	a9, 40080850 <_init_end+0x450> (3ff480a8 <RTCCNTL+0xa8>)
40084493:	0020c0        	memw
40084496:	002982        	l32i	a8, a9, 0
40084499:	1188e0        	slli	a8, a8, 2
4008449c:	418280        	srli	a8, a8, 2
4008449f:	f008a1        	l32r	a10, 400804c0 <_init_end+0xc0> (80000000 <_rtc_force_slow_end+0x2fffffd8>)
400844a2:	2088a0        	or	a8, a8, a10
400844a5:	0020c0        	memw
400844a8:	0989      	s32i.n	a8, a9, 0
400844aa:	0020c0        	memw
400844ad:	0988      	l32i.n	a8, a9, 0
400844af:	f0e9a1        	l32r	a10, 40080854 <_init_end+0x454> (20000000 <CONFIG_SOC_MPU_MIN_REGION_SIZE>)
400844b2:	2088a0        	or	a8, a8, a10
400844b5:	0020c0        	memw
400844b8:	0989      	s32i.n	a8, a9, 0
400844ba:	f0e771        	l32r	a7, 40080858 <_init_end+0x458> (3ff4882c <SENS+0x2c>)
400844bd:	0020c0        	memw
400844c0:	0788      	l32i.n	a8, a7, 0
400844c2:	061c      	movi.n	a6, 16
400844c4:	208860        	or	a8, a8, a6
400844c7:	0020c0        	memw
400844ca:	0789      	s32i.n	a8, a7, 0
400844cc:	2a0c      	movi.n	a10, 2
400844ce:	03eea5        	call8	400883b8 <periph_module_enable>
400844d1:	0020c0        	memw
400844d4:	0788      	l32i.n	a8, a7, 0
400844d6:	ffae92        	movi	a9, 0xfffffeff
400844d9:	108890        	and	a8, a8, a9
400844dc:	0020c0        	memw
400844df:	0789      	s32i.n	a8, a7, 0
400844e1:	0020c0        	memw
400844e4:	0788      	l32i.n	a8, a7, 0
400844e6:	ffad92        	movi	a9, 0xfffffdff
400844e9:	108890        	and	a8, a8, a9
400844ec:	0020c0        	memw
400844ef:	0789      	s32i.n	a8, a7, 0
400844f1:	f0db81        	l32r	a8, 40080860 <_init_end+0x460> (adadadad <_rtc_force_slow_end+0x5dadad85>)
400844f4:	f0da91        	l32r	a9, 4008085c <_init_end+0x45c> (3ff6602c <SPI3+0x102c>)
400844f7:	0020c0        	memw
400844fa:	0989      	s32i.n	a8, a9, 0
400844fc:	f0da91        	l32r	a9, 40080864 <_init_end+0x464> (3ff66030 <SPI3+0x1030>)
400844ff:	0020c0        	memw
40084502:	0989      	s32i.n	a8, a9, 0
40084504:	f0d991        	l32r	a9, 40080868 <_init_end+0x468> (3ff66034 <SPI3+0x1034>)
40084507:	0020c0        	memw
4008450a:	0989      	s32i.n	a8, a9, 0
4008450c:	f0d891        	l32r	a9, 4008086c <_init_end+0x46c> (3ff66038 <SPI3+0x1038>)
4008450f:	0020c0        	memw
40084512:	0989      	s32i.n	a8, a9, 0
40084514:	f0d791        	l32r	a9, 40080870 <_init_end+0x470> (3ff4880c <SENS+0xc>)
40084517:	0020c0        	memw
4008451a:	0988      	l32i.n	a8, a9, 0
4008451c:	f0d6a1        	l32r	a10, 40080874 <_init_end+0x474> (c0000 <procpu_iram0_len+0x88000>)
4008451f:	2088a0        	or	a8, a8, a10
40084522:	0020c0        	memw
40084525:	0989      	s32i.n	a8, a9, 0
40084527:	f0d491        	l32r	a9, 40080878 <_init_end+0x478> (3ff48800 <SENS>)
4008452a:	0020c0        	memw
4008452d:	0988      	l32i.n	a8, a9, 0
4008452f:	f0d3a1        	l32r	a10, 4008087c <_init_end+0x47c> (8000000 <CONFIG_TIMER_RANDOM_INITIAL_STATE+0xa432eb>)
40084532:	2088a0        	or	a8, a8, a10
40084535:	0020c0        	memw
40084538:	0989      	s32i.n	a8, a9, 0
4008453a:	f0d191        	l32r	a9, 40080880 <_init_end+0x480> (3ff48890 <SENS+0x90>)
4008453d:	0020c0        	memw
40084540:	0988      	l32i.n	a8, a9, 0
40084542:	f0d0a1        	l32r	a10, 40080884 <_init_end+0x484> (10000000 <CONFIG_ESP_CLK_FREQ_HZ+0x1b1e400>)
40084545:	2088a0        	or	a8, a8, a10
40084548:	0020c0        	memw
4008454b:	0989      	s32i.n	a8, a9, 0
4008454d:	f0ce81        	l32r	a8, 40080888 <_init_end+0x488> (3ff66010 <SPI3+0x1010>)
40084550:	0020c0        	memw
40084553:	0898      	l32i.n	a9, a8, 0
40084555:	4a0c      	movi.n	a10, 4
40084557:	2099a0        	or	a9, a9, a10
4008455a:	0020c0        	memw
4008455d:	0899      	s32i.n	a9, a8, 0
4008455f:	0020c0        	memw
40084562:	0898      	l32i.n	a9, a8, 0
40084564:	f0caa1        	l32r	a10, 4008088c <_init_end+0x48c> (ffff807f <_rtc_force_slow_end+0xafff8057>)
40084567:	1099a0        	and	a9, a9, a10
4008456a:	00a2a2        	movi	a10, 0x200
4008456d:	2099a0        	or	a9, a9, a10
40084570:	0020c0        	memw
40084573:	0899      	s32i.n	a9, a8, 0
40084575:	f0c6a1        	l32r	a10, 40080890 <_init_end+0x490> (3ff66018 <SPI3+0x1018>)
40084578:	0020c0        	memw
4008457b:	0a98      	l32i.n	a9, a10, 0
4008457d:	00afb2        	movi	a11, 0xffffff00
40084580:	1099b0        	and	a9, a9, a11
40084583:	8b0c      	movi.n	a11, 8
40084585:	2099b0        	or	a9, a9, a11
40084588:	0020c0        	memw
4008458b:	0a99      	s32i.n	a9, a10, 0
4008458d:	0020c0        	memw
40084590:	0a98      	l32i.n	a9, a10, 0
40084592:	f0c0c1        	l32r	a12, 40080894 <_init_end+0x494> (ff00ffff <_rtc_force_slow_end+0xaf00ffd7>)
40084595:	1099c0        	and	a9, a9, a12
40084598:	f0c0c1        	l32r	a12, 40080898 <_init_end+0x498> (a0000 <procpu_iram0_len+0x68000>)
4008459b:	2099c0        	or	a9, a9, a12
4008459e:	0020c0        	memw
400845a1:	0a99      	s32i.n	a9, a10, 0
400845a3:	0020c0        	memw
400845a6:	0898      	l32i.n	a9, a8, 0
400845a8:	7a6c      	movi.n	a10, -25
400845aa:	1099a0        	and	a9, a9, a10
400845ad:	0020c0        	memw
400845b0:	0899      	s32i.n	a9, a8, 0
400845b2:	0020c0        	memw
400845b5:	0898      	l32i.n	a9, a8, 0
400845b7:	0a2c      	movi.n	a10, 32
400845b9:	2099a0        	or	a9, a9, a10
400845bc:	0020c0        	memw
400845bf:	0899      	s32i.n	a9, a8, 0
400845c1:	0020c0        	memw
400845c4:	0898      	l32i.n	a9, a8, 0
400845c6:	f0b5c1        	l32r	a12, 4008089c <_init_end+0x49c> (fdffffff <_rtc_force_slow_end+0xadffffd7>)
400845c9:	1099c0        	and	a9, a9, a12
400845cc:	0020c0        	memw
400845cf:	0899      	s32i.n	a9, a8, 0
400845d1:	f0b3c1        	l32r	a12, 400808a0 <_init_end+0x4a0> (3ff4f0b0 <SENS+0x68b0>)
400845d4:	0020c0        	memw
400845d7:	0c98      	l32i.n	a9, a12, 0
400845d9:	f0b2d1        	l32r	a13, 400808a4 <_init_end+0x4a4> (fffff03f <_rtc_force_slow_end+0xaffff017>)
400845dc:	1099d0        	and	a9, a9, a13
400845df:	00a5d2        	movi	a13, 0x500
400845e2:	2099d0        	or	a9, a9, a13
400845e5:	0020c0        	memw
400845e8:	0c99      	s32i.n	a9, a12, 0
400845ea:	0020c0        	memw
400845ed:	0898      	l32i.n	a9, a8, 0
400845ef:	f0aec1        	l32r	a12, 400808a8 <_init_end+0x4a8> (4000000 <CONFIG_XTAL_FREQ_HZ+0x19da600>)
400845f2:	2099c0        	or	a9, a9, a12
400845f5:	0020c0        	memw
400845f8:	0899      	s32i.n	a9, a8, 0
400845fa:	f0ac81        	l32r	a8, 400808ac <_init_end+0x4ac> (3ff4f0a8 <SENS+0x68a8>)
400845fd:	0020c0        	memw
40084600:	0898      	l32i.n	a9, a8, 0
40084602:	ec7c      	movi.n	a12, -2
40084604:	1099c0        	and	a9, a9, a12
40084607:	0020c0        	memw
4008460a:	0899      	s32i.n	a9, a8, 0
4008460c:	0020c0        	memw
4008460f:	0898      	l32i.n	a9, a8, 0
40084611:	2099a0        	or	a9, a9, a10
40084614:	0020c0        	memw
40084617:	0899      	s32i.n	a9, a8, 0
40084619:	0020c0        	memw
4008461c:	0898      	l32i.n	a9, a8, 0
4008461e:	209960        	or	a9, a9, a6
40084621:	0020c0        	memw
40084624:	0899      	s32i.n	a9, a8, 0
40084626:	0020c0        	memw
40084629:	0898      	l32i.n	a9, a8, 0
4008462b:	2099b0        	or	a9, a9, a11
4008462e:	0020c0        	memw
40084631:	0899      	s32i.n	a9, a8, 0
40084633:	f09f91        	l32r	a9, 400808b0 <_init_end+0x4b0> (3ff4f008 <SENS+0x6808>)
40084636:	0020c0        	memw
40084639:	0988      	l32i.n	a8, a9, 0
4008463b:	2088a0        	or	a8, a8, a10
4008463e:	0020c0        	memw
40084641:	0989      	s32i.n	a8, a9, 0
40084643:	f01d      	retw.n
40084645:	000000        	ill

40084648 <soc_random_disable>:
40084648:	004136        	entry	a1, 32
4008464b:	f09981        	l32r	a8, 400808b0 <_init_end+0x4b0> (3ff4f008 <SENS+0x6808>)
4008464e:	0020c0        	memw
40084651:	0898      	l32i.n	a9, a8, 0
40084653:	dfafa2        	movi	a10, -33
40084656:	1099a0        	and	a9, a9, a10
40084659:	0020c0        	memw
4008465c:	0899      	s32i.n	a9, a8, 0
4008465e:	0020c0        	memw
40084661:	0898      	l32i.n	a9, a8, 0
40084663:	270c      	movi.n	a7, 2
40084665:	209970        	or	a9, a9, a7
40084668:	0020c0        	memw
4008466b:	0899      	s32i.n	a9, a8, 0
4008466d:	0020c0        	memw
40084670:	0898      	l32i.n	a9, a8, 0
40084672:	db7c      	movi.n	a11, -3
40084674:	1099b0        	and	a9, a9, a11
40084677:	0020c0        	memw
4008467a:	0899      	s32i.n	a9, a8, 0
4008467c:	f08c81        	l32r	a8, 400808ac <_init_end+0x4ac> (3ff4f0a8 <SENS+0x68a8>)
4008467f:	0020c0        	memw
40084682:	0898      	l32i.n	a9, a8, 0
40084684:	eb7c      	movi.n	a11, -2
40084686:	1099b0        	and	a9, a9, a11
40084689:	0020c0        	memw
4008468c:	0899      	s32i.n	a9, a8, 0
4008468e:	0020c0        	memw
40084691:	0898      	l32i.n	a9, a8, 0
40084693:	1099a0        	and	a9, a9, a10
40084696:	0020c0        	memw
40084699:	0899      	s32i.n	a9, a8, 0
4008469b:	0020c0        	memw
4008469e:	0898      	l32i.n	a9, a8, 0
400846a0:	7a7c      	movi.n	a10, -9
400846a2:	1099a0        	and	a9, a9, a10
400846a5:	0020c0        	memw
400846a8:	0899      	s32i.n	a9, a8, 0
400846aa:	0020c0        	memw
400846ad:	0898      	l32i.n	a9, a8, 0
400846af:	f66c      	movi.n	a6, -17
400846b1:	109960        	and	a9, a9, a6
400846b4:	0020c0        	memw
400846b7:	0899      	s32i.n	a9, a8, 0
400846b9:	07ad      	mov.n	a10, a7
400846bb:	03d365        	call8	400883f0 <periph_module_disable>
400846be:	f06e91        	l32r	a9, 40080878 <_init_end+0x478> (3ff48800 <SENS>)
400846c1:	0020c0        	memw
400846c4:	0988      	l32i.n	a8, a9, 0
400846c6:	ef84a1        	l32r	a10, 400804d8 <_init_end+0xd8> (f7ffffff <_rtc_force_slow_end+0xa7ffffd7>)
400846c9:	1088a0        	and	a8, a8, a10
400846cc:	0020c0        	memw
400846cf:	0989      	s32i.n	a8, a9, 0
400846d1:	f06b91        	l32r	a9, 40080880 <_init_end+0x480> (3ff48890 <SENS+0x90>)
400846d4:	0020c0        	memw
400846d7:	0988      	l32i.n	a8, a9, 0
400846d9:	ef80a1        	l32r	a10, 400804dc <_init_end+0xdc> (efffffff <_rtc_force_slow_end+0x9fffffd7>)
400846dc:	1088a0        	and	a8, a8, a10
400846df:	0020c0        	memw
400846e2:	0989      	s32i.n	a8, a9, 0
400846e4:	f05d91        	l32r	a9, 40080858 <_init_end+0x458> (3ff4882c <SENS+0x2c>)
400846e7:	0020c0        	memw
400846ea:	0988      	l32i.n	a8, a9, 0
400846ec:	108860        	and	a8, a8, a6
400846ef:	0020c0        	memw
400846f2:	0989      	s32i.n	a8, a9, 0
400846f4:	f06591        	l32r	a9, 40080888 <_init_end+0x488> (3ff66010 <SPI3+0x1010>)
400846f7:	0020c0        	memw
400846fa:	0988      	l32i.n	a8, a9, 0
400846fc:	f06ea1        	l32r	a10, 400808b4 <_init_end+0x4b4> (fbffffdb <_rtc_force_slow_end+0xabffffb3>)
400846ff:	1088a0        	and	a8, a8, a10
40084702:	0020c0        	memw
40084705:	0989      	s32i.n	a8, a9, 0
40084707:	f05a91        	l32r	a9, 40080870 <_init_end+0x470> (3ff4880c <SENS+0xc>)
4008470a:	0020c0        	memw
4008470d:	0988      	l32i.n	a8, a9, 0
4008470f:	f06aa1        	l32r	a10, 400808b8 <_init_end+0x4b8> (fff3ffff <_rtc_force_slow_end+0xaff3ffd7>)
40084712:	1088a0        	and	a8, a8, a10
40084715:	0020c0        	memw
40084718:	0989      	s32i.n	a8, a9, 0
4008471a:	f05d91        	l32r	a9, 40080890 <_init_end+0x490> (3ff66018 <SPI3+0x1018>)
4008471d:	0020c0        	memw
40084720:	0988      	l32i.n	a8, a9, 0
40084722:	f05ca1        	l32r	a10, 40080894 <_init_end+0x494> (ff00ffff <_rtc_force_slow_end+0xaf00ffd7>)
40084725:	1088a0        	and	a8, a8, a10
40084728:	f065a1        	l32r	a10, 400808bc <_init_end+0x4bc> (80000 <procpu_iram0_len+0x48000>)
4008472b:	2088a0        	or	a8, a8, a10
4008472e:	0020c0        	memw
40084731:	0989      	s32i.n	a8, a9, 0
40084733:	07ad      	mov.n	a10, a7
40084735:	03cea5        	call8	40088420 <periph_module_reset>
40084738:	f04691        	l32r	a9, 40080850 <_init_end+0x450> (3ff480a8 <RTCCNTL+0xa8>)
4008473b:	0020c0        	memw
4008473e:	0988      	l32i.n	a8, a9, 0
40084740:	ef65a1        	l32r	a10, 400804d4 <_init_end+0xd4> (dfffffff <_rtc_force_slow_end+0x8fffffd7>)
40084743:	1088a0        	and	a8, a8, a10
40084746:	0020c0        	memw
40084749:	0989      	s32i.n	a8, a9, 0
4008474b:	0020c0        	memw
4008474e:	0988      	l32i.n	a8, a9, 0
40084750:	401700        	ssl	a7
40084753:	a18800        	sll	a8, a8
40084756:	400700        	ssr	a7
40084759:	918080        	srl	a8, a8
4008475c:	0020c0        	memw
4008475f:	0989      	s32i.n	a8, a9, 0
40084761:	f01d      	retw.n
	...

40084764 <check_chip_validity>:
40084764:	004136        	entry	a1, 32
40084767:	027d      	mov.n	a7, a2
40084769:	0c0282        	l8ui	a8, a2, 12
4008476c:	0d02d2        	l8ui	a13, a2, 13
4008476f:	11dd80        	slli	a13, a13, 8
40084772:	20dd80        	or	a13, a13, a8
40084775:	3d9c      	beqz.n	a13, 4008478c <check_chip_validity+0x28>
40084777:	0c0c      	movi.n	a12, 0
40084779:	f051b1        	l32r	a11, 400808c0 <_init_end+0x4c0> (3ffb0424 <levels$0+0x200>)
4008477c:	f052a1        	l32r	a10, 400808c4 <_init_end+0x4c4> (3ffb0430 <levels$0+0x20c>)
4008477f:	ef6181        	l32r	a8, 40080504 <_init_end+0x104> (40007d54 <esp_rom_printf>)
40084782:	0008e0        	callx8	a8
40084785:	b27c      	movi.n	a2, -5
40084787:	002b46        	j	40084838 <check_chip_validity+0xd4>
4008478a:	00          	.byte	00
4008478b:	00          	.byte	00
4008478c:	fc9f65        	call8	40081184 <efuse_hal_chip_revision>
4008478f:	205aa0        	or	a5, a10, a10
40084792:	f04d61        	l32r	a6, 400808c8 <_init_end+0x4c8> (51eb851f <_rtc_force_slow_end+0x1eb84f7>)
40084795:	a26a60        	muluh	a6, a10, a6
40084798:	416560        	srli	a6, a6, 5
4008479b:	a08660        	addx4	a8, a6, a6
4008479e:	a08880        	addx4	a8, a8, a8
400847a1:	1188e0        	slli	a8, a8, 2
400847a4:	c04a80        	sub	a4, a10, a8
400847a7:	0f0282        	l8ui	a8, a2, 15
400847aa:	1002d2        	l8ui	a13, a2, 16
400847ad:	11dd80        	slli	a13, a13, 8
400847b0:	20dd80        	or	a13, a13, a8
400847b3:	7f23f6        	bgeui	a3, 2, 40084836 <check_chip_validity+0xd2>
400847b6:	2bbad7        	bgeu	a10, a13, 400847e5 <check_chip_validity+0x81>
400847b9:	f043c1        	l32r	a12, 400808c8 <_init_end+0x4c8> (51eb851f <_rtc_force_slow_end+0x1eb84f7>)
400847bc:	a2cdc0        	muluh	a12, a13, a12
400847bf:	41c5c0        	srli	a12, a12, 5
400847c2:	a08cc0        	addx4	a8, a12, a12
400847c5:	a08880        	addx4	a8, a8, a8
400847c8:	1188e0        	slli	a8, a8, 2
400847cb:	20f440        	or	a15, a4, a4
400847ce:	20e660        	or	a14, a6, a6
400847d1:	c0dd80        	sub	a13, a13, a8
400847d4:	f03bb1        	l32r	a11, 400808c0 <_init_end+0x4c0> (3ffb0424 <levels$0+0x200>)
400847d7:	f03da1        	l32r	a10, 400808cc <_init_end+0x4cc> (3ffb0464 <levels$0+0x240>)
400847da:	ef4a81        	l32r	a8, 40080504 <_init_end+0x104> (40007d54 <esp_rom_printf>)
400847dd:	0008e0        	callx8	a8
400847e0:	f27c      	movi.n	a2, -1
400847e2:	000046        	j	400847e7 <check_chip_validity+0x83>
400847e5:	020c      	movi.n	a2, 0
400847e7:	4d1366        	bnei	a3, 1, 40084838 <check_chip_validity+0xd4>
400847ea:	110792        	l8ui	a9, a7, 17
400847ed:	120782        	l8ui	a8, a7, 18
400847f0:	118880        	slli	a8, a8, 8
400847f3:	208890        	or	a8, a8, a9
400847f6:	ef0791        	l32r	a9, 40080414 <_init_end+0x14> (ffff <_image_ram_size+0x3c3f>)
400847f9:	c09890        	sub	a9, a8, a9
400847fc:	1a0c      	movi.n	a10, 1
400847fe:	83a990        	moveqz	a10, a9, a9
40084801:	190c      	movi.n	a9, 1
40084803:	839880        	moveqz	a9, a8, a8
40084806:	2e0a97        	bnone	a10, a9, 40084838 <check_chip_validity+0xd4>
40084809:	2bb857        	bgeu	a8, a5, 40084838 <check_chip_validity+0xd4>
4008480c:	f02fc1        	l32r	a12, 400808c8 <_init_end+0x4c8> (51eb851f <_rtc_force_slow_end+0x1eb84f7>)
4008480f:	a2c8c0        	muluh	a12, a8, a12
40084812:	41c5c0        	srli	a12, a12, 5
40084815:	a09cc0        	addx4	a9, a12, a12
40084818:	a09990        	addx4	a9, a9, a9
4008481b:	11d9e0        	slli	a13, a9, 2
4008481e:	04fd      	mov.n	a15, a4
40084820:	06ed      	mov.n	a14, a6
40084822:	c0d8d0        	sub	a13, a8, a13
40084825:	f026b1        	l32r	a11, 400808c0 <_init_end+0x4c0> (3ffb0424 <levels$0+0x200>)
40084828:	f02aa1        	l32r	a10, 400808d0 <_init_end+0x4d0> (3ffb04a4 <levels$0+0x280>)
4008482b:	ef3681        	l32r	a8, 40080504 <_init_end+0x104> (40007d54 <esp_rom_printf>)
4008482e:	0008e0        	callx8	a8
40084831:	f27c      	movi.n	a2, -1
40084833:	000046        	j	40084838 <check_chip_validity+0xd4>
40084836:	020c      	movi.n	a2, 0
40084838:	f01d      	retw.n
	...

4008483c <print_banner>:
4008483c:	004136        	entry	a1, 32
4008483f:	f02071        	l32r	a7, 400808c0 <_init_end+0x4c0> (3ffb0424 <levels$0+0x200>)
40084842:	20b770        	or	a11, a7, a7
40084845:	f023a1        	l32r	a10, 400808d4 <_init_end+0x4d4> (3ffb04e4 <levels$0+0x2c0>)
40084848:	ef2f81        	l32r	a8, 40080504 <_init_end+0x104> (40007d54 <esp_rom_printf>)
4008484b:	0008e0        	callx8	a8
4008484e:	07bd      	mov.n	a11, a7
40084850:	f022a1        	l32r	a10, 400808d8 <_init_end+0x4d8> (3ffb0500 <levels$0+0x2dc>)
40084853:	ef2c81        	l32r	a8, 40080504 <_init_end+0x104> (40007d54 <esp_rom_printf>)
40084856:	0008e0        	callx8	a8
40084859:	07bd      	mov.n	a11, a7
4008485b:	f020a1        	l32r	a10, 400808dc <_init_end+0x4dc> (3ffb052c <levels$0+0x308>)
4008485e:	ef2981        	l32r	a8, 40080504 <_init_end+0x104> (40007d54 <esp_rom_printf>)
40084861:	0008e0        	callx8	a8
40084864:	f01d      	retw.n
	...

40084868 <read_bootloader_header>:
40084868:	004136        	entry	a1, 32
4008486b:	1d0c      	movi.n	a13, 1
4008486d:	8c1c      	movi.n	a12, 24
4008486f:	efb9b1        	l32r	a11, 40080754 <_init_end+0x354> (3ffb3050 <bootloader_image_hdr>)
40084872:	efe3a1        	l32r	a10, 40080800 <_init_end+0x400> (1000 <CONFIG_BOOTLOADER_OFFSET_IN_FLASH>)
40084875:	045de5        	call8	40088e54 <esp_rom_flash_read>
40084878:	0a2d      	mov.n	a2, a10
4008487a:	ca8c      	beqz.n	a10, 4008488a <read_bootloader_header+0x22>
4008487c:	f011b1        	l32r	a11, 400808c0 <_init_end+0x4c0> (3ffb0424 <levels$0+0x200>)
4008487f:	f018a1        	l32r	a10, 400808e0 <_init_end+0x4e0> (3ffb0548 <levels$0+0x324>)
40084882:	ef2081        	l32r	a8, 40080504 <_init_end+0x104> (40007d54 <esp_rom_printf>)
40084885:	0008e0        	callx8	a8
40084888:	b27c      	movi.n	a2, -5
4008488a:	f01d      	retw.n

4008488c <config_wdt>:
4008488c:	006136        	entry	a1, 48
4008488f:	00a062        	movi	a6, 0
40084892:	0169      	s32i.n	a6, a1, 0
40084894:	eefc81        	l32r	a8, 40080484 <_init_end+0x84> (3ff48000 <RTCCNTL>)
40084897:	1189      	s32i.n	a8, a1, 4
40084899:	01ad      	mov.n	a10, a1
4008489b:	017c65        	call8	40086060 <wdt_hal_write_protect_disable>
4008489e:	06bd      	mov.n	a11, a6
400848a0:	01ad      	mov.n	a10, a1
400848a2:	017e25        	call8	40086084 <wdt_hal_set_flashboot_en>
400848a5:	01ad      	mov.n	a10, a1
400848a7:	0184a5        	call8	400860f0 <wdt_hal_disable>
400848aa:	01ad      	mov.n	a10, a1
400848ac:	018225        	call8	400860d0 <wdt_hal_write_protect_enable>
400848af:	f00d81        	l32r	a8, 400808e4 <_init_end+0x4e4> (3ffb0d7c <libc_heap_size+0x44>)
400848b2:	718b      	addi.n	a7, a1, 8
400848b4:	0898      	l32i.n	a9, a8, 0
400848b6:	1888      	l32i.n	a8, a8, 4
400848b8:	2199      	s32i.n	a9, a1, 8
400848ba:	036182        	s32i	a8, a1, 12
400848bd:	07ad      	mov.n	a10, a7
400848bf:	017a25        	call8	40086060 <wdt_hal_write_protect_disable>
400848c2:	06bd      	mov.n	a11, a6
400848c4:	07ad      	mov.n	a10, a7
400848c6:	017be5        	call8	40086084 <wdt_hal_set_flashboot_en>
400848c9:	07ad      	mov.n	a10, a7
400848cb:	018065        	call8	400860d0 <wdt_hal_write_protect_enable>
400848ce:	f01d      	retw.n

400848d0 <check_bootloader_validity>:
400848d0:	004136        	entry	a1, 32
400848d3:	fc8b25        	call8	40081184 <efuse_hal_chip_revision>
400848d6:	0a2d      	mov.n	a2, a10
400848d8:	effc71        	l32r	a7, 400808c8 <_init_end+0x4c8> (51eb851f <_rtc_force_slow_end+0x1eb84f7>)
400848db:	a27a70        	muluh	a7, a10, a7
400848de:	417570        	srli	a7, a7, 5
400848e1:	a0d770        	addx4	a13, a7, a7
400848e4:	a0ddd0        	addx4	a13, a13, a13
400848e7:	11dde0        	slli	a13, a13, 2
400848ea:	c0dad0        	sub	a13, a10, a13
400848ed:	20c770        	or	a12, a7, a7
400848f0:	eff4b1        	l32r	a11, 400808c0 <_init_end+0x4c0> (3ffb0424 <levels$0+0x200>)
400848f3:	effda1        	l32r	a10, 400808e8 <_init_end+0x4e8> (3ffb057c <levels$0+0x358>)
400848f6:	ef0381        	l32r	a8, 40080504 <_init_end+0x104> (40007d54 <esp_rom_printf>)
400848f9:	0008e0        	callx8	a8
400848fc:	2ba182        	movi	a8, 0x12b
400848ff:	1a3827        	bltu	a8, a2, 4008491d <check_bootloader_validity+0x4d>
40084902:	efef21        	l32r	a2, 400808c0 <_init_end+0x4c0> (3ffb0424 <levels$0+0x200>)
40084905:	07cd      	mov.n	a12, a7
40084907:	02bd      	mov.n	a11, a2
40084909:	eff8a1        	l32r	a10, 400808ec <_init_end+0x4ec> (3ffb059c <levels$0+0x378>)
4008490c:	eefe81        	l32r	a8, 40080504 <_init_end+0x104> (40007d54 <esp_rom_printf>)
4008490f:	0008e0        	callx8	a8
40084912:	02bd      	mov.n	a11, a2
40084914:	eff7a1        	l32r	a10, 400808f0 <_init_end+0x4f0> (3ffb0624 <levels$0+0x400>)
40084917:	eefb81        	l32r	a8, 40080504 <_init_end+0x104> (40007d54 <esp_rom_printf>)
4008491a:	0008e0        	callx8	a8
4008491d:	00a0b2        	movi	a11, 0
40084920:	ef8da1        	l32r	a10, 40080754 <_init_end+0x354> (3ffb3050 <bootloader_image_hdr>)
40084923:	ffe425        	call8	40084764 <check_chip_validity>
40084926:	202aa0        	or	a2, a10, a10
40084929:	001a16        	beqz	a10, 4008492e <check_bootloader_validity+0x5e>
4008492c:	f27c      	movi.n	a2, -1
4008492e:	f01d      	retw.n

40084930 <wdt_reset_info_dump>:
40084930:	004136        	entry	a1, 32
40084933:	129c      	beqz.n	a2, 40084948 <wdt_reset_info_dump+0x18>
40084935:	efefc1        	l32r	a12, 400808f4 <_init_end+0x4f4> (3ffb0890 <levels$0+0x66c>)
40084938:	eff0b1        	l32r	a11, 400808f8 <_init_end+0x4f8> (3ffb0424 <levels$0+0x200>)
4008493b:	eff0a1        	l32r	a10, 400808fc <_init_end+0x4fc> (3ffb0894 <levels$0+0x670>)
4008493e:	eef181        	l32r	a8, 40080504 <_init_end+0x104> (40007d54 <esp_rom_printf>)
40084941:	0008e0        	callx8	a8
40084944:	001206        	j	40084990 <wdt_reset_info_dump+0x60>
40084947:	00          	.byte	00
40084948:	efee81        	l32r	a8, 40080900 <_init_end+0x500> (3ff00444 <_rodata_end+0xaf0444>)
4008494b:	0020c0        	memw
4008494e:	0888      	l32i.n	a8, a8, 0
40084950:	efed81        	l32r	a8, 40080904 <_init_end+0x504> (3ff00448 <_rodata_end+0xaf0448>)
40084953:	0020c0        	memw
40084956:	0888      	l32i.n	a8, a8, 0
40084958:	efec81        	l32r	a8, 40080908 <_init_end+0x508> (3ff0044c <_rodata_end+0xaf044c>)
4008495b:	0020c0        	memw
4008495e:	0888      	l32i.n	a8, a8, 0
40084960:	efeb81        	l32r	a8, 4008090c <_init_end+0x50c> (3ff00450 <_rodata_end+0xaf0450>)
40084963:	0020c0        	memw
40084966:	0888      	l32i.n	a8, a8, 0
40084968:	efea81        	l32r	a8, 40080910 <_init_end+0x510> (3ff00454 <_rodata_end+0xaf0454>)
4008496b:	0020c0        	memw
4008496e:	0888      	l32i.n	a8, a8, 0
40084970:	efe981        	l32r	a8, 40080914 <_init_end+0x514> (3ff00458 <_rodata_end+0xaf0458>)
40084973:	0020c0        	memw
40084976:	0888      	l32i.n	a8, a8, 0
40084978:	efe881        	l32r	a8, 40080918 <_init_end+0x518> (3ff0045c <_rodata_end+0xaf045c>)
4008497b:	0020c0        	memw
4008497e:	0888      	l32i.n	a8, a8, 0
40084980:	efe781        	l32r	a8, 4008091c <_init_end+0x51c> (3ff00460 <_rodata_end+0xaf0460>)
40084983:	0020c0        	memw
40084986:	0888      	l32i.n	a8, a8, 0
40084988:	efe681        	l32r	a8, 40080920 <_init_end+0x520> (3ff00464 <_rodata_end+0xaf0464>)
4008498b:	0020c0        	memw
4008498e:	0888      	l32i.n	a8, a8, 0
40084990:	f01d      	retw.n
	...

40084994 <wdt_reset_cpu0_info_enable>:
40084994:	004136        	entry	a1, 32
40084997:	efe381        	l32r	a8, 40080924 <_init_end+0x524> (3ff00440 <_rodata_end+0xaf0440>)
4008499a:	0020c0        	memw
4008499d:	0898      	l32i.n	a9, a8, 0
4008499f:	01a1a2        	movi	a10, 0x101
400849a2:	2099a0        	or	a9, a9, a10
400849a5:	0020c0        	memw
400849a8:	0899      	s32i.n	a9, a8, 0
400849aa:	0020c0        	memw
400849ad:	0898      	l32i.n	a9, a8, 0
400849af:	ea7c      	movi.n	a10, -2
400849b1:	1099a0        	and	a9, a9, a10
400849b4:	0020c0        	memw
400849b7:	0899      	s32i.n	a9, a8, 0
400849b9:	f01d      	retw.n
	...

400849bc <check_wdt_reset>:
400849bc:	004136        	entry	a1, 32
400849bf:	00a0a2        	movi	a10, 0
400849c2:	efda81        	l32r	a8, 4008092c <_init_end+0x52c> (400081d4 <esp_rom_get_reset_reason>)
400849c5:	0008e0        	callx8	a8
400849c8:	f7ca82        	addi	a8, a10, -9
400849cb:	40f880        	nsau	a8, a8
400849ce:	418580        	srli	a8, a8, 5
400849d1:	f9ca92        	addi	a9, a10, -7
400849d4:	40f990        	nsau	a9, a9
400849d7:	419590        	srli	a9, a9, 5
400849da:	208890        	or	a8, a8, a9
400849dd:	c8cc      	bnez.n	a8, 400849ed <check_wdt_reset+0x31>
400849df:	f3ca82        	addi	a8, a10, -13
400849e2:	40f880        	nsau	a8, a8
400849e5:	418580        	srli	a8, a8, 5
400849e8:	018a26        	beqi	a10, 8, 400849ed <check_wdt_reset+0x31>
400849eb:	289c      	beqz.n	a8, 40084a01 <check_wdt_reset+0x45>
400849ed:	efc2b1        	l32r	a11, 400808f8 <_init_end+0x4f8> (3ffb0424 <levels$0+0x200>)
400849f0:	efcea1        	l32r	a10, 40080928 <_init_end+0x528> (3ffb08c4 <levels$0+0x6a0>)
400849f3:	eec481        	l32r	a8, 40080504 <_init_end+0x104> (40007d54 <esp_rom_printf>)
400849f6:	0008e0        	callx8	a8
400849f9:	0a0c      	movi.n	a10, 0
400849fb:	201110        	or	a1, a1, a1
400849fe:	fff325        	call8	40084930 <wdt_reset_info_dump>
40084a01:	fff925        	call8	40084994 <wdt_reset_cpu0_info_enable>
40084a04:	f01d      	retw.n
	...

40084a08 <reset_mmu>:
40084a08:	006136        	entry	a1, 48
40084a0b:	0a0c      	movi.n	a10, 0
40084a0d:	ee8681        	l32r	a8, 40080428 <_init_end+0x28> (40009ab8 <Cache_Read_Disable_rom>)
40084a10:	0008e0        	callx8	a8
40084a13:	0a0c      	movi.n	a10, 0
40084a15:	ee7b81        	l32r	a8, 40080404 <_init_end+0x4> (40009a14 <Cache_Flush_rom>)
40084a18:	0008e0        	callx8	a8
40084a1b:	0a0c      	movi.n	a10, 0
40084a1d:	efc481        	l32r	a8, 40080930 <_init_end+0x530> (400095a4 <mmu_init>)
40084a20:	0008e0        	callx8	a8
40084a23:	8c0c      	movi.n	a12, 8
40084a25:	0b0c      	movi.n	a11, 0
40084a27:	01ad      	mov.n	a10, a1
40084a29:	eee781        	l32r	a8, 400805c8 <_init_end+0x1c8> (4000c44c <memset>)
40084a2c:	0008e0        	callx8	a8
40084a2f:	180c      	movi.n	a8, 1
40084a31:	004182        	s8i	a8, a1, 0
40084a34:	01ad      	mov.n	a10, a1
40084a36:	014f25        	call8	40085f28 <mmu_hal_ctx_init>
40084a39:	ef4d91        	l32r	a9, 40080770 <_init_end+0x370> (3ff00044 <_rodata_end+0xaf0044>)
40084a3c:	0020c0        	memw
40084a3f:	0988      	l32i.n	a8, a9, 0
40084a41:	fa6c      	movi.n	a10, -17
40084a43:	1088a0        	and	a8, a8, a10
40084a46:	0020c0        	memw
40084a49:	0989      	s32i.n	a8, a9, 0
40084a4b:	f01d      	retw.n
40084a4d:	000000        	ill

40084a50 <bootloader_clock_configure>:
40084a50:	004136        	entry	a1, 32
40084a53:	00a0a2        	movi	a10, 0
40084a56:	fc67e5        	call8	400810d4 <esp_rom_output_tx_wait_idle>
40084a59:	ee8381        	l32r	a8, 40080468 <_init_end+0x68> (3ff48070 <RTCCNTL+0x70>)
40084a5c:	0020c0        	memw
40084a5f:	002882        	l32i	a8, a8, 0
40084a62:	158b80        	extui	a8, a8, 27, 2
40084a65:	121866        	bnei	a8, 1, 40084a7b <bootloader_clock_configure+0x2b>
40084a68:	ee8091        	l32r	a9, 40080468 <_init_end+0x68> (3ff48070 <RTCCNTL+0x70>)
40084a6b:	0020c0        	memw
40084a6e:	0988      	l32i.n	a8, a9, 0
40084a70:	ee7fa1        	l32r	a10, 4008046c <_init_end+0x6c> (e7ffffff <_rtc_force_slow_end+0x97ffffd7>)
40084a73:	1088a0        	and	a8, a8, a10
40084a76:	0020c0        	memw
40084a79:	0989      	s32i.n	a8, a9, 0
40084a7b:	efae81        	l32r	a8, 40080934 <_init_end+0x534> (6000e044 <_rtc_force_slow_end+0x1000e01c>)
40084a7e:	0020c0        	memw
40084a81:	0898      	l32i.n	a9, a8, 0
40084a83:	efada1        	l32r	a10, 40080938 <_init_end+0x538> (3ff00 <procpu_iram0_len+0x7f00>)
40084a86:	2099a0        	or	a9, a9, a10
40084a89:	0020c0        	memw
40084a8c:	0899      	s32i.n	a9, a8, 0
40084a8e:	0020c0        	memw
40084a91:	0898      	l32i.n	a9, a8, 0
40084a93:	efaaa1        	l32r	a10, 4008093c <_init_end+0x53c> (fffdffff <_rtc_force_slow_end+0xaffdffd7>)
40084a96:	1099a0        	and	a9, a9, a10
40084a99:	0020c0        	memw
40084a9c:	0899      	s32i.n	a9, a8, 0
40084a9e:	0020c0        	memw
40084aa1:	0898      	l32i.n	a9, a8, 0
40084aa3:	efa7a1        	l32r	a10, 40080940 <_init_end+0x540> (ffffbfff <_rtc_force_slow_end+0xafffbfd7>)
40084aa6:	1099a0        	and	a9, a9, a10
40084aa9:	0020c0        	memw
40084aac:	0899      	s32i.n	a9, a8, 0
40084aae:	8a2c      	movi.n	a10, 40
40084ab0:	0082e5        	call8	400852e0 <rtc_clk_xtal_freq_update>
40084ab3:	efa4a1        	l32r	a10, 40080944 <_init_end+0x544> (2625a00 <CONFIG_XTAL_FREQ_HZ>)
40084ab6:	fc4525        	call8	40080f08 <rtc_clk_apb_freq_update>
40084ab9:	efa381        	l32r	a8, 40080948 <_init_end+0x548> (3ff4803c <RTCCNTL+0x3c>)
40084abc:	090c      	movi.n	a9, 0
40084abe:	0020c0        	memw
40084ac1:	0899      	s32i.n	a9, a8, 0
40084ac3:	efa281        	l32r	a8, 4008094c <_init_end+0x54c> (3ff48048 <RTCCNTL+0x48>)
40084ac6:	f97c      	movi.n	a9, -1
40084ac8:	0020c0        	memw
40084acb:	0899      	s32i.n	a9, a8, 0
40084acd:	f01d      	retw.n
	...

40084ad0 <soc_hw_init>:
40084ad0:	004136        	entry	a1, 32
40084ad3:	f01d      	retw.n
40084ad5:	000000        	ill

40084ad8 <ana_clock_glitch_reset_config>:
40084ad8:	004136        	entry	a1, 32
40084adb:	f01d      	retw.n
40084add:	000000        	ill

40084ae0 <hardware_init>:
40084ae0:	004136        	entry	a1, 32
40084ae3:	080c      	movi.n	a8, 0
40084ae5:	136180        	wsr.memctl	a8
40084ae8:	fffe65        	call8	40084ad0 <soc_hw_init>
40084aeb:	00e465        	call8	40085930 <rtc_vddsdio_get_config>
40084aee:	1481a0        	extui	a8, a10, 1, 2
40084af1:	201866        	bnei	a8, 1, 40084b15 <hardware_init+0x35>
40084af4:	881c      	movi.n	a8, 24
40084af6:	20aa80        	or	a10, a10, a8
40084af9:	60a082        	movi	a8, 96
40084afc:	20aa80        	or	a10, a10, a8
40084aff:	80a182        	movi	a8, 0x180
40084b02:	20aa80        	or	a10, a10, a8
40084b05:	180c      	movi.n	a8, 1
40084b07:	20aa80        	or	a10, a10, a8
40084b0a:	00f165        	call8	40085a20 <rtc_vddsdio_set_config>
40084b0d:	aa0c      	movi.n	a10, 10
40084b0f:	ee7e81        	l32r	a8, 40080508 <_init_end+0x108> (40008534 <esp_rom_delay_us>)
40084b12:	0008e0        	callx8	a8
40084b15:	fff3a5        	call8	40084a50 <bootloader_clock_configure>
40084b18:	ff8fe5        	call8	40084418 <esp_console_init>
40084b1b:	ffd225        	call8	4008483c <print_banner>
40084b1e:	ffeea5        	call8	40084a08 <reset_mmu>
40084b21:	ff58a5        	call8	400840ac <flash_update_id>
40084b24:	fcb825        	call8	400816a8 <bootloader_flash_xmc_startup>
40084b27:	0a2d      	mov.n	a2, a10
40084b29:	00fa16        	beqz	a10, 40084b3c <hardware_init+0x5c>
40084b2c:	ef89b1        	l32r	a11, 40080950 <_init_end+0x550> (3ffb0388 <levels$0+0x164>)
40084b2f:	ef89a1        	l32r	a10, 40080954 <_init_end+0x554> (3ffb0390 <levels$0+0x16c>)
40084b32:	ee7481        	l32r	a8, 40080504 <_init_end+0x104> (40007d54 <esp_rom_printf>)
40084b35:	0008e0        	callx8	a8
40084b38:	000786        	j	40084b5a <hardware_init+0x7a>
40084b3b:	00          	.byte	00
40084b3c:	ffd2a5        	call8	40084868 <read_bootloader_header>
40084b3f:	202aa0        	or	a2, a10, a10
40084b42:	014a56        	bnez	a10, 40084b5a <hardware_init+0x7a>
40084b45:	ffd8a5        	call8	400848d0 <check_bootloader_validity>
40084b48:	202aa0        	or	a2, a10, a10
40084b4b:	bacc      	bnez.n	a10, 40084b5a <hardware_init+0x7a>
40084b4d:	ff8ae5        	call8	400843fc <init_spi_flash>
40084b50:	0a2d      	mov.n	a2, a10
40084b52:	4acc      	bnez.n	a10, 40084b5a <hardware_init+0x7a>
40084b54:	ffe665        	call8	400849bc <check_wdt_reset>
40084b57:	ffd365        	call8	4008488c <config_wdt>
40084b5a:	f01d      	retw.n

40084b5c <rtc_gpio_is_valid_gpio>:
40084b5c:	004136        	entry	a1, 32
40084b5f:	782c      	movi.n	a8, 39
40084b61:	132827        	blt	a8, a2, 40084b78 <rtc_gpio_is_valid_gpio+0x1c>
40084b64:	ee7181        	l32r	a8, 40080528 <_init_end+0x128> (3ffb156c <rtc_io_num_map>)
40084b67:	882a      	add.n	a8, a8, a2
40084b69:	000882        	l8ui	a8, a8, 0
40084b6c:	238800        	sext	a8, a8, 7
40084b6f:	00a8d6        	bgez	a8, 40084b7d <rtc_gpio_is_valid_gpio+0x21>
40084b72:	020c      	movi.n	a2, 0
40084b74:	0001c6        	j	40084b7f <rtc_gpio_is_valid_gpio+0x23>
40084b77:	00          	.byte	00
40084b78:	020c      	movi.n	a2, 0
40084b7a:	000046        	j	40084b7f <rtc_gpio_is_valid_gpio+0x23>
40084b7d:	120c      	movi.n	a2, 1
40084b7f:	f01d      	retw.n
40084b81:	000000        	ill

40084b84 <rtc_io_number_get>:
40084b84:	004136        	entry	a1, 32
40084b87:	ee6881        	l32r	a8, 40080528 <_init_end+0x128> (3ffb156c <rtc_io_num_map>)
40084b8a:	882a      	add.n	a8, a8, a2
40084b8c:	000822        	l8ui	a2, a8, 0
40084b8f:	232200        	sext	a2, a2, 7
40084b92:	f01d      	retw.n

40084b94 <rtc_gpio_pullup_en>:
40084b94:	004136        	entry	a1, 32
40084b97:	206220        	or	a6, a2, a2
40084b9a:	20a220        	or	a10, a2, a2
40084b9d:	fffbe5        	call8	40084b5c <rtc_gpio_is_valid_gpio>
40084ba0:	180c      	movi.n	a8, 1
40084ba2:	302a80        	xor	a2, a10, a8
40084ba5:	742020        	extui	a2, a2, 0, 8
40084ba8:	92fc      	bnez.n	a2, 40084be5 <rtc_gpio_pullup_en+0x51>
40084baa:	006380        	rsil	a8, 3
40084bad:	087d      	mov.n	a7, a8
40084baf:	ef6a91        	l32r	a9, 40080958 <_init_end+0x558> (3ffb307c <rtc_spinlock>)
40084bb2:	0989      	s32i.n	a8, a9, 0
40084bb4:	06ad      	mov.n	a10, a6
40084bb6:	fffce5        	call8	40084b84 <rtc_io_number_get>
40084bb9:	f08aa0        	subx8	a8, a10, a10
40084bbc:	ef6891        	l32r	a9, 4008095c <_init_end+0x55c> (3f4002a0 <rtc_io_desc>)
40084bbf:	b08890        	addx8	a8, a8, a9
40084bc2:	4888      	l32i.n	a8, a8, 16
40084bc4:	489c      	beqz.n	a8, 40084bdc <rtc_gpio_pullup_en+0x48>
40084bc6:	f0aaa0        	subx8	a10, a10, a10
40084bc9:	b0aa90        	addx8	a10, a10, a9
40084bcc:	0a98      	l32i.n	a9, a10, 0
40084bce:	0020c0        	memw
40084bd1:	09a8      	l32i.n	a10, a9, 0
40084bd3:	2088a0        	or	a8, a8, a10
40084bd6:	0020c0        	memw
40084bd9:	006982        	s32i	a8, a9, 0
40084bdc:	13e670        	wsr.ps	a7
40084bdf:	002010        	rsync
40084be2:	000086        	j	40084be8 <rtc_gpio_pullup_en+0x54>
40084be5:	02a122        	movi	a2, 0x102
40084be8:	f01d      	retw.n
	...

40084bec <rtc_gpio_pullup_dis>:
40084bec:	004136        	entry	a1, 32
40084bef:	026d      	mov.n	a6, a2
40084bf1:	02ad      	mov.n	a10, a2
40084bf3:	fff6a5        	call8	40084b5c <rtc_gpio_is_valid_gpio>
40084bf6:	180c      	movi.n	a8, 1
40084bf8:	302a80        	xor	a2, a10, a8
40084bfb:	742020        	extui	a2, a2, 0, 8
40084bfe:	03e256        	bnez	a2, 40084c40 <rtc_gpio_pullup_dis+0x54>
40084c01:	006380        	rsil	a8, 3
40084c04:	087d      	mov.n	a7, a8
40084c06:	ef5491        	l32r	a9, 40080958 <_init_end+0x558> (3ffb307c <rtc_spinlock>)
40084c09:	0989      	s32i.n	a8, a9, 0
40084c0b:	06ad      	mov.n	a10, a6
40084c0d:	fff765        	call8	40084b84 <rtc_io_number_get>
40084c10:	f08aa0        	subx8	a8, a10, a10
40084c13:	ef5291        	l32r	a9, 4008095c <_init_end+0x55c> (3f4002a0 <rtc_io_desc>)
40084c16:	b08890        	addx8	a8, a8, a9
40084c19:	4888      	l32i.n	a8, a8, 16
40084c1b:	689c      	beqz.n	a8, 40084c35 <rtc_gpio_pullup_dis+0x49>
40084c1d:	f0aaa0        	subx8	a10, a10, a10
40084c20:	b0aa90        	addx8	a10, a10, a9
40084c23:	0a98      	l32i.n	a9, a10, 0
40084c25:	0020c0        	memw
40084c28:	09a8      	l32i.n	a10, a9, 0
40084c2a:	1088a0        	and	a8, a8, a10
40084c2d:	3088a0        	xor	a8, a8, a10
40084c30:	0020c0        	memw
40084c33:	0989      	s32i.n	a8, a9, 0
40084c35:	13e670        	wsr.ps	a7
40084c38:	002010        	rsync
40084c3b:	000106        	j	40084c43 <rtc_gpio_pullup_dis+0x57>
40084c3e:	00          	.byte	00
40084c3f:	00          	.byte	00
40084c40:	02a122        	movi	a2, 0x102
40084c43:	f01d      	retw.n
40084c45:	000000        	ill

40084c48 <rtc_gpio_pulldown_en>:
40084c48:	004136        	entry	a1, 32
40084c4b:	206220        	or	a6, a2, a2
40084c4e:	20a220        	or	a10, a2, a2
40084c51:	fff0a5        	call8	40084b5c <rtc_gpio_is_valid_gpio>
40084c54:	180c      	movi.n	a8, 1
40084c56:	302a80        	xor	a2, a10, a8
40084c59:	742020        	extui	a2, a2, 0, 8
40084c5c:	92fc      	bnez.n	a2, 40084c99 <rtc_gpio_pulldown_en+0x51>
40084c5e:	006380        	rsil	a8, 3
40084c61:	087d      	mov.n	a7, a8
40084c63:	ef3d91        	l32r	a9, 40080958 <_init_end+0x558> (3ffb307c <rtc_spinlock>)
40084c66:	0989      	s32i.n	a8, a9, 0
40084c68:	06ad      	mov.n	a10, a6
40084c6a:	fff1a5        	call8	40084b84 <rtc_io_number_get>
40084c6d:	f08aa0        	subx8	a8, a10, a10
40084c70:	ef3b91        	l32r	a9, 4008095c <_init_end+0x55c> (3f4002a0 <rtc_io_desc>)
40084c73:	b08890        	addx8	a8, a8, a9
40084c76:	5888      	l32i.n	a8, a8, 20
40084c78:	489c      	beqz.n	a8, 40084c90 <rtc_gpio_pulldown_en+0x48>
40084c7a:	f0aaa0        	subx8	a10, a10, a10
40084c7d:	b0aa90        	addx8	a10, a10, a9
40084c80:	0a98      	l32i.n	a9, a10, 0
40084c82:	0020c0        	memw
40084c85:	09a8      	l32i.n	a10, a9, 0
40084c87:	2088a0        	or	a8, a8, a10
40084c8a:	0020c0        	memw
40084c8d:	006982        	s32i	a8, a9, 0
40084c90:	13e670        	wsr.ps	a7
40084c93:	002010        	rsync
40084c96:	000086        	j	40084c9c <rtc_gpio_pulldown_en+0x54>
40084c99:	02a122        	movi	a2, 0x102
40084c9c:	f01d      	retw.n
	...

40084ca0 <rtc_gpio_pulldown_dis>:
40084ca0:	004136        	entry	a1, 32
40084ca3:	026d      	mov.n	a6, a2
40084ca5:	02ad      	mov.n	a10, a2
40084ca7:	ffeb65        	call8	40084b5c <rtc_gpio_is_valid_gpio>
40084caa:	180c      	movi.n	a8, 1
40084cac:	302a80        	xor	a2, a10, a8
40084caf:	742020        	extui	a2, a2, 0, 8
40084cb2:	03e256        	bnez	a2, 40084cf4 <rtc_gpio_pulldown_dis+0x54>
40084cb5:	006380        	rsil	a8, 3
40084cb8:	087d      	mov.n	a7, a8
40084cba:	ef2791        	l32r	a9, 40080958 <_init_end+0x558> (3ffb307c <rtc_spinlock>)
40084cbd:	0989      	s32i.n	a8, a9, 0
40084cbf:	06ad      	mov.n	a10, a6
40084cc1:	ffec25        	call8	40084b84 <rtc_io_number_get>
40084cc4:	f08aa0        	subx8	a8, a10, a10
40084cc7:	ef2591        	l32r	a9, 4008095c <_init_end+0x55c> (3f4002a0 <rtc_io_desc>)
40084cca:	b08890        	addx8	a8, a8, a9
40084ccd:	5888      	l32i.n	a8, a8, 20
40084ccf:	689c      	beqz.n	a8, 40084ce9 <rtc_gpio_pulldown_dis+0x49>
40084cd1:	f0aaa0        	subx8	a10, a10, a10
40084cd4:	b0aa90        	addx8	a10, a10, a9
40084cd7:	0a98      	l32i.n	a9, a10, 0
40084cd9:	0020c0        	memw
40084cdc:	09a8      	l32i.n	a10, a9, 0
40084cde:	1088a0        	and	a8, a8, a10
40084ce1:	3088a0        	xor	a8, a8, a10
40084ce4:	0020c0        	memw
40084ce7:	0989      	s32i.n	a8, a9, 0
40084ce9:	13e670        	wsr.ps	a7
40084cec:	002010        	rsync
40084cef:	000106        	j	40084cf7 <rtc_gpio_pulldown_dis+0x57>
40084cf2:	00          	.byte	00
40084cf3:	00          	.byte	00
40084cf4:	02a122        	movi	a2, 0x102
40084cf7:	f01d      	retw.n
40084cf9:	000000        	ill

40084cfc <rtc_clk_32k_enable_common>:
40084cfc:	004136        	entry	a1, 32
40084cff:	ef1881        	l32r	a8, 40080960 <_init_end+0x560> (3ff4848c <RTCIO+0x8c>)
40084d02:	0020c0        	memw
40084d05:	0898      	l32i.n	a9, a8, 0
40084d07:	ef17a1        	l32r	a10, 40080964 <_init_end+0x564> (e73ff7df <_rtc_force_slow_end+0x973ff7b7>)
40084d0a:	1099a0        	and	a9, a9, a10
40084d0d:	0020c0        	memw
40084d10:	0899      	s32i.n	a9, a8, 0
40084d12:	0020c0        	memw
40084d15:	0898      	l32i.n	a9, a8, 0
40084d17:	ef14a1        	l32r	a10, 40080968 <_init_end+0x568> (60000 <procpu_iram0_len+0x28000>)
40084d1a:	2099a0        	or	a9, a9, a10
40084d1d:	0020c0        	memw
40084d20:	0899      	s32i.n	a9, a8, 0
40084d22:	0a1226        	beqi	a2, 1, 40084d30 <rtc_clk_32k_enable_common+0x34>
40084d25:	0c2226        	beqi	a2, 2, 40084d35 <rtc_clk_32k_enable_common+0x39>
40084d28:	020c      	movi.n	a2, 0
40084d2a:	1a0c      	movi.n	a10, 1
40084d2c:	000246        	j	40084d39 <rtc_clk_32k_enable_common+0x3d>
40084d2f:	00          	.byte	00
40084d30:	2a0c      	movi.n	a10, 2
40084d32:	0000c6        	j	40084d39 <rtc_clk_32k_enable_common+0x3d>
40084d35:	020c      	movi.n	a2, 0
40084d37:	3a0c      	movi.n	a10, 3
40084d39:	ef0981        	l32r	a8, 40080960 <_init_end+0x560> (3ff4848c <RTCIO+0x8c>)
40084d3c:	0020c0        	memw
40084d3f:	0898      	l32i.n	a9, a8, 0
40084d41:	ef0ab1        	l32r	a11, 4008096c <_init_end+0x56c> (ffcfffff <_rtc_force_slow_end+0xafcfffd7>)
40084d44:	1099b0        	and	a9, a9, a11
40084d47:	01aac0        	slli	a10, a10, 20
40084d4a:	2099a0        	or	a9, a9, a10
40084d4d:	0020c0        	memw
40084d50:	0899      	s32i.n	a9, a8, 0
40084d52:	0020c0        	memw
40084d55:	0898      	l32i.n	a9, a8, 0
40084d57:	8a1c      	movi.n	a10, 24
40084d59:	2099a0        	or	a9, a9, a10
40084d5c:	0020c0        	memw
40084d5f:	0899      	s32i.n	a9, a8, 0
40084d61:	0020c0        	memw
40084d64:	0898      	l32i.n	a9, a8, 0
40084d66:	9a7c      	movi.n	a10, -7
40084d68:	1099a0        	and	a9, a9, a10
40084d6b:	222a      	add.n	a2, a2, a2
40084d6d:	6a0c      	movi.n	a10, 6
40084d6f:	1022a0        	and	a2, a2, a10
40084d72:	209920        	or	a9, a9, a2
40084d75:	0020c0        	memw
40084d78:	0899      	s32i.n	a9, a8, 0
40084d7a:	0020c0        	memw
40084d7d:	0898      	l32i.n	a9, a8, 0
40084d7f:	eecfa1        	l32r	a10, 400808bc <_init_end+0x4bc> (80000 <procpu_iram0_len+0x48000>)
40084d82:	2099a0        	or	a9, a9, a10
40084d85:	0020c0        	memw
40084d88:	0899      	s32i.n	a9, a8, 0
40084d8a:	f01d      	retw.n

40084d8c <rtc_clk_bbpll_disable>:
40084d8c:	004136        	entry	a1, 32
40084d8f:	eef891        	l32r	a9, 40080970 <_init_end+0x570> (3ff48000 <RTCCNTL>)
40084d92:	0020c0        	memw
40084d95:	0988      	l32i.n	a8, a9, 0
40084d97:	40a5a2        	movi	a10, 0x540
40084d9a:	2088a0        	or	a8, a8, a10
40084d9d:	0020c0        	memw
40084da0:	0989      	s32i.n	a8, a9, 0
40084da2:	eef481        	l32r	a8, 40080974 <_init_end+0x574> (3ffb3098 <s_cur_pll_freq>)
40084da5:	090c      	movi.n	a9, 0
40084da7:	0899      	s32i.n	a9, a8, 0
40084da9:	eef381        	l32r	a8, 40080978 <_init_end+0x578> (3ff48030 <RTCCNTL+0x30>)
40084dac:	0020c0        	memw
40084daf:	0888      	l32i.n	a8, a8, 0
40084db1:	137877        	bbci	a8, 23, 40084dc8 <rtc_clk_bbpll_disable+0x3c>
40084db4:	eeef91        	l32r	a9, 40080970 <_init_end+0x570> (3ff48000 <RTCCNTL>)
40084db7:	0020c0        	memw
40084dba:	0988      	l32i.n	a8, a9, 0
40084dbc:	edc9a1        	l32r	a10, 400804e0 <_init_end+0xe0> (40000 <procpu_iram0_len+0x8000>)
40084dbf:	2088a0        	or	a8, a8, a10
40084dc2:	0020c0        	memw
40084dc5:	006982        	s32i	a8, a9, 0
40084dc8:	f01d      	retw.n
	...

40084dcc <rtc_clk_bbpll_enable>:
40084dcc:	004136        	entry	a1, 32
40084dcf:	eee881        	l32r	a8, 40080970 <_init_end+0x570> (3ff48000 <RTCCNTL>)
40084dd2:	0020c0        	memw
40084dd5:	0898      	l32i.n	a9, a8, 0
40084dd7:	eee9a1        	l32r	a10, 4008097c <_init_end+0x57c> (fffbffff <_rtc_force_slow_end+0xaffbffd7>)
40084dda:	1099a0        	and	a9, a9, a10
40084ddd:	0020c0        	memw
40084de0:	0899      	s32i.n	a9, a8, 0
40084de2:	0020c0        	memw
40084de5:	0898      	l32i.n	a9, a8, 0
40084de7:	bfaaa2        	movi	a10, 0xfffffabf
40084dea:	1099a0        	and	a9, a9, a10
40084ded:	0020c0        	memw
40084df0:	0899      	s32i.n	a9, a8, 0
40084df2:	8d1c      	movi.n	a13, 24
40084df4:	0c0c      	movi.n	a12, 0
40084df6:	4b0c      	movi.n	a11, 4
40084df8:	66a0a2        	movi	a10, 102
40084dfb:	03ace5        	call8	400888c8 <regi2c_ctrl_write_reg>
40084dfe:	0d2c      	movi.n	a13, 32
40084e00:	1c0c      	movi.n	a12, 1
40084e02:	4b0c      	movi.n	a11, 4
40084e04:	66a0a2        	movi	a10, 102
40084e07:	03ac25        	call8	400888c8 <regi2c_ctrl_write_reg>
40084e0a:	9aa0d2        	movi	a13, 154
40084e0d:	4c0c      	movi.n	a12, 4
40084e0f:	20bcc0        	or	a11, a12, a12
40084e12:	66a0a2        	movi	a10, 102
40084e15:	03ab25        	call8	400888c8 <regi2c_ctrl_write_reg>
40084e18:	0d0c      	movi.n	a13, 0
40084e1a:	ac0c      	movi.n	a12, 10
40084e1c:	4b0c      	movi.n	a11, 4
40084e1e:	66a0a2        	movi	a10, 102
40084e21:	03aa65        	call8	400888c8 <regi2c_ctrl_write_reg>
40084e24:	0d0c      	movi.n	a13, 0
40084e26:	cc0c      	movi.n	a12, 12
40084e28:	4b0c      	movi.n	a11, 4
40084e2a:	66a0a2        	movi	a10, 102
40084e2d:	03a9a5        	call8	400888c8 <regi2c_ctrl_write_reg>
40084e30:	f01d      	retw.n
	...

40084e34 <rtc_clk_bbpll_configure>:
40084e34:	006136        	entry	a1, 48
40084e37:	40a182        	movi	a8, 0x140
40084e3a:	1b9387        	bne	a3, a8, 40084e59 <rtc_clk_bbpll_configure+0x25>
40084e3d:	ed8e91        	l32r	a9, 40080478 <_init_end+0x78> (3ff4807c <RTCCNTL+0x7c>)
40084e40:	0020c0        	memw
40084e43:	0988      	l32i.n	a8, a9, 0
40084e45:	ed8da1        	l32r	a10, 4008047c <_init_end+0x7c> (ffffc7ff <_rtc_force_slow_end+0xafffc7d7>)
40084e48:	1088a0        	and	a8, a8, a10
40084e4b:	edbba1        	l32r	a10, 40080538 <_init_end+0x138> (2000 <rtc_data_len>)
40084e4e:	2088a0        	or	a8, a8, a10
40084e51:	0020c0        	memw
40084e54:	0989      	s32i.n	a8, a9, 0
40084e56:	000686        	j	40084e74 <rtc_clk_bbpll_configure+0x40>
40084e59:	ed8791        	l32r	a9, 40080478 <_init_end+0x78> (3ff4807c <RTCCNTL+0x7c>)
40084e5c:	0020c0        	memw
40084e5f:	0988      	l32i.n	a8, a9, 0
40084e61:	eec7a1        	l32r	a10, 40080980 <_init_end+0x580> (3800 <CONFIG_SYS_CLOCK_TICKS_PER_SEC+0x10f0>)
40084e64:	2088a0        	or	a8, a8, a10
40084e67:	0020c0        	memw
40084e6a:	0989      	s32i.n	a8, a9, 0
40084e6c:	3a0c      	movi.n	a10, 3
40084e6e:	eda681        	l32r	a8, 40080508 <_init_end+0x108> (40008534 <esp_rom_delay_us>)
40084e71:	0008e0        	callx8	a8
40084e74:	40a182        	movi	a8, 0x140
40084e77:	759387        	bne	a3, a8, 40084ef0 <rtc_clk_bbpll_configure+0xbc>
40084e7a:	a81c      	movi.n	a8, 26
40084e7c:	1c1287        	beq	a2, a8, 40084e9c <rtc_clk_bbpll_configure+0x68>
40084e7f:	882c      	movi.n	a8, 40
40084e81:	291287        	beq	a2, a8, 40084eae <rtc_clk_bbpll_configure+0x7a>
40084e84:	881c      	movi.n	a8, 24
40084e86:	389287        	bne	a2, a8, 40084ec2 <rtc_clk_bbpll_configure+0x8e>
40084e89:	160c      	movi.n	a6, 1
40084e8b:	040c      	movi.n	a4, 0
40084e8d:	067d      	mov.n	a7, a6
40084e8f:	450c      	movi.n	a5, 4
40084e91:	e0a082        	movi	a8, 224
40084e94:	0189      	s32i.n	a8, a1, 0
40084e96:	b20c      	movi.n	a2, 11
40084e98:	000dc6        	j	40084ed3 <rtc_clk_bbpll_configure+0x9f>
40084e9b:	00          	.byte	00
40084e9c:	160c      	movi.n	a6, 1
40084e9e:	040c      	movi.n	a4, 0
40084ea0:	067d      	mov.n	a7, a6
40084ea2:	450c      	movi.n	a5, 4
40084ea4:	e0a082        	movi	a8, 224
40084ea7:	0189      	s32i.n	a8, a1, 0
40084ea9:	c20c      	movi.n	a2, 12
40084eab:	000906        	j	40084ed3 <rtc_clk_bbpll_configure+0x9f>
40084eae:	360c      	movi.n	a6, 3
40084eb0:	640c      	movi.n	a4, 6
40084eb2:	070c      	movi.n	a7, 0
40084eb4:	075d      	mov.n	a5, a7
40084eb6:	082c      	movi.n	a8, 32
40084eb8:	0189      	s32i.n	a8, a1, 0
40084eba:	072d      	mov.n	a2, a7
40084ebc:	0004c6        	j	40084ed3 <rtc_clk_bbpll_configure+0x9f>
40084ebf:	00          	.byte	00
40084ec0:	00          	.byte	00
40084ec1:	00          	.byte	00
40084ec2:	00a062        	movi	a6, 0
40084ec5:	204660        	or	a4, a6, a6
40084ec8:	067d      	mov.n	a7, a6
40084eca:	450c      	movi.n	a5, 4
40084ecc:	e0a082        	movi	a8, 224
40084ecf:	0189      	s32i.n	a8, a1, 0
40084ed1:	c20c      	movi.n	a2, 12
40084ed3:	3d4c      	movi.n	a13, 67
40084ed5:	bc0c      	movi.n	a12, 11
40084ed7:	4b0c      	movi.n	a11, 4
40084ed9:	66a0a2        	movi	a10, 102
40084edc:	039ea5        	call8	400888c8 <regi2c_ctrl_write_reg>
40084edf:	84a0d2        	movi	a13, 132
40084ee2:	9c0c      	movi.n	a12, 9
40084ee4:	4b0c      	movi.n	a11, 4
40084ee6:	66a0a2        	movi	a10, 102
40084ee9:	039de5        	call8	400888c8 <regi2c_ctrl_write_reg>
40084eec:	001b86        	j	40084f5e <rtc_clk_bbpll_configure+0x12a>
40084eef:	00          	.byte	00
40084ef0:	a81c      	movi.n	a8, 26
40084ef2:	1b1287        	beq	a2, a8, 40084f11 <rtc_clk_bbpll_configure+0xdd>
40084ef5:	882c      	movi.n	a8, 40
40084ef7:	291287        	beq	a2, a8, 40084f24 <rtc_clk_bbpll_configure+0xf0>
40084efa:	881c      	movi.n	a8, 24
40084efc:	359287        	bne	a2, a8, 40084f35 <rtc_clk_bbpll_configure+0x101>
40084eff:	160c      	movi.n	a6, 1
40084f01:	040c      	movi.n	a4, 0
40084f03:	067d      	mov.n	a7, a6
40084f05:	450c      	movi.n	a5, 4
40084f07:	90a082        	movi	a8, 144
40084f0a:	0189      	s32i.n	a8, a1, 0
40084f0c:	b20c      	movi.n	a2, 11
40084f0e:	000c86        	j	40084f44 <rtc_clk_bbpll_configure+0x110>
40084f11:	160c      	movi.n	a6, 1
40084f13:	040c      	movi.n	a4, 0
40084f15:	067d      	mov.n	a7, a6
40084f17:	450c      	movi.n	a5, 4
40084f19:	90a082        	movi	a8, 144
40084f1c:	0189      	s32i.n	a8, a1, 0
40084f1e:	c20c      	movi.n	a2, 12
40084f20:	000806        	j	40084f44 <rtc_clk_bbpll_configure+0x110>
40084f23:	00          	.byte	00
40084f24:	360c      	movi.n	a6, 3
40084f26:	640c      	movi.n	a4, 6
40084f28:	070c      	movi.n	a7, 0
40084f2a:	075d      	mov.n	a5, a7
40084f2c:	c81c      	movi.n	a8, 28
40084f2e:	0189      	s32i.n	a8, a1, 0
40084f30:	072d      	mov.n	a2, a7
40084f32:	000386        	j	40084f44 <rtc_clk_bbpll_configure+0x110>
40084f35:	060c      	movi.n	a6, 0
40084f37:	064d      	mov.n	a4, a6
40084f39:	067d      	mov.n	a7, a6
40084f3b:	450c      	movi.n	a5, 4
40084f3d:	e0a082        	movi	a8, 224
40084f40:	0189      	s32i.n	a8, a1, 0
40084f42:	c20c      	movi.n	a2, 12
40084f44:	c3a0d2        	movi	a13, 195
40084f47:	bc0c      	movi.n	a12, 11
40084f49:	4b0c      	movi.n	a11, 4
40084f4b:	66a0a2        	movi	a10, 102
40084f4e:	0397a5        	call8	400888c8 <regi2c_ctrl_write_reg>
40084f51:	74a0d2        	movi	a13, 116
40084f54:	9c0c      	movi.n	a12, 9
40084f56:	4b0c      	movi.n	a11, 4
40084f58:	66a0a2        	movi	a10, 102
40084f5b:	0396e5        	call8	400888c8 <regi2c_ctrl_write_reg>
40084f5e:	11d790        	slli	a13, a7, 7
40084f61:	1155c0        	slli	a5, a5, 4
40084f64:	20dd50        	or	a13, a13, a5
40084f67:	1166a0        	slli	a6, a6, 6
40084f6a:	206460        	or	a6, a4, a6
40084f6d:	20dd20        	or	a13, a13, a2
40084f70:	02a0c2        	movi	a12, 2
40084f73:	04a0b2        	movi	a11, 4
40084f76:	66a0a2        	movi	a10, 102
40084f79:	0394e5        	call8	400888c8 <regi2c_ctrl_write_reg>
40084f7c:	01d8      	l32i.n	a13, a1, 0
40084f7e:	3c0c      	movi.n	a12, 3
40084f80:	4b0c      	movi.n	a11, 4
40084f82:	66a0a2        	movi	a10, 102
40084f85:	039425        	call8	400888c8 <regi2c_ctrl_write_reg>
40084f88:	06dd      	mov.n	a13, a6
40084f8a:	5c0c      	movi.n	a12, 5
40084f8c:	4b0c      	movi.n	a11, 4
40084f8e:	66a0a2        	movi	a10, 102
40084f91:	039365        	call8	400888c8 <regi2c_ctrl_write_reg>
40084f94:	ed3581        	l32r	a8, 40080468 <_init_end+0x68> (3ff48070 <RTCCNTL+0x70>)
40084f97:	0020c0        	memw
40084f9a:	0888      	l32i.n	a8, a8, 0
40084f9c:	158e80        	extui	a8, a8, 30, 2
40084f9f:	091826        	beqi	a8, 1, 40084fac <rtc_clk_bbpll_configure+0x178>
40084fa2:	0e2826        	beqi	a8, 2, 40084fb4 <rtc_clk_bbpll_configure+0x180>
40084fa5:	38dc      	bnez.n	a8, 40084fbc <rtc_clk_bbpll_configure+0x188>
40084fa7:	0a5c      	movi.n	a10, 80
40084fa9:	000486        	j	40084fbf <rtc_clk_bbpll_configure+0x18b>
40084fac:	a0a0a2        	movi	a10, 160
40084faf:	000306        	j	40084fbf <rtc_clk_bbpll_configure+0x18b>
40084fb2:	00          	.byte	00
40084fb3:	00          	.byte	00
40084fb4:	a0a0a2        	movi	a10, 160
40084fb7:	000106        	j	40084fbf <rtc_clk_bbpll_configure+0x18b>
40084fba:	00          	.byte	00
40084fbb:	00          	.byte	00
40084fbc:	a0a0a2        	movi	a10, 160
40084fbf:	ed5281        	l32r	a8, 40080508 <_init_end+0x108> (40008534 <esp_rom_delay_us>)
40084fc2:	0008e0        	callx8	a8
40084fc5:	ee6b81        	l32r	a8, 40080974 <_init_end+0x574> (3ffb3098 <s_cur_pll_freq>)
40084fc8:	0839      	s32i.n	a3, a8, 0
40084fca:	f01d      	retw.n

40084fcc <rtc_clk_32k_enable>:
40084fcc:	004136        	entry	a1, 32
40084fcf:	742020        	extui	a2, a2, 0, 8
40084fd2:	628c      	beqz.n	a2, 40084fdc <rtc_clk_32k_enable+0x10>
40084fd4:	0a0c      	movi.n	a10, 0
40084fd6:	ffd265        	call8	40084cfc <rtc_clk_32k_enable_common>
40084fd9:	000886        	j	40084fff <rtc_clk_32k_enable+0x33>
40084fdc:	ee6181        	l32r	a8, 40080960 <_init_end+0x560> (3ff4848c <RTCIO+0x8c>)
40084fdf:	0020c0        	memw
40084fe2:	0898      	l32i.n	a9, a8, 0
40084fe4:	ee68a1        	l32r	a10, 40080984 <_init_end+0x584> (fff7ffff <_rtc_force_slow_end+0xaff7ffd7>)
40084fe7:	1099a0        	and	a9, a9, a10
40084fea:	0020c0        	memw
40084fed:	0899      	s32i.n	a9, a8, 0
40084fef:	0020c0        	memw
40084ff2:	0898      	l32i.n	a9, a8, 0
40084ff4:	ee65a1        	l32r	a10, 40080988 <_init_end+0x588> (fff9ffff <_rtc_force_slow_end+0xaff9ffd7>)
40084ff7:	1099a0        	and	a9, a9, a10
40084ffa:	0020c0        	memw
40084ffd:	0899      	s32i.n	a9, a8, 0
40084fff:	f01d      	retw.n
40085001:	000000        	ill

40085004 <rtc_clk_32k_enable_external>:
40085004:	004136        	entry	a1, 32
40085007:	1a0c      	movi.n	a10, 1
40085009:	ffcf25        	call8	40084cfc <rtc_clk_32k_enable_common>
4008500c:	f01d      	retw.n
	...

40085010 <rtc_clk_8m_enable>:
40085010:	004136        	entry	a1, 32
40085013:	742020        	extui	a2, a2, 0, 8
40085016:	743030        	extui	a3, a3, 0, 8
40085019:	063216        	beqz	a2, 40085080 <rtc_clk_8m_enable+0x70>
4008501c:	ed1391        	l32r	a9, 40080468 <_init_end+0x68> (3ff48070 <RTCCNTL+0x70>)
4008501f:	0020c0        	memw
40085022:	0988      	l32i.n	a8, a9, 0
40085024:	bfafa2        	movi	a10, -65
40085027:	1088a0        	and	a8, a8, a10
4008502a:	0020c0        	memw
4008502d:	0989      	s32i.n	a8, a9, 0
4008502f:	ee5791        	l32r	a9, 4008098c <_init_end+0x58c> (3ff4801c <RTCCNTL+0x1c>)
40085032:	0020c0        	memw
40085035:	0988      	l32i.n	a8, a9, 0
40085037:	ee56a1        	l32r	a10, 40080990 <_init_end+0x590> (ffffc03f <_rtc_force_slow_end+0xafffc017>)
4008503a:	1088a0        	and	a8, a8, a10
4008503d:	40a1a2        	movi	a10, 0x140
40085040:	2088a0        	or	a8, a8, a10
40085043:	0020c0        	memw
40085046:	0989      	s32i.n	a8, a9, 0
40085048:	539c      	beqz.n	a3, 40085061 <rtc_clk_8m_enable+0x51>
4008504a:	ed0791        	l32r	a9, 40080468 <_init_end+0x68> (3ff48070 <RTCCNTL+0x70>)
4008504d:	0020c0        	memw
40085050:	0988      	l32i.n	a8, a9, 0
40085052:	7fafa2        	movi	a10, -129
40085055:	1088a0        	and	a8, a8, a10
40085058:	0020c0        	memw
4008505b:	0989      	s32i.n	a8, a9, 0
4008505d:	0004c6        	j	40085074 <rtc_clk_8m_enable+0x64>
40085060:	00          	.byte	00
40085061:	ed0191        	l32r	a9, 40080468 <_init_end+0x68> (3ff48070 <RTCCNTL+0x70>)
40085064:	0020c0        	memw
40085067:	0988      	l32i.n	a8, a9, 0
40085069:	80a0a2        	movi	a10, 128
4008506c:	2088a0        	or	a8, a8, a10
4008506f:	0020c0        	memw
40085072:	0989      	s32i.n	a8, a9, 0
40085074:	2a3c      	movi.n	a10, 50
40085076:	ed2481        	l32r	a8, 40080508 <_init_end+0x108> (40008534 <esp_rom_delay_us>)
40085079:	0008e0        	callx8	a8
4008507c:	000ac6        	j	400850ab <rtc_clk_8m_enable+0x9b>
4008507f:	00          	.byte	00
40085080:	ecfa91        	l32r	a9, 40080468 <_init_end+0x68> (3ff48070 <RTCCNTL+0x70>)
40085083:	0020c0        	memw
40085086:	0988      	l32i.n	a8, a9, 0
40085088:	0a4c      	movi.n	a10, 64
4008508a:	2088a0        	or	a8, a8, a10
4008508d:	0020c0        	memw
40085090:	0989      	s32i.n	a8, a9, 0
40085092:	ee3e91        	l32r	a9, 4008098c <_init_end+0x58c> (3ff4801c <RTCCNTL+0x1c>)
40085095:	0020c0        	memw
40085098:	0988      	l32i.n	a8, a9, 0
4008509a:	ee3da1        	l32r	a10, 40080990 <_init_end+0x590> (ffffc03f <_rtc_force_slow_end+0xafffc017>)
4008509d:	1088a0        	and	a8, a8, a10
400850a0:	00a5a2        	movi	a10, 0x500
400850a3:	2088a0        	or	a8, a8, a10
400850a6:	0020c0        	memw
400850a9:	0989      	s32i.n	a8, a9, 0
400850ab:	f01d      	retw.n
400850ad:	000000        	ill

400850b0 <rtc_clk_slow_src_set>:
400850b0:	004136        	entry	a1, 32
400850b3:	152266        	bnei	a2, 2, 400850cc <rtc_clk_slow_src_set+0x1c>
400850b6:	00a0a2        	movi	a10, 0
400850b9:	4bfa25        	call8	400d105c <esp_sleep_sub_mode_dump_config>
400850bc:	002a82        	l32i	a8, a10, 0
400850bf:	04d856        	bnez	a8, 40085110 <rtc_clk_slow_src_set+0x60>
400850c2:	1b0c      	movi.n	a11, 1
400850c4:	0a0c      	movi.n	a10, 0
400850c6:	4bef65        	call8	400d0fbc <esp_sleep_sub_mode_config>
400850c9:	000146        	j	400850d2 <rtc_clk_slow_src_set+0x22>
400850cc:	00a0a2        	movi	a10, 0
400850cf:	4bf625        	call8	400d1030 <esp_sleep_sub_mode_force_disable>
400850d2:	1e1226        	beqi	a2, 1, 400850f4 <rtc_clk_slow_src_set+0x44>
400850d5:	372226        	beqi	a2, 2, 40085110 <rtc_clk_slow_src_set+0x60>
400850d8:	050256        	bnez	a2, 4008512c <rtc_clk_slow_src_set+0x7c>
400850db:	ece391        	l32r	a9, 40080468 <_init_end+0x68> (3ff48070 <RTCCNTL+0x70>)
400850de:	0020c0        	memw
400850e1:	002982        	l32i	a8, a9, 0
400850e4:	1188e0        	slli	a8, a8, 2
400850e7:	418280        	srli	a8, a8, 2
400850ea:	0020c0        	memw
400850ed:	006982        	s32i	a8, a9, 0
400850f0:	000ec6        	j	4008512f <rtc_clk_slow_src_set+0x7f>
400850f3:	00          	.byte	00
400850f4:	ecdd91        	l32r	a9, 40080468 <_init_end+0x68> (3ff48070 <RTCCNTL+0x70>)
400850f7:	0020c0        	memw
400850fa:	0988      	l32i.n	a8, a9, 0
400850fc:	1188e0        	slli	a8, a8, 2
400850ff:	418280        	srli	a8, a8, 2
40085102:	ed4aa1        	l32r	a10, 4008062c <_init_end+0x22c> (40000000 <__dram_noinit_end+0x16c00>)
40085105:	2088a0        	or	a8, a8, a10
40085108:	0020c0        	memw
4008510b:	0989      	s32i.n	a8, a9, 0
4008510d:	000786        	j	4008512f <rtc_clk_slow_src_set+0x7f>
40085110:	ecd691        	l32r	a9, 40080468 <_init_end+0x68> (3ff48070 <RTCCNTL+0x70>)
40085113:	0020c0        	memw
40085116:	0988      	l32i.n	a8, a9, 0
40085118:	1188e0        	slli	a8, a8, 2
4008511b:	418280        	srli	a8, a8, 2
4008511e:	ece8a1        	l32r	a10, 400804c0 <_init_end+0xc0> (80000000 <_rtc_force_slow_end+0x2fffffd8>)
40085121:	2088a0        	or	a8, a8, a10
40085124:	0020c0        	memw
40085127:	0989      	s32i.n	a8, a9, 0
40085129:	000086        	j	4008512f <rtc_clk_slow_src_set+0x7f>
4008512c:	4c53a5        	call8	400d1668 <abort>
4008512f:	151266        	bnei	a2, 1, 40085148 <rtc_clk_slow_src_set+0x98>
40085132:	eccd91        	l32r	a9, 40080468 <_init_end+0x68> (3ff48070 <RTCCNTL+0x70>)
40085135:	0020c0        	memw
40085138:	0988      	l32i.n	a8, a9, 0
4008513a:	00a1a2        	movi	a10, 0x100
4008513d:	2088a0        	or	a8, a8, a10
40085140:	0020c0        	memw
40085143:	0989      	s32i.n	a8, a9, 0
40085145:	000486        	j	4008515b <rtc_clk_slow_src_set+0xab>
40085148:	ecc891        	l32r	a9, 40080468 <_init_end+0x68> (3ff48070 <RTCCNTL+0x70>)
4008514b:	0020c0        	memw
4008514e:	0988      	l32i.n	a8, a9, 0
40085150:	ffaea2        	movi	a10, 0xfffffeff
40085153:	1088a0        	and	a8, a8, a10
40085156:	0020c0        	memw
40085159:	0989      	s32i.n	a8, a9, 0
4008515b:	2ca1a2        	movi	a10, 0x12c
4008515e:	ecea81        	l32r	a8, 40080508 <_init_end+0x108> (40008534 <esp_rom_delay_us>)
40085161:	0008e0        	callx8	a8
40085164:	f01d      	retw.n
	...

40085168 <rtc_clk_slow_src_get>:
40085168:	004136        	entry	a1, 32
4008516b:	ecbf81        	l32r	a8, 40080468 <_init_end+0x68> (3ff48070 <RTCCNTL+0x70>)
4008516e:	0020c0        	memw
40085171:	0828      	l32i.n	a2, a8, 0
40085173:	152e20        	extui	a2, a2, 30, 2
40085176:	061226        	beqi	a2, 1, 40085180 <rtc_clk_slow_src_get+0x18>
40085179:	032226        	beqi	a2, 2, 40085180 <rtc_clk_slow_src_get+0x18>
4008517c:	028c      	beqz.n	a2, 40085180 <rtc_clk_slow_src_get+0x18>
4008517e:	320c      	movi.n	a2, 3
40085180:	f01d      	retw.n
	...

40085184 <rtc_clk_fast_src_set>:
40085184:	004136        	entry	a1, 32
40085187:	528c      	beqz.n	a2, 40085190 <rtc_clk_fast_src_set+0xc>
40085189:	1b1226        	beqi	a2, 1, 400851a8 <rtc_clk_fast_src_set+0x24>
4008518c:	000b86        	j	400851be <rtc_clk_fast_src_set+0x3a>
4008518f:	00          	.byte	00
40085190:	ecb691        	l32r	a9, 40080468 <_init_end+0x68> (3ff48070 <RTCCNTL+0x70>)
40085193:	0020c0        	memw
40085196:	0988      	l32i.n	a8, a9, 0
40085198:	eccfa1        	l32r	a10, 400804d4 <_init_end+0xd4> (dfffffff <_rtc_force_slow_end+0x8fffffd7>)
4008519b:	1088a0        	and	a8, a8, a10
4008519e:	0020c0        	memw
400851a1:	0989      	s32i.n	a8, a9, 0
400851a3:	000686        	j	400851c1 <rtc_clk_fast_src_set+0x3d>
400851a6:	00          	.byte	00
400851a7:	00          	.byte	00
400851a8:	ecb091        	l32r	a9, 40080468 <_init_end+0x68> (3ff48070 <RTCCNTL+0x70>)
400851ab:	0020c0        	memw
400851ae:	0988      	l32i.n	a8, a9, 0
400851b0:	eda9a1        	l32r	a10, 40080854 <_init_end+0x454> (20000000 <CONFIG_SOC_MPU_MIN_REGION_SIZE>)
400851b3:	2088a0        	or	a8, a8, a10
400851b6:	0020c0        	memw
400851b9:	0989      	s32i.n	a8, a9, 0
400851bb:	000086        	j	400851c1 <rtc_clk_fast_src_set+0x3d>
400851be:	4c4aa5        	call8	400d1668 <abort>
400851c1:	3a0c      	movi.n	a10, 3
400851c3:	ecd181        	l32r	a8, 40080508 <_init_end+0x108> (40008534 <esp_rom_delay_us>)
400851c6:	0008e0        	callx8	a8
400851c9:	f01d      	retw.n
	...

400851cc <rtc_clk_cpu_freq_mhz_to_config>:
400851cc:	004136        	entry	a1, 32
400851cf:	fbd065        	call8	40080ed4 <rtc_clk_xtal_freq_get>
400851d2:	ffc282        	addi	a8, a2, -1
400851d5:	16b8a7        	bgeu	a8, a10, 400851ef <rtc_clk_cpu_freq_mhz_to_config+0x23>
400851d8:	c29a20        	quou	a9, a10, a2
400851db:	418190        	srli	a8, a9, 1
400851de:	8088a0        	add	a8, a8, a10
400851e1:	c28890        	quou	a8, a8, a9
400851e4:	409287        	bne	a2, a8, 40085228 <rtc_clk_cpu_freq_mhz_to_config+0x5c>
400851e7:	202880        	or	a2, a8, a8
400851ea:	080c      	movi.n	a8, 0
400851ec:	000ac6        	j	4008521b <rtc_clk_cpu_freq_mhz_to_config+0x4f>
400851ef:	085c      	movi.n	a8, 80
400851f1:	151287        	beq	a2, a8, 4008520a <rtc_clk_cpu_freq_mhz_to_config+0x3e>
400851f4:	a0a082        	movi	a8, 160
400851f7:	191287        	beq	a2, a8, 40085214 <rtc_clk_cpu_freq_mhz_to_config+0x48>
400851fa:	f0a082        	movi	a8, 240
400851fd:	2c9287        	bne	a2, a8, 4008522d <rtc_clk_cpu_freq_mhz_to_config+0x61>
40085200:	290c      	movi.n	a9, 2
40085202:	180c      	movi.n	a8, 1
40085204:	e0a1a2        	movi	a10, 0x1e0
40085207:	000406        	j	4008521b <rtc_clk_cpu_freq_mhz_to_config+0x4f>
4008520a:	490c      	movi.n	a9, 4
4008520c:	180c      	movi.n	a8, 1
4008520e:	40a1a2        	movi	a10, 0x140
40085211:	000186        	j	4008521b <rtc_clk_cpu_freq_mhz_to_config+0x4f>
40085214:	290c      	movi.n	a9, 2
40085216:	180c      	movi.n	a8, 1
40085218:	40a1a2        	movi	a10, 0x140
4008521b:	0389      	s32i.n	a8, a3, 0
4008521d:	13a9      	s32i.n	a10, a3, 4
4008521f:	2399      	s32i.n	a9, a3, 8
40085221:	3329      	s32i.n	a2, a3, 12
40085223:	120c      	movi.n	a2, 1
40085225:	000186        	j	4008522f <rtc_clk_cpu_freq_mhz_to_config+0x63>
40085228:	020c      	movi.n	a2, 0
4008522a:	000046        	j	4008522f <rtc_clk_cpu_freq_mhz_to_config+0x63>
4008522d:	020c      	movi.n	a2, 0
4008522f:	f01d      	retw.n
40085231:	000000        	ill

40085234 <rtc_clk_cpu_freq_get_config>:
40085234:	004136        	entry	a1, 32
40085237:	ec8c81        	l32r	a8, 40080468 <_init_end+0x68> (3ff48070 <RTCCNTL+0x70>)
4008523a:	0020c0        	memw
4008523d:	0878      	l32i.n	a7, a8, 0
4008523f:	157b70        	extui	a7, a7, 27, 2
40085242:	1e1726        	beqi	a7, 1, 40085264 <rtc_clk_cpu_freq_get_config+0x30>
40085245:	692726        	beqi	a7, 2, 400852b2 <rtc_clk_cpu_freq_get_config+0x7e>
40085248:	057756        	bnez	a7, 400852a3 <rtc_clk_cpu_freq_get_config+0x6f>
4008524b:	ec8581        	l32r	a8, 40080460 <_init_end+0x60> (3ff66000 <SPI3+0x1000>)
4008524e:	0020c0        	memw
40085251:	0868      	l32i.n	a6, a8, 0
40085253:	946060        	extui	a6, a6, 0, 10
40085256:	01c662        	addi	a6, a6, 1
40085259:	fbc7a5        	call8	40080ed4 <rtc_clk_xtal_freq_get>
4008525c:	c28a60        	quou	a8, a10, a6
4008525f:	001c86        	j	400852d5 <rtc_clk_cpu_freq_get_config+0xa1>
40085262:	00          	.byte	00
40085263:	00          	.byte	00
40085264:	edcc81        	l32r	a8, 40080994 <_init_end+0x594> (3ff0003c <_rodata_end+0xaf003c>)
40085267:	0020c0        	memw
4008526a:	0888      	l32i.n	a8, a8, 0
4008526c:	148080        	extui	a8, a8, 0, 2
4008526f:	0a1826        	beqi	a8, 1, 4008527d <rtc_clk_cpu_freq_get_config+0x49>
40085272:	0f2826        	beqi	a8, 2, 40085285 <rtc_clk_cpu_freq_get_config+0x51>
40085275:	044816        	beqz	a8, 400852bd <rtc_clk_cpu_freq_get_config+0x89>
40085278:	080c      	movi.n	a8, 0
4008527a:	000286        	j	40085288 <rtc_clk_cpu_freq_get_config+0x54>
4008527d:	a0a082        	movi	a8, 160
40085280:	000106        	j	40085288 <rtc_clk_cpu_freq_get_config+0x54>
40085283:	00          	.byte	00
40085284:	00          	.byte	00
40085285:	f0a082        	movi	a8, 240
40085288:	a0a092        	movi	a9, 160
4008528b:	391897        	beq	a8, a9, 400852c8 <rtc_clk_cpu_freq_get_config+0x94>
4008528e:	f0a092        	movi	a9, 240
40085291:	3b1897        	beq	a8, a9, 400852d0 <rtc_clk_cpu_freq_get_config+0x9c>
40085294:	edc1b1        	l32r	a11, 40080998 <_init_end+0x598> (3ffb06ac <levels$0+0x488>)
40085297:	edc1a1        	l32r	a10, 4008099c <_init_end+0x59c> (3ffb074c <levels$0+0x528>)
4008529a:	ec9a81        	l32r	a8, 40080504 <_init_end+0x104> (40007d54 <esp_rom_printf>)
4008529d:	0008e0        	callx8	a8
400852a0:	4c3c65        	call8	400d1668 <abort>
400852a3:	edbdb1        	l32r	a11, 40080998 <_init_end+0x598> (3ffb06ac <levels$0+0x488>)
400852a6:	edbda1        	l32r	a10, 4008099c <_init_end+0x59c> (3ffb074c <levels$0+0x528>)
400852a9:	ec9681        	l32r	a8, 40080504 <_init_end+0x104> (40007d54 <esp_rom_printf>)
400852ac:	0008e0        	callx8	a8
400852af:	4c3ba5        	call8	400d1668 <abort>
400852b2:	08a082        	movi	a8, 8
400852b5:	01a062        	movi	a6, 1
400852b8:	08ad      	mov.n	a10, a8
400852ba:	0005c6        	j	400852d5 <rtc_clk_cpu_freq_get_config+0xa1>
400852bd:	085c      	movi.n	a8, 80
400852bf:	460c      	movi.n	a6, 4
400852c1:	40a1a2        	movi	a10, 0x140
400852c4:	000346        	j	400852d5 <rtc_clk_cpu_freq_get_config+0xa1>
400852c7:	00          	.byte	00
400852c8:	260c      	movi.n	a6, 2
400852ca:	40a1a2        	movi	a10, 0x140
400852cd:	000106        	j	400852d5 <rtc_clk_cpu_freq_get_config+0xa1>
400852d0:	260c      	movi.n	a6, 2
400852d2:	e0a1a2        	movi	a10, 0x1e0
400852d5:	0279      	s32i.n	a7, a2, 0
400852d7:	12a9      	s32i.n	a10, a2, 4
400852d9:	2269      	s32i.n	a6, a2, 8
400852db:	3289      	s32i.n	a8, a2, 12
400852dd:	f01d      	retw.n
	...

400852e0 <rtc_clk_xtal_freq_update>:
400852e0:	004136        	entry	a1, 32
400852e3:	ec5d81        	l32r	a8, 40080458 <_init_end+0x58> (3ff480b0 <RTCCNTL+0xb0>)
400852e6:	0020c0        	memw
400852e9:	002892        	l32i	a9, a8, 0
400852ec:	edad81        	l32r	a8, 400809a0 <_init_end+0x5a0> (10001 <CONFIG_MMU_PAGE_SIZE+0x1>)
400852ef:	05c987        	bnall	a9, a8, 400852f8 <rtc_clk_xtal_freq_update+0x18>
400852f2:	01a082        	movi	a8, 1
400852f5:	202280        	or	a2, a2, a8
400852f8:	f48020        	extui	a8, a2, 0, 16
400852fb:	112200        	slli	a2, a2, 16
400852fe:	208820        	or	a8, a8, a2
40085301:	ec5591        	l32r	a9, 40080458 <_init_end+0x58> (3ff480b0 <RTCCNTL+0xb0>)
40085304:	0020c0        	memw
40085307:	0989      	s32i.n	a8, a9, 0
40085309:	f01d      	retw.n
	...

4008530c <rtc_clk_cpu_freq_to_pll_mhz>:
4008530c:	006136        	entry	a1, 48
4008530f:	ec5ab1        	l32r	a11, 40080478 <_init_end+0x78> (3ff4807c <RTCCNTL+0x7c>)
40085312:	ec89c1        	l32r	a12, 40080538 <_init_end+0x138> (2000 <rtc_data_len>)
40085315:	ed9a91        	l32r	a9, 40080980 <_init_end+0x580> (3800 <CONFIG_SYS_CLOCK_TICKS_PER_SEC+0x10f0>)
40085318:	f0a0a2        	movi	a10, 240
4008531b:	c0a2a0        	sub	a10, a2, a10
4008531e:	0020c0        	memw
40085321:	0b88      	l32i.n	a8, a11, 0
40085323:	939ca0        	movnez	a9, a12, a10
40085326:	ec55a1        	l32r	a10, 4008047c <_init_end+0x7c> (ffffc7ff <_rtc_force_slow_end+0xafffc7d7>)
40085329:	160c      	movi.n	a6, 1
4008532b:	1088a0        	and	a8, a8, a10
4008532e:	208890        	or	a8, a8, a9
40085331:	0020c0        	memw
40085334:	0b89      	s32i.n	a8, a11, 0
40085336:	ed9d81        	l32r	a8, 400809ac <_init_end+0x5ac> (4000855c <esp_rom_get_cpu_ticks_per_us>)
40085339:	0008e0        	callx8	a8
4008533c:	02bd      	mov.n	a11, a2
4008533e:	0a5d      	mov.n	a5, a10
40085340:	fbb525        	call8	40080e94 <rtc_clk_get_lact_compensation_delay>
40085343:	882c      	movi.n	a8, 40
40085345:	0a7d      	mov.n	a7, a10
40085347:	01b857        	bgeu	a8, a5, 4008534c <rtc_clk_cpu_freq_to_pll_mhz+0x40>
4008534a:	060c      	movi.n	a6, 0
4008534c:	746060        	extui	a6, a6, 0, 8
4008534f:	01e7f7        	bbsi	a7, 15, 40085354 <rtc_clk_cpu_freq_to_pll_mhz+0x48>
40085352:	26dc      	bnez.n	a6, 40085368 <rtc_clk_cpu_freq_to_pll_mhz+0x5c>
40085354:	a0a082        	movi	a8, 160
40085357:	5a1287        	beq	a2, a8, 400853b5 <rtc_clk_cpu_freq_to_pll_mhz+0xa9>
4008535a:	f0a082        	movi	a8, 240
4008535d:	631287        	beq	a2, a8, 400853c4 <rtc_clk_cpu_freq_to_pll_mhz+0xb8>
40085360:	085c      	movi.n	a8, 80
40085362:	421287        	beq	a2, a8, 400853a8 <rtc_clk_cpu_freq_to_pll_mhz+0x9c>
40085365:	001a86        	j	400853d3 <rtc_clk_cpu_freq_to_pll_mhz+0xc7>
40085368:	ec4291        	l32r	a9, 40080470 <_init_end+0x70> (3ff5f000 <TIMERG0>)
4008536b:	ec42a1        	l32r	a10, 40080474 <_init_end+0x74> (e0001fff <_rtc_force_slow_end+0x90001fd7>)
4008536e:	0020c0        	memw
40085371:	1c2982        	l32i	a8, a9, 112
40085374:	0020c0        	memw
40085377:	1189      	s32i.n	a8, a1, 4
40085379:	0020c0        	memw
4008537c:	1188      	l32i.n	a8, a1, 4
4008537e:	1088a0        	and	a8, a8, a10
40085381:	ed88a1        	l32r	a10, 400809a4 <_init_end+0x5a4> (50000 <procpu_iram0_len+0x18000>)
40085384:	2088a0        	or	a8, a8, a10
40085387:	0020c0        	memw
4008538a:	1189      	s32i.n	a8, a1, 4
4008538c:	0020c0        	memw
4008538f:	1188      	l32i.n	a8, a1, 4
40085391:	0020c0        	memw
40085394:	1c6982        	s32i	a8, a9, 112
40085397:	fb9716        	beqz	a7, 40085354 <rtc_clk_cpu_freq_to_pll_mhz+0x48>
4008539a:	078d      	mov.n	a8, a7
4008539c:	f03d      	nop.n
4008539e:	880b      	addi.n	a8, a8, -1
400853a0:	ff8856        	bnez	a8, 4008539c <rtc_clk_cpu_freq_to_pll_mhz+0x90>
400853a3:	ffeb46        	j	40085354 <rtc_clk_cpu_freq_to_pll_mhz+0x48>
400853a6:	00          	.byte	00
400853a7:	00          	.byte	00
400853a8:	ed7b81        	l32r	a8, 40080994 <_init_end+0x594> (3ff0003c <_rodata_end+0xaf003c>)
400853ab:	090c      	movi.n	a9, 0
400853ad:	0020c0        	memw
400853b0:	0899      	s32i.n	a9, a8, 0
400853b2:	000806        	j	400853d6 <rtc_clk_cpu_freq_to_pll_mhz+0xca>
400853b5:	ed7781        	l32r	a8, 40080994 <_init_end+0x594> (3ff0003c <_rodata_end+0xaf003c>)
400853b8:	190c      	movi.n	a9, 1
400853ba:	0020c0        	memw
400853bd:	0899      	s32i.n	a9, a8, 0
400853bf:	0004c6        	j	400853d6 <rtc_clk_cpu_freq_to_pll_mhz+0xca>
400853c2:	00          	.byte	00
400853c3:	00          	.byte	00
400853c4:	ed7481        	l32r	a8, 40080994 <_init_end+0x594> (3ff0003c <_rodata_end+0xaf003c>)
400853c7:	290c      	movi.n	a9, 2
400853c9:	0020c0        	memw
400853cc:	0899      	s32i.n	a9, a8, 0
400853ce:	000106        	j	400853d6 <rtc_clk_cpu_freq_to_pll_mhz+0xca>
400853d1:	00          	.byte	00
400853d2:	00          	.byte	00
400853d3:	4c2965        	call8	400d1668 <abort>
400853d6:	ed7481        	l32r	a8, 400809a8 <_init_end+0x5a8> (3ff66008 <SPI3+0x1008>)
400853d9:	ec2391        	l32r	a9, 40080468 <_init_end+0x68> (3ff48070 <RTCCNTL+0x70>)
400853dc:	4fa0a2        	movi	a10, 79
400853df:	0020c0        	memw
400853e2:	08a9      	s32i.n	a10, a8, 0
400853e4:	0020c0        	memw
400853e7:	0988      	l32i.n	a8, a9, 0
400853e9:	ec20a1        	l32r	a10, 4008046c <_init_end+0x6c> (e7ffffff <_rtc_force_slow_end+0x97ffffd7>)
400853ec:	1088a0        	and	a8, a8, a10
400853ef:	ed23a1        	l32r	a10, 4008087c <_init_end+0x47c> (8000000 <CONFIG_TIMER_RANDOM_INITIAL_STATE+0xa432eb>)
400853f2:	2088a0        	or	a8, a8, a10
400853f5:	ec14a1        	l32r	a10, 40080448 <_init_end+0x48> (4c4b400 <CONFIG_XTAL_FREQ_HZ+0x2625a00>)
400853f8:	0020c0        	memw
400853fb:	0989      	s32i.n	a8, a9, 0
400853fd:	fbb0a5        	call8	40080f08 <rtc_clk_apb_freq_update>
40085400:	02ad      	mov.n	a10, a2
40085402:	4bf5a5        	call8	400d135c <esp_rom_set_cpu_ticks_per_us>
40085405:	4267f7        	bbci	a7, 15, 4008544b <rtc_clk_cpu_freq_to_pll_mhz+0x13f>
40085408:	f6bc      	beqz.n	a6, 4008544b <rtc_clk_cpu_freq_to_pll_mhz+0x13f>
4008540a:	608070        	neg	a8, a7
4008540d:	190c      	movi.n	a9, 1
4008540f:	b38970        	movgez	a8, a9, a7
40085412:	f03d      	nop.n
40085414:	ffc882        	addi	a8, a8, -1
40085417:	ff7856        	bnez	a8, 40085412 <rtc_clk_cpu_freq_to_pll_mhz+0x106>
4008541a:	ec1591        	l32r	a9, 40080470 <_init_end+0x70> (3ff5f000 <TIMERG0>)
4008541d:	ec15a1        	l32r	a10, 40080474 <_init_end+0x74> (e0001fff <_rtc_force_slow_end+0x90001fd7>)
40085420:	0020c0        	memw
40085423:	1c2982        	l32i	a8, a9, 112
40085426:	0020c0        	memw
40085429:	006182        	s32i	a8, a1, 0
4008542c:	0020c0        	memw
4008542f:	002182        	l32i	a8, a1, 0
40085432:	1088a0        	and	a8, a8, a10
40085435:	ed5ba1        	l32r	a10, 400809a4 <_init_end+0x5a4> (50000 <procpu_iram0_len+0x18000>)
40085438:	2088a0        	or	a8, a8, a10
4008543b:	0020c0        	memw
4008543e:	0189      	s32i.n	a8, a1, 0
40085440:	0020c0        	memw
40085443:	0188      	l32i.n	a8, a1, 0
40085445:	0020c0        	memw
40085448:	1c6982        	s32i	a8, a9, 112
4008544b:	008fe5        	call8	40085d48 <rtc_clk_wait_for_slow_cycle>
4008544e:	ea1c      	movi.n	a10, 30
40085450:	ec2e81        	l32r	a8, 40080508 <_init_end+0x108> (40008534 <esp_rom_delay_us>)
40085453:	0008e0        	callx8	a8
40085456:	f01d      	retw.n

40085458 <rtc_clk_cpu_freq_to_rc_fast>:
40085458:	006136        	entry	a1, 48
4008545b:	8a0c      	movi.n	a10, 8
4008545d:	4befe5        	call8	400d135c <esp_rom_set_cpu_ticks_per_us>
40085460:	ec0691        	l32r	a9, 40080478 <_init_end+0x78> (3ff4807c <RTCCNTL+0x7c>)
40085463:	0020c0        	memw
40085466:	0988      	l32i.n	a8, a9, 0
40085468:	ec05a1        	l32r	a10, 4008047c <_init_end+0x7c> (ffffc7ff <_rtc_force_slow_end+0xafffc7d7>)
4008546b:	1088a0        	and	a8, a8, a10
4008546e:	ec32a1        	l32r	a10, 40080538 <_init_end+0x138> (2000 <rtc_data_len>)
40085471:	2088a0        	or	a8, a8, a10
40085474:	0020c0        	memw
40085477:	0989      	s32i.n	a8, a9, 0
40085479:	ebf991        	l32r	a9, 40080460 <_init_end+0x60> (3ff66000 <SPI3+0x1000>)
4008547c:	0020c0        	memw
4008547f:	0988      	l32i.n	a8, a9, 0
40085481:	00aca2        	movi	a10, 0xfffffc00
40085484:	1088a0        	and	a8, a8, a10
40085487:	0020c0        	memw
4008548a:	0989      	s32i.n	a8, a9, 0
4008548c:	ed4981        	l32r	a8, 400809b0 <_init_end+0x5b0> (3ff6600c <SPI3+0x100c>)
4008548f:	790c      	movi.n	a9, 7
40085491:	0020c0        	memw
40085494:	0899      	s32i.n	a9, a8, 0
40085496:	ebf491        	l32r	a9, 40080468 <_init_end+0x68> (3ff48070 <RTCCNTL+0x70>)
40085499:	0020c0        	memw
4008549c:	0988      	l32i.n	a8, a9, 0
4008549e:	ebf3a1        	l32r	a10, 4008046c <_init_end+0x6c> (e7ffffff <_rtc_force_slow_end+0x97ffffd7>)
400854a1:	1088a0        	and	a8, a8, a10
400854a4:	ecf8a1        	l32r	a10, 40080884 <_init_end+0x484> (10000000 <CONFIG_ESP_CLK_FREQ_HZ+0x1b1e400>)
400854a7:	2088a0        	or	a8, a8, a10
400854aa:	0020c0        	memw
400854ad:	0989      	s32i.n	a8, a9, 0
400854af:	ebf0a1        	l32r	a10, 40080470 <_init_end+0x70> (3ff5f000 <TIMERG0>)
400854b2:	0020c0        	memw
400854b5:	1c2a82        	l32i	a8, a10, 112
400854b8:	0020c0        	memw
400854bb:	0189      	s32i.n	a8, a1, 0
400854bd:	0020c0        	memw
400854c0:	0198      	l32i.n	a9, a1, 0
400854c2:	ebec81        	l32r	a8, 40080474 <_init_end+0x74> (e0001fff <_rtc_force_slow_end+0x90001fd7>)
400854c5:	109980        	and	a9, a9, a8
400854c8:	ece181        	l32r	a8, 4008084c <_init_end+0x44c> (8000 <CONFIG_SOC_ADC_SAMPLE_FREQ_THRES_LOW+0x31e0>)
400854cb:	208980        	or	a8, a9, a8
400854ce:	0020c0        	memw
400854d1:	0189      	s32i.n	a8, a1, 0
400854d3:	0020c0        	memw
400854d6:	0188      	l32i.n	a8, a1, 0
400854d8:	0020c0        	memw
400854db:	1c6a82        	s32i	a8, a10, 112
400854de:	ed35a1        	l32r	a10, 400809b4 <_init_end+0x5b4> (81b320 <CONFIG_SOC_UART_BITRATE_MAX+0x3567e0>)
400854e1:	fba265        	call8	40080f08 <rtc_clk_apb_freq_update>
400854e4:	f01d      	retw.n
	...

400854e8 <rtc_clk_cpu_freq_set_config>:
400854e8:	004136        	entry	a1, 32
400854eb:	fb9ea5        	call8	40080ed4 <rtc_clk_xtal_freq_get>
400854ee:	ebde81        	l32r	a8, 40080468 <_init_end+0x68> (3ff48070 <RTCCNTL+0x70>)
400854f1:	0020c0        	memw
400854f4:	0878      	l32i.n	a7, a8, 0
400854f6:	157b70        	extui	a7, a7, 27, 2
400854f9:	192726        	beqi	a7, 2, 40085516 <rtc_clk_cpu_freq_set_config+0x2e>
400854fc:	0837f6        	bgeui	a7, 3, 40085508 <rtc_clk_cpu_freq_set_config+0x20>
400854ff:	b79c      	beqz.n	a7, 4008551e <rtc_clk_cpu_freq_set_config+0x36>
40085501:	111726        	beqi	a7, 1, 40085516 <rtc_clk_cpu_freq_set_config+0x2e>
40085504:	000186        	j	4008550e <rtc_clk_cpu_freq_set_config+0x26>
40085507:	00          	.byte	00
40085508:	0a3726        	beqi	a7, 3, 40085516 <rtc_clk_cpu_freq_set_config+0x2e>
4008550b:	000106        	j	40085513 <rtc_clk_cpu_freq_set_config+0x2b>
4008550e:	470c      	movi.n	a7, 4
40085510:	000086        	j	40085516 <rtc_clk_cpu_freq_set_config+0x2e>
40085513:	04a072        	movi	a7, 4
40085516:	1b0c      	movi.n	a11, 1
40085518:	fba0a5        	call8	40080f24 <rtc_clk_cpu_freq_to_xtal>
4008551b:	0082e5        	call8	40085d48 <rtc_clk_wait_for_slow_cycle>
4008551e:	021766        	bnei	a7, 1, 40085524 <rtc_clk_cpu_freq_set_config+0x3c>
40085521:	ff86a5        	call8	40084d8c <rtc_clk_bbpll_disable>
40085524:	002282        	l32i	a8, a2, 0
40085527:	00d856        	bnez	a8, 40085538 <rtc_clk_cpu_freq_set_config+0x50>
4008552a:	0222b2        	l32i	a11, a2, 8
4008552d:	292bb6        	bltui	a11, 2, 4008555a <rtc_clk_cpu_freq_set_config+0x72>
40085530:	32a8      	l32i.n	a10, a2, 12
40085532:	fb9f25        	call8	40080f24 <rtc_clk_cpu_freq_to_xtal>
40085535:	000846        	j	4008555a <rtc_clk_cpu_freq_set_config+0x72>
40085538:	181866        	bnei	a8, 1, 40085554 <rtc_clk_cpu_freq_set_config+0x6c>
4008553b:	ff8925        	call8	40084dcc <rtc_clk_bbpll_enable>
4008553e:	0080a5        	call8	40085d48 <rtc_clk_wait_for_slow_cycle>
40085541:	fb9925        	call8	40080ed4 <rtc_clk_xtal_freq_get>
40085544:	12b8      	l32i.n	a11, a2, 4
40085546:	ff8ee5        	call8	40084e34 <rtc_clk_bbpll_configure>
40085549:	32a8      	l32i.n	a10, a2, 12
4008554b:	ffdc25        	call8	4008530c <rtc_clk_cpu_freq_to_pll_mhz>
4008554e:	000206        	j	4008555a <rtc_clk_cpu_freq_set_config+0x72>
40085551:	00          	.byte	00
40085552:	00          	.byte	00
40085553:	00          	.byte	00
40085554:	022866        	bnei	a8, 2, 4008555a <rtc_clk_cpu_freq_set_config+0x72>
40085557:	fff025        	call8	40085458 <rtc_clk_cpu_freq_to_rc_fast>
4008555a:	f01d      	retw.n

4008555c <rtc_clk_apb_freq_get>:
4008555c:	004136        	entry	a1, 32
4008555f:	ebbf81        	l32r	a8, 4008045c <_init_end+0x5c> (3ff480b4 <RTCCNTL+0xb4>)
40085562:	0020c0        	memw
40085565:	0888      	l32i.n	a8, a8, 0
40085567:	118840        	slli	a8, a8, 12
4008556a:	f48c80        	extui	a8, a8, 12, 16
4008556d:	118840        	slli	a8, a8, 12
40085570:	ed1291        	l32r	a9, 400809b8 <_init_end+0x5b8> (7a120 <procpu_iram0_len+0x42120>)
40085573:	889a      	add.n	a8, a8, a9
40085575:	ed1191        	l32r	a9, 400809bc <_init_end+0x5bc> (431bde83 <__rom_region_end+0x30e9fe3>)
40085578:	a29890        	muluh	a9, a8, a9
4008557b:	d59290        	extui	a9, a9, 18, 14
4008557e:	ebb121        	l32r	a2, 40080444 <_init_end+0x44> (f4240 <procpu_iram0_len+0xbc240>)
40085581:	822920        	mull	a2, a9, a2
40085584:	f01d      	retw.n
	...

40085588 <rtc_init>:
40085588:	004136        	entry	a1, 32
4008558b:	ed0d91        	l32r	a9, 400809c0 <_init_end+0x5c0> (3ff48084 <RTCCNTL+0x84>)
4008558e:	0020c0        	memw
40085591:	0988      	l32i.n	a8, a9, 0
40085593:	eceaa1        	l32r	a10, 4008093c <_init_end+0x53c> (fffdffff <_rtc_force_slow_end+0xaffdffd7>)
40085596:	1088a0        	and	a8, a8, a10
40085599:	0020c0        	memw
4008559c:	0989      	s32i.n	a8, a9, 0
4008559e:	ed0991        	l32r	a9, 400809c4 <_init_end+0x5c4> (3ff48088 <RTCCNTL+0x88>)
400855a1:	0020c0        	memw
400855a4:	0988      	l32i.n	a8, a9, 0
400855a6:	ebcda1        	l32r	a10, 400804dc <_init_end+0xdc> (efffffff <_rtc_force_slow_end+0x9fffffd7>)
400855a9:	1088a0        	and	a8, a8, a10
400855ac:	0020c0        	memw
400855af:	0989      	s32i.n	a8, a9, 0
400855b1:	ecf191        	l32r	a9, 40080978 <_init_end+0x578> (3ff48030 <RTCCNTL+0x30>)
400855b4:	0020c0        	memw
400855b7:	0988      	l32i.n	a8, a9, 0
400855b9:	ed03a1        	l32r	a10, 400809c8 <_init_end+0x5c8> (23ffffff <CONFIG_SOC_MPU_MIN_REGION_SIZE+0x3ffffff>)
400855bc:	1088a0        	and	a8, a8, a10
400855bf:	0020c0        	memw
400855c2:	0989      	s32i.n	a8, a9, 0
400855c4:	ecf291        	l32r	a9, 4008098c <_init_end+0x58c> (3ff4801c <RTCCNTL+0x1c>)
400855c7:	0020c0        	memw
400855ca:	0988      	l32i.n	a8, a9, 0
400855cc:	118880        	slli	a8, a8, 8
400855cf:	418880        	srli	a8, a8, 8
400855d2:	75a020        	extui	a10, a2, 16, 8
400855d5:	01aa80        	slli	a10, a10, 24
400855d8:	2088a0        	or	a8, a8, a10
400855db:	0020c0        	memw
400855de:	0989      	s32i.n	a8, a9, 0
400855e0:	0020c0        	memw
400855e3:	0988      	l32i.n	a8, a9, 0
400855e5:	ecf9a1        	l32r	a10, 400809cc <_init_end+0x5cc> (ff003fff <_rtc_force_slow_end+0xaf003fd7>)
400855e8:	1088a0        	and	a8, a8, a10
400855eb:	74a820        	extui	a10, a2, 8, 8
400855ee:	11aa20        	slli	a10, a10, 14
400855f1:	2088a0        	or	a8, a8, a10
400855f4:	0020c0        	memw
400855f7:	0989      	s32i.n	a8, a9, 0
400855f9:	0020c0        	memw
400855fc:	0988      	l32i.n	a8, a9, 0
400855fe:	ece4a1        	l32r	a10, 40080990 <_init_end+0x590> (ffffc03f <_rtc_force_slow_end+0xafffc017>)
40085601:	1088a0        	and	a8, a8, a10
40085604:	74a020        	extui	a10, a2, 0, 8
40085607:	11aaa0        	slli	a10, a10, 6
4008560a:	2088a0        	or	a8, a8, a10
4008560d:	0020c0        	memw
40085610:	0989      	s32i.n	a8, a9, 0
40085612:	ecef81        	l32r	a8, 400809d0 <_init_end+0x5d0> (3ff48078 <RTCCNTL+0x78>)
40085615:	0020c0        	memw
40085618:	0898      	l32i.n	a9, a8, 0
4008561a:	eceea1        	l32r	a10, 400809d4 <_init_end+0x5d4> (3000000 <CONFIG_XTAL_FREQ_HZ+0x9da600>)
4008561d:	2099a0        	or	a9, a9, a10
40085620:	0020c0        	memw
40085623:	0899      	s32i.n	a9, a8, 0
40085625:	0020c0        	memw
40085628:	0898      	l32i.n	a9, a8, 0
4008562a:	eceba1        	l32r	a10, 400809d8 <_init_end+0x5d8> (60000000 <_rtc_force_slow_end+0xfffffd8>)
4008562d:	2099a0        	or	a9, a9, a10
40085630:	0020c0        	memw
40085633:	0899      	s32i.n	a9, a8, 0
40085635:	eb9091        	l32r	a9, 40080478 <_init_end+0x78> (3ff4807c <RTCCNTL+0x7c>)
40085638:	0020c0        	memw
4008563b:	0988      	l32i.n	a8, a9, 0
4008563d:	ece7a1        	l32r	a10, 400809dc <_init_end+0x5dc> (f1ffffff <_rtc_force_slow_end+0xa1ffffd7>)
40085640:	1088a0        	and	a8, a8, a10
40085643:	ec8ea1        	l32r	a10, 4008087c <_init_end+0x47c> (8000000 <CONFIG_TIMER_RANDOM_INITIAL_STATE+0xa432eb>)
40085646:	2088a0        	or	a8, a8, a10
40085649:	0020c0        	memw
4008564c:	0989      	s32i.n	a8, a9, 0
4008564e:	0020c0        	memw
40085651:	0988      	l32i.n	a8, a9, 0
40085653:	ece3a1        	l32r	a10, 400809e0 <_init_end+0x5e0> (fe3fffff <_rtc_force_slow_end+0xae3fffd7>)
40085656:	1088a0        	and	a8, a8, a10
40085659:	ece2a1        	l32r	a10, 400809e4 <_init_end+0x5e4> (1000000 <CONFIG_SOC_GPIO_VALID_DIGITAL_IO_PAD_MASK+0x10f016>)
4008565c:	2088a0        	or	a8, a8, a10
4008565f:	0020c0        	memw
40085662:	0989      	s32i.n	a8, a9, 0
40085664:	0282a7        	bany	a2, a10, 4008566a <rtc_init+0xe2>
40085667:	002486        	j	400856fd <rtc_init+0x175>
4008566a:	ec4191        	l32r	a9, 40080770 <_init_end+0x370> (3ff00044 <_rodata_end+0xaf0044>)
4008566d:	0020c0        	memw
40085670:	0988      	l32i.n	a8, a9, 0
40085672:	ecdda1        	l32r	a10, 400809e8 <_init_end+0x5e8> (fffff7ff <_rtc_force_slow_end+0xaffff7d7>)
40085675:	1088a0        	and	a8, a8, a10
40085678:	0020c0        	memw
4008567b:	0989      	s32i.n	a8, a9, 0
4008567d:	ec3d91        	l32r	a9, 40080774 <_init_end+0x374> (3ff0005c <_rodata_end+0xaf005c>)
40085680:	0020c0        	memw
40085683:	0988      	l32i.n	a8, a9, 0
40085685:	1088a0        	and	a8, a8, a10
40085688:	0020c0        	memw
4008568b:	0989      	s32i.n	a8, a9, 0
4008568d:	ecd781        	l32r	a8, 400809ec <_init_end+0x5ec> (3ff00094 <_rodata_end+0xaf0094>)
40085690:	0020c0        	memw
40085693:	0898      	l32i.n	a9, a8, 0
40085695:	03afa2        	movi	a10, -253
40085698:	1099a0        	and	a9, a9, a10
4008569b:	0020c0        	memw
4008569e:	0899      	s32i.n	a9, a8, 0
400856a0:	0020c0        	memw
400856a3:	0898      	l32i.n	a9, a8, 0
400856a5:	da7c      	movi.n	a10, -3
400856a7:	1099a0        	and	a9, a9, a10
400856aa:	0020c0        	memw
400856ad:	0899      	s32i.n	a9, a8, 0
400856af:	0020c0        	memw
400856b2:	0898      	l32i.n	a9, a8, 0
400856b4:	ea7c      	movi.n	a10, -2
400856b6:	1099a0        	and	a9, a9, a10
400856b9:	0020c0        	memw
400856bc:	0899      	s32i.n	a9, a8, 0
400856be:	eccc81        	l32r	a8, 400809f0 <_init_end+0x5f0> (3ff000a0 <_rodata_end+0xaf00a0>)
400856c1:	0020c0        	memw
400856c4:	0898      	l32i.n	a9, a8, 0
400856c6:	090c      	movi.n	a9, 0
400856c8:	0020c0        	memw
400856cb:	0899      	s32i.n	a9, a8, 0
400856cd:	ecc991        	l32r	a9, 400809f4 <_init_end+0x5f4> (3ff000a4 <_rodata_end+0xaf00a4>)
400856d0:	0020c0        	memw
400856d3:	0988      	l32i.n	a8, a9, 0
400856d5:	1088a0        	and	a8, a8, a10
400856d8:	0020c0        	memw
400856db:	0989      	s32i.n	a8, a9, 0
400856dd:	ecc681        	l32r	a8, 400809f8 <_init_end+0x5f8> (3ff000ac <_rodata_end+0xaf00ac>)
400856e0:	0020c0        	memw
400856e3:	0898      	l32i.n	a9, a8, 0
400856e5:	ffaeb2        	movi	a11, 0xfffffeff
400856e8:	1099b0        	and	a9, a9, a11
400856eb:	0020c0        	memw
400856ee:	0899      	s32i.n	a9, a8, 0
400856f0:	0020c0        	memw
400856f3:	0898      	l32i.n	a9, a8, 0
400856f5:	1099a0        	and	a9, a9, a10
400856f8:	0020c0        	memw
400856fb:	0899      	s32i.n	a9, a8, 0
400856fd:	02f297        	bbsi	a2, 25, 40085703 <rtc_init+0x17b>
40085700:	007a46        	j	400858ed <rtc_init+0x365>
40085703:	eb5991        	l32r	a9, 40080468 <_init_end+0x68> (3ff48070 <RTCCNTL+0x70>)
40085706:	0020c0        	memw
40085709:	0988      	l32i.n	a8, a9, 0
4008570b:	ecbca1        	l32r	a10, 400809fc <_init_end+0x5fc> (fbffffff <_rtc_force_slow_end+0xabffffd7>)
4008570e:	1088a0        	and	a8, a8, a10
40085711:	0020c0        	memw
40085714:	0989      	s32i.n	a8, a9, 0
40085716:	ec9681        	l32r	a8, 40080970 <_init_end+0x570> (3ff48000 <RTCCNTL>)
40085719:	0020c0        	memw
4008571c:	0898      	l32i.n	a9, a8, 0
4008571e:	ecb8a1        	l32r	a10, 40080a00 <_init_end+0x600> (ffffdfff <_rtc_force_slow_end+0xafffdfd7>)
40085721:	1099a0        	and	a9, a9, a10
40085724:	0020c0        	memw
40085727:	0899      	s32i.n	a9, a8, 0
40085729:	0020c0        	memw
4008572c:	0898      	l32i.n	a9, a8, 0
4008572e:	ecb5a1        	l32r	a10, 40080a04 <_init_end+0x604> (ffbfffff <_rtc_force_slow_end+0xafbfffd7>)
40085731:	1099a0        	and	a9, a9, a10
40085734:	0020c0        	memw
40085737:	0899      	s32i.n	a9, a8, 0
40085739:	0020c0        	memw
4008573c:	0898      	l32i.n	a9, a8, 0
4008573e:	ec91a1        	l32r	a10, 40080984 <_init_end+0x584> (fff7ffff <_rtc_force_slow_end+0xaff7ffd7>)
40085741:	1099a0        	and	a9, a9, a10
40085744:	0020c0        	memw
40085747:	0899      	s32i.n	a9, a8, 0
40085749:	0020c0        	memw
4008574c:	0898      	l32i.n	a9, a8, 0
4008574e:	ecaea1        	l32r	a10, 40080a08 <_init_end+0x608> (fffeffff <_rtc_force_slow_end+0xaffeffd7>)
40085751:	1099a0        	and	a9, a9, a10
40085754:	0020c0        	memw
40085757:	0899      	s32i.n	a9, a8, 0
40085759:	0020c0        	memw
4008575c:	0898      	l32i.n	a9, a8, 0
4008575e:	ecaba1        	l32r	a10, 40080a0c <_init_end+0x60c> (100000 <procpu_iram0_len+0xc8000>)
40085761:	2099a0        	or	a9, a9, a10
40085764:	0020c0        	memw
40085767:	0899      	s32i.n	a9, a8, 0
40085769:	0020c0        	memw
4008576c:	0898      	l32i.n	a9, a8, 0
4008576e:	eca8a1        	l32r	a10, 40080a10 <_init_end+0x610> (20000 <_image_irom_start>)
40085771:	2099a0        	or	a9, a9, a10
40085774:	0020c0        	memw
40085777:	0899      	s32i.n	a9, a8, 0
40085779:	0020c0        	memw
4008577c:	0898      	l32i.n	a9, a8, 0
4008577e:	eca5a1        	l32r	a10, 40080a14 <_init_end+0x614> (4000 <_image_irom_size+0x160>)
40085781:	2099a0        	or	a9, a9, a10
40085784:	0020c0        	memw
40085787:	0899      	s32i.n	a9, a8, 0
40085789:	ec7b91        	l32r	a9, 40080978 <_init_end+0x578> (3ff48030 <RTCCNTL+0x30>)
4008578c:	0020c0        	memw
4008578f:	09a8      	l32i.n	a10, a9, 0
40085791:	eca1b1        	l32r	a11, 40080a18 <_init_end+0x618> (feffffff <_rtc_force_slow_end+0xaeffffd7>)
40085794:	10aab0        	and	a10, a10, a11
40085797:	0020c0        	memw
4008579a:	09a9      	s32i.n	a10, a9, 0
4008579c:	0020c0        	memw
4008579f:	09a8      	l32i.n	a10, a9, 0
400857a1:	ec9eb1        	l32r	a11, 40080a1c <_init_end+0x61c> (800000 <CONFIG_SOC_UART_BITRATE_MAX+0x33b4c0>)
400857a4:	20aab0        	or	a10, a10, a11
400857a7:	0020c0        	memw
400857aa:	09a9      	s32i.n	a10, a9, 0
400857ac:	0020c0        	memw
400857af:	0898      	l32i.n	a9, a8, 0
400857b1:	ec8da1        	l32r	a10, 400809e8 <_init_end+0x5e8> (fffff7ff <_rtc_force_slow_end+0xaffff7d7>)
400857b4:	1099a0        	and	a9, a9, a10
400857b7:	0020c0        	memw
400857ba:	0899      	s32i.n	a9, a8, 0
400857bc:	0020c0        	memw
400857bf:	0898      	l32i.n	a9, a8, 0
400857c1:	ffada2        	movi	a10, 0xfffffdff
400857c4:	1099a0        	and	a9, a9, a10
400857c7:	0020c0        	memw
400857ca:	0899      	s32i.n	a9, a8, 0
400857cc:	eb2b91        	l32r	a9, 40080478 <_init_end+0x78> (3ff4807c <RTCCNTL+0x7c>)
400857cf:	0020c0        	memw
400857d2:	0988      	l32i.n	a8, a9, 0
400857d4:	888a      	add.n	a8, a8, a8
400857d6:	418180        	srli	a8, a8, 1
400857d9:	0020c0        	memw
400857dc:	0989      	s32i.n	a8, a9, 0
400857de:	0020c0        	memw
400857e1:	0988      	l32i.n	a8, a9, 0
400857e3:	eb3ca1        	l32r	a10, 400804d4 <_init_end+0xd4> (dfffffff <_rtc_force_slow_end+0x8fffffd7>)
400857e6:	1088a0        	and	a8, a8, a10
400857e9:	0020c0        	memw
400857ec:	0989      	s32i.n	a8, a9, 0
400857ee:	1272a7        	bbci	a2, 26, 40085804 <rtc_init+0x27c>
400857f1:	0020c0        	memw
400857f4:	0988      	l32i.n	a8, a9, 0
400857f6:	ec23a1        	l32r	a10, 40080884 <_init_end+0x484> (10000000 <CONFIG_ESP_CLK_FREQ_HZ+0x1b1e400>)
400857f9:	2088a0        	or	a8, a8, a10
400857fc:	0020c0        	memw
400857ff:	0989      	s32i.n	a8, a9, 0
40085801:	000486        	j	40085817 <rtc_init+0x28f>
40085804:	eb1d91        	l32r	a9, 40080478 <_init_end+0x78> (3ff4807c <RTCCNTL+0x7c>)
40085807:	0020c0        	memw
4008580a:	0988      	l32i.n	a8, a9, 0
4008580c:	eb34a1        	l32r	a10, 400804dc <_init_end+0xdc> (efffffff <_rtc_force_slow_end+0x9fffffd7>)
4008580f:	1088a0        	and	a8, a8, a10
40085812:	0020c0        	memw
40085815:	0989      	s32i.n	a8, a9, 0
40085817:	ec6a81        	l32r	a8, 400809c0 <_init_end+0x5c0> (3ff48084 <RTCCNTL+0x84>)
4008581a:	0020c0        	memw
4008581d:	0898      	l32i.n	a9, a8, 0
4008581f:	fa6c      	movi.n	a10, -17
40085821:	1099a0        	and	a9, a9, a10
40085824:	0020c0        	memw
40085827:	0899      	s32i.n	a9, a8, 0
40085829:	0020c0        	memw
4008582c:	0898      	l32i.n	a9, a8, 0
4008582e:	ec7ca1        	l32r	a10, 40080a20 <_init_end+0x620> (ffefffff <_rtc_force_slow_end+0xafefffd7>)
40085831:	1099a0        	and	a9, a9, a10
40085834:	0020c0        	memw
40085837:	0899      	s32i.n	a9, a8, 0
40085839:	0020c0        	memw
4008583c:	0898      	l32i.n	a9, a8, 0
4008583e:	ec4fa1        	l32r	a10, 4008097c <_init_end+0x57c> (fffbffff <_rtc_force_slow_end+0xaffbffd7>)
40085841:	1099a0        	and	a9, a9, a10
40085844:	0020c0        	memw
40085847:	0899      	s32i.n	a9, a8, 0
40085849:	0020c0        	memw
4008584c:	0898      	l32i.n	a9, a8, 0
4008584e:	ec75a1        	l32r	a10, 40080a24 <_init_end+0x624> (fffeaabf <_rtc_force_slow_end+0xaffeaa97>)
40085851:	1099a0        	and	a9, a9, a10
40085854:	0020c0        	memw
40085857:	0899      	s32i.n	a9, a8, 0
40085859:	ec7391        	l32r	a9, 40080a28 <_init_end+0x628> (3ff48080 <RTCCNTL+0x80>)
4008585c:	0020c0        	memw
4008585f:	0988      	l32i.n	a8, a9, 0
40085861:	ec72a1        	l32r	a10, 40080a2c <_init_end+0x62c> (fffedfff <_rtc_force_slow_end+0xaffedfd7>)
40085864:	1088a0        	and	a8, a8, a10
40085867:	0020c0        	memw
4008586a:	0989      	s32i.n	a8, a9, 0
4008586c:	0020c0        	memw
4008586f:	0988      	l32i.n	a8, a9, 0
40085871:	ec44a1        	l32r	a10, 40080984 <_init_end+0x584> (fff7ffff <_rtc_force_slow_end+0xaff7ffd7>)
40085874:	1088a0        	and	a8, a8, a10
40085877:	0020c0        	memw
4008587a:	0989      	s32i.n	a8, a9, 0
4008587c:	ec5281        	l32r	a8, 400809c4 <_init_end+0x5c4> (3ff48088 <RTCCNTL+0x88>)
4008587f:	0020c0        	memw
40085882:	08a8      	l32i.n	a10, a8, 0
40085884:	aaaa      	add.n	a10, a10, a10
40085886:	41a1a0        	srli	a10, a10, 1
40085889:	0020c0        	memw
4008588c:	08a9      	s32i.n	a10, a8, 0
4008588e:	0020c0        	memw
40085891:	08a8      	l32i.n	a10, a8, 0
40085893:	eb10b1        	l32r	a11, 400804d4 <_init_end+0xd4> (dfffffff <_rtc_force_slow_end+0x8fffffd7>)
40085896:	10aab0        	and	a10, a10, a11
40085899:	0020c0        	memw
4008589c:	08a9      	s32i.n	a10, a8, 0
4008589e:	0020c0        	memw
400858a1:	08a8      	l32i.n	a10, a8, 0
400858a3:	ec63b1        	l32r	a11, 40080a30 <_init_end+0x630> (f555ffff <_rtc_force_slow_end+0xa555ffd7>)
400858a6:	10aab0        	and	a10, a10, a11
400858a9:	0020c0        	memw
400858ac:	08a9      	s32i.n	a10, a8, 0
400858ae:	0020c0        	memw
400858b1:	09a8      	l32i.n	a10, a9, 0
400858b3:	ab7c      	movi.n	a11, -6
400858b5:	10aab0        	and	a10, a10, a11
400858b8:	0020c0        	memw
400858bb:	09a9      	s32i.n	a10, a9, 0
400858bd:	0020c0        	memw
400858c0:	09a8      	l32i.n	a10, a9, 0
400858c2:	dfafb2        	movi	a11, -33
400858c5:	10aab0        	and	a10, a10, a11
400858c8:	0020c0        	memw
400858cb:	09a9      	s32i.n	a10, a9, 0
400858cd:	0020c0        	memw
400858d0:	0898      	l32i.n	a9, a8, 0
400858d2:	ec1ba1        	l32r	a10, 40080940 <_init_end+0x540> (ffffbfff <_rtc_force_slow_end+0xafffbfd7>)
400858d5:	1099a0        	and	a9, a9, a10
400858d8:	0020c0        	memw
400858db:	0899      	s32i.n	a9, a8, 0
400858dd:	0020c0        	memw
400858e0:	0898      	l32i.n	a9, a8, 0
400858e2:	ec54a1        	l32r	a10, 40080a34 <_init_end+0x634> (ffffefff <_rtc_force_slow_end+0xafffefd7>)
400858e5:	1099a0        	and	a9, a9, a10
400858e8:	0020c0        	memw
400858eb:	0899      	s32i.n	a9, a8, 0
400858ed:	ec3591        	l32r	a9, 400809c4 <_init_end+0x5c4> (3ff48088 <RTCCNTL+0x88>)
400858f0:	0020c0        	memw
400858f3:	002982        	l32i	a8, a9, 0
400858f6:	ebe3a1        	l32r	a10, 40080884 <_init_end+0x484> (10000000 <CONFIG_ESP_CLK_FREQ_HZ+0x1b1e400>)
400858f9:	2088a0        	or	a8, a8, a10
400858fc:	0020c0        	memw
400858ff:	006982        	s32i	a8, a9, 0
40085902:	ec2f91        	l32r	a9, 400809c0 <_init_end+0x5c0> (3ff48084 <RTCCNTL+0x84>)
40085905:	0020c0        	memw
40085908:	002982        	l32i	a8, a9, 0
4008590b:	ec41a1        	l32r	a10, 40080a10 <_init_end+0x610> (20000 <_image_irom_start>)
4008590e:	2088a0        	or	a8, a8, a10
40085911:	0020c0        	memw
40085914:	0989      	s32i.n	a8, a9, 0
40085916:	ec0c81        	l32r	a8, 40080948 <_init_end+0x548> (3ff4803c <RTCCNTL+0x3c>)
40085919:	090c      	movi.n	a9, 0
4008591b:	0020c0        	memw
4008591e:	0899      	s32i.n	a9, a8, 0
40085920:	ec0b81        	l32r	a8, 4008094c <_init_end+0x54c> (3ff48048 <RTCCNTL+0x48>)
40085923:	f97c      	movi.n	a9, -1
40085925:	0020c0        	memw
40085928:	0899      	s32i.n	a9, a8, 0
4008592a:	4b4f65        	call8	400d0e20 <sar_periph_ctrl_init>
4008592d:	f01d      	retw.n
	...

40085930 <rtc_vddsdio_get_config>:
40085930:	004136        	entry	a1, 32
40085933:	ec4181        	l32r	a8, 40080a38 <_init_end+0x638> (3ff48074 <RTCCNTL+0x74>)
40085936:	0020c0        	memw
40085939:	0888      	l32i.n	a8, a8, 0
4008593b:	152d80        	extui	a2, a8, 29, 2
4008593e:	15ab80        	extui	a10, a8, 27, 2
40085941:	11aab0        	slli	a10, a10, 5
40085944:	1122d0        	slli	a2, a2, 3
40085947:	159980        	extui	a9, a8, 25, 2
4008594a:	119990        	slli	a9, a9, 7
4008594d:	2022a0        	or	a2, a2, a10
40085950:	202290        	or	a2, a2, a9
40085953:	1d7867        	bbci	a8, 22, 40085974 <rtc_vddsdio_get_config+0x44>
40085956:	059f80        	extui	a9, a8, 31, 1
40085959:	999a      	add.n	a9, a9, a9
4008595b:	1a0c      	movi.n	a10, 1
4008595d:	20a2a0        	or	a10, a2, a10
40085960:	202a90        	or	a2, a10, a9
40085963:	058780        	extui	a8, a8, 23, 1
40085966:	1188e0        	slli	a8, a8, 2
40085969:	b97c      	movi.n	a9, -5
4008596b:	109290        	and	a9, a2, a9
4008596e:	202980        	or	a2, a9, a8
40085971:	0029c6        	j	40085a1c <rtc_vddsdio_get_config+0xec>
40085974:	eab281        	l32r	a8, 4008043c <_init_end+0x3c> (3ff5a000 <EFUSE>)
40085977:	0020c0        	memw
4008597a:	4888      	l32i.n	a8, a8, 16
4008597c:	747807        	bbci	a8, 16, 400859f4 <rtc_vddsdio_get_config+0xc4>
4008597f:	e87c      	movi.n	a8, -2
40085981:	102280        	and	a2, a2, a8
40085984:	eaae91        	l32r	a9, 4008043c <_init_end+0x3c> (3ff5a000 <EFUSE>)
40085987:	0020c0        	memw
4008598a:	4988      	l32i.n	a8, a9, 16
4008598c:	048e80        	extui	a8, a8, 14, 1
4008598f:	888a      	add.n	a8, a8, a8
40085991:	da7c      	movi.n	a10, -3
40085993:	10a2a0        	and	a10, a2, a10
40085996:	202a80        	or	a2, a10, a8
40085999:	0020c0        	memw
4008599c:	4988      	l32i.n	a8, a9, 16
4008599e:	048f80        	extui	a8, a8, 15, 1
400859a1:	1188e0        	slli	a8, a8, 2
400859a4:	ba7c      	movi.n	a10, -5
400859a6:	10a2a0        	and	a10, a2, a10
400859a9:	202a80        	or	a2, a10, a8
400859ac:	0020c0        	memw
400859af:	3988      	l32i.n	a8, a9, 12
400859b1:	67e8e7        	bbsi	a8, 14, 40085a1c <rtc_vddsdio_get_config+0xec>
400859b4:	0020c0        	memw
400859b7:	4988      	l32i.n	a8, a9, 16
400859b9:	148880        	extui	a8, a8, 8, 2
400859bc:	1188d0        	slli	a8, a8, 3
400859bf:	7a6c      	movi.n	a10, -25
400859c1:	10a2a0        	and	a10, a2, a10
400859c4:	202a80        	or	a2, a10, a8
400859c7:	0020c0        	memw
400859ca:	4988      	l32i.n	a8, a9, 16
400859cc:	148a80        	extui	a8, a8, 10, 2
400859cf:	1188b0        	slli	a8, a8, 5
400859d2:	9fafa2        	movi	a10, -97
400859d5:	10a2a0        	and	a10, a2, a10
400859d8:	202a80        	or	a2, a10, a8
400859db:	0020c0        	memw
400859de:	4988      	l32i.n	a8, a9, 16
400859e0:	148c80        	extui	a8, a8, 12, 2
400859e3:	118890        	slli	a8, a8, 7
400859e6:	7fae92        	movi	a9, 0xfffffe7f
400859e9:	109290        	and	a9, a2, a9
400859ec:	202980        	or	a2, a9, a8
400859ef:	000a46        	j	40085a1c <rtc_vddsdio_get_config+0xec>
400859f2:	00          	.byte	00
400859f3:	00          	.byte	00
400859f4:	ec1281        	l32r	a8, 40080a3c <_init_end+0x63c> (3ff44038 <GPIO+0x38>)
400859f7:	0020c0        	memw
400859fa:	0888      	l32i.n	a8, a8, 0
400859fc:	e97c      	movi.n	a9, -2
400859fe:	102290        	and	a2, a2, a9
40085a01:	092c      	movi.n	a9, 32
40085a03:	108890        	and	a8, a8, a9
40085a06:	40f880        	nsau	a8, a8
40085a09:	418580        	srli	a8, a8, 5
40085a0c:	1188e0        	slli	a8, a8, 2
40085a0f:	b97c      	movi.n	a9, -5
40085a11:	109290        	and	a9, a2, a9
40085a14:	202980        	or	a2, a9, a8
40085a17:	280c      	movi.n	a8, 2
40085a19:	202280        	or	a2, a2, a8
40085a1c:	f01d      	retw.n
	...

40085a20 <rtc_vddsdio_set_config>:
40085a20:	004136        	entry	a1, 32
40085a23:	048020        	extui	a8, a2, 0, 1
40085a26:	0188a0        	slli	a8, a8, 22
40085a29:	049120        	extui	a9, a2, 1, 1
40085a2c:	019910        	slli	a9, a9, 31
40085a2f:	209890        	or	a9, a8, a9
40085a32:	148320        	extui	a8, a2, 3, 2
40085a35:	018830        	slli	a8, a8, 29
40085a38:	208890        	or	a8, a8, a9
40085a3b:	149520        	extui	a9, a2, 5, 2
40085a3e:	019950        	slli	a9, a9, 27
40085a41:	209980        	or	a9, a9, a8
40085a44:	148720        	extui	a8, a2, 7, 2
40085a47:	018870        	slli	a8, a8, 25
40085a4a:	208890        	or	a8, a8, a9
40085a4d:	042220        	extui	a2, a2, 2, 1
40085a50:	012290        	slli	a2, a2, 23
40085a53:	202280        	or	a2, a2, a8
40085a56:	ea9881        	l32r	a8, 400804b8 <_init_end+0xb8> (200000 <CONFIG_SOC_ADC_SAMPLE_FREQ_THRES_HIGH+0x17b80>)
40085a59:	202280        	or	a2, a2, a8
40085a5c:	ebf781        	l32r	a8, 40080a38 <_init_end+0x638> (3ff48074 <RTCCNTL+0x74>)
40085a5f:	0020c0        	memw
40085a62:	0829      	s32i.n	a2, a8, 0
40085a64:	f01d      	retw.n
	...

40085a68 <rtc_clk_cal_internal>:
40085a68:	004136        	entry	a1, 32
40085a6b:	ebf781        	l32r	a8, 40080a48 <_init_end+0x648> (7ffe <CONFIG_SOC_ADC_SAMPLE_FREQ_THRES_LOW+0x31de>)
40085a6e:	02b837        	bgeu	a8, a3, 40085a74 <rtc_clk_cal_internal+0xc>
40085a71:	4bbae5        	call8	400d1620 <__assert_no_args>
40085a74:	ea7d81        	l32r	a8, 40080468 <_init_end+0x68> (3ff48070 <RTCCNTL+0x70>)
40085a77:	0020c0        	memw
40085a7a:	08a8      	l32i.n	a10, a8, 0
40085a7c:	fec282        	addi	a8, a2, -2
40085a7f:	40f880        	nsau	a8, a8
40085a82:	418580        	srli	a8, a8, 5
40085a85:	04a8a0        	extui	a10, a10, 8, 1
40085a88:	190c      	movi.n	a9, 1
40085a8a:	3099a0        	xor	a9, a9, a10
40085a8d:	104980        	and	a4, a9, a8
40085a90:	120987        	bnone	a9, a8, 40085aa6 <rtc_clk_cal_internal+0x3e>
40085a93:	ea7591        	l32r	a9, 40080468 <_init_end+0x68> (3ff48070 <RTCCNTL+0x70>)
40085a96:	0020c0        	memw
40085a99:	0988      	l32i.n	a8, a9, 0
40085a9b:	00a1a2        	movi	a10, 0x100
40085a9e:	2088a0        	or	a8, a8, a10
40085aa1:	0020c0        	memw
40085aa4:	0989      	s32i.n	a8, a9, 0
40085aa6:	ea7081        	l32r	a8, 40080468 <_init_end+0x68> (3ff48070 <RTCCNTL+0x70>)
40085aa9:	0020c0        	memw
40085aac:	0868      	l32i.n	a6, a8, 0
40085aae:	094c      	movi.n	a9, 64
40085ab0:	106690        	and	a6, a6, a9
40085ab3:	40f660        	nsau	a6, a6
40085ab6:	416560        	srli	a6, a6, 5
40085ab9:	0020c0        	memw
40085abc:	0858      	l32i.n	a5, a8, 0
40085abe:	80a082        	movi	a8, 128
40085ac1:	105580        	and	a5, a5, a8
40085ac4:	40f550        	nsau	a5, a5
40085ac7:	415550        	srli	a5, a5, 5
40085aca:	1a1266        	bnei	a2, 1, 40085ae8 <rtc_clk_cal_internal+0x80>
40085acd:	1b0c      	movi.n	a11, 1
40085acf:	20abb0        	or	a10, a11, a11
40085ad2:	ff53e5        	call8	40085010 <rtc_clk_8m_enable>
40085ad5:	ea6491        	l32r	a9, 40080468 <_init_end+0x68> (3ff48070 <RTCCNTL+0x70>)
40085ad8:	0020c0        	memw
40085adb:	0988      	l32i.n	a8, a9, 0
40085add:	00a2a2        	movi	a10, 0x200
40085ae0:	2088a0        	or	a8, a8, a10
40085ae3:	0020c0        	memw
40085ae6:	0989      	s32i.n	a8, a9, 0
40085ae8:	1d1226        	beqi	a2, 1, 40085b09 <rtc_clk_cal_internal+0xa1>
40085aeb:	392226        	beqi	a2, 2, 40085b28 <rtc_clk_cal_internal+0xc0>
40085aee:	057256        	bnez	a2, 40085b49 <rtc_clk_cal_internal+0xe1>
40085af1:	ea5f91        	l32r	a9, 40080470 <_init_end+0x70> (3ff5f000 <TIMERG0>)
40085af4:	0020c0        	memw
40085af7:	1a2982        	l32i	a8, a9, 104
40085afa:	ebd4a1        	l32r	a10, 40080a4c <_init_end+0x64c> (ffff9fff <_rtc_force_slow_end+0xafff9fd7>)
40085afd:	1088a0        	and	a8, a8, a10
40085b00:	0020c0        	memw
40085b03:	1a6982        	s32i	a8, a9, 104
40085b06:	001086        	j	40085b4c <rtc_clk_cal_internal+0xe4>
40085b09:	ea5991        	l32r	a9, 40080470 <_init_end+0x70> (3ff5f000 <TIMERG0>)
40085b0c:	0020c0        	memw
40085b0f:	1a2982        	l32i	a8, a9, 104
40085b12:	ebcea1        	l32r	a10, 40080a4c <_init_end+0x64c> (ffff9fff <_rtc_force_slow_end+0xafff9fd7>)
40085b15:	1088a0        	and	a8, a8, a10
40085b18:	ea88a1        	l32r	a10, 40080538 <_init_end+0x138> (2000 <rtc_data_len>)
40085b1b:	2088a0        	or	a8, a8, a10
40085b1e:	0020c0        	memw
40085b21:	1a6982        	s32i	a8, a9, 104
40085b24:	000906        	j	40085b4c <rtc_clk_cal_internal+0xe4>
40085b27:	00          	.byte	00
40085b28:	ea5291        	l32r	a9, 40080470 <_init_end+0x70> (3ff5f000 <TIMERG0>)
40085b2b:	0020c0        	memw
40085b2e:	1a2982        	l32i	a8, a9, 104
40085b31:	ebc6a1        	l32r	a10, 40080a4c <_init_end+0x64c> (ffff9fff <_rtc_force_slow_end+0xafff9fd7>)
40085b34:	1088a0        	and	a8, a8, a10
40085b37:	ebb7a1        	l32r	a10, 40080a14 <_init_end+0x614> (4000 <_image_irom_size+0x160>)
40085b3a:	2088a0        	or	a8, a8, a10
40085b3d:	0020c0        	memw
40085b40:	1a6982        	s32i	a8, a9, 104
40085b43:	000146        	j	40085b4c <rtc_clk_cal_internal+0xe4>
40085b46:	00          	.byte	00
40085b47:	00          	.byte	00
40085b48:	00          	.byte	00
40085b49:	4bb1e5        	call8	400d1668 <abort>
40085b4c:	ebc1a1        	l32r	a10, 40080a50 <_init_end+0x650> (3ff5f068 <TIMERG0+0x68>)
40085b4f:	0020c0        	memw
40085b52:	002a82        	l32i	a8, a10, 0
40085b55:	ebb791        	l32r	a9, 40080a34 <_init_end+0x634> (ffffefff <_rtc_force_slow_end+0xafffefd7>)
40085b58:	108890        	and	a8, a8, a9
40085b5b:	0020c0        	memw
40085b5e:	006a82        	s32i	a8, a10, 0
40085b61:	0020c0        	memw
40085b64:	0a88      	l32i.n	a8, a10, 0
40085b66:	ebbb91        	l32r	a9, 40080a54 <_init_end+0x654> (8000ffff <_rtc_force_slow_end+0x3000ffd7>)
40085b69:	108890        	and	a8, a8, a9
40085b6c:	119300        	slli	a9, a3, 16
40085b6f:	e59090        	extui	a9, a9, 16, 15
40085b72:	119900        	slli	a9, a9, 16
40085b75:	208890        	or	a8, a8, a9
40085b78:	0020c0        	memw
40085b7b:	0a89      	s32i.n	a8, a10, 0
40085b7d:	ff5ea5        	call8	40085168 <rtc_clk_slow_src_get>
40085b80:	252226        	beqi	a2, 2, 40085ba9 <rtc_clk_cal_internal+0x141>
40085b83:	40f290        	nsau	a9, a2
40085b86:	419590        	srli	a9, a9, 5
40085b89:	8a0b      	addi.n	a8, a10, -1
40085b8b:	40f880        	nsau	a8, a8
40085b8e:	418580        	srli	a8, a8, 5
40085b91:	1b8987        	bany	a9, a8, 40085bb0 <rtc_clk_cal_internal+0x148>
40085b94:	201226        	beqi	a2, 1, 40085bb8 <rtc_clk_cal_internal+0x150>
40085b97:	fecaa2        	addi	a10, a10, -2
40085b9a:	40faa0        	nsau	a10, a10
40085b9d:	41a5a0        	srli	a10, a10, 5
40085ba0:	1c09a7        	bnone	a9, a10, 40085bc0 <rtc_clk_cal_internal+0x158>
40085ba3:	eba7c1        	l32r	a12, 40080a40 <_init_end+0x640> (81b3 <CONFIG_SOC_ADC_SAMPLE_FREQ_THRES_LOW+0x3393>)
40085ba6:	000646        	j	40085bc3 <rtc_clk_cal_internal+0x15b>
40085ba9:	eb28c1        	l32r	a12, 4008084c <_init_end+0x44c> (8000 <CONFIG_SOC_ADC_SAMPLE_FREQ_THRES_LOW+0x31e0>)
40085bac:	0004c6        	j	40085bc3 <rtc_clk_cal_internal+0x15b>
40085baf:	00          	.byte	00
40085bb0:	eb27c1        	l32r	a12, 4008084c <_init_end+0x44c> (8000 <CONFIG_SOC_ADC_SAMPLE_FREQ_THRES_LOW+0x31e0>)
40085bb3:	000306        	j	40085bc3 <rtc_clk_cal_internal+0x15b>
40085bb6:	00          	.byte	00
40085bb7:	00          	.byte	00
40085bb8:	eba2c1        	l32r	a12, 40080a40 <_init_end+0x640> (81b3 <CONFIG_SOC_ADC_SAMPLE_FREQ_THRES_LOW+0x3393>)
40085bbb:	000106        	j	40085bc3 <rtc_clk_cal_internal+0x15b>
40085bbe:	00          	.byte	00
40085bbf:	00          	.byte	00
40085bc0:	eba1c1        	l32r	a12, 40080a44 <_init_end+0x644> (249f0 <_image_irom_start+0x49f0>)
40085bc3:	ea20a1        	l32r	a10, 40080444 <_init_end+0x44> (f4240 <procpu_iram0_len+0xbc240>)
40085bc6:	a2b3a0        	muluh	a11, a3, a10
40085bc9:	0d0c      	movi.n	a13, 0
40085bcb:	82a3a0        	mull	a10, a3, a10
40085bce:	eba681        	l32r	a8, 40080a68 <_init_end+0x668> (4000cff8 <__udivdi3>)
40085bd1:	0008e0        	callx8	a8
40085bd4:	0a7d      	mov.n	a7, a10
40085bd6:	203aa0        	or	a3, a10, a10
40085bd9:	fb2fa5        	call8	40080ed4 <rtc_clk_xtal_freq_get>
40085bdc:	0acc      	bnez.n	a10, 40085be0 <rtc_clk_cal_internal+0x178>
40085bde:	8a2c      	movi.n	a10, 40
40085be0:	eb9e81        	l32r	a8, 40080a58 <_init_end+0x658> (1ffffff <CONFIG_SOC_GPIO_VALID_DIGITAL_IO_PAD_MASK+0x110f015>)
40085be3:	c288a0        	quou	a8, a8, a10
40085be6:	123387        	bltu	a3, a8, 40085bfc <rtc_clk_cal_internal+0x194>
40085be9:	eb9cb1        	l32r	a11, 40080a5c <_init_end+0x65c> (3ffb1b10 <_loader_data_start+0x518>)
40085bec:	eb9da1        	l32r	a10, 40080a60 <_init_end+0x660> (3ffb1b1c <_loader_data_start+0x524>)
40085bef:	ea4581        	l32r	a8, 40080504 <_init_end+0x104> (40007d54 <esp_rom_printf>)
40085bf2:	0008e0        	callx8	a8
40085bf5:	020c      	movi.n	a2, 0
40085bf7:	0023c6        	j	40085c8a <rtc_clk_cal_internal+0x222>
40085bfa:	00          	.byte	00
40085bfb:	00          	.byte	00
40085bfc:	eb9591        	l32r	a9, 40080a50 <_init_end+0x650> (3ff5f068 <TIMERG0+0x68>)
40085bff:	0020c0        	memw
40085c02:	0988      	l32i.n	a8, a9, 0
40085c04:	888a      	add.n	a8, a8, a8
40085c06:	418180        	srli	a8, a8, 1
40085c09:	0020c0        	memw
40085c0c:	0989      	s32i.n	a8, a9, 0
40085c0e:	0020c0        	memw
40085c11:	0988      	l32i.n	a8, a9, 0
40085c13:	ea2ba1        	l32r	a10, 400804c0 <_init_end+0xc0> (80000000 <_rtc_force_slow_end+0x2fffffd8>)
40085c16:	2088a0        	or	a8, a8, a10
40085c19:	0020c0        	memw
40085c1c:	006982        	s32i	a8, a9, 0
40085c1f:	20a770        	or	a10, a7, a7
40085c22:	ea3981        	l32r	a8, 40080508 <_init_end+0x108> (40008534 <esp_rom_delay_us>)
40085c25:	0008e0        	callx8	a8
40085c28:	000306        	j	40085c38 <rtc_clk_cal_internal+0x1d0>
40085c2b:	00          	.byte	00
40085c2c:	00          	.byte	00
40085c2d:	00          	.byte	00
40085c2e:	770b      	addi.n	a7, a7, -1
40085c30:	1a0c      	movi.n	a10, 1
40085c32:	ea3581        	l32r	a8, 40080508 <_init_end+0x108> (40008534 <esp_rom_delay_us>)
40085c35:	0008e0        	callx8	a8
40085c38:	eb8681        	l32r	a8, 40080a50 <_init_end+0x650> (3ff5f068 <TIMERG0+0x68>)
40085c3b:	0020c0        	memw
40085c3e:	0888      	l32i.n	a8, a8, 0
40085c40:	02e8f7        	bbsi	a8, 15, 40085c46 <rtc_clk_cal_internal+0x1de>
40085c43:	e717e6        	bgei	a7, 1, 40085c2e <rtc_clk_cal_internal+0x1c6>
40085c46:	149c      	beqz.n	a4, 40085c5b <rtc_clk_cal_internal+0x1f3>
40085c48:	ea0891        	l32r	a9, 40080468 <_init_end+0x68> (3ff48070 <RTCCNTL+0x70>)
40085c4b:	0020c0        	memw
40085c4e:	0988      	l32i.n	a8, a9, 0
40085c50:	ffaea2        	movi	a10, 0xfffffeff
40085c53:	1088a0        	and	a8, a8, a10
40085c56:	0020c0        	memw
40085c59:	0989      	s32i.n	a8, a9, 0
40085c5b:	191266        	bnei	a2, 1, 40085c78 <rtc_clk_cal_internal+0x210>
40085c5e:	ea0291        	l32r	a9, 40080468 <_init_end+0x68> (3ff48070 <RTCCNTL+0x70>)
40085c61:	0020c0        	memw
40085c64:	0988      	l32i.n	a8, a9, 0
40085c66:	ffada2        	movi	a10, 0xfffffdff
40085c69:	1088a0        	and	a8, a8, a10
40085c6c:	0020c0        	memw
40085c6f:	0989      	s32i.n	a8, a9, 0
40085c71:	05bd      	mov.n	a11, a5
40085c73:	06ad      	mov.n	a10, a6
40085c75:	ff39a5        	call8	40085010 <rtc_clk_8m_enable>
40085c78:	c78c      	beqz.n	a7, 40085c88 <rtc_clk_cal_internal+0x220>
40085c7a:	eb7a81        	l32r	a8, 40080a64 <_init_end+0x664> (3ff5f06c <TIMERG0+0x6c>)
40085c7d:	0020c0        	memw
40085c80:	0828      	l32i.n	a2, a8, 0
40085c82:	412720        	srli	a2, a2, 7
40085c85:	000046        	j	40085c8a <rtc_clk_cal_internal+0x222>
40085c88:	020c      	movi.n	a2, 0
40085c8a:	f01d      	retw.n

40085c8c <rtc_clk_cal>:
40085c8c:	004136        	entry	a1, 32
40085c8f:	005356        	bnez	a3, 40085c98 <rtc_clk_cal+0xc>
40085c92:	201110        	or	a1, a1, a1
40085c95:	4b98a5        	call8	400d1620 <__assert_no_args>
40085c98:	fb23a5        	call8	40080ed4 <rtc_clk_xtal_freq_get>
40085c9b:	0a6d      	mov.n	a6, a10
40085c9d:	03bd      	mov.n	a11, a3
40085c9f:	02ad      	mov.n	a10, a2
40085ca1:	ffdc65        	call8	40085a68 <rtc_clk_cal_internal>
40085ca4:	0a7d      	mov.n	a7, a10
40085ca6:	050c      	movi.n	a5, 0
40085ca8:	562266        	bnei	a2, 2, 40085d02 <rtc_clk_cal+0x76>
40085cab:	828630        	mull	a8, a6, a3
40085cae:	a22630        	muluh	a2, a6, a3
40085cb1:	e9e491        	l32r	a9, 40080444 <_init_end+0x44> (f4240 <procpu_iram0_len+0xbc240>)
40085cb4:	822290        	mull	a2, a2, a9
40085cb7:	824890        	mull	a4, a8, a9
40085cba:	a28890        	muluh	a8, a8, a9
40085cbd:	228a      	add.n	a2, a2, a8
40085cbf:	0182f0        	slli	a8, a2, 17
40085cc2:	414f40        	srli	a4, a4, 15
40085cc5:	204840        	or	a4, a8, a4
40085cc8:	412f20        	srli	a2, a2, 15
40085ccb:	d0a7c2        	movi	a12, 0x7d0
40085cce:	05dd      	mov.n	a13, a5
40085cd0:	04ad      	mov.n	a10, a4
40085cd2:	02bd      	mov.n	a11, a2
40085cd4:	eb6581        	l32r	a8, 40080a68 <_init_end+0x668> (4000cff8 <__udivdi3>)
40085cd7:	0008e0        	callx8	a8
40085cda:	0a9d      	mov.n	a9, a10
40085cdc:	c082b0        	sub	a8, a2, a11
40085cdf:	01b4a7        	bgeu	a4, a10, 40085ce4 <rtc_clk_cal+0x58>
40085ce2:	880b      	addi.n	a8, a8, -1
40085ce4:	c0c4a0        	sub	a12, a4, a10
40085ce7:	513587        	bltu	a5, a8, 40085d3c <rtc_clk_cal+0xb0>
40085cea:	029857        	bne	a8, a5, 40085cf0 <rtc_clk_cal+0x64>
40085ced:	4b37c7        	bltu	a7, a12, 40085d3c <rtc_clk_cal+0xb0>
40085cf0:	b2ba      	add.n	a11, a2, a11
40085cf2:	44aa      	add.n	a4, a4, a10
40085cf4:	01b497        	bgeu	a4, a9, 40085cf9 <rtc_clk_cal+0x6d>
40085cf7:	bb1b      	addi.n	a11, a11, 1
40085cf9:	443b57        	bltu	a11, a5, 40085d41 <rtc_clk_cal+0xb5>
40085cfc:	0295b7        	bne	a5, a11, 40085d02 <rtc_clk_cal+0x76>
40085cff:	3e3477        	bltu	a4, a7, 40085d41 <rtc_clk_cal+0xb5>
40085d02:	82c630        	mull	a12, a6, a3
40085d05:	a2d630        	muluh	a13, a6, a3
40085d08:	418d70        	srli	a8, a7, 13
40085d0b:	01a7d0        	slli	a10, a7, 19
40085d0e:	01bd10        	slli	a11, a13, 31
40085d11:	4191c0        	srli	a9, a12, 1
40085d14:	209b90        	or	a9, a11, a9
40085d17:	41b1d0        	srli	a11, a13, 1
40085d1a:	88ba      	add.n	a8, a8, a11
40085d1c:	80aa90        	add	a10, a10, a9
40085d1f:	02ba97        	bgeu	a10, a9, 40085d25 <rtc_clk_cal+0x99>
40085d22:	01c882        	addi	a8, a8, 1
40085d25:	f97c      	movi.n	a9, -1
40085d27:	b89a      	add.n	a11, a8, a9
40085d29:	aa9a      	add.n	a10, a10, a9
40085d2b:	01ba97        	bgeu	a10, a9, 40085d30 <rtc_clk_cal+0xa4>
40085d2e:	08bd      	mov.n	a11, a8
40085d30:	eb4e81        	l32r	a8, 40080a68 <_init_end+0x668> (4000cff8 <__udivdi3>)
40085d33:	0008e0        	callx8	a8
40085d36:	0a2d      	mov.n	a2, a10
40085d38:	0001c6        	j	40085d43 <rtc_clk_cal+0xb7>
40085d3b:	00          	.byte	00
40085d3c:	020c      	movi.n	a2, 0
40085d3e:	000046        	j	40085d43 <rtc_clk_cal+0xb7>
40085d41:	020c      	movi.n	a2, 0
40085d43:	f01d      	retw.n
40085d45:	000000        	ill

40085d48 <rtc_clk_wait_for_slow_cycle>:
40085d48:	004136        	entry	a1, 32
40085d4b:	eb4181        	l32r	a8, 40080a50 <_init_end+0x650> (3ff5f068 <TIMERG0+0x68>)
40085d4e:	0020c0        	memw
40085d51:	0898      	l32i.n	a9, a8, 0
40085d53:	eb46a1        	l32r	a10, 40080a6c <_init_end+0x66c> (7fffefff <_rtc_force_slow_end+0x2fffefd7>)
40085d56:	1099a0        	and	a9, a9, a10
40085d59:	0020c0        	memw
40085d5c:	0899      	s32i.n	a9, a8, 0
40085d5e:	0020c0        	memw
40085d61:	0898      	l32i.n	a9, a8, 0
40085d63:	eb43a1        	l32r	a10, 40080a70 <_init_end+0x670> (ffff7fff <_rtc_force_slow_end+0xafff7fd7>)
40085d66:	1099a0        	and	a9, a9, a10
40085d69:	0020c0        	memw
40085d6c:	0899      	s32i.n	a9, a8, 0
40085d6e:	0020c0        	memw
40085d71:	0898      	l32i.n	a9, a8, 0
40085d73:	eb36a1        	l32r	a10, 40080a4c <_init_end+0x64c> (ffff9fff <_rtc_force_slow_end+0xafff9fd7>)
40085d76:	1099a0        	and	a9, a9, a10
40085d79:	0020c0        	memw
40085d7c:	0899      	s32i.n	a9, a8, 0
40085d7e:	0020c0        	memw
40085d81:	0898      	l32i.n	a9, a8, 0
40085d83:	eb34a1        	l32r	a10, 40080a54 <_init_end+0x654> (8000ffff <_rtc_force_slow_end+0x3000ffd7>)
40085d86:	1099a0        	and	a9, a9, a10
40085d89:	0020c0        	memw
40085d8c:	0899      	s32i.n	a9, a8, 0
40085d8e:	0020c0        	memw
40085d91:	0898      	l32i.n	a9, a8, 0
40085d93:	e9cba1        	l32r	a10, 400804c0 <_init_end+0xc0> (80000000 <_rtc_force_slow_end+0x2fffffd8>)
40085d96:	2099a0        	or	a9, a9, a10
40085d99:	0020c0        	memw
40085d9c:	006892        	s32i	a9, a8, 0
40085d9f:	01a0a2        	movi	a10, 1
40085da2:	e9d981        	l32r	a8, 40080508 <_init_end+0x108> (40008534 <esp_rom_delay_us>)
40085da5:	0008e0        	callx8	a8
40085da8:	e8a372        	movi	a7, 0x3e8
40085dab:	000946        	j	40085dd4 <rtc_clk_wait_for_slow_cycle+0x8c>
40085dae:	1a0c      	movi.n	a10, 1
40085db0:	e9d681        	l32r	a8, 40080508 <_init_end+0x108> (40008534 <esp_rom_delay_us>)
40085db3:	0008e0        	callx8	a8
40085db6:	a79c      	beqz.n	a7, 40085dd4 <rtc_clk_wait_for_slow_cycle+0x8c>
40085db8:	770b      	addi.n	a7, a7, -1
40085dba:	67dc      	bnez.n	a7, 40085dd4 <rtc_clk_wait_for_slow_cycle+0x8c>
40085dbc:	e9ab81        	l32r	a8, 40080468 <_init_end+0x68> (3ff48070 <RTCCNTL+0x70>)
40085dbf:	0020c0        	memw
40085dc2:	002882        	l32i	a8, a8, 0
40085dc5:	0b6887        	bbci	a8, 8, 40085dd4 <rtc_clk_wait_for_slow_cycle+0x8c>
40085dc8:	eb25b1        	l32r	a11, 40080a5c <_init_end+0x65c> (3ffb1b10 <_loader_data_start+0x518>)
40085dcb:	eb2aa1        	l32r	a10, 40080a74 <_init_end+0x674> (3ffb1b58 <_loader_data_start+0x560>)
40085dce:	e9cd81        	l32r	a8, 40080504 <_init_end+0x104> (40007d54 <esp_rom_printf>)
40085dd1:	0008e0        	callx8	a8
40085dd4:	eb1f81        	l32r	a8, 40080a50 <_init_end+0x650> (3ff5f068 <TIMERG0+0x68>)
40085dd7:	0020c0        	memw
40085dda:	0888      	l32i.n	a8, a8, 0
40085ddc:	ce68f7        	bbci	a8, 15, 40085dae <rtc_clk_wait_for_slow_cycle+0x66>
40085ddf:	f01d      	retw.n
40085de1:	000000        	ill

40085de4 <rtc_clk_freq_cal>:
40085de4:	004136        	entry	a1, 32
40085de7:	129c      	beqz.n	a2, 40085dfc <rtc_clk_freq_cal+0x18>
40085de9:	02cd      	mov.n	a12, a2
40085deb:	00a0d2        	movi	a13, 0
40085dee:	eb22a1        	l32r	a10, 40080a78 <_init_end+0x678> (12000000 <CONFIG_ESP_CLK_FREQ_HZ+0x3b1e400>)
40085df1:	7aa0b2        	movi	a11, 122
40085df4:	eb1d81        	l32r	a8, 40080a68 <_init_end+0x668> (4000cff8 <__udivdi3>)
40085df7:	0008e0        	callx8	a8
40085dfa:	0a2d      	mov.n	a2, a10
40085dfc:	f01d      	retw.n
	...

40085e00 <ccount>:
40085e00:	004136        	entry	a1, 32
40085e03:	03ea70        	rsr.ccount	a7
40085e06:	000ee5        	call8	40085ef4 <ccount_comp>
40085e09:	2a7a      	add.n	a2, a10, a7
40085e0b:	f01d      	retw.n
40085e0d:	000000        	ill

40085e10 <sys_clock_elapsed_ticks>:
40085e10:	004136        	entry	a1, 32
40085e13:	eb1aa1        	l32r	a10, 40080a7c <_init_end+0x67c> (3ffb3184 <last_count>)
40085e16:	0a88      	l32i.n	a8, a10, 0
40085e18:	c02280        	sub	a2, a2, a8
40085e1b:	eb1991        	l32r	a9, 40080a80 <_init_end+0x680> (57619f1 <CONFIG_XTAL_FREQ_HZ+0x313bff1>)
40085e1e:	a22290        	muluh	a2, a2, a9
40085e21:	412920        	srli	a2, a2, 9
40085e24:	eb1891        	l32r	a9, 40080a84 <_init_end+0x684> (5dc0 <CONFIG_SOC_ADC_SAMPLE_FREQ_THRES_LOW+0xfa0>)
40085e27:	829290        	mull	a9, a2, a9
40085e2a:	889a      	add.n	a8, a8, a9
40085e2c:	0a89      	s32i.n	a8, a10, 0
40085e2e:	f01d      	retw.n

40085e30 <sys_clock_driver_init>:
40085e30:	004136        	entry	a1, 32
40085e33:	fffce5        	call8	40085e00 <ccount>
40085e36:	eb1381        	l32r	a8, 40080a84 <_init_end+0x684> (5dc0 <CONFIG_SOC_ADC_SAMPLE_FREQ_THRES_LOW+0xfa0>)
40085e39:	80aa80        	add	a10, a10, a8
40085e3c:	000be5        	call8	40085efc <set_ccompare>
40085e3f:	03e480        	rsr.intenable	a8
40085e42:	40a092        	movi	a9, 64
40085e45:	208890        	or	a8, a8, a9
40085e48:	13e480        	wsr.intenable	a8
40085e4b:	002010        	rsync
40085e4e:	020c      	movi.n	a2, 0
40085e50:	f01d      	retw.n
	...

40085e54 <ccompare_isr>:
40085e54:	004136        	entry	a1, 32
40085e57:	006370        	rsil	a7, 3
40085e5a:	fffa65        	call8	40085e00 <ccount>
40085e5d:	fffb25        	call8	40085e10 <sys_clock_elapsed_ticks>
40085e60:	20b770        	or	a11, a7, a7
40085e63:	fd71e5        	call8	40083580 <sys_clock_announce_locked>
40085e66:	f01d      	retw.n

40085e68 <sys_clock_set_timeout>:
40085e68:	004136        	entry	a1, 32
40085e6b:	060226        	beqi	a2, -1, 40085e75 <sys_clock_set_timeout+0xd>
40085e6e:	0622e6        	bgei	a2, 2, 40085e78 <sys_clock_set_timeout+0x10>
40085e71:	0003c6        	j	40085e84 <sys_clock_set_timeout+0x1c>
40085e74:	00          	.byte	00
40085e75:	eb0421        	l32r	a2, 40080a88 <_init_end+0x688> (2bb0b <_image_irom_start+0xbb0b>)
40085e78:	eb0581        	l32r	a8, 40080a8c <_init_end+0x68c> (2bb0c <_image_irom_start+0xbb0c>)
40085e7b:	432280        	min	a2, a2, a8
40085e7e:	220b      	addi.n	a2, a2, -1
40085e80:	0000c6        	j	40085e87 <sys_clock_set_timeout+0x1f>
40085e83:	00          	.byte	00
40085e84:	00a022        	movi	a2, 0
40085e87:	fff7a5        	call8	40085e00 <ccount>
40085e8a:	eafe81        	l32r	a8, 40080a84 <_init_end+0x684> (5dc0 <CONFIG_SOC_ADC_SAMPLE_FREQ_THRES_LOW+0xfa0>)
40085e8d:	822280        	mull	a2, a2, a8
40085e90:	eafb81        	l32r	a8, 40080a7c <_init_end+0x67c> (3ffb3184 <last_count>)
40085e93:	002882        	l32i	a8, a8, 0
40085e96:	c09a80        	sub	a9, a10, a8
40085e99:	eafdb1        	l32r	a11, 40080a90 <_init_end+0x690> (5dbf <CONFIG_SOC_ADC_SAMPLE_FREQ_THRES_LOW+0xf9f>)
40085e9c:	8099b0        	add	a9, a9, a11
40085e9f:	fb7c      	movi.n	a11, -1
40085ea1:	30b9b0        	xor	a11, a9, a11
40085ea4:	063b27        	bltu	a11, a2, 40085eae <sys_clock_set_timeout+0x46>
40085ea7:	229a      	add.n	a2, a2, a9
40085ea9:	0000c6        	j	40085eb0 <sys_clock_set_timeout+0x48>
40085eac:	00          	.byte	00
40085ead:	00          	.byte	00
40085eae:	f27c      	movi.n	a2, -1
40085eb0:	eaf491        	l32r	a9, 40080a80 <_init_end+0x680> (57619f1 <CONFIG_XTAL_FREQ_HZ+0x313bff1>)
40085eb3:	a22290        	muluh	a2, a2, a9
40085eb6:	412920        	srli	a2, a2, 9
40085eb9:	eaf291        	l32r	a9, 40080a84 <_init_end+0x684> (5dc0 <CONFIG_SOC_ADC_SAMPLE_FREQ_THRES_LOW+0xfa0>)
40085ebc:	822290        	mull	a2, a2, a9
40085ebf:	282a      	add.n	a2, a8, a2
40085ec1:	c0a2a0        	sub	a10, a2, a10
40085ec4:	e7a382        	movi	a8, 0x3e7
40085ec7:	0238a7        	bltu	a8, a10, 40085ecd <sys_clock_set_timeout+0x65>
40085eca:	802290        	add	a2, a2, a9
40085ecd:	000265        	call8	40085ef4 <ccount_comp>
40085ed0:	c0a2a0        	sub	a10, a2, a10
40085ed3:	0002a5        	call8	40085efc <set_ccompare>
40085ed6:	f01d      	retw.n

40085ed8 <sys_clock_elapsed>:
40085ed8:	004136        	entry	a1, 32
40085edb:	fff265        	call8	40085e00 <ccount>
40085ede:	eae781        	l32r	a8, 40080a7c <_init_end+0x67c> (3ffb3184 <last_count>)
40085ee1:	0888      	l32i.n	a8, a8, 0
40085ee3:	c02a80        	sub	a2, a10, a8
40085ee6:	eae681        	l32r	a8, 40080a80 <_init_end+0x680> (57619f1 <CONFIG_XTAL_FREQ_HZ+0x313bff1>)
40085ee9:	a22280        	muluh	a2, a2, a8
40085eec:	412920        	srli	a2, a2, 9
40085eef:	f01d      	retw.n
40085ef1:	000000        	ill

40085ef4 <ccount_comp>:
40085ef4:	004136        	entry	a1, 32
40085ef7:	020c      	movi.n	a2, 0
40085ef9:	f01d      	retw.n
	...

40085efc <set_ccompare>:
40085efc:	004136        	entry	a1, 32
40085eff:	13f020        	wsr.ccompare0	a2
40085f02:	f01d      	retw.n

40085f04 <console_out>:
40085f04:	004136        	entry	a1, 32
40085f07:	0d9266        	bnei	a2, 10, 40085f18 <console_out+0x14>
40085f0a:	eae2a1        	l32r	a10, 40080a94 <_init_end+0x694> (3f400d90 <__device_dts_ord_74>)
40085f0d:	022a82        	l32i	a8, a10, 8
40085f10:	1888      	l32i.n	a8, a8, 4
40085f12:	0da0b2        	movi	a11, 13
40085f15:	0008e0        	callx8	a8
40085f18:	eadfa1        	l32r	a10, 40080a94 <_init_end+0x694> (3f400d90 <__device_dts_ord_74>)
40085f1b:	2a88      	l32i.n	a8, a10, 8
40085f1d:	1888      	l32i.n	a8, a8, 4
40085f1f:	74b020        	extui	a11, a2, 0, 8
40085f22:	0008e0        	callx8	a8
40085f25:	f01d      	retw.n
	...

40085f28 <mmu_hal_ctx_init>:
40085f28:	004136        	entry	a1, 32
40085f2b:	000292        	l8ui	a9, a2, 0
40085f2e:	eada81        	l32r	a8, 40080a98 <_init_end+0x698> (3ffb3068 <s_ctx>)
40085f31:	004892        	s8i	a9, a8, 0
40085f34:	f01d      	retw.n
	...

40085f38 <mmu_hal_unmap_all>:
40085f38:	004136        	entry	a1, 32
40085f3b:	0a0c      	movi.n	a10, 0
40085f3d:	000c46        	j	40085f72 <mmu_hal_unmap_all+0x3a>
40085f40:	0adc      	bnez.n	a10, 40085f54 <mmu_hal_unmap_all+0x1c>
40085f42:	ead691        	l32r	a9, 40080a9c <_init_end+0x69c> (3ff10000 <_rodata_end+0xb00000>)
40085f45:	a09890        	addx4	a9, a8, a9
40085f48:	00a1b2        	movi	a11, 0x100
40085f4b:	0020c0        	memw
40085f4e:	09b9      	s32i.n	a11, a9, 0
40085f50:	000386        	j	40085f62 <mmu_hal_unmap_all+0x2a>
40085f53:	00          	.byte	00
40085f54:	ead391        	l32r	a9, 40080aa0 <_init_end+0x6a0> (3ff12000 <_rodata_end+0xb02000>)
40085f57:	a09890        	addx4	a9, a8, a9
40085f5a:	00a1b2        	movi	a11, 0x100
40085f5d:	0020c0        	memw
40085f60:	09b9      	s32i.n	a11, a9, 0
40085f62:	881b      	addi.n	a8, a8, 1
40085f64:	000086        	j	40085f6a <mmu_hal_unmap_all+0x32>
40085f67:	00          	.byte	00
40085f68:	080c      	movi.n	a8, 0
40085f6a:	7fa192        	movi	a9, 0x17f
40085f6d:	cfa987        	bge	a9, a8, 40085f40 <mmu_hal_unmap_all+0x8>
40085f70:	aa1b      	addi.n	a10, a10, 1
40085f72:	eac981        	l32r	a8, 40080a98 <_init_end+0x698> (3ffb3068 <s_ctx>)
40085f75:	000882        	l8ui	a8, a8, 0
40085f78:	ec2a87        	blt	a10, a8, 40085f68 <mmu_hal_unmap_all+0x30>
40085f7b:	f01d      	retw.n
40085f7d:	000000        	ill

40085f80 <spi_flash_init_lock>:
40085f80:	004136        	entry	a1, 32
40085f83:	f01d      	retw.n
40085f85:	000000        	ill

40085f88 <cache_sync>:
40085f88:	004136        	entry	a1, 32
40085f8b:	eac681        	l32r	a8, 40080aa4 <_init_end+0x6a4> (3ffb0094 <s_cache_drv>)
40085f8e:	1888      	l32i.n	a8, a8, 4
40085f90:	188c      	beqz.n	a8, 40085f95 <cache_sync+0xd>
40085f92:	0008e0        	callx8	a8
40085f95:	eac381        	l32r	a8, 40080aa4 <_init_end+0x6a4> (3ffb0094 <s_cache_drv>)
40085f98:	0888      	l32i.n	a8, a8, 0
40085f9a:	00a0a2        	movi	a10, 0
40085f9d:	0008e0        	callx8	a8
40085fa0:	f01d      	retw.n
	...

40085fa4 <cache_hal_suspend>:
40085fa4:	004136        	entry	a1, 32
40085fa7:	e9f281        	l32r	a8, 40080770 <_init_end+0x370> (3ff00044 <_rodata_end+0xaf0044>)
40085faa:	0020c0        	memw
40085fad:	0898      	l32i.n	a9, a8, 0
40085faf:	05e907        	bbsi	a9, 0, 40085fb8 <cache_hal_suspend+0x14>
40085fb2:	180c      	movi.n	a8, 1
40085fb4:	000086        	j	40085fba <cache_hal_suspend+0x16>
40085fb7:	00          	.byte	00
40085fb8:	080c      	movi.n	a8, 0
40085fba:	04e917        	bbsi	a9, 1, 40085fc2 <cache_hal_suspend+0x1e>
40085fbd:	2a0c      	movi.n	a10, 2
40085fbf:	000046        	j	40085fc4 <cache_hal_suspend+0x20>
40085fc2:	0a0c      	movi.n	a10, 0
40085fc4:	2088a0        	or	a8, a8, a10
40085fc7:	05e927        	bbsi	a9, 2, 40085fd0 <cache_hal_suspend+0x2c>
40085fca:	4a0c      	movi.n	a10, 4
40085fcc:	000086        	j	40085fd2 <cache_hal_suspend+0x2e>
40085fcf:	00          	.byte	00
40085fd0:	0a0c      	movi.n	a10, 0
40085fd2:	2088a0        	or	a8, a8, a10
40085fd5:	04e947        	bbsi	a9, 4, 40085fdd <cache_hal_suspend+0x39>
40085fd8:	8a0c      	movi.n	a10, 8
40085fda:	000046        	j	40085fdf <cache_hal_suspend+0x3b>
40085fdd:	0a0c      	movi.n	a10, 0
40085fdf:	2088a0        	or	a8, a8, a10
40085fe2:	04e937        	bbsi	a9, 3, 40085fea <cache_hal_suspend+0x46>
40085fe5:	091c      	movi.n	a9, 16
40085fe7:	000046        	j	40085fec <cache_hal_suspend+0x48>
40085fea:	090c      	movi.n	a9, 0
40085fec:	208890        	or	a8, a8, a9
40085fef:	eaae91        	l32r	a9, 40080aa8 <_init_end+0x6a8> (3ffb306c <s_cache_status>)
40085ff2:	0989      	s32i.n	a8, a9, 0
40085ff4:	eaae81        	l32r	a8, 40080aac <_init_end+0x6ac> (3ff003f0 <_rodata_end+0xaf03f0>)
40085ff7:	0020c0        	memw
40085ffa:	0888      	l32i.n	a8, a8, 0
40085ffc:	b48780        	extui	a8, a8, 7, 12
40085fff:	f11866        	bnei	a8, 1, 40085ff4 <cache_hal_suspend+0x50>
40086002:	eaab91        	l32r	a9, 40080ab0 <_init_end+0x6b0> (3ff00040 <_rodata_end+0xaf0040>)
40086005:	0020c0        	memw
40086008:	0988      	l32i.n	a8, a9, 0
4008600a:	7a7c      	movi.n	a10, -9
4008600c:	1088a0        	and	a8, a8, a10
4008600f:	0020c0        	memw
40086012:	0989      	s32i.n	a8, a9, 0
40086014:	f01d      	retw.n
	...

40086018 <cache_hal_resume>:
40086018:	004136        	entry	a1, 32
4008601b:	eaa591        	l32r	a9, 40080ab0 <_init_end+0x6b0> (3ff00040 <_rodata_end+0xaf0040>)
4008601e:	0020c0        	memw
40086021:	0988      	l32i.n	a8, a9, 0
40086023:	8b0c      	movi.n	a11, 8
40086025:	2088b0        	or	a8, a8, a11
40086028:	0020c0        	memw
4008602b:	0989      	s32i.n	a8, a9, 0
4008602d:	ea9e81        	l32r	a8, 40080aa8 <_init_end+0x6a8> (3ffb306c <s_cache_status>)
40086030:	0898      	l32i.n	a9, a8, 0
40086032:	248090        	extui	a8, a9, 0, 3
40086035:	a99a      	add.n	a10, a9, a9
40086037:	0c1c      	movi.n	a12, 16
40086039:	10aac0        	and	a10, a10, a12
4008603c:	2088a0        	or	a8, a8, a10
4008603f:	419190        	srli	a9, a9, 1
40086042:	1099b0        	and	a9, a9, a11
40086045:	208890        	or	a8, a8, a9
40086048:	e9ca91        	l32r	a9, 40080770 <_init_end+0x370> (3ff00044 <_rodata_end+0xaf0044>)
4008604b:	0020c0        	memw
4008604e:	09a8      	l32i.n	a10, a9, 0
40086050:	1088a0        	and	a8, a8, a10
40086053:	3088a0        	xor	a8, a8, a10
40086056:	0020c0        	memw
40086059:	0989      	s32i.n	a8, a9, 0
4008605b:	f01d      	retw.n
4008605d:	000000        	ill

40086060 <wdt_hal_write_protect_disable>:
40086060:	004136        	entry	a1, 32
40086063:	0288      	l32i.n	a8, a2, 0
40086065:	c8cc      	bnez.n	a8, 40086075 <wdt_hal_write_protect_disable+0x15>
40086067:	1288      	l32i.n	a8, a2, 4
40086069:	ea9291        	l32r	a9, 40080ab4 <_init_end+0x6b4> (50d83aa1 <_rtc_force_slow_end+0xd83a79>)
4008606c:	0020c0        	memw
4008606f:	296892        	s32i	a9, a8, 164
40086072:	000286        	j	40086080 <wdt_hal_write_protect_disable+0x20>
40086075:	1288      	l32i.n	a8, a2, 4
40086077:	ea8f91        	l32r	a9, 40080ab4 <_init_end+0x6b4> (50d83aa1 <_rtc_force_slow_end+0xd83a79>)
4008607a:	0020c0        	memw
4008607d:	196892        	s32i	a9, a8, 100
40086080:	f01d      	retw.n
	...

40086084 <wdt_hal_set_flashboot_en>:
40086084:	004136        	entry	a1, 32
40086087:	748030        	extui	a8, a3, 0, 8
4008608a:	0298      	l32i.n	a9, a2, 0
4008608c:	e9dc      	bnez.n	a9, 400860ae <wdt_hal_set_flashboot_en+0x2a>
4008608e:	12a8      	l32i.n	a10, a2, 4
40086090:	0020c0        	memw
40086093:	232a92        	l32i	a9, a10, 140
40086096:	048080        	extui	a8, a8, 0, 1
40086099:	118860        	slli	a8, a8, 10
4008609c:	ffabb2        	movi	a11, 0xfffffbff
4008609f:	1099b0        	and	a9, a9, a11
400860a2:	208980        	or	a8, a9, a8
400860a5:	0020c0        	memw
400860a8:	236a82        	s32i	a8, a10, 140
400860ab:	000706        	j	400860cb <wdt_hal_set_flashboot_en+0x47>
400860ae:	12a8      	l32i.n	a10, a2, 4
400860b0:	0020c0        	memw
400860b3:	122a92        	l32i	a9, a10, 72
400860b6:	048080        	extui	a8, a8, 0, 1
400860b9:	118820        	slli	a8, a8, 14
400860bc:	ea21b1        	l32r	a11, 40080940 <_init_end+0x540> (ffffbfff <_rtc_force_slow_end+0xafffbfd7>)
400860bf:	1099b0        	and	a9, a9, a11
400860c2:	208980        	or	a8, a9, a8
400860c5:	0020c0        	memw
400860c8:	126a82        	s32i	a8, a10, 72
400860cb:	f01d      	retw.n
400860cd:	000000        	ill

400860d0 <wdt_hal_write_protect_enable>:
400860d0:	004136        	entry	a1, 32
400860d3:	0288      	l32i.n	a8, a2, 0
400860d5:	b8cc      	bnez.n	a8, 400860e4 <wdt_hal_write_protect_enable+0x14>
400860d7:	1288      	l32i.n	a8, a2, 4
400860d9:	090c      	movi.n	a9, 0
400860db:	0020c0        	memw
400860de:	296892        	s32i	a9, a8, 164
400860e1:	000246        	j	400860ee <wdt_hal_write_protect_enable+0x1e>
400860e4:	1288      	l32i.n	a8, a2, 4
400860e6:	090c      	movi.n	a9, 0
400860e8:	0020c0        	memw
400860eb:	196892        	s32i	a9, a8, 100
400860ee:	f01d      	retw.n

400860f0 <wdt_hal_disable>:
400860f0:	004136        	entry	a1, 32
400860f3:	0288      	l32i.n	a8, a2, 0
400860f5:	48dc      	bnez.n	a8, 4008610d <wdt_hal_disable+0x1d>
400860f7:	1298      	l32i.n	a9, a2, 4
400860f9:	0020c0        	memw
400860fc:	232982        	l32i	a8, a9, 140
400860ff:	888a      	add.n	a8, a8, a8
40086101:	418180        	srli	a8, a8, 1
40086104:	0020c0        	memw
40086107:	236982        	s32i	a8, a9, 140
4008610a:	000486        	j	40086120 <wdt_hal_disable+0x30>
4008610d:	1298      	l32i.n	a9, a2, 4
4008610f:	0020c0        	memw
40086112:	122982        	l32i	a8, a9, 72
40086115:	888a      	add.n	a8, a8, a8
40086117:	418180        	srli	a8, a8, 1
4008611a:	0020c0        	memw
4008611d:	126982        	s32i	a8, a9, 72
40086120:	f01d      	retw.n
	...

40086124 <spi_flash_ll_set_read_mode>:
40086124:	006136        	entry	a1, 48
40086127:	0020c0        	memw
4008612a:	2288      	l32i.n	a8, a2, 8
4008612c:	0020c0        	memw
4008612f:	0189      	s32i.n	a8, a1, 0
40086131:	0020c0        	memw
40086134:	0188      	l32i.n	a8, a1, 0
40086136:	ea6091        	l32r	a9, 40080ab8 <_init_end+0x6b8> (fe6fbfff <_rtc_force_slow_end+0xae6fbfd7>)
40086139:	108890        	and	a8, a8, a9
4008613c:	0020c0        	memw
4008613f:	0189      	s32i.n	a8, a1, 0
40086141:	0020c0        	memw
40086144:	0188      	l32i.n	a8, a1, 0
40086146:	e8fc91        	l32r	a9, 40080538 <_init_end+0x138> (2000 <rtc_data_len>)
40086149:	208890        	or	a8, a8, a9
4008614c:	0020c0        	memw
4008614f:	0189      	s32i.n	a8, a1, 0
40086151:	6b63f6        	bgeui	a3, 6, 400861c0 <spi_flash_ll_set_read_mode+0x9c>
40086154:	ea5a81        	l32r	a8, 40080abc <_init_end+0x6bc> (3ffb0dcc <__pinctrl_state_pins_0__device_dts_ord_74+0x10>)
40086157:	a03380        	addx4	a3, a3, a8
4008615a:	0388      	l32i.n	a8, a3, 0
4008615c:	0008a0        	jx	a8
4008615f:	0020c0        	memw
40086162:	0188      	l32i.n	a8, a1, 0
40086164:	ea2091        	l32r	a9, 400809e4 <_init_end+0x5e4> (1000000 <CONFIG_SOC_GPIO_VALID_DIGITAL_IO_PAD_MASK+0x10f016>)
40086167:	208890        	or	a8, a8, a9
4008616a:	0020c0        	memw
4008616d:	0189      	s32i.n	a8, a1, 0
4008616f:	001406        	j	400861c3 <spi_flash_ll_set_read_mode+0x9f>
40086172:	0020c0        	memw
40086175:	0188      	l32i.n	a8, a1, 0
40086177:	ea2591        	l32r	a9, 40080a0c <_init_end+0x60c> (100000 <procpu_iram0_len+0xc8000>)
4008617a:	208890        	or	a8, a8, a9
4008617d:	0020c0        	memw
40086180:	0189      	s32i.n	a8, a1, 0
40086182:	000f46        	j	400861c3 <spi_flash_ll_set_read_mode+0x9f>
40086185:	0020c0        	memw
40086188:	0188      	l32i.n	a8, a1, 0
4008618a:	ea2491        	l32r	a9, 40080a1c <_init_end+0x61c> (800000 <CONFIG_SOC_UART_BITRATE_MAX+0x33b4c0>)
4008618d:	208890        	or	a8, a8, a9
40086190:	0020c0        	memw
40086193:	0189      	s32i.n	a8, a1, 0
40086195:	000a86        	j	400861c3 <spi_flash_ll_set_read_mode+0x9f>
40086198:	0020c0        	memw
4008619b:	0188      	l32i.n	a8, a1, 0
4008619d:	ea1d91        	l32r	a9, 40080a14 <_init_end+0x614> (4000 <_image_irom_size+0x160>)
400861a0:	208890        	or	a8, a8, a9
400861a3:	0020c0        	memw
400861a6:	0189      	s32i.n	a8, a1, 0
400861a8:	0005c6        	j	400861c3 <spi_flash_ll_set_read_mode+0x9f>
400861ab:	00          	.byte	00
400861ac:	00          	.byte	00
400861ad:	0020c0        	memw
400861b0:	0188      	l32i.n	a8, a1, 0
400861b2:	ea1391        	l32r	a9, 40080a00 <_init_end+0x600> (ffffdfff <_rtc_force_slow_end+0xafffdfd7>)
400861b5:	108890        	and	a8, a8, a9
400861b8:	0020c0        	memw
400861bb:	0189      	s32i.n	a8, a1, 0
400861bd:	000086        	j	400861c3 <spi_flash_ll_set_read_mode+0x9f>
400861c0:	4b4a65        	call8	400d1668 <abort>
400861c3:	0020c0        	memw
400861c6:	002182        	l32i	a8, a1, 0
400861c9:	0020c0        	memw
400861cc:	026282        	s32i	a8, a2, 8
400861cf:	000090        	retw
	...

400861d4 <spi_flash_ll_program_page>:
400861d4:	006136        	entry	a1, 48
400861d7:	0020c0        	memw
400861da:	7288      	l32i.n	a8, a2, 28
400861dc:	e8be91        	l32r	a9, 400804d4 <_init_end+0xd4> (dfffffff <_rtc_force_slow_end+0x8fffffd7>)
400861df:	108890        	and	a8, a8, a9
400861e2:	0020c0        	memw
400861e5:	7289      	s32i.n	a8, a2, 28
400861e7:	543b      	addi.n	a5, a4, 3
400861e9:	415250        	srli	a5, a5, 2
400861ec:	060c      	movi.n	a6, 0
400861ee:	000a86        	j	4008621c <spi_flash_ll_program_page+0x48>
400861f1:	080c      	movi.n	a8, 0
400861f3:	0189      	s32i.n	a8, a1, 0
400861f5:	470c      	movi.n	a7, 4
400861f7:	637470        	minu	a7, a4, a7
400861fa:	07cd      	mov.n	a12, a7
400861fc:	20b330        	or	a11, a3, a3
400861ff:	20a110        	or	a10, a1, a1
40086202:	e8b981        	l32r	a8, 400804e8 <_init_end+0xe8> (4000c2c8 <memcpy>)
40086205:	0008e0        	callx8	a8
40086208:	20c682        	addi	a8, a6, 32
4008620b:	a08820        	addx4	a8, a8, a2
4008620e:	0198      	l32i.n	a9, a1, 0
40086210:	0020c0        	memw
40086213:	0899      	s32i.n	a9, a8, 0
40086215:	c04470        	sub	a4, a4, a7
40086218:	373a      	add.n	a3, a7, a3
4008621a:	661b      	addi.n	a6, a6, 1
4008621c:	d12657        	blt	a6, a5, 400861f1 <spi_flash_ll_program_page+0x1d>
4008621f:	0020c0        	memw
40086222:	0288      	l32i.n	a8, a2, 0
40086224:	ea2791        	l32r	a9, 40080ac0 <_init_end+0x6c0> (2000000 <CONFIG_SOC_GPIO_VALID_DIGITAL_IO_PAD_MASK+0x110f016>)
40086227:	208890        	or	a8, a8, a9
4008622a:	0020c0        	memw
4008622d:	0289      	s32i.n	a8, a2, 0
4008622f:	f01d      	retw.n
40086231:	000000        	ill

40086234 <spi_flash_hal_configure_host_io_mode>:
40086234:	006136        	entry	a1, 48
40086237:	12a8      	l32i.n	a10, a2, 4
40086239:	f4b060        	extui	a11, a6, 0, 16
4008623c:	0146d6        	bgez	a6, 40086254 <spi_flash_hal_configure_host_io_mode+0x20>
4008623f:	063b66        	bnei	a11, 3, 40086249 <spi_flash_hal_configure_host_io_mode+0x15>
40086242:	290c      	movi.n	a9, 2
40086244:	0000c6        	j	4008624b <spi_flash_hal_configure_host_io_mode+0x17>
40086247:	00          	.byte	00
40086248:	00          	.byte	00
40086249:	490c      	movi.n	a9, 4
4008624b:	c87c      	movi.n	a8, -4
4008624d:	d28890        	quos	a8, a8, a9
40086250:	558a      	add.n	a5, a5, a8
40086252:	444b      	addi.n	a4, a4, 4
40086254:	ffa082        	movi	a8, 255
40086257:	52b837        	bgeu	a8, a3, 400862ad <spi_flash_hal_configure_host_io_mode+0x79>
4008625a:	0020c0        	memw
4008625d:	7a88      	l32i.n	a8, a10, 28
4008625f:	e89891        	l32r	a9, 400804c0 <_init_end+0xc0> (80000000 <_rtc_force_slow_end+0x2fffffd8>)
40086262:	208890        	or	a8, a8, a9
40086265:	0020c0        	memw
40086268:	7a89      	s32i.n	a8, a10, 28
4008626a:	0020c0        	memw
4008626d:	2188      	l32i.n	a8, a1, 8
4008626f:	743030        	extui	a3, a3, 0, 8
40086272:	f58080        	extui	a8, a8, 16, 16
40086275:	118800        	slli	a8, a8, 16
40086278:	208830        	or	a8, a8, a3
4008627b:	0020c0        	memw
4008627e:	2189      	s32i.n	a8, a1, 8
40086280:	0020c0        	memw
40086283:	2188      	l32i.n	a8, a1, 8
40086285:	e88f91        	l32r	a9, 400804c4 <_init_end+0xc4> (f000ffff <_rtc_force_slow_end+0xa000ffd7>)
40086288:	108890        	and	a8, a8, a9
4008628b:	0020c0        	memw
4008628e:	2189      	s32i.n	a8, a1, 8
40086290:	0020c0        	memw
40086293:	2188      	l32i.n	a8, a1, 8
40086295:	ea0b91        	l32r	a9, 40080ac4 <_init_end+0x6c4> (f0000000 <_rtc_force_slow_end+0x9fffffd8>)
40086298:	208890        	or	a8, a8, a9
4008629b:	0020c0        	memw
4008629e:	2189      	s32i.n	a8, a1, 8
400862a0:	0020c0        	memw
400862a3:	2188      	l32i.n	a8, a1, 8
400862a5:	0020c0        	memw
400862a8:	9a89      	s32i.n	a8, a10, 36
400862aa:	001606        	j	40086306 <spi_flash_hal_configure_host_io_mode+0xd2>
400862ad:	0020c0        	memw
400862b0:	072a82        	l32i	a8, a10, 28
400862b3:	e88391        	l32r	a9, 400804c0 <_init_end+0xc0> (80000000 <_rtc_force_slow_end+0x2fffffd8>)
400862b6:	208890        	or	a8, a8, a9
400862b9:	0020c0        	memw
400862bc:	076a82        	s32i	a8, a10, 28
400862bf:	0020c0        	memw
400862c2:	012182        	l32i	a8, a1, 4
400862c5:	743030        	extui	a3, a3, 0, 8
400862c8:	f58080        	extui	a8, a8, 16, 16
400862cb:	118800        	slli	a8, a8, 16
400862ce:	208830        	or	a8, a8, a3
400862d1:	0020c0        	memw
400862d4:	1189      	s32i.n	a8, a1, 4
400862d6:	0020c0        	memw
400862d9:	1188      	l32i.n	a8, a1, 4
400862db:	e87a91        	l32r	a9, 400804c4 <_init_end+0xc4> (f000ffff <_rtc_force_slow_end+0xa000ffd7>)
400862de:	108890        	and	a8, a8, a9
400862e1:	0020c0        	memw
400862e4:	1189      	s32i.n	a8, a1, 4
400862e6:	0020c0        	memw
400862e9:	1188      	l32i.n	a8, a1, 4
400862eb:	1188c0        	slli	a8, a8, 4
400862ee:	418480        	srli	a8, a8, 4
400862f1:	e87591        	l32r	a9, 400804c8 <_init_end+0xc8> (70000000 <_rtc_force_slow_end+0x1fffffd8>)
400862f4:	208890        	or	a8, a8, a9
400862f7:	0020c0        	memw
400862fa:	1189      	s32i.n	a8, a1, 4
400862fc:	0020c0        	memw
400862ff:	1188      	l32i.n	a8, a1, 4
40086301:	0020c0        	memw
40086304:	9a89      	s32i.n	a8, a10, 36
40086306:	940b      	addi.n	a9, a4, -1
40086308:	0020c0        	memw
4008630b:	8a88      	l32i.n	a8, a10, 32
4008630d:	019960        	slli	a9, a9, 26
40086310:	1188a0        	slli	a8, a8, 6
40086313:	418680        	srli	a8, a8, 6
40086316:	208890        	or	a8, a8, a9
40086319:	0020c0        	memw
4008631c:	8a89      	s32i.n	a8, a10, 32
4008631e:	0020c0        	memw
40086321:	7a88      	l32i.n	a8, a10, 28
40086323:	190c      	movi.n	a9, 1
40086325:	839440        	moveqz	a9, a4, a4
40086328:	019920        	slli	a9, a9, 30
4008632b:	e868c1        	l32r	a12, 400804cc <_init_end+0xcc> (bfffffff <_rtc_force_slow_end+0x6fffffd7>)
4008632e:	1088c0        	and	a8, a8, a12
40086331:	208890        	or	a8, a8, a9
40086334:	0020c0        	memw
40086337:	7a89      	s32i.n	a8, a10, 28
40086339:	0c0282        	l8ui	a8, a2, 12
4008633c:	585a      	add.n	a5, a8, a5
4008633e:	0020c0        	memw
40086341:	7a88      	l32i.n	a8, a10, 28
40086343:	190c      	movi.n	a9, 1
40086345:	839550        	moveqz	a9, a5, a5
40086348:	019930        	slli	a9, a9, 29
4008634b:	e862c1        	l32r	a12, 400804d4 <_init_end+0xd4> (dfffffff <_rtc_force_slow_end+0x8fffffd7>)
4008634e:	1088c0        	and	a8, a8, a12
40086351:	208890        	or	a8, a8, a9
40086354:	0020c0        	memw
40086357:	7a89      	s32i.n	a8, a10, 28
40086359:	0020c0        	memw
4008635c:	8a88      	l32i.n	a8, a10, 32
4008635e:	0020c0        	memw
40086361:	0189      	s32i.n	a8, a1, 0
40086363:	550b      	addi.n	a5, a5, -1
40086365:	0020c0        	memw
40086368:	0188      	l32i.n	a8, a1, 0
4008636a:	745050        	extui	a5, a5, 0, 8
4008636d:	00af92        	movi	a9, 0xffffff00
40086370:	108890        	and	a8, a8, a9
40086373:	208850        	or	a8, a8, a5
40086376:	0020c0        	memw
40086379:	0189      	s32i.n	a8, a1, 0
4008637b:	0020c0        	memw
4008637e:	0188      	l32i.n	a8, a1, 0
40086380:	0020c0        	memw
40086383:	8a89      	s32i.n	a8, a10, 32
40086385:	0020c0        	memw
40086388:	7a88      	l32i.n	a8, a10, 28
4008638a:	e85491        	l32r	a9, 400804dc <_init_end+0xdc> (efffffff <_rtc_force_slow_end+0x9fffffd7>)
4008638d:	108890        	and	a8, a8, a9
40086390:	0020c0        	memw
40086393:	7a89      	s32i.n	a8, a10, 28
40086395:	0020c0        	memw
40086398:	ba88      	l32i.n	a8, a10, 44
4008639a:	e9cb91        	l32r	a9, 40080ac8 <_init_end+0x6c8> (ff000000 <_rtc_force_slow_end+0xaeffffd8>)
4008639d:	108890        	and	a8, a8, a9
400863a0:	0020c0        	memw
400863a3:	ba89      	s32i.n	a8, a10, 44
400863a5:	0020c0        	memw
400863a8:	7a88      	l32i.n	a8, a10, 28
400863aa:	e84bc1        	l32r	a12, 400804d8 <_init_end+0xd8> (f7ffffff <_rtc_force_slow_end+0xa7ffffd7>)
400863ad:	1088c0        	and	a8, a8, a12
400863b0:	0020c0        	memw
400863b3:	7a89      	s32i.n	a8, a10, 28
400863b5:	0020c0        	memw
400863b8:	aa88      	l32i.n	a8, a10, 40
400863ba:	108890        	and	a8, a8, a9
400863bd:	0020c0        	memw
400863c0:	aa89      	s32i.n	a8, a10, 40
400863c2:	ffd625        	call8	40086124 <spi_flash_ll_set_read_mode>
400863c5:	020c      	movi.n	a2, 0
400863c7:	f01d      	retw.n
400863c9:	000000        	ill

400863cc <spi_flash_hal_common_command>:
400863cc:	008136        	entry	a1, 64
400863cf:	5129      	s32i.n	a2, a1, 20
400863d1:	1248      	l32i.n	a4, a2, 4
400863d3:	52e8      	l32i.n	a14, a2, 20
400863d5:	0a13b2        	l16ui	a11, a3, 20
400863d8:	160372        	l8ui	a7, a3, 22
400863db:	4388      	l32i.n	a8, a3, 16
400863dd:	016817        	bbci	a8, 1, 400863e2 <spi_flash_hal_common_command+0x16>
400863e0:	63e8      	l32i.n	a14, a3, 24
400863e2:	51a8      	l32i.n	a10, a1, 20
400863e4:	0a88      	l32i.n	a8, a10, 0
400863e6:	f888      	l32i.n	a8, a8, 60
400863e8:	07dd      	mov.n	a13, a7
400863ea:	0303c2        	l8ui	a12, a3, 3
400863ed:	0008e0        	callx8	a8
400863f0:	13a8      	l32i.n	a10, a3, 4
400863f2:	030382        	l8ui	a8, a3, 3
400863f5:	f91c      	movi.n	a9, 31
400863f7:	0fa987        	bge	a9, a8, 4008640a <spi_flash_hal_common_command+0x3e>
400863fa:	0020c0        	memw
400863fd:	14a9      	s32i.n	a10, a4, 4
400863ff:	f87c      	movi.n	a8, -1
40086401:	0020c0        	memw
40086404:	c489      	s32i.n	a8, a4, 48
40086406:	000786        	j	40086428 <spi_flash_hal_common_command+0x5c>
40086409:	00          	.byte	00
4008640a:	f97c      	movi.n	a9, -1
4008640c:	400800        	ssr	a8
4008640f:	919090        	srl	a9, a9
40086412:	289c      	beqz.n	a8, 40086428 <spi_flash_hal_common_command+0x5c>
40086414:	e0c882        	addi	a8, a8, -32
40086417:	608080        	neg	a8, a8
4008641a:	401800        	ssl	a8
4008641d:	a1aa00        	sll	a10, a10
40086420:	2099a0        	or	a9, a9, a10
40086423:	0020c0        	memw
40086426:	1499      	s32i.n	a9, a4, 4
40086428:	020382        	l8ui	a8, a3, 2
4008642b:	046856        	bnez	a8, 40086475 <spi_flash_hal_common_command+0xa9>
4008642e:	0020c0        	memw
40086431:	7488      	l32i.n	a8, a4, 28
40086433:	190c      	movi.n	a9, 1
40086435:	839770        	moveqz	a9, a7, a7
40086438:	019930        	slli	a9, a9, 29
4008643b:	e826a1        	l32r	a10, 400804d4 <_init_end+0xd4> (dfffffff <_rtc_force_slow_end+0x8fffffd7>)
4008643e:	1088a0        	and	a8, a8, a10
40086441:	208890        	or	a8, a8, a9
40086444:	0020c0        	memw
40086447:	7489      	s32i.n	a8, a4, 28
40086449:	0020c0        	memw
4008644c:	8488      	l32i.n	a8, a4, 32
4008644e:	0020c0        	memw
40086451:	0189      	s32i.n	a8, a1, 0
40086453:	770b      	addi.n	a7, a7, -1
40086455:	0020c0        	memw
40086458:	0188      	l32i.n	a8, a1, 0
4008645a:	747070        	extui	a7, a7, 0, 8
4008645d:	00af92        	movi	a9, 0xffffff00
40086460:	108890        	and	a8, a8, a9
40086463:	208870        	or	a8, a8, a7
40086466:	0020c0        	memw
40086469:	0189      	s32i.n	a8, a1, 0
4008646b:	0020c0        	memw
4008646e:	0188      	l32i.n	a8, a1, 0
40086470:	0020c0        	memw
40086473:	8489      	s32i.n	a8, a4, 32
40086475:	0103a2        	l8ui	a10, a3, 1
40086478:	118ad0        	slli	a8, a10, 3
4008647b:	0020c0        	memw
4008647e:	7498      	l32i.n	a9, a4, 28
40086480:	1b0c      	movi.n	a11, 1
40086482:	83baa0        	moveqz	a11, a10, a10
40086485:	01bb50        	slli	a11, a11, 27
40086488:	e814c1        	l32r	a12, 400804d8 <_init_end+0xd8> (f7ffffff <_rtc_force_slow_end+0xa7ffffd7>)
4008648b:	1099c0        	and	a9, a9, a12
4008648e:	2099b0        	or	a9, a9, a11
40086491:	0020c0        	memw
40086494:	7499      	s32i.n	a9, a4, 28
40086496:	aa8c      	beqz.n	a10, 400864a4 <spi_flash_hal_common_command+0xd8>
40086498:	880b      	addi.n	a8, a8, -1
4008649a:	118880        	slli	a8, a8, 8
4008649d:	418880        	srli	a8, a8, 8
400864a0:	000086        	j	400864a6 <spi_flash_hal_common_command+0xda>
400864a3:	00          	.byte	00
400864a4:	080c      	movi.n	a8, 0
400864a6:	0020c0        	memw
400864a9:	a498      	l32i.n	a9, a4, 40
400864ab:	118880        	slli	a8, a8, 8
400864ae:	418880        	srli	a8, a8, 8
400864b1:	759890        	extui	a9, a9, 24, 8
400864b4:	019980        	slli	a9, a9, 24
400864b7:	209980        	or	a9, a9, a8
400864ba:	0020c0        	memw
400864bd:	a499      	s32i.n	a9, a4, 40
400864bf:	2328      	l32i.n	a2, a3, 8
400864c1:	010352        	l8ui	a5, a3, 1
400864c4:	853b      	addi.n	a8, a5, 3
400864c6:	418280        	srli	a8, a8, 2
400864c9:	4189      	s32i.n	a8, a1, 16
400864cb:	060c      	movi.n	a6, 0
400864cd:	000a06        	j	400864f9 <spi_flash_hal_common_command+0x12d>
400864d0:	080c      	movi.n	a8, 0
400864d2:	1189      	s32i.n	a8, a1, 4
400864d4:	470c      	movi.n	a7, 4
400864d6:	637570        	minu	a7, a5, a7
400864d9:	07cd      	mov.n	a12, a7
400864db:	02bd      	mov.n	a11, a2
400864dd:	a14b      	addi.n	a10, a1, 4
400864df:	e80281        	l32r	a8, 400804e8 <_init_end+0xe8> (4000c2c8 <memcpy>)
400864e2:	0008e0        	callx8	a8
400864e5:	20c682        	addi	a8, a6, 32
400864e8:	a08840        	addx4	a8, a8, a4
400864eb:	1198      	l32i.n	a9, a1, 4
400864ed:	0020c0        	memw
400864f0:	0899      	s32i.n	a9, a8, 0
400864f2:	c05570        	sub	a5, a5, a7
400864f5:	272a      	add.n	a2, a7, a2
400864f7:	661b      	addi.n	a6, a6, 1
400864f9:	4188      	l32i.n	a8, a1, 16
400864fb:	d12687        	blt	a6, a8, 400864d0 <spi_flash_hal_common_command+0x104>
400864fe:	0203a2        	l8ui	a10, a3, 2
40086501:	118ad0        	slli	a8, a10, 3
40086504:	0020c0        	memw
40086507:	7498      	l32i.n	a9, a4, 28
40086509:	1b0c      	movi.n	a11, 1
4008650b:	83baa0        	moveqz	a11, a10, a10
4008650e:	01bb40        	slli	a11, a11, 28
40086511:	e7f2c1        	l32r	a12, 400804dc <_init_end+0xdc> (efffffff <_rtc_force_slow_end+0x9fffffd7>)
40086514:	1099c0        	and	a9, a9, a12
40086517:	2099b0        	or	a9, a9, a11
4008651a:	0020c0        	memw
4008651d:	7499      	s32i.n	a9, a4, 28
4008651f:	9a8c      	beqz.n	a10, 4008652c <spi_flash_hal_common_command+0x160>
40086521:	880b      	addi.n	a8, a8, -1
40086523:	118880        	slli	a8, a8, 8
40086526:	418880        	srli	a8, a8, 8
40086529:	000046        	j	4008652e <spi_flash_hal_common_command+0x162>
4008652c:	080c      	movi.n	a8, 0
4008652e:	0020c0        	memw
40086531:	b498      	l32i.n	a9, a4, 44
40086533:	118880        	slli	a8, a8, 8
40086536:	418880        	srli	a8, a8, 8
40086539:	759890        	extui	a9, a9, 24, 8
4008653c:	019980        	slli	a9, a9, 24
4008653f:	209980        	or	a9, a9, a8
40086542:	0020c0        	memw
40086545:	b499      	s32i.n	a9, a4, 44
40086547:	0020c0        	memw
4008654a:	0488      	l32i.n	a8, a4, 0
4008654c:	e7e591        	l32r	a9, 400804e0 <_init_end+0xe0> (40000 <procpu_iram0_len+0x8000>)
4008654f:	208890        	or	a8, a8, a9
40086552:	0020c0        	memw
40086555:	0489      	s32i.n	a8, a4, 0
40086557:	51a8      	l32i.n	a10, a1, 20
40086559:	0a88      	l32i.n	a8, a10, 0
4008655b:	102882        	l32i	a8, a8, 64
4008655e:	0008e0        	callx8	a8
40086561:	020322        	l8ui	a2, a3, 2
40086564:	055216        	beqz	a2, 400865bd <spi_flash_hal_common_command+0x1f1>
40086567:	3358      	l32i.n	a5, a3, 12
40086569:	148050        	extui	a8, a5, 0, 2
4008656c:	88dc      	bnez.n	a8, 40086588 <spi_flash_hal_common_command+0x1bc>
4008656e:	148020        	extui	a8, a2, 0, 2
40086571:	38dc      	bnez.n	a8, 40086588 <spi_flash_hal_common_command+0x1bc>
40086573:	02cd      	mov.n	a12, a2
40086575:	80a0b2        	movi	a11, 128
40086578:	80b4b0        	add	a11, a4, a11
4008657b:	20a550        	or	a10, a5, a5
4008657e:	e7da81        	l32r	a8, 400804e8 <_init_end+0xe8> (4000c2c8 <memcpy>)
40086581:	0008e0        	callx8	a8
40086584:	000d46        	j	400865bd <spi_flash_hal_common_command+0x1f1>
40086587:	00          	.byte	00
40086588:	023d      	mov.n	a3, a2
4008658a:	060c      	movi.n	a6, 0
4008658c:	000946        	j	400865b5 <spi_flash_hal_common_command+0x1e9>
4008658f:	00          	.byte	00
40086590:	470c      	movi.n	a7, 4
40086592:	637370        	minu	a7, a3, a7
40086595:	20c682        	addi	a8, a6, 32
40086598:	a08840        	addx4	a8, a8, a4
4008659b:	0020c0        	memw
4008659e:	0888      	l32i.n	a8, a8, 0
400865a0:	1189      	s32i.n	a8, a1, 4
400865a2:	07cd      	mov.n	a12, a7
400865a4:	b14b      	addi.n	a11, a1, 4
400865a6:	05ad      	mov.n	a10, a5
400865a8:	e7d081        	l32r	a8, 400804e8 <_init_end+0xe8> (4000c2c8 <memcpy>)
400865ab:	0008e0        	callx8	a8
400865ae:	575a      	add.n	a5, a7, a5
400865b0:	c03370        	sub	a3, a3, a7
400865b3:	661b      	addi.n	a6, a6, 1
400865b5:	823b      	addi.n	a8, a2, 3
400865b7:	418280        	srli	a8, a8, 2
400865ba:	d23687        	bltu	a6, a8, 40086590 <spi_flash_hal_common_command+0x1c4>
400865bd:	020c      	movi.n	a2, 0
400865bf:	f01d      	retw.n
400865c1:	000000        	ill

400865c4 <spi_flash_hal_read>:
400865c4:	006136        	entry	a1, 48
400865c7:	02ad      	mov.n	a10, a2
400865c9:	052d      	mov.n	a2, a5
400865cb:	1a58      	l32i.n	a5, a10, 4
400865cd:	0020c0        	memw
400865d0:	7588      	l32i.n	a8, a5, 28
400865d2:	2278e7        	bbci	a8, 30, 400865f8 <spi_flash_hal_read+0x34>
400865d5:	0020c0        	memw
400865d8:	8588      	l32i.n	a8, a5, 32
400865da:	558a80        	extui	a8, a8, 26, 6
400865dd:	881b      	addi.n	a8, a8, 1
400865df:	897c      	movi.n	a9, -8
400865e1:	108890        	and	a8, a8, a9
400865e4:	f91c      	movi.n	a9, 31
400865e6:	10a987        	bge	a9, a8, 400865fa <spi_flash_hal_read+0x36>
400865e9:	0020c0        	memw
400865ec:	1549      	s32i.n	a4, a5, 4
400865ee:	f87c      	movi.n	a8, -1
400865f0:	0020c0        	memw
400865f3:	c589      	s32i.n	a8, a5, 48
400865f5:	0007c6        	j	40086618 <spi_flash_hal_read+0x54>
400865f8:	080c      	movi.n	a8, 0
400865fa:	f97c      	movi.n	a9, -1
400865fc:	400800        	ssr	a8
400865ff:	919090        	srl	a9, a9
40086602:	289c      	beqz.n	a8, 40086618 <spi_flash_hal_read+0x54>
40086604:	e0c882        	addi	a8, a8, -32
40086607:	608080        	neg	a8, a8
4008660a:	401800        	ssl	a8
4008660d:	a14400        	sll	a4, a4
40086610:	209940        	or	a9, a9, a4
40086613:	0020c0        	memw
40086616:	1599      	s32i.n	a9, a5, 4
40086618:	1182d0        	slli	a8, a2, 3
4008661b:	0020c0        	memw
4008661e:	7598      	l32i.n	a9, a5, 28
40086620:	1b0c      	movi.n	a11, 1
40086622:	83b880        	moveqz	a11, a8, a8
40086625:	01bb40        	slli	a11, a11, 28
40086628:	e7adc1        	l32r	a12, 400804dc <_init_end+0xdc> (efffffff <_rtc_force_slow_end+0x9fffffd7>)
4008662b:	1099c0        	and	a9, a9, a12
4008662e:	2099b0        	or	a9, a9, a11
40086631:	0020c0        	memw
40086634:	7599      	s32i.n	a9, a5, 28
40086636:	b88c      	beqz.n	a8, 40086645 <spi_flash_hal_read+0x81>
40086638:	880b      	addi.n	a8, a8, -1
4008663a:	118880        	slli	a8, a8, 8
4008663d:	418880        	srli	a8, a8, 8
40086640:	0000c6        	j	40086647 <spi_flash_hal_read+0x83>
40086643:	00          	.byte	00
40086644:	00          	.byte	00
40086645:	080c      	movi.n	a8, 0
40086647:	0020c0        	memw
4008664a:	b598      	l32i.n	a9, a5, 44
4008664c:	118880        	slli	a8, a8, 8
4008664f:	418880        	srli	a8, a8, 8
40086652:	759890        	extui	a9, a9, 24, 8
40086655:	019980        	slli	a9, a9, 24
40086658:	209980        	or	a9, a9, a8
4008665b:	0020c0        	memw
4008665e:	b599      	s32i.n	a9, a5, 44
40086660:	0020c0        	memw
40086663:	0588      	l32i.n	a8, a5, 0
40086665:	e79e91        	l32r	a9, 400804e0 <_init_end+0xe0> (40000 <procpu_iram0_len+0x8000>)
40086668:	208890        	or	a8, a8, a9
4008666b:	0020c0        	memw
4008666e:	0589      	s32i.n	a8, a5, 0
40086670:	0a88      	l32i.n	a8, a10, 0
40086672:	102882        	l32i	a8, a8, 64
40086675:	0008e0        	callx8	a8
40086678:	051216        	beqz	a2, 400866cd <spi_flash_hal_read+0x109>
4008667b:	148030        	extui	a8, a3, 0, 2
4008667e:	68dc      	bnez.n	a8, 40086698 <spi_flash_hal_read+0xd4>
40086680:	148020        	extui	a8, a2, 0, 2
40086683:	18dc      	bnez.n	a8, 40086698 <spi_flash_hal_read+0xd4>
40086685:	02cd      	mov.n	a12, a2
40086687:	80a0b2        	movi	a11, 128
4008668a:	b5ba      	add.n	a11, a5, a11
4008668c:	03ad      	mov.n	a10, a3
4008668e:	e79681        	l32r	a8, 400804e8 <_init_end+0xe8> (4000c2c8 <memcpy>)
40086691:	0008e0        	callx8	a8
40086694:	000d46        	j	400866cd <spi_flash_hal_read+0x109>
40086697:	00          	.byte	00
40086698:	024d      	mov.n	a4, a2
4008669a:	060c      	movi.n	a6, 0
4008669c:	000946        	j	400866c5 <spi_flash_hal_read+0x101>
4008669f:	00          	.byte	00
400866a0:	470c      	movi.n	a7, 4
400866a2:	637470        	minu	a7, a4, a7
400866a5:	20c682        	addi	a8, a6, 32
400866a8:	a08850        	addx4	a8, a8, a5
400866ab:	0020c0        	memw
400866ae:	0888      	l32i.n	a8, a8, 0
400866b0:	0189      	s32i.n	a8, a1, 0
400866b2:	07cd      	mov.n	a12, a7
400866b4:	01bd      	mov.n	a11, a1
400866b6:	03ad      	mov.n	a10, a3
400866b8:	e78c81        	l32r	a8, 400804e8 <_init_end+0xe8> (4000c2c8 <memcpy>)
400866bb:	0008e0        	callx8	a8
400866be:	373a      	add.n	a3, a7, a3
400866c0:	c04470        	sub	a4, a4, a7
400866c3:	661b      	addi.n	a6, a6, 1
400866c5:	823b      	addi.n	a8, a2, 3
400866c7:	418280        	srli	a8, a8, 2
400866ca:	d23687        	bltu	a6, a8, 400866a0 <spi_flash_hal_read+0xdc>
400866cd:	020c      	movi.n	a2, 0
400866cf:	f01d      	retw.n
400866d1:	000000        	ill

400866d4 <spi_flash_hal_erase_chip>:
400866d4:	004136        	entry	a1, 32
400866d7:	02ad      	mov.n	a10, a2
400866d9:	1298      	l32i.n	a9, a2, 4
400866db:	0020c0        	memw
400866de:	0988      	l32i.n	a8, a9, 0
400866e0:	e8fbb1        	l32r	a11, 40080acc <_init_end+0x6cc> (400000 <CONFIG_FLASH_SIZE>)
400866e3:	2088b0        	or	a8, a8, a11
400866e6:	0020c0        	memw
400866e9:	0989      	s32i.n	a8, a9, 0
400866eb:	002282        	l32i	a8, a2, 0
400866ee:	102882        	l32i	a8, a8, 64
400866f1:	0008e0        	callx8	a8
400866f4:	f01d      	retw.n
	...

400866f8 <spi_flash_hal_erase_sector>:
400866f8:	004136        	entry	a1, 32
400866fb:	02ad      	mov.n	a10, a2
400866fd:	1288      	l32i.n	a8, a2, 4
400866ff:	0020c0        	memw
40086702:	8898      	l32i.n	a9, a8, 32
40086704:	1199a0        	slli	a9, a9, 6
40086707:	419690        	srli	a9, a9, 6
4008670a:	e8f1b1        	l32r	a11, 40080ad0 <_init_end+0x6d0> (5c000000 <_rtc_force_slow_end+0xbffffd8>)
4008670d:	2099b0        	or	a9, a9, a11
40086710:	0020c0        	memw
40086713:	8899      	s32i.n	a9, a8, 32
40086715:	0020c0        	memw
40086718:	7898      	l32i.n	a9, a8, 28
4008671a:	e7c4b1        	l32r	a11, 4008062c <_init_end+0x22c> (40000000 <__dram_noinit_end+0x16c00>)
4008671d:	2099b0        	or	a9, a9, a11
40086720:	0020c0        	memw
40086723:	7899      	s32i.n	a9, a8, 28
40086725:	113380        	slli	a3, a3, 8
40086728:	413830        	srli	a3, a3, 8
4008672b:	0020c0        	memw
4008672e:	1839      	s32i.n	a3, a8, 4
40086730:	090c      	movi.n	a9, 0
40086732:	0020c0        	memw
40086735:	2899      	s32i.n	a9, a8, 8
40086737:	0020c0        	memw
4008673a:	0898      	l32i.n	a9, a8, 0
4008673c:	e8aab1        	l32r	a11, 400809e4 <_init_end+0x5e4> (1000000 <CONFIG_SOC_GPIO_VALID_DIGITAL_IO_PAD_MASK+0x10f016>)
4008673f:	2099b0        	or	a9, a9, a11
40086742:	0020c0        	memw
40086745:	0899      	s32i.n	a9, a8, 0
40086747:	002282        	l32i	a8, a2, 0
4008674a:	102882        	l32i	a8, a8, 64
4008674d:	0008e0        	callx8	a8
40086750:	f01d      	retw.n
	...

40086754 <spi_flash_hal_erase_block>:
40086754:	004136        	entry	a1, 32
40086757:	02ad      	mov.n	a10, a2
40086759:	1288      	l32i.n	a8, a2, 4
4008675b:	0020c0        	memw
4008675e:	8898      	l32i.n	a9, a8, 32
40086760:	1199a0        	slli	a9, a9, 6
40086763:	419690        	srli	a9, a9, 6
40086766:	e8dab1        	l32r	a11, 40080ad0 <_init_end+0x6d0> (5c000000 <_rtc_force_slow_end+0xbffffd8>)
40086769:	2099b0        	or	a9, a9, a11
4008676c:	0020c0        	memw
4008676f:	8899      	s32i.n	a9, a8, 32
40086771:	0020c0        	memw
40086774:	7898      	l32i.n	a9, a8, 28
40086776:	e7adb1        	l32r	a11, 4008062c <_init_end+0x22c> (40000000 <__dram_noinit_end+0x16c00>)
40086779:	2099b0        	or	a9, a9, a11
4008677c:	0020c0        	memw
4008677f:	7899      	s32i.n	a9, a8, 28
40086781:	113380        	slli	a3, a3, 8
40086784:	413830        	srli	a3, a3, 8
40086787:	0020c0        	memw
4008678a:	1839      	s32i.n	a3, a8, 4
4008678c:	0020c0        	memw
4008678f:	0898      	l32i.n	a9, a8, 0
40086791:	e8a2b1        	l32r	a11, 40080a1c <_init_end+0x61c> (800000 <CONFIG_SOC_UART_BITRATE_MAX+0x33b4c0>)
40086794:	2099b0        	or	a9, a9, a11
40086797:	0020c0        	memw
4008679a:	0899      	s32i.n	a9, a8, 0
4008679c:	0288      	l32i.n	a8, a2, 0
4008679e:	102882        	l32i	a8, a8, 64
400867a1:	0008e0        	callx8	a8
400867a4:	f01d      	retw.n
	...

400867a8 <spi_flash_hal_program_page>:
400867a8:	004136        	entry	a1, 32
400867ab:	20b330        	or	a11, a3, a3
400867ae:	20c550        	or	a12, a5, a5
400867b1:	0122a2        	l32i	a10, a2, 4
400867b4:	0020c0        	memw
400867b7:	8a88      	l32i.n	a8, a10, 32
400867b9:	1188a0        	slli	a8, a8, 6
400867bc:	418680        	srli	a8, a8, 6
400867bf:	e8c491        	l32r	a9, 40080ad0 <_init_end+0x6d0> (5c000000 <_rtc_force_slow_end+0xbffffd8>)
400867c2:	208890        	or	a8, a8, a9
400867c5:	0020c0        	memw
400867c8:	8a89      	s32i.n	a8, a10, 32
400867ca:	0020c0        	memw
400867cd:	7a88      	l32i.n	a8, a10, 28
400867cf:	e79791        	l32r	a9, 4008062c <_init_end+0x22c> (40000000 <__dram_noinit_end+0x16c00>)
400867d2:	208890        	or	a8, a8, a9
400867d5:	0020c0        	memw
400867d8:	7a89      	s32i.n	a8, a10, 28
400867da:	114480        	slli	a4, a4, 8
400867dd:	414840        	srli	a4, a4, 8
400867e0:	018580        	slli	a8, a5, 24
400867e3:	204480        	or	a4, a4, a8
400867e6:	0020c0        	memw
400867e9:	1a49      	s32i.n	a4, a10, 4
400867eb:	ff9ea5        	call8	400861d4 <spi_flash_ll_program_page>
400867ee:	0288      	l32i.n	a8, a2, 0
400867f0:	102882        	l32i	a8, a8, 64
400867f3:	02ad      	mov.n	a10, a2
400867f5:	0008e0        	callx8	a8
400867f8:	f01d      	retw.n
	...

400867fc <spi_flash_hal_set_write_protect>:
400867fc:	004136        	entry	a1, 32
400867ff:	02ad      	mov.n	a10, a2
40086801:	743030        	extui	a3, a3, 0, 8
40086804:	1288      	l32i.n	a8, a2, 4
40086806:	239c      	beqz.n	a3, 4008681c <spi_flash_hal_set_write_protect+0x20>
40086808:	0020c0        	memw
4008680b:	0898      	l32i.n	a9, a8, 0
4008680d:	e811b1        	l32r	a11, 40080854 <_init_end+0x454> (20000000 <CONFIG_SOC_MPU_MIN_REGION_SIZE>)
40086810:	2099b0        	or	a9, a9, a11
40086813:	0020c0        	memw
40086816:	0899      	s32i.n	a9, a8, 0
40086818:	000406        	j	4008682c <spi_flash_hal_set_write_protect+0x30>
4008681b:	00          	.byte	00
4008681c:	0020c0        	memw
4008681f:	0898      	l32i.n	a9, a8, 0
40086821:	e782b1        	l32r	a11, 4008062c <_init_end+0x22c> (40000000 <__dram_noinit_end+0x16c00>)
40086824:	2099b0        	or	a9, a9, a11
40086827:	0020c0        	memw
4008682a:	0899      	s32i.n	a9, a8, 0
4008682c:	0a88      	l32i.n	a8, a10, 0
4008682e:	102882        	l32i	a8, a8, 64
40086831:	0008e0        	callx8	a8
40086834:	020c      	movi.n	a2, 0
40086836:	f01d      	retw.n

40086838 <spi_flash_hal_check_status>:
40086838:	004136        	entry	a1, 32
4008683b:	012292        	l32i	a9, a2, 4
4008683e:	0020c0        	memw
40086841:	3e2982        	l32i	a8, a9, 248
40086844:	248080        	extui	a8, a8, 0, 3
40086847:	40f820        	nsau	a2, a8
4008684a:	412520        	srli	a2, a2, 5
4008684d:	e71ba1        	l32r	a10, 400804bc <_init_end+0xbc> (3ff42000 <SPI1>)
40086850:	1499a7        	bne	a9, a10, 40086868 <spi_flash_hal_check_status+0x30>
40086853:	e8a091        	l32r	a9, 40080ad4 <_init_end+0x6d4> (3ff43000 <SPI0>)
40086856:	0020c0        	memw
40086859:	3e2992        	l32i	a9, a9, 248
4008685c:	249090        	extui	a9, a9, 0, 3
4008685f:	208890        	or	a8, a8, a9
40086862:	40f820        	nsau	a2, a8
40086865:	412520        	srli	a2, a2, 5
40086868:	f01d      	retw.n
	...

4008686c <spi_flash_hal_resume>:
4008686c:	004136        	entry	a1, 32
4008686f:	4adfa5        	call8	400d1668 <abort>
	...

40086874 <spi_flash_hal_suspend>:
40086874:	004136        	entry	a1, 32
40086877:	4adf25        	call8	400d1668 <abort>
	...

4008687c <spi_flash_hal_poll_cmd_done>:
4008687c:	004136        	entry	a1, 32
4008687f:	1288      	l32i.n	a8, a2, 4
40086881:	0020c0        	memw
40086884:	0888      	l32i.n	a8, a8, 0
40086886:	ff5856        	bnez	a8, 4008687f <spi_flash_hal_poll_cmd_done+0x3>
40086889:	f01d      	retw.n
	...

4008688c <spi_flash_hal_device_config>:
4008688c:	004136        	entry	a1, 32
4008688f:	029d      	mov.n	a9, a2
40086891:	1288      	l32i.n	a8, a2, 4
40086893:	020c      	movi.n	a2, 0
40086895:	0020c0        	memw
40086898:	7829      	s32i.n	a2, a8, 28
4008689a:	0020c0        	memw
4008689d:	2829      	s32i.n	a2, a8, 8
4008689f:	29a8      	l32i.n	a10, a9, 8
400868a1:	0020c0        	memw
400868a4:	d8b8      	l32i.n	a11, a8, 52
400868a6:	1c0c      	movi.n	a12, 1
400868a8:	83caa0        	moveqz	a12, a10, a10
400868ab:	ed7c      	movi.n	a13, -2
400868ad:	10bbd0        	and	a11, a11, a13
400868b0:	20bbc0        	or	a11, a11, a12
400868b3:	0020c0        	memw
400868b6:	d8b9      	s32i.n	a11, a8, 52
400868b8:	da0b      	addi.n	a13, a10, -1
400868ba:	0020c0        	memw
400868bd:	d8b8      	l32i.n	a11, a8, 52
400868bf:	1c0c      	movi.n	a12, 1
400868c1:	83cdd0        	moveqz	a12, a13, a13
400868c4:	ccca      	add.n	a12, a12, a12
400868c6:	dd7c      	movi.n	a13, -3
400868c8:	10bbd0        	and	a11, a11, a13
400868cb:	20bbc0        	or	a11, a11, a12
400868ce:	0020c0        	memw
400868d1:	d8b9      	s32i.n	a11, a8, 52
400868d3:	fecab2        	addi	a11, a10, -2
400868d6:	0020c0        	memw
400868d9:	d8a8      	l32i.n	a10, a8, 52
400868db:	1c0c      	movi.n	a12, 1
400868dd:	83cbb0        	moveqz	a12, a11, a11
400868e0:	11bce0        	slli	a11, a12, 2
400868e3:	bc7c      	movi.n	a12, -5
400868e5:	10aac0        	and	a10, a10, a12
400868e8:	20aab0        	or	a10, a10, a11
400868eb:	0020c0        	memw
400868ee:	d8a9      	s32i.n	a10, a8, 52
400868f0:	0020c0        	memw
400868f3:	49a8      	l32i.n	a10, a9, 16
400868f5:	0020c0        	memw
400868f8:	68a9      	s32i.n	a10, a8, 24
400868fa:	0f09c2        	l8ui	a12, a9, 15
400868fd:	0020c0        	memw
40086900:	58a8      	l32i.n	a10, a8, 20
40086902:	34b0c0        	extui	a11, a12, 0, 4
40086905:	11bbc0        	slli	a11, a11, 4
40086908:	0fafd2        	movi	a13, -241
4008690b:	10aad0        	and	a10, a10, a13
4008690e:	20aab0        	or	a10, a10, a11
40086911:	0020c0        	memw
40086914:	58a9      	s32i.n	a10, a8, 20
40086916:	0020c0        	memw
40086919:	78a8      	l32i.n	a10, a8, 28
4008691b:	1b0c      	movi.n	a11, 1
4008691d:	83bcc0        	moveqz	a11, a12, a12
40086920:	11bbc0        	slli	a11, a11, 4
40086923:	fc6c      	movi.n	a12, -17
40086925:	10aac0        	and	a10, a10, a12
40086928:	20aab0        	or	a10, a10, a11
4008692b:	0020c0        	memw
4008692e:	78a9      	s32i.n	a10, a8, 28
40086930:	0e0992        	l8ui	a9, a9, 14
40086933:	0020c0        	memw
40086936:	78a8      	l32i.n	a10, a8, 28
40086938:	1b0c      	movi.n	a11, 1
4008693a:	83b990        	moveqz	a11, a9, a9
4008693d:	11bbb0        	slli	a11, a11, 5
40086940:	dfafc2        	movi	a12, -33
40086943:	10aac0        	and	a10, a10, a12
40086946:	20aab0        	or	a10, a10, a11
40086949:	0020c0        	memw
4008694c:	78a9      	s32i.n	a10, a8, 28
4008694e:	990b      	addi.n	a9, a9, -1
40086950:	0020c0        	memw
40086953:	58a8      	l32i.n	a10, a8, 20
40086955:	349090        	extui	a9, a9, 0, 4
40086958:	0b7c      	movi.n	a11, -16
4008695a:	10aab0        	and	a10, a10, a11
4008695d:	209a90        	or	a9, a10, a9
40086960:	0020c0        	memw
40086963:	5899      	s32i.n	a9, a8, 20
40086965:	f01d      	retw.n
	...

40086968 <spi_flash_hal_setup_read_suspend>:
40086968:	004136        	entry	a1, 32
4008696b:	020c      	movi.n	a2, 0
4008696d:	f01d      	retw.n
	...

40086970 <spi_flash_encryption_hal_enable>:
40086970:	004136        	entry	a1, 32
40086973:	e85991        	l32r	a9, 40080ad8 <_init_end+0x6d8> (3ff000c8 <_rodata_end+0xaf00c8>)
40086976:	0020c0        	memw
40086979:	0988      	l32i.n	a8, a9, 0
4008697b:	01a1a2        	movi	a10, 0x101
4008697e:	2088a0        	or	a8, a8, a10
40086981:	0020c0        	memw
40086984:	0989      	s32i.n	a8, a9, 0
40086986:	f01d      	retw.n

40086988 <spi_flash_encryption_hal_disable>:
40086988:	004136        	entry	a1, 32
4008698b:	e85391        	l32r	a9, 40080ad8 <_init_end+0x6d8> (3ff000c8 <_rodata_end+0xaf00c8>)
4008698e:	0020c0        	memw
40086991:	0988      	l32i.n	a8, a9, 0
40086993:	feaea2        	movi	a10, 0xfffffefe
40086996:	1088a0        	and	a8, a8, a10
40086999:	0020c0        	memw
4008699c:	0989      	s32i.n	a8, a9, 0
4008699e:	f01d      	retw.n

400869a0 <spi_flash_encryption_hal_prepare>:
400869a0:	004136        	entry	a1, 32
400869a3:	e84e81        	l32r	a8, 40080adc <_init_end+0x6dc> (3ff5b024 <EFUSE+0x1024>)
400869a6:	0020c0        	memw
400869a9:	0829      	s32i.n	a2, a8, 0
400869ab:	080c      	movi.n	a8, 0
400869ad:	000446        	j	400869c2 <spi_flash_encryption_hal_prepare+0x22>
400869b0:	e84c91        	l32r	a9, 40080ae0 <_init_end+0x6e0> (3ff5b000 <EFUSE+0x1000>)
400869b3:	a09890        	addx4	a9, a8, a9
400869b6:	a0a830        	addx4	a10, a8, a3
400869b9:	0aa8      	l32i.n	a10, a10, 0
400869bb:	0020c0        	memw
400869be:	09a9      	s32i.n	a10, a9, 0
400869c0:	881b      	addi.n	a8, a8, 1
400869c2:	ea88a6        	blti	a8, 8, 400869b0 <spi_flash_encryption_hal_prepare+0x10>
400869c5:	e84781        	l32r	a8, 40080ae4 <_init_end+0x6e4> (3ff5b020 <EFUSE+0x1020>)
400869c8:	190c      	movi.n	a9, 1
400869ca:	0020c0        	memw
400869cd:	0899      	s32i.n	a9, a8, 0
400869cf:	f01d      	retw.n
400869d1:	000000        	ill

400869d4 <spi_flash_encryption_hal_done>:
400869d4:	004136        	entry	a1, 32
400869d7:	e84481        	l32r	a8, 40080ae8 <_init_end+0x6e8> (3ff5b028 <EFUSE+0x1028>)
400869da:	0020c0        	memw
400869dd:	0888      	l32i.n	a8, a8, 0
400869df:	f46807        	bbci	a8, 0, 400869d7 <spi_flash_encryption_hal_done+0x3>
400869e2:	f01d      	retw.n

400869e4 <spi_flash_encryption_hal_destroy>:
400869e4:	004136        	entry	a1, 32
400869e7:	f01d      	retw.n
400869e9:	000000        	ill

400869ec <spi_flash_encryption_hal_check>:
400869ec:	004136        	entry	a1, 32
400869ef:	342020        	extui	a2, a2, 0, 4
400869f2:	40f220        	nsau	a2, a2
400869f5:	412520        	srli	a2, a2, 5
400869f8:	f01d      	retw.n
	...

400869fc <spi_flash_chip_gd_detect_size>:
400869fc:	004136        	entry	a1, 32
400869ff:	62c8      	l32i.n	a12, a2, 24
40086a01:	0b0c      	movi.n	a11, 0
40086a03:	03b9      	s32i.n	a11, a3, 0
40086a05:	f490c0        	extui	a9, a12, 0, 16
40086a08:	180c      	movi.n	a8, 1
40086a0a:	0bad      	mov.n	a10, a11
40086a0c:	83a890        	moveqz	a10, a8, a9
40086a0f:	e681d1        	l32r	a13, 40080414 <_init_end+0x14> (ffff <_image_ram_size+0x3c3f>)
40086a12:	c099d0        	sub	a9, a9, a13
40086a15:	938b90        	movnez	a8, a11, a9
40086a18:	208a80        	or	a8, a10, a8
40086a1b:	d8cc      	bnez.n	a8, 40086a2c <spi_flash_chip_gd_detect_size+0x30>
40086a1d:	180c      	movi.n	a8, 1
40086a1f:	401c00        	ssl	a12
40086a22:	a18800        	sll	a8, a8
40086a25:	0389      	s32i.n	a8, a3, 0
40086a27:	0b2d      	mov.n	a2, a11
40086a29:	000086        	j	40086a2f <spi_flash_chip_gd_detect_size+0x33>
40086a2c:	e83021        	l32r	a2, 40080aec <_init_end+0x6ec> (6005 <CONFIG_SOC_ADC_SAMPLE_FREQ_THRES_LOW+0x11e5>)
40086a2f:	f01d      	retw.n
40086a31:	000000        	ill

40086a34 <spi_flash_chip_gd_probe>:
40086a34:	004136        	entry	a1, 32
40086a37:	f59030        	extui	a9, a3, 16, 16
40086a3a:	c8a082        	movi	a8, 200
40086a3d:	2f9987        	bne	a9, a8, 40086a70 <spi_flash_chip_gd_probe+0x3c>
40086a40:	743830        	extui	a3, a3, 8, 8
40086a43:	113380        	slli	a3, a3, 8
40086a46:	c0d382        	addmi	a8, a3, 0xffffc000
40086a49:	190c      	movi.n	a9, 1
40086a4b:	839880        	moveqz	a9, a8, a8
40086a4e:	a0d3a2        	addmi	a10, a3, 0xffffa000
40086a51:	180c      	movi.n	a8, 1
40086a53:	838aa0        	moveqz	a8, a10, a10
40086a56:	1c0987        	bnone	a9, a8, 40086a76 <spi_flash_chip_gd_probe+0x42>
40086a59:	e82581        	l32r	a8, 40080af0 <_init_end+0x6f0> (8300 <CONFIG_SOC_ADC_SAMPLE_FREQ_THRES_LOW+0x34e0>)
40086a5c:	bdd392        	addmi	a9, a3, 0xffffbd00
40086a5f:	1a0c      	movi.n	a10, 1
40086a61:	83a990        	moveqz	a10, a9, a9
40086a64:	011387        	beq	a3, a8, 40086a69 <spi_flash_chip_gd_probe+0x35>
40086a67:	1adc      	bnez.n	a10, 40086a7c <spi_flash_chip_gd_probe+0x48>
40086a69:	020c      	movi.n	a2, 0
40086a6b:	000406        	j	40086a7f <spi_flash_chip_gd_probe+0x4b>
40086a6e:	00          	.byte	00
40086a6f:	00          	.byte	00
40086a70:	05a122        	movi	a2, 0x105
40086a73:	000206        	j	40086a7f <spi_flash_chip_gd_probe+0x4b>
40086a76:	020c      	movi.n	a2, 0
40086a78:	0000c6        	j	40086a7f <spi_flash_chip_gd_probe+0x4b>
40086a7b:	00          	.byte	00
40086a7c:	05a122        	movi	a2, 0x105
40086a7f:	f01d      	retw.n
40086a81:	000000        	ill

40086a84 <spi_flash_chip_gd_suspend_cmd_conf>:
40086a84:	006136        	entry	a1, 48
40086a87:	8c0c      	movi.n	a12, 8
40086a89:	00a0b2        	movi	a11, 0
40086a8c:	01ad      	mov.n	a10, a1
40086a8e:	e6ce81        	l32r	a8, 400805c8 <_init_end+0x1c8> (4000c44c <memset>)
40086a91:	0008e0        	callx8	a8
40086a94:	84a082        	movi	a8, 132
40086a97:	0189      	s32i.n	a8, a1, 0
40086a99:	583c      	movi.n	a8, 53
40086a9b:	044182        	s8i	a8, a1, 4
40086a9e:	75a082        	movi	a8, 117
40086aa1:	054182        	s8i	a8, a1, 5
40086aa4:	7aa082        	movi	a8, 122
40086aa7:	064182        	s8i	a8, a1, 6
40086aaa:	02a8      	l32i.n	a10, a2, 0
40086aac:	0a88      	l32i.n	a8, a10, 0
40086aae:	152882        	l32i	a8, a8, 84
40086ab1:	01bd      	mov.n	a11, a1
40086ab3:	0008e0        	callx8	a8
40086ab6:	0a2d      	mov.n	a2, a10
40086ab8:	f01d      	retw.n
	...

40086abc <spi_flash_chip_gd_set_io_mode>:
40086abc:	004136        	entry	a1, 32
40086abf:	02ad      	mov.n	a10, a2
40086ac1:	6288      	l32i.n	a8, a2, 24
40086ac3:	749880        	extui	a9, a8, 8, 8
40086ac6:	119980        	slli	a9, a9, 8
40086ac9:	e80ab1        	l32r	a11, 40080af4 <_init_end+0x6f4> (6000 <CONFIG_SOC_ADC_SAMPLE_FREQ_THRES_LOW+0x11e0>)
40086acc:	0819b7        	beq	a9, a11, 40086ad8 <spi_flash_chip_gd_set_io_mode+0x1c>
40086acf:	748080        	extui	a8, a8, 0, 8
40086ad2:	15a092        	movi	a9, 21
40086ad5:	113987        	bltu	a9, a8, 40086aea <spi_flash_chip_gd_set_io_mode+0x2e>
40086ad8:	00a2d2        	movi	a13, 0x200
40086adb:	e807c1        	l32r	a12, 40080af8 <_init_end+0x6f8> (40087120 <spi_flash_common_read_status_16b_rdsr_rdsr2>)
40086ade:	e807b1        	l32r	a11, 40080afc <_init_end+0x6fc> (40087158 <spi_flash_common_write_status_16b_wrsr>)
40086ae1:	009765        	call8	40087458 <spi_flash_common_set_io_mode>
40086ae4:	0a2d      	mov.n	a2, a10
40086ae6:	0003c6        	j	40086af9 <spi_flash_chip_gd_set_io_mode+0x3d>
40086ae9:	00          	.byte	00
40086aea:	02a0d2        	movi	a13, 2
40086aed:	e804c1        	l32r	a12, 40080b00 <_init_end+0x700> (400873d8 <spi_flash_common_read_status_8b_rdsr2>)
40086af0:	e805b1        	l32r	a11, 40080b04 <_init_end+0x704> (40087440 <spi_flash_common_write_status_8b_wrsr2>)
40086af3:	009665        	call8	40087458 <spi_flash_common_set_io_mode>
40086af6:	202aa0        	or	a2, a10, a10
40086af9:	000090        	retw

40086afc <spi_flash_chip_gd_get_io_mode>:
40086afc:	006136        	entry	a1, 48
40086aff:	20a220        	or	a10, a2, a2
40086b02:	20b110        	or	a11, a1, a1
40086b05:	008d25        	call8	400873d8 <spi_flash_common_read_status_8b_rdsr2>
40086b08:	202aa0        	or	a2, a10, a10
40086b0b:	9acc      	bnez.n	a10, 40086b18 <spi_flash_chip_gd_get_io_mode+0x1c>
40086b0d:	0188      	l32i.n	a8, a1, 0
40086b0f:	888a      	add.n	a8, a8, a8
40086b11:	490c      	movi.n	a9, 4
40086b13:	108890        	and	a8, a8, a9
40086b16:	0389      	s32i.n	a8, a3, 0
40086b18:	f01d      	retw.n
	...

40086b1c <spi_flash_chip_gd_get_caps>:
40086b1c:	004136        	entry	a1, 32
40086b1f:	180282        	l8ui	a8, a2, 24
40086b22:	891c      	movi.n	a9, 24
40086b24:	043987        	bltu	a9, a8, 40086b2c <spi_flash_chip_gd_get_caps+0x10>
40086b27:	020c      	movi.n	a2, 0
40086b29:	000046        	j	40086b2e <spi_flash_chip_gd_get_caps+0x12>
40086b2c:	220c      	movi.n	a2, 2
40086b2e:	480c      	movi.n	a8, 4
40086b30:	202280        	or	a2, a2, a8
40086b33:	f01d      	retw.n
40086b35:	000000        	ill

40086b38 <spi_flash_chip_generic_detect_size>:
40086b38:	004136        	entry	a1, 32
40086b3b:	6288      	l32i.n	a8, a2, 24
40086b3d:	0c0c      	movi.n	a12, 0
40086b3f:	03c9      	s32i.n	a12, a3, 0
40086b41:	f4a080        	extui	a10, a8, 0, 16
40086b44:	190c      	movi.n	a9, 1
40086b46:	0cbd      	mov.n	a11, a12
40086b48:	83b9a0        	moveqz	a11, a9, a10
40086b4b:	e632d1        	l32r	a13, 40080414 <_init_end+0x14> (ffff <_image_ram_size+0x3c3f>)
40086b4e:	c0aad0        	sub	a10, a10, a13
40086b51:	939ca0        	movnez	a9, a12, a10
40086b54:	209b90        	or	a9, a11, a9
40086b57:	99dc      	bnez.n	a9, 40086b74 <spi_flash_chip_generic_detect_size+0x3c>
40086b59:	748080        	extui	a8, a8, 0, 8
40086b5c:	991c      	movi.n	a9, 25
40086b5e:	02b987        	bgeu	a9, a8, 40086b64 <spi_flash_chip_generic_detect_size+0x2c>
40086b61:	fac882        	addi	a8, a8, -6
40086b64:	190c      	movi.n	a9, 1
40086b66:	401800        	ssl	a8
40086b69:	a18900        	sll	a8, a9
40086b6c:	0389      	s32i.n	a8, a3, 0
40086b6e:	020c      	movi.n	a2, 0
40086b70:	0000c6        	j	40086b77 <spi_flash_chip_generic_detect_size+0x3f>
40086b73:	00          	.byte	00
40086b74:	e7de21        	l32r	a2, 40080aec <_init_end+0x6ec> (6005 <CONFIG_SOC_ADC_SAMPLE_FREQ_THRES_LOW+0x11e5>)
40086b77:	f01d      	retw.n
40086b79:	000000        	ill

40086b7c <spi_flash_command_generic_program_4B>:
40086b7c:	008136        	entry	a1, 64
40086b7f:	cc1c      	movi.n	a12, 28
40086b81:	0b0c      	movi.n	a11, 0
40086b83:	20a110        	or	a10, a1, a1
40086b86:	e69081        	l32r	a8, 400805c8 <_init_end+0x1c8> (4000c44c <memset>)
40086b89:	0008e0        	callx8	a8
40086b8c:	014152        	s8i	a5, a1, 1
40086b8f:	082c      	movi.n	a8, 32
40086b91:	034182        	s8i	a8, a1, 3
40086b94:	1149      	s32i.n	a4, a1, 4
40086b96:	2139      	s32i.n	a3, a1, 8
40086b98:	880c      	movi.n	a8, 8
40086b9a:	4189      	s32i.n	a8, a1, 16
40086b9c:	281c      	movi.n	a8, 18
40086b9e:	0a5182        	s16i	a8, a1, 20
40086ba1:	02a8      	l32i.n	a10, a2, 0
40086ba3:	0a88      	l32i.n	a8, a10, 0
40086ba5:	1888      	l32i.n	a8, a8, 4
40086ba7:	01bd      	mov.n	a11, a1
40086ba9:	0008e0        	callx8	a8
40086bac:	0a2d      	mov.n	a2, a10
40086bae:	f01d      	retw.n

40086bb0 <spi_flash_command_generic_erase_sector_4B>:
40086bb0:	008136        	entry	a1, 64
40086bb3:	cc1c      	movi.n	a12, 28
40086bb5:	0b0c      	movi.n	a11, 0
40086bb7:	20a110        	or	a10, a1, a1
40086bba:	e68381        	l32r	a8, 400805c8 <_init_end+0x1c8> (4000c44c <memset>)
40086bbd:	0008e0        	callx8	a8
40086bc0:	082c      	movi.n	a8, 32
40086bc2:	034182        	s8i	a8, a1, 3
40086bc5:	1139      	s32i.n	a3, a1, 4
40086bc7:	880c      	movi.n	a8, 8
40086bc9:	4189      	s32i.n	a8, a1, 16
40086bcb:	182c      	movi.n	a8, 33
40086bcd:	0a5182        	s16i	a8, a1, 20
40086bd0:	02a8      	l32i.n	a10, a2, 0
40086bd2:	0a88      	l32i.n	a8, a10, 0
40086bd4:	1888      	l32i.n	a8, a8, 4
40086bd6:	20b110        	or	a11, a1, a1
40086bd9:	0008e0        	callx8	a8
40086bdc:	0a2d      	mov.n	a2, a10
40086bde:	f01d      	retw.n

40086be0 <spi_flash_command_generic_erase_block_4B>:
40086be0:	008136        	entry	a1, 64
40086be3:	cc1c      	movi.n	a12, 28
40086be5:	0b0c      	movi.n	a11, 0
40086be7:	20a110        	or	a10, a1, a1
40086bea:	e67781        	l32r	a8, 400805c8 <_init_end+0x1c8> (4000c44c <memset>)
40086bed:	0008e0        	callx8	a8
40086bf0:	082c      	movi.n	a8, 32
40086bf2:	034182        	s8i	a8, a1, 3
40086bf5:	1139      	s32i.n	a3, a1, 4
40086bf7:	880c      	movi.n	a8, 8
40086bf9:	4189      	s32i.n	a8, a1, 16
40086bfb:	dca082        	movi	a8, 220
40086bfe:	0a5182        	s16i	a8, a1, 20
40086c01:	02a8      	l32i.n	a10, a2, 0
40086c03:	0a88      	l32i.n	a8, a10, 0
40086c05:	1888      	l32i.n	a8, a8, 4
40086c07:	01bd      	mov.n	a11, a1
40086c09:	0008e0        	callx8	a8
40086c0c:	0a2d      	mov.n	a2, a10
40086c0e:	f01d      	retw.n

40086c10 <spi_flash_chip_generic_reset>:
40086c10:	008136        	entry	a1, 64
40086c13:	cc1c      	movi.n	a12, 28
40086c15:	0b0c      	movi.n	a11, 0
40086c17:	20a110        	or	a10, a1, a1
40086c1a:	e66b81        	l32r	a8, 400805c8 <_init_end+0x1c8> (4000c44c <memset>)
40086c1d:	0008e0        	callx8	a8
40086c20:	66a082        	movi	a8, 102
40086c23:	0a5182        	s16i	a8, a1, 20
40086c26:	02a8      	l32i.n	a10, a2, 0
40086c28:	0a88      	l32i.n	a8, a10, 0
40086c2a:	1888      	l32i.n	a8, a8, 4
40086c2c:	20b110        	or	a11, a1, a1
40086c2f:	0008e0        	callx8	a8
40086c32:	baec      	bnez.n	a10, 40086c61 <spi_flash_chip_generic_reset+0x51>
40086c34:	cc1c      	movi.n	a12, 28
40086c36:	0b0c      	movi.n	a11, 0
40086c38:	01ad      	mov.n	a10, a1
40086c3a:	e66381        	l32r	a8, 400805c8 <_init_end+0x1c8> (4000c44c <memset>)
40086c3d:	0008e0        	callx8	a8
40086c40:	99a082        	movi	a8, 153
40086c43:	0a5182        	s16i	a8, a1, 20
40086c46:	02a8      	l32i.n	a10, a2, 0
40086c48:	0a88      	l32i.n	a8, a10, 0
40086c4a:	1888      	l32i.n	a8, a8, 4
40086c4c:	01bd      	mov.n	a11, a1
40086c4e:	0008e0        	callx8	a8
40086c51:	cacc      	bnez.n	a10, 40086c61 <spi_flash_chip_generic_reset+0x51>
40086c53:	1288      	l32i.n	a8, a2, 4
40086c55:	152892        	l32i	a9, a8, 84
40086c58:	1888      	l32i.n	a8, a8, 4
40086c5a:	08b8      	l32i.n	a11, a8, 0
40086c5c:	02ad      	mov.n	a10, a2
40086c5e:	0009e0        	callx8	a9
40086c61:	0a2d      	mov.n	a2, a10
40086c63:	f01d      	retw.n
40086c65:	000000        	ill

40086c68 <spi_flash_chip_generic_erase_sector>:
40086c68:	004136        	entry	a1, 32
40086c6b:	027d      	mov.n	a7, a2
40086c6d:	1288      	l32i.n	a8, a2, 4
40086c6f:	b888      	l32i.n	a8, a8, 44
40086c71:	0b0c      	movi.n	a11, 0
40086c73:	02ad      	mov.n	a10, a2
40086c75:	0008e0        	callx8	a8
40086c78:	0a2d      	mov.n	a2, a10
40086c7a:	eacc      	bnez.n	a10, 40086c8c <spi_flash_chip_generic_erase_sector+0x24>
40086c7c:	1788      	l32i.n	a8, a7, 4
40086c7e:	152892        	l32i	a9, a8, 84
40086c81:	1888      	l32i.n	a8, a8, 4
40086c83:	08b8      	l32i.n	a11, a8, 0
40086c85:	07ad      	mov.n	a10, a7
40086c87:	0009e0        	callx8	a9
40086c8a:	0a2d      	mov.n	a2, a10
40086c8c:	40f290        	nsau	a9, a2
40086c8f:	419590        	srli	a9, a9, 5
40086c92:	faae82        	movi	a8, 0xfffffefa
40086c95:	828a      	add.n	a8, a2, a8
40086c97:	40f880        	nsau	a8, a8
40086c9a:	418580        	srli	a8, a8, 5
40086c9d:	209980        	or	a9, a9, a8
40086ca0:	064916        	beqz	a9, 40086d08 <spi_flash_chip_generic_erase_sector+0xa0>
40086ca3:	2788      	l32i.n	a8, a7, 8
40086ca5:	9888      	l32i.n	a8, a8, 36
40086ca7:	005816        	beqz	a8, 40086cb0 <spi_flash_chip_generic_erase_sector+0x48>
40086caa:	01a0a2        	movi	a10, 1
40086cad:	0008e0        	callx8	a8
40086cb0:	e79681        	l32r	a8, 40080b08 <_init_end+0x708> (ffffff <CONFIG_SOC_GPIO_VALID_DIGITAL_IO_PAD_MASK+0x10f015>)
40086cb3:	0bb837        	bgeu	a8, a3, 40086cc2 <spi_flash_chip_generic_erase_sector+0x5a>
40086cb6:	03bd      	mov.n	a11, a3
40086cb8:	07ad      	mov.n	a10, a7
40086cba:	ffef65        	call8	40086bb0 <spi_flash_command_generic_erase_sector_4B>
40086cbd:	000346        	j	40086cce <spi_flash_chip_generic_erase_sector+0x66>
40086cc0:	00          	.byte	00
40086cc1:	00          	.byte	00
40086cc2:	07a8      	l32i.n	a10, a7, 0
40086cc4:	0a88      	l32i.n	a8, a10, 0
40086cc6:	4888      	l32i.n	a8, a8, 16
40086cc8:	20b330        	or	a11, a3, a3
40086ccb:	0008e0        	callx8	a8
40086cce:	7788      	l32i.n	a8, a7, 28
40086cd0:	190c      	movi.n	a9, 1
40086cd2:	208890        	or	a8, a8, a9
40086cd5:	7789      	s32i.n	a8, a7, 28
40086cd7:	1788      	l32i.n	a8, a7, 4
40086cd9:	152892        	l32i	a9, a8, 84
40086cdc:	1888      	l32i.n	a8, a8, 4
40086cde:	38b8      	l32i.n	a11, a8, 12
40086ce0:	20a770        	or	a10, a7, a7
40086ce3:	0009e0        	callx8	a9
40086ce6:	0a2d      	mov.n	a2, a10
40086ce8:	2788      	l32i.n	a8, a7, 8
40086cea:	9888      	l32i.n	a8, a8, 36
40086cec:	005816        	beqz	a8, 40086cf5 <spi_flash_chip_generic_erase_sector+0x8d>
40086cef:	00a0a2        	movi	a10, 0
40086cf2:	0008e0        	callx8	a8
40086cf5:	06a182        	movi	a8, 0x106
40086cf8:	0c9287        	bne	a2, a8, 40086d08 <spi_flash_chip_generic_erase_sector+0xa0>
40086cfb:	1788      	l32i.n	a8, a7, 4
40086cfd:	b888      	l32i.n	a8, a8, 44
40086cff:	1b0c      	movi.n	a11, 1
40086d01:	07ad      	mov.n	a10, a7
40086d03:	0008e0        	callx8	a8
40086d06:	0a2d      	mov.n	a2, a10
40086d08:	f01d      	retw.n
	...

40086d0c <spi_flash_chip_generic_erase_block>:
40086d0c:	004136        	entry	a1, 32
40086d0f:	027d      	mov.n	a7, a2
40086d11:	1288      	l32i.n	a8, a2, 4
40086d13:	b888      	l32i.n	a8, a8, 44
40086d15:	0b0c      	movi.n	a11, 0
40086d17:	02ad      	mov.n	a10, a2
40086d19:	0008e0        	callx8	a8
40086d1c:	0a2d      	mov.n	a2, a10
40086d1e:	eacc      	bnez.n	a10, 40086d30 <spi_flash_chip_generic_erase_block+0x24>
40086d20:	1788      	l32i.n	a8, a7, 4
40086d22:	152892        	l32i	a9, a8, 84
40086d25:	1888      	l32i.n	a8, a8, 4
40086d27:	08b8      	l32i.n	a11, a8, 0
40086d29:	07ad      	mov.n	a10, a7
40086d2b:	0009e0        	callx8	a9
40086d2e:	0a2d      	mov.n	a2, a10
40086d30:	40f290        	nsau	a9, a2
40086d33:	419590        	srli	a9, a9, 5
40086d36:	faae82        	movi	a8, 0xfffffefa
40086d39:	828a      	add.n	a8, a2, a8
40086d3b:	40f880        	nsau	a8, a8
40086d3e:	418580        	srli	a8, a8, 5
40086d41:	209980        	or	a9, a9, a8
40086d44:	064916        	beqz	a9, 40086dac <spi_flash_chip_generic_erase_block+0xa0>
40086d47:	2788      	l32i.n	a8, a7, 8
40086d49:	9888      	l32i.n	a8, a8, 36
40086d4b:	005816        	beqz	a8, 40086d54 <spi_flash_chip_generic_erase_block+0x48>
40086d4e:	01a0a2        	movi	a10, 1
40086d51:	0008e0        	callx8	a8
40086d54:	e76d81        	l32r	a8, 40080b08 <_init_end+0x708> (ffffff <CONFIG_SOC_GPIO_VALID_DIGITAL_IO_PAD_MASK+0x10f015>)
40086d57:	0cb837        	bgeu	a8, a3, 40086d67 <spi_flash_chip_generic_erase_block+0x5b>
40086d5a:	03bd      	mov.n	a11, a3
40086d5c:	07ad      	mov.n	a10, a7
40086d5e:	ffe825        	call8	40086be0 <spi_flash_command_generic_erase_block_4B>
40086d61:	000346        	j	40086d72 <spi_flash_chip_generic_erase_block+0x66>
40086d64:	00          	.byte	00
40086d65:	00          	.byte	00
40086d66:	00          	.byte	00
40086d67:	07a8      	l32i.n	a10, a7, 0
40086d69:	0a88      	l32i.n	a8, a10, 0
40086d6b:	5888      	l32i.n	a8, a8, 20
40086d6d:	03bd      	mov.n	a11, a3
40086d6f:	0008e0        	callx8	a8
40086d72:	7788      	l32i.n	a8, a7, 28
40086d74:	190c      	movi.n	a9, 1
40086d76:	208890        	or	a8, a8, a9
40086d79:	7789      	s32i.n	a8, a7, 28
40086d7b:	1788      	l32i.n	a8, a7, 4
40086d7d:	152892        	l32i	a9, a8, 84
40086d80:	1888      	l32i.n	a8, a8, 4
40086d82:	28b8      	l32i.n	a11, a8, 8
40086d84:	07ad      	mov.n	a10, a7
40086d86:	0009e0        	callx8	a9
40086d89:	0a2d      	mov.n	a2, a10
40086d8b:	2788      	l32i.n	a8, a7, 8
40086d8d:	092882        	l32i	a8, a8, 36
40086d90:	488c      	beqz.n	a8, 40086d98 <spi_flash_chip_generic_erase_block+0x8c>
40086d92:	00a0a2        	movi	a10, 0
40086d95:	0008e0        	callx8	a8
40086d98:	06a182        	movi	a8, 0x106
40086d9b:	0d9287        	bne	a2, a8, 40086dac <spi_flash_chip_generic_erase_block+0xa0>
40086d9e:	1788      	l32i.n	a8, a7, 4
40086da0:	b888      	l32i.n	a8, a8, 44
40086da2:	1b0c      	movi.n	a11, 1
40086da4:	20a770        	or	a10, a7, a7
40086da7:	0008e0        	callx8	a8
40086daa:	0a2d      	mov.n	a2, a10
40086dac:	f01d      	retw.n
	...

40086db0 <spi_flash_chip_generic_page_program>:
40086db0:	004136        	entry	a1, 32
40086db3:	027d      	mov.n	a7, a2
40086db5:	1288      	l32i.n	a8, a2, 4
40086db7:	152892        	l32i	a9, a8, 84
40086dba:	1888      	l32i.n	a8, a8, 4
40086dbc:	0028b2        	l32i	a11, a8, 0
40086dbf:	02ad      	mov.n	a10, a2
40086dc1:	0009e0        	callx8	a9
40086dc4:	0a2d      	mov.n	a2, a10
40086dc6:	40fa90        	nsau	a9, a10
40086dc9:	419590        	srli	a9, a9, 5
40086dcc:	faae82        	movi	a8, 0xfffffefa
40086dcf:	8a8a      	add.n	a8, a10, a8
40086dd1:	40f880        	nsau	a8, a8
40086dd4:	418580        	srli	a8, a8, 5
40086dd7:	209980        	or	a9, a9, a8
40086dda:	056916        	beqz	a9, 40086e34 <spi_flash_chip_generic_page_program+0x84>
40086ddd:	e74a81        	l32r	a8, 40080b08 <_init_end+0x708> (ffffff <CONFIG_SOC_GPIO_VALID_DIGITAL_IO_PAD_MASK+0x10f015>)
40086de0:	12b847        	bgeu	a8, a4, 40086df6 <spi_flash_chip_generic_page_program+0x46>
40086de3:	05dd      	mov.n	a13, a5
40086de5:	04cd      	mov.n	a12, a4
40086de7:	20b330        	or	a11, a3, a3
40086dea:	20a770        	or	a10, a7, a7
40086ded:	ffd8e5        	call8	40086b7c <spi_flash_command_generic_program_4B>
40086df0:	000486        	j	40086e06 <spi_flash_chip_generic_page_program+0x56>
40086df3:	00          	.byte	00
40086df4:	00          	.byte	00
40086df5:	00          	.byte	00
40086df6:	07a8      	l32i.n	a10, a7, 0
40086df8:	0a88      	l32i.n	a8, a10, 0
40086dfa:	8888      	l32i.n	a8, a8, 32
40086dfc:	05dd      	mov.n	a13, a5
40086dfe:	04cd      	mov.n	a12, a4
40086e00:	20b330        	or	a11, a3, a3
40086e03:	0008e0        	callx8	a8
40086e06:	7788      	l32i.n	a8, a7, 28
40086e08:	190c      	movi.n	a9, 1
40086e0a:	208890        	or	a8, a8, a9
40086e0d:	7789      	s32i.n	a8, a7, 28
40086e0f:	1788      	l32i.n	a8, a7, 4
40086e11:	152892        	l32i	a9, a8, 84
40086e14:	1888      	l32i.n	a8, a8, 4
40086e16:	48b8      	l32i.n	a11, a8, 16
40086e18:	20a770        	or	a10, a7, a7
40086e1b:	0009e0        	callx8	a9
40086e1e:	0a2d      	mov.n	a2, a10
40086e20:	06a182        	movi	a8, 0x106
40086e23:	0d9a87        	bne	a10, a8, 40086e34 <spi_flash_chip_generic_page_program+0x84>
40086e26:	1788      	l32i.n	a8, a7, 4
40086e28:	b888      	l32i.n	a8, a8, 44
40086e2a:	1b0c      	movi.n	a11, 1
40086e2c:	20a770        	or	a10, a7, a7
40086e2f:	0008e0        	callx8	a8
40086e32:	0a2d      	mov.n	a2, a10
40086e34:	f01d      	retw.n
	...

40086e38 <spi_flash_chip_generic_config_host_io_mode>:
40086e38:	004136        	entry	a1, 32
40086e3b:	42e8      	l32i.n	a14, a2, 16
40086e3d:	043030        	extui	a3, a3, 0, 1
40086e40:	f480e0        	extui	a8, a14, 0, 16
40086e43:	0268b6        	bltui	a8, 6, 40086e49 <spi_flash_chip_generic_config_host_io_mode+0x11>
40086e46:	004a86        	j	40086f74 <spi_flash_chip_generic_config_host_io_mode+0x13c>
40086e49:	e73091        	l32r	a9, 40080b0c <_init_end+0x70c> (3ffb0e64 <chip_name+0x4>)
40086e4c:	a08890        	addx4	a8, a8, a9
40086e4f:	0888      	l32i.n	a8, a8, 0
40086e51:	0008a0        	jx	a8
40086e54:	7288      	l32i.n	a8, a2, 28
40086e56:	0a6817        	bbci	a8, 1, 40086e64 <spi_flash_chip_generic_config_host_io_mode+0x2c>
40086e59:	e72d81        	l32r	a8, 40080b10 <_init_end+0x710> (3ffb14f0 <rom_flash_chip_dummy_hpm>)
40086e5c:	0888      	l32i.n	a8, a8, 0
40086e5e:	0108d2        	l8ui	a13, a8, 1
40086e61:	0001c6        	j	40086e6c <spi_flash_chip_generic_config_host_io_mode+0x34>
40086e64:	e72c81        	l32r	a8, 40080b14 <_init_end+0x714> (3ffb14f4 <rom_flash_chip_dummy>)
40086e67:	0888      	l32i.n	a8, a8, 0
40086e69:	0108d2        	l8ui	a13, a8, 1
40086e6c:	0b8356        	bnez	a3, 40086f28 <spi_flash_chip_generic_config_host_io_mode+0xf0>
40086e6f:	130c      	movi.n	a3, 1
40086e71:	eba0b2        	movi	a11, 235
40086e74:	8c1c      	movi.n	a12, 24
40086e76:	003886        	j	40086f5c <spi_flash_chip_generic_config_host_io_mode+0x124>
40086e79:	7288      	l32i.n	a8, a2, 28
40086e7b:	0a6817        	bbci	a8, 1, 40086e89 <spi_flash_chip_generic_config_host_io_mode+0x51>
40086e7e:	e72481        	l32r	a8, 40080b10 <_init_end+0x710> (3ffb14f0 <rom_flash_chip_dummy_hpm>)
40086e81:	0888      	l32i.n	a8, a8, 0
40086e83:	0208d2        	l8ui	a13, a8, 2
40086e86:	0001c6        	j	40086e91 <spi_flash_chip_generic_config_host_io_mode+0x59>
40086e89:	e72281        	l32r	a8, 40080b14 <_init_end+0x714> (3ffb14f4 <rom_flash_chip_dummy>)
40086e8c:	0888      	l32i.n	a8, a8, 0
40086e8e:	0208d2        	l8ui	a13, a8, 2
40086e91:	09b356        	bnez	a3, 40086f30 <spi_flash_chip_generic_config_host_io_mode+0xf8>
40086e94:	6ba0b2        	movi	a11, 107
40086e97:	8c1c      	movi.n	a12, 24
40086e99:	002fc6        	j	40086f5c <spi_flash_chip_generic_config_host_io_mode+0x124>
40086e9c:	7288      	l32i.n	a8, a2, 28
40086e9e:	0a6817        	bbci	a8, 1, 40086eac <spi_flash_chip_generic_config_host_io_mode+0x74>
40086ea1:	e71b81        	l32r	a8, 40080b10 <_init_end+0x710> (3ffb14f0 <rom_flash_chip_dummy_hpm>)
40086ea4:	0888      	l32i.n	a8, a8, 0
40086ea6:	0008d2        	l8ui	a13, a8, 0
40086ea9:	0001c6        	j	40086eb4 <spi_flash_chip_generic_config_host_io_mode+0x7c>
40086eac:	e71a81        	l32r	a8, 40080b14 <_init_end+0x714> (3ffb14f4 <rom_flash_chip_dummy>)
40086eaf:	0888      	l32i.n	a8, a8, 0
40086eb1:	0008d2        	l8ui	a13, a8, 0
40086eb4:	084356        	bnez	a3, 40086f3c <spi_flash_chip_generic_config_host_io_mode+0x104>
40086eb7:	130c      	movi.n	a3, 1
40086eb9:	bba0b2        	movi	a11, 187
40086ebc:	8c1c      	movi.n	a12, 24
40086ebe:	002686        	j	40086f5c <spi_flash_chip_generic_config_host_io_mode+0x124>
40086ec1:	7288      	l32i.n	a8, a2, 28
40086ec3:	0a6817        	bbci	a8, 1, 40086ed1 <spi_flash_chip_generic_config_host_io_mode+0x99>
40086ec6:	e71281        	l32r	a8, 40080b10 <_init_end+0x710> (3ffb14f0 <rom_flash_chip_dummy_hpm>)
40086ec9:	0888      	l32i.n	a8, a8, 0
40086ecb:	0308d2        	l8ui	a13, a8, 3
40086ece:	0001c6        	j	40086ed9 <spi_flash_chip_generic_config_host_io_mode+0xa1>
40086ed1:	e71081        	l32r	a8, 40080b14 <_init_end+0x714> (3ffb14f4 <rom_flash_chip_dummy>)
40086ed4:	0888      	l32i.n	a8, a8, 0
40086ed6:	0308d2        	l8ui	a13, a8, 3
40086ed9:	067356        	bnez	a3, 40086f44 <spi_flash_chip_generic_config_host_io_mode+0x10c>
40086edc:	bb3c      	movi.n	a11, 59
40086ede:	8c1c      	movi.n	a12, 24
40086ee0:	001e06        	j	40086f5c <spi_flash_chip_generic_config_host_io_mode+0x124>
40086ee3:	7288      	l32i.n	a8, a2, 28
40086ee5:	0a6817        	bbci	a8, 1, 40086ef3 <spi_flash_chip_generic_config_host_io_mode+0xbb>
40086ee8:	e70a81        	l32r	a8, 40080b10 <_init_end+0x710> (3ffb14f0 <rom_flash_chip_dummy_hpm>)
40086eeb:	0888      	l32i.n	a8, a8, 0
40086eed:	0408d2        	l8ui	a13, a8, 4
40086ef0:	0001c6        	j	40086efb <spi_flash_chip_generic_config_host_io_mode+0xc3>
40086ef3:	e70881        	l32r	a8, 40080b14 <_init_end+0x714> (3ffb14f4 <rom_flash_chip_dummy>)
40086ef6:	0888      	l32i.n	a8, a8, 0
40086ef8:	0408d2        	l8ui	a13, a8, 4
40086efb:	04e356        	bnez	a3, 40086f4d <spi_flash_chip_generic_config_host_io_mode+0x115>
40086efe:	bb0c      	movi.n	a11, 11
40086f00:	8c1c      	movi.n	a12, 24
40086f02:	001586        	j	40086f5c <spi_flash_chip_generic_config_host_io_mode+0x124>
40086f05:	7288      	l32i.n	a8, a2, 28
40086f07:	0a6817        	bbci	a8, 1, 40086f15 <spi_flash_chip_generic_config_host_io_mode+0xdd>
40086f0a:	e70181        	l32r	a8, 40080b10 <_init_end+0x710> (3ffb14f0 <rom_flash_chip_dummy_hpm>)
40086f0d:	0888      	l32i.n	a8, a8, 0
40086f0f:	0508d2        	l8ui	a13, a8, 5
40086f12:	0001c6        	j	40086f1d <spi_flash_chip_generic_config_host_io_mode+0xe5>
40086f15:	e6ff81        	l32r	a8, 40080b14 <_init_end+0x714> (3ffb14f4 <rom_flash_chip_dummy>)
40086f18:	0888      	l32i.n	a8, a8, 0
40086f1a:	0508d2        	l8ui	a13, a8, 5
40086f1d:	53fc      	bnez.n	a3, 40086f56 <spi_flash_chip_generic_config_host_io_mode+0x11e>
40086f1f:	3b0c      	movi.n	a11, 3
40086f21:	8c1c      	movi.n	a12, 24
40086f23:	000d46        	j	40086f5c <spi_flash_chip_generic_config_host_io_mode+0x124>
40086f26:	00          	.byte	00
40086f27:	00          	.byte	00
40086f28:	eca0b2        	movi	a11, 236
40086f2b:	0c2c      	movi.n	a12, 32
40086f2d:	000ac6        	j	40086f5c <spi_flash_chip_generic_config_host_io_mode+0x124>
40086f30:	030c      	movi.n	a3, 0
40086f32:	6ca0b2        	movi	a11, 108
40086f35:	0c2c      	movi.n	a12, 32
40086f37:	000846        	j	40086f5c <spi_flash_chip_generic_config_host_io_mode+0x124>
40086f3a:	00          	.byte	00
40086f3b:	00          	.byte	00
40086f3c:	bca0b2        	movi	a11, 188
40086f3f:	0c2c      	movi.n	a12, 32
40086f41:	0005c6        	j	40086f5c <spi_flash_chip_generic_config_host_io_mode+0x124>
40086f44:	030c      	movi.n	a3, 0
40086f46:	cb3c      	movi.n	a11, 60
40086f48:	0c2c      	movi.n	a12, 32
40086f4a:	000386        	j	40086f5c <spi_flash_chip_generic_config_host_io_mode+0x124>
40086f4d:	030c      	movi.n	a3, 0
40086f4f:	cb0c      	movi.n	a11, 12
40086f51:	0c2c      	movi.n	a12, 32
40086f53:	000146        	j	40086f5c <spi_flash_chip_generic_config_host_io_mode+0x124>
40086f56:	030c      	movi.n	a3, 0
40086f58:	3b1c      	movi.n	a11, 19
40086f5a:	0c2c      	movi.n	a12, 32
40086f5c:	438c      	beqz.n	a3, 40086f64 <spi_flash_chip_generic_config_host_io_mode+0x12c>
40086f5e:	e55881        	l32r	a8, 400804c0 <_init_end+0xc0> (80000000 <_rtc_force_slow_end+0x2fffffd8>)
40086f61:	20ee80        	or	a14, a14, a8
40086f64:	02a8      	l32i.n	a10, a2, 0
40086f66:	0a88      	l32i.n	a8, a10, 0
40086f68:	f888      	l32i.n	a8, a8, 60
40086f6a:	0008e0        	callx8	a8
40086f6d:	0a2d      	mov.n	a2, a10
40086f6f:	000106        	j	40086f77 <spi_flash_chip_generic_config_host_io_mode+0x13f>
40086f72:	00          	.byte	00
40086f73:	00          	.byte	00
40086f74:	e52521        	l32r	a2, 40080408 <_init_end+0x8> (6003 <CONFIG_SOC_ADC_SAMPLE_FREQ_THRES_LOW+0x11e3>)
40086f77:	f01d      	retw.n
40086f79:	000000        	ill

40086f7c <spi_flash_chip_generic_write_encrypted>:
40086f7c:	004136        	entry	a1, 32
40086f7f:	027d      	mov.n	a7, a2
40086f81:	e6e581        	l32r	a8, 40080b18 <_init_end+0x718> (3ffb3074 <esp_flash_default_chip>)
40086f84:	0888      	l32i.n	a8, a8, 0
40086f86:	021827        	beq	a8, a2, 40086f8c <spi_flash_chip_generic_write_encrypted+0x10>
40086f89:	002bc6        	j	4008703c <spi_flash_chip_generic_write_encrypted+0xc0>
40086f8c:	e6e481        	l32r	a8, 40080b1c <_init_end+0x71c> (3ffb14d8 <esp_flash_encryption_default>)
40086f8f:	5888      	l32i.n	a8, a8, 20
40086f91:	05bd      	mov.n	a11, a5
40086f93:	20a440        	or	a10, a4, a4
40086f96:	0008e0        	callx8	a8
40086f99:	0a8a16        	beqz	a10, 40087045 <spi_flash_chip_generic_write_encrypted+0xc9>
40086f9c:	e6e081        	l32r	a8, 40080b1c <_init_end+0x71c> (3ffb14d8 <esp_flash_encryption_default>)
40086f9f:	0888      	l32i.n	a8, a8, 0
40086fa1:	0008e0        	callx8	a8
40086fa4:	020c      	movi.n	a2, 0
40086fa6:	002086        	j	4008702c <spi_flash_chip_generic_write_encrypted+0xb0>
40086fa9:	548040        	extui	a8, a4, 0, 6
40086fac:	48cc      	bnez.n	a8, 40086fb4 <spi_flash_chip_generic_write_encrypted+0x38>
40086fae:	3fa082        	movi	a8, 63
40086fb1:	0f3857        	bltu	a8, a5, 40086fc4 <spi_flash_chip_generic_write_encrypted+0x48>
40086fb4:	448040        	extui	a8, a4, 0, 5
40086fb7:	e8cc      	bnez.n	a8, 40086fc9 <spi_flash_chip_generic_write_encrypted+0x4d>
40086fb9:	f81c      	movi.n	a8, 31
40086fbb:	0f3857        	bltu	a8, a5, 40086fce <spi_flash_chip_generic_write_encrypted+0x52>
40086fbe:	061c      	movi.n	a6, 16
40086fc0:	000306        	j	40086fd0 <spi_flash_chip_generic_write_encrypted+0x54>
40086fc3:	00          	.byte	00
40086fc4:	064c      	movi.n	a6, 64
40086fc6:	000186        	j	40086fd0 <spi_flash_chip_generic_write_encrypted+0x54>
40086fc9:	061c      	movi.n	a6, 16
40086fcb:	000046        	j	40086fd0 <spi_flash_chip_generic_write_encrypted+0x54>
40086fce:	062c      	movi.n	a6, 32
40086fd0:	e6d381        	l32r	a8, 40080b1c <_init_end+0x71c> (3ffb14d8 <esp_flash_encryption_default>)
40086fd3:	2888      	l32i.n	a8, a8, 8
40086fd5:	06cd      	mov.n	a12, a6
40086fd7:	03bd      	mov.n	a11, a3
40086fd9:	04ad      	mov.n	a10, a4
40086fdb:	0008e0        	callx8	a8
40086fde:	1788      	l32i.n	a8, a7, 4
40086fe0:	b888      	l32i.n	a8, a8, 44
40086fe2:	0b0c      	movi.n	a11, 0
40086fe4:	07ad      	mov.n	a10, a7
40086fe6:	0008e0        	callx8	a8
40086fe9:	0a2d      	mov.n	a2, a10
40086feb:	059a56        	bnez	a10, 40087048 <spi_flash_chip_generic_write_encrypted+0xcc>
40086fee:	e6cb81        	l32r	a8, 40080b1c <_init_end+0x71c> (3ffb14d8 <esp_flash_encryption_default>)
40086ff1:	3888      	l32i.n	a8, a8, 12
40086ff3:	0008e0        	callx8	a8
40086ff6:	1788      	l32i.n	a8, a7, 4
40086ff8:	112882        	l32i	a8, a8, 68
40086ffb:	05dd      	mov.n	a13, a5
40086ffd:	04cd      	mov.n	a12, a4
40086fff:	03bd      	mov.n	a11, a3
40087001:	07ad      	mov.n	a10, a7
40087003:	0008e0        	callx8	a8
40087006:	0a2d      	mov.n	a2, a10
40087008:	cafc      	bnez.n	a10, 40087048 <spi_flash_chip_generic_write_encrypted+0xcc>
4008700a:	1788      	l32i.n	a8, a7, 4
4008700c:	152892        	l32i	a9, a8, 84
4008700f:	1888      	l32i.n	a8, a8, 4
40087011:	48b8      	l32i.n	a11, a8, 16
40087013:	07ad      	mov.n	a10, a7
40087015:	0009e0        	callx8	a9
40087018:	0a2d      	mov.n	a2, a10
4008701a:	aaec      	bnez.n	a10, 40087048 <spi_flash_chip_generic_write_encrypted+0xcc>
4008701c:	e6c081        	l32r	a8, 40080b1c <_init_end+0x71c> (3ffb14d8 <esp_flash_encryption_default>)
4008701f:	4888      	l32i.n	a8, a8, 16
40087021:	0008e0        	callx8	a8
40087024:	c05560        	sub	a5, a5, a6
40087027:	336a      	add.n	a3, a3, a6
40087029:	804460        	add	a4, a4, a6
4008702c:	f79556        	bnez	a5, 40086fa9 <spi_flash_chip_generic_write_encrypted+0x2d>
4008702f:	e6bb81        	l32r	a8, 40080b1c <_init_end+0x71c> (3ffb14d8 <esp_flash_encryption_default>)
40087032:	012882        	l32i	a8, a8, 4
40087035:	0008e0        	callx8	a8
40087038:	000306        	j	40087048 <spi_flash_chip_generic_write_encrypted+0xcc>
4008703b:	00          	.byte	00
4008703c:	06a122        	movi	a2, 0x106
4008703f:	000146        	j	40087048 <spi_flash_chip_generic_write_encrypted+0xcc>
40087042:	00          	.byte	00
40087043:	00          	.byte	00
40087044:	00          	.byte	00
40087045:	06a122        	movi	a2, 0x106
40087048:	f01d      	retw.n
	...

4008704c <spi_flash_chip_generic_get_caps>:
4008704c:	008136        	entry	a1, 64
4008704f:	0d1282        	l16ui	a8, a2, 26
40087052:	694c      	movi.n	a9, 70
40087054:	041897        	beq	a8, a9, 4008705c <spi_flash_chip_generic_get_caps+0x10>
40087057:	070c      	movi.n	a7, 0
40087059:	000046        	j	4008705e <spi_flash_chip_generic_get_caps+0x12>
4008705c:	370c      	movi.n	a7, 3
4008705e:	42c866        	bnei	a8, 32, 400870a4 <spi_flash_chip_generic_get_caps+0x58>
40087061:	080c      	movi.n	a8, 0
40087063:	1c4182        	s8i	a8, a1, 28
40087066:	cc1c      	movi.n	a12, 28
40087068:	0b0c      	movi.n	a11, 0
4008706a:	01ad      	mov.n	a10, a1
4008706c:	e55781        	l32r	a8, 400805c8 <_init_end+0x1c8> (4000c44c <memset>)
4008706f:	0008e0        	callx8	a8
40087072:	180c      	movi.n	a8, 1
40087074:	024182        	s8i	a8, a1, 2
40087077:	881c      	movi.n	a8, 24
40087079:	034182        	s8i	a8, a1, 3
4008707c:	283c      	movi.n	a8, 50
4008707e:	1189      	s32i.n	a8, a1, 4
40087080:	1cc182        	addi	a8, a1, 28
40087083:	3189      	s32i.n	a8, a1, 12
40087085:	a85c      	movi.n	a8, 90
40087087:	0a5182        	s16i	a8, a1, 20
4008708a:	860c      	movi.n	a6, 8
4008708c:	164162        	s8i	a6, a1, 22
4008708f:	02a8      	l32i.n	a10, a2, 0
40087091:	0a88      	l32i.n	a8, a10, 0
40087093:	012882        	l32i	a8, a8, 4
40087096:	20b110        	or	a11, a1, a1
40087099:	0008e0        	callx8	a8
4008709c:	1c0182        	l8ui	a8, a1, 28
4008709f:	010867        	bnone	a8, a6, 400870a4 <spi_flash_chip_generic_get_caps+0x58>
400870a2:	370c      	movi.n	a7, 3
400870a4:	0d1292        	l16ui	a9, a2, 26
400870a7:	a1a082        	movi	a8, 161
400870aa:	049987        	bne	a9, a8, 400870b2 <spi_flash_chip_generic_get_caps+0x66>
400870ad:	180c      	movi.n	a8, 1
400870af:	207780        	or	a7, a7, a8
400870b2:	420c      	movi.n	a2, 4
400870b4:	202720        	or	a2, a7, a2
400870b7:	f01d      	retw.n
400870b9:	000000        	ill

400870bc <spi_flash_common_read_qe_sr>:
400870bc:	008136        	entry	a1, 64
400870bf:	0b0c      	movi.n	a11, 0
400870c1:	01b9      	s32i.n	a11, a1, 0
400870c3:	714b      	addi.n	a7, a1, 4
400870c5:	1ca0c2        	movi	a12, 28
400870c8:	07ad      	mov.n	a10, a7
400870ca:	e53f81        	l32r	a8, 400805c8 <_init_end+0x1c8> (4000c44c <memset>)
400870cd:	0008e0        	callx8	a8
400870d0:	414340        	srli	a4, a4, 3
400870d3:	064142        	s8i	a4, a1, 6
400870d6:	4119      	s32i.n	a1, a1, 16
400870d8:	0c5132        	s16i	a3, a1, 24
400870db:	02a8      	l32i.n	a10, a2, 0
400870dd:	0a88      	l32i.n	a8, a10, 0
400870df:	1888      	l32i.n	a8, a8, 4
400870e1:	07bd      	mov.n	a11, a7
400870e3:	0008e0        	callx8	a8
400870e6:	0188      	l32i.n	a8, a1, 0
400870e8:	0589      	s32i.n	a8, a5, 0
400870ea:	0a2d      	mov.n	a2, a10
400870ec:	f01d      	retw.n
	...

400870f0 <spi_flash_common_write_qe_sr>:
400870f0:	00a136        	entry	a1, 80
400870f3:	8159      	s32i.n	a5, a1, 32
400870f5:	cc1c      	movi.n	a12, 28
400870f7:	0b0c      	movi.n	a11, 0
400870f9:	01ad      	mov.n	a10, a1
400870fb:	e53381        	l32r	a8, 400805c8 <_init_end+0x1c8> (4000c44c <memset>)
400870fe:	0008e0        	callx8	a8
40087101:	414340        	srli	a4, a4, 3
40087104:	014142        	s8i	a4, a1, 1
40087107:	20c182        	addi	a8, a1, 32
4008710a:	2189      	s32i.n	a8, a1, 8
4008710c:	0a5132        	s16i	a3, a1, 20
4008710f:	02a8      	l32i.n	a10, a2, 0
40087111:	0a88      	l32i.n	a8, a10, 0
40087113:	1888      	l32i.n	a8, a8, 4
40087115:	01bd      	mov.n	a11, a1
40087117:	0008e0        	callx8	a8
4008711a:	0a2d      	mov.n	a2, a10
4008711c:	f01d      	retw.n
	...

40087120 <spi_flash_common_read_status_16b_rdsr_rdsr2>:
40087120:	006136        	entry	a1, 48
40087123:	207220        	or	a7, a2, a2
40087126:	04c1d2        	addi	a13, a1, 4
40087129:	8c0c      	movi.n	a12, 8
4008712b:	35a0b2        	movi	a11, 53
4008712e:	02ad      	mov.n	a10, a2
40087130:	fff8a5        	call8	400870bc <spi_flash_common_read_qe_sr>
40087133:	0a2d      	mov.n	a2, a10
40087135:	dadc      	bnez.n	a10, 40087156 <spi_flash_common_read_status_16b_rdsr_rdsr2+0x36>
40087137:	01dd      	mov.n	a13, a1
40087139:	8c0c      	movi.n	a12, 8
4008713b:	5b0c      	movi.n	a11, 5
4008713d:	07ad      	mov.n	a10, a7
4008713f:	fff7e5        	call8	400870bc <spi_flash_common_read_qe_sr>
40087142:	0a2d      	mov.n	a2, a10
40087144:	eacc      	bnez.n	a10, 40087156 <spi_flash_common_read_status_16b_rdsr_rdsr2+0x36>
40087146:	000192        	l8ui	a9, a1, 0
40087149:	1188      	l32i.n	a8, a1, 4
4008714b:	118880        	slli	a8, a8, 8
4008714e:	f48080        	extui	a8, a8, 0, 16
40087151:	208980        	or	a8, a9, a8
40087154:	0389      	s32i.n	a8, a3, 0
40087156:	f01d      	retw.n

40087158 <spi_flash_common_write_status_16b_wrsr>:
40087158:	004136        	entry	a1, 32
4008715b:	20a220        	or	a10, a2, a2
4008715e:	20d330        	or	a13, a3, a3
40087161:	10a0c2        	movi	a12, 16
40087164:	1b0c      	movi.n	a11, 1
40087166:	fff8a5        	call8	400870f0 <spi_flash_common_write_qe_sr>
40087169:	0a2d      	mov.n	a2, a10
4008716b:	f01d      	retw.n
4008716d:	000000        	ill

40087170 <spi_flash_chip_generic_suspend_cmd_conf>:
40087170:	006136        	entry	a1, 48
40087173:	8c0c      	movi.n	a12, 8
40087175:	00a0b2        	movi	a11, 0
40087178:	01ad      	mov.n	a10, a1
4008717a:	e51381        	l32r	a8, 400805c8 <_init_end+0x1c8> (4000c44c <memset>)
4008717d:	0008e0        	callx8	a8
40087180:	80a082        	movi	a8, 128
40087183:	0189      	s32i.n	a8, a1, 0
40087185:	583c      	movi.n	a8, 53
40087187:	044182        	s8i	a8, a1, 4
4008718a:	75a082        	movi	a8, 117
4008718d:	054182        	s8i	a8, a1, 5
40087190:	7aa082        	movi	a8, 122
40087193:	064182        	s8i	a8, a1, 6
40087196:	02a8      	l32i.n	a10, a2, 0
40087198:	0a88      	l32i.n	a8, a10, 0
4008719a:	152882        	l32i	a8, a8, 84
4008719d:	01bd      	mov.n	a11, a1
4008719f:	0008e0        	callx8	a8
400871a2:	0a2d      	mov.n	a2, a10
400871a4:	f01d      	retw.n
	...

400871a8 <spi_flash_chip_generic_read>:
400871a8:	010136        	entry	a1, 128
400871ab:	1288      	l32i.n	a8, a2, 4
400871ad:	132892        	l32i	a9, a8, 76
400871b0:	176192        	s32i	a9, a1, 92
400871b3:	945a      	add.n	a9, a4, a5
400871b5:	e60ba1        	l32r	a10, 400809e4 <_init_end+0x5e4> (1000000 <CONFIG_SOC_GPIO_VALID_DIGITAL_IO_PAD_MASK+0x10f016>)
400871b8:	063a97        	bltu	a10, a9, 400871c2 <spi_flash_chip_generic_read+0x1a>
400871bb:	0b0c      	movi.n	a11, 0
400871bd:	0000c6        	j	400871c4 <spi_flash_chip_generic_read+0x1c>
400871c0:	00          	.byte	00
400871c1:	00          	.byte	00
400871c2:	1b0c      	movi.n	a11, 1
400871c4:	1e2882        	l32i	a8, a8, 120
400871c7:	02ad      	mov.n	a10, a2
400871c9:	0008e0        	callx8	a8
400871cc:	1561a2        	s32i	a10, a1, 84
400871cf:	06a182        	movi	a8, 0x106
400871d2:	669a87        	bne	a10, a8, 4008723c <spi_flash_chip_generic_read+0x94>
400871d5:	001c06        	j	40087249 <spi_flash_chip_generic_read+0xa1>
400871d8:	00          	.byte	00
400871d9:	614b      	addi.n	a6, a1, 4
400871db:	0c4c      	movi.n	a12, 64
400871dd:	ffa0b2        	movi	a11, 255
400871e0:	06ad      	mov.n	a10, a6
400871e2:	e4f981        	l32r	a8, 400805c8 <_init_end+0x1c8> (4000c44c <memset>)
400871e5:	0008e0        	callx8	a8
400871e8:	02a8      	l32i.n	a10, a2, 0
400871ea:	0a88      	l32i.n	a8, a10, 0
400871ec:	d888      	l32i.n	a8, a8, 52
400871ee:	1721e2        	l32i	a14, a1, 92
400871f1:	01dd      	mov.n	a13, a1
400871f3:	05cd      	mov.n	a12, a5
400871f5:	04bd      	mov.n	a11, a4
400871f7:	0008e0        	callx8	a8
400871fa:	0add      	mov.n	a13, a10
400871fc:	01c8      	l32i.n	a12, a1, 0
400871fe:	c084c0        	sub	a8, a4, a12
40087201:	166182        	s32i	a8, a1, 88
40087204:	745a      	add.n	a7, a4, a5
40087206:	8caa      	add.n	a8, a12, a10
40087208:	637780        	minu	a7, a7, a8
4008720b:	c08740        	sub	a8, a7, a4
4008720e:	146182        	s32i	a8, a1, 80
40087211:	02a8      	l32i.n	a10, a2, 0
40087213:	0a88      	l32i.n	a8, a10, 0
40087215:	b888      	l32i.n	a8, a8, 44
40087217:	20b660        	or	a11, a6, a6
4008721a:	0008e0        	callx8	a8
4008721d:	1561a2        	s32i	a10, a1, 84
40087220:	1421c2        	l32i	a12, a1, 80
40087223:	162192        	l32i	a9, a1, 88
40087226:	b69a      	add.n	a11, a6, a9
40087228:	03ad      	mov.n	a10, a3
4008722a:	e4af81        	l32r	a8, 400804e8 <_init_end+0xe8> (4000c2c8 <memcpy>)
4008722d:	0008e0        	callx8	a8
40087230:	142182        	l32i	a8, a1, 80
40087233:	338a      	add.n	a3, a3, a8
40087235:	c04470        	sub	a4, a4, a7
40087238:	554a      	add.n	a5, a5, a4
4008723a:	074d      	mov.n	a4, a7
4008723c:	180c      	movi.n	a8, 1
4008723e:	838550        	moveqz	a8, a5, a5
40087241:	152192        	l32i	a9, a1, 84
40087244:	19cc      	bnez.n	a9, 40087249 <spi_flash_chip_generic_read+0xa1>
40087246:	f8f856        	bnez	a8, 400871d9 <spi_flash_chip_generic_read+0x31>
40087249:	152122        	l32i	a2, a1, 84
4008724c:	f01d      	retw.n
	...

40087250 <spi_flash_chip_generic_write>:
40087250:	010136        	entry	a1, 128
40087253:	026d      	mov.n	a6, a2
40087255:	146132        	s32i	a3, a1, 80
40087258:	1288      	l32i.n	a8, a2, 4
4008725a:	132882        	l32i	a8, a8, 76
4008725d:	156182        	s32i	a8, a1, 84
40087260:	0a0c      	movi.n	a10, 0
40087262:	001f06        	j	400872e2 <spi_flash_chip_generic_write+0x92>
40087265:	214b      	addi.n	a2, a1, 4
40087267:	0c4c      	movi.n	a12, 64
40087269:	ffa0b2        	movi	a11, 255
4008726c:	02ad      	mov.n	a10, a2
4008726e:	e4d681        	l32r	a8, 400805c8 <_init_end+0x1c8> (4000c44c <memset>)
40087271:	0008e0        	callx8	a8
40087274:	06a8      	l32i.n	a10, a6, 0
40087276:	0a88      	l32i.n	a8, a10, 0
40087278:	a888      	l32i.n	a8, a8, 40
4008727a:	1521e2        	l32i	a14, a1, 84
4008727d:	01dd      	mov.n	a13, a1
4008727f:	05cd      	mov.n	a12, a5
40087281:	04bd      	mov.n	a11, a4
40087283:	0008e0        	callx8	a8
40087286:	0a9d      	mov.n	a9, a10
40087288:	1661a2        	s32i	a10, a1, 88
4008728b:	0188      	l32i.n	a8, a1, 0
4008728d:	c0a480        	sub	a10, a4, a8
40087290:	745a      	add.n	a7, a4, a5
40087292:	889a      	add.n	a8, a8, a9
40087294:	637780        	minu	a7, a7, a8
40087297:	c08740        	sub	a8, a7, a4
4008729a:	176182        	s32i	a8, a1, 92
4008729d:	08cd      	mov.n	a12, a8
4008729f:	1421b2        	l32i	a11, a1, 80
400872a2:	a2aa      	add.n	a10, a2, a10
400872a4:	e49181        	l32r	a8, 400804e8 <_init_end+0xe8> (4000c2c8 <memcpy>)
400872a7:	0008e0        	callx8	a8
400872aa:	1688      	l32i.n	a8, a6, 4
400872ac:	b888      	l32i.n	a8, a8, 44
400872ae:	0b0c      	movi.n	a11, 0
400872b0:	06ad      	mov.n	a10, a6
400872b2:	0008e0        	callx8	a8
400872b5:	40fa80        	nsau	a8, a10
400872b8:	418580        	srli	a8, a8, 5
400872bb:	230837        	bnone	a8, a3, 400872e2 <spi_flash_chip_generic_write+0x92>
400872be:	1688      	l32i.n	a8, a6, 4
400872c0:	122882        	l32i	a8, a8, 72
400872c3:	1621d2        	l32i	a13, a1, 88
400872c6:	01c8      	l32i.n	a12, a1, 0
400872c8:	20b220        	or	a11, a2, a2
400872cb:	06ad      	mov.n	a10, a6
400872cd:	0008e0        	callx8	a8
400872d0:	142182        	l32i	a8, a1, 80
400872d3:	172192        	l32i	a9, a1, 92
400872d6:	889a      	add.n	a8, a8, a9
400872d8:	146182        	s32i	a8, a1, 80
400872db:	c04470        	sub	a4, a4, a7
400872de:	554a      	add.n	a5, a5, a4
400872e0:	074d      	mov.n	a4, a7
400872e2:	130c      	movi.n	a3, 1
400872e4:	833550        	moveqz	a3, a5, a5
400872e7:	1acc      	bnez.n	a10, 400872ec <spi_flash_chip_generic_write+0x9c>
400872e9:	f78356        	bnez	a3, 40087265 <spi_flash_chip_generic_write+0x15>
400872ec:	0a2d      	mov.n	a2, a10
400872ee:	f01d      	retw.n

400872f0 <spi_flash_chip_generic_get_write_protect>:
400872f0:	006136        	entry	a1, 48
400872f3:	02ad      	mov.n	a10, a2
400872f5:	13cc      	bnez.n	a3, 400872fa <spi_flash_chip_generic_get_write_protect+0xa>
400872f7:	4a32a5        	call8	400d1620 <__assert_no_args>
400872fa:	1288      	l32i.n	a8, a2, 4
400872fc:	192882        	l32i	a8, a8, 100
400872ff:	01cd      	mov.n	a12, a1
40087301:	1b0c      	movi.n	a11, 1
40087303:	0008e0        	callx8	a8
40087306:	0a2d      	mov.n	a2, a10
40087308:	eacc      	bnez.n	a10, 4008731a <spi_flash_chip_generic_get_write_protect+0x2a>
4008730a:	280c      	movi.n	a8, 2
4008730c:	0198      	l32i.n	a9, a1, 0
4008730e:	108890        	and	a8, a8, a9
40087311:	40f880        	nsau	a8, a8
40087314:	418580        	srli	a8, a8, 5
40087317:	004382        	s8i	a8, a3, 0
4008731a:	f01d      	retw.n

4008731c <spi_flash_chip_generic_yield>:
4008731c:	006136        	entry	a1, 48
4008731f:	027d      	mov.n	a7, a2
40087321:	1b0c      	movi.n	a11, 1
40087323:	83b330        	moveqz	a11, a3, a3
40087326:	2288      	l32i.n	a8, a2, 8
40087328:	6888      	l32i.n	a8, a8, 24
4008732a:	08bc      	beqz.n	a8, 4008735e <spi_flash_chip_generic_yield+0x42>
4008732c:	c14b      	addi.n	a12, a1, 4
4008732e:	0322a2        	l32i	a10, a2, 12
40087331:	0008e0        	callx8	a8
40087334:	0a2d      	mov.n	a2, a10
40087336:	3adc      	bnez.n	a10, 4008734d <spi_flash_chip_generic_yield+0x31>
40087338:	1188      	l32i.n	a8, a1, 4
4008733a:	226807        	bbci	a8, 0, 40087360 <spi_flash_chip_generic_yield+0x44>
4008733d:	2788      	l32i.n	a8, a7, 8
4008733f:	7888      	l32i.n	a8, a8, 28
40087341:	01bd      	mov.n	a11, a1
40087343:	37a8      	l32i.n	a10, a7, 12
40087345:	0008e0        	callx8	a8
40087348:	0a2d      	mov.n	a2, a10
4008734a:	000486        	j	40087360 <spi_flash_chip_generic_yield+0x44>
4008734d:	07a182        	movi	a8, 0x107
40087350:	021a87        	beq	a10, a8, 40087356 <spi_flash_chip_generic_yield+0x3a>
40087353:	4a3165        	call8	400d1668 <abort>
40087356:	020c      	movi.n	a2, 0
40087358:	000106        	j	40087360 <spi_flash_chip_generic_yield+0x44>
4008735b:	00          	.byte	00
4008735c:	00          	.byte	00
4008735d:	00          	.byte	00
4008735e:	020c      	movi.n	a2, 0
40087360:	f01d      	retw.n
	...

40087364 <spi_flash_chip_generic_read_unique_id>:
40087364:	00a136        	entry	a1, 80
40087367:	080c      	movi.n	a8, 0
40087369:	0189      	s32i.n	a8, a1, 0
4008736b:	1189      	s32i.n	a8, a1, 4
4008736d:	718b      	addi.n	a7, a1, 8
4008736f:	cc1c      	movi.n	a12, 28
40087371:	08bd      	mov.n	a11, a8
40087373:	20a770        	or	a10, a7, a7
40087376:	e49481        	l32r	a8, 400805c8 <_init_end+0x1c8> (4000c44c <memset>)
40087379:	0008e0        	callx8	a8
4008737c:	880c      	movi.n	a8, 8
4008737e:	0a4182        	s8i	a8, a1, 10
40087381:	5119      	s32i.n	a1, a1, 20
40087383:	b84c      	movi.n	a8, 75
40087385:	0e5182        	s16i	a8, a1, 28
40087388:	082c      	movi.n	a8, 32
4008738a:	1e4182        	s8i	a8, a1, 30
4008738d:	02a8      	l32i.n	a10, a2, 0
4008738f:	0a88      	l32i.n	a8, a10, 0
40087391:	1888      	l32i.n	a8, a8, 4
40087393:	07bd      	mov.n	a11, a7
40087395:	0008e0        	callx8	a8
40087398:	0a2d      	mov.n	a2, a10
4008739a:	01a8      	l32i.n	a10, a1, 0
4008739c:	11b8      	l32i.n	a11, a1, 4
4008739e:	fc7c      	movi.n	a12, -1
400873a0:	8bca      	add.n	a8, a11, a12
400873a2:	9aca      	add.n	a9, a10, a12
400873a4:	01b9c7        	bgeu	a9, a12, 400873a9 <spi_flash_chip_generic_read_unique_id+0x45>
400873a7:	0b8d      	mov.n	a8, a11
400873a9:	1f0866        	bnei	a8, -1, 400873cc <spi_flash_chip_generic_read_unique_id+0x68>
400873ac:	d87c      	movi.n	a8, -3
400873ae:	1ab897        	bgeu	a8, a9, 400873cc <spi_flash_chip_generic_read_unique_id+0x68>
400873b1:	e5dbb1        	l32r	a11, 40080b20 <_init_end+0x720> (3ffb0f00 <TAG>)
400873b4:	e5dca1        	l32r	a10, 40080b24 <_init_end+0x724> (3ffb03e0 <levels$0+0x1bc>)
400873b7:	e45381        	l32r	a8, 40080504 <_init_end+0x104> (40007d54 <esp_rom_printf>)
400873ba:	0008e0        	callx8	a8
400873bd:	0188      	l32i.n	a8, a1, 0
400873bf:	1198      	l32i.n	a9, a1, 4
400873c1:	0389      	s32i.n	a8, a3, 0
400873c3:	1399      	s32i.n	a9, a3, 4
400873c5:	06a122        	movi	a2, 0x106
400873c8:	000286        	j	400873d6 <spi_flash_chip_generic_read_unique_id+0x72>
400873cb:	00          	.byte	00
400873cc:	e5d781        	l32r	a8, 40080b28 <_init_end+0x728> (40064b08 <__bswapdi2>)
400873cf:	0008e0        	callx8	a8
400873d2:	03a9      	s32i.n	a10, a3, 0
400873d4:	13b9      	s32i.n	a11, a3, 4
400873d6:	f01d      	retw.n

400873d8 <spi_flash_common_read_status_8b_rdsr2>:
400873d8:	004136        	entry	a1, 32
400873db:	20a220        	or	a10, a2, a2
400873de:	20d330        	or	a13, a3, a3
400873e1:	08a0c2        	movi	a12, 8
400873e4:	5b3c      	movi.n	a11, 53
400873e6:	ffcd65        	call8	400870bc <spi_flash_common_read_qe_sr>
400873e9:	0a2d      	mov.n	a2, a10
400873eb:	f01d      	retw.n
400873ed:	000000        	ill

400873f0 <spi_flash_chip_generic_get_io_mode>:
400873f0:	006136        	entry	a1, 48
400873f3:	20a220        	or	a10, a2, a2
400873f6:	20b110        	or	a11, a1, a1
400873f9:	fffde5        	call8	400873d8 <spi_flash_common_read_status_8b_rdsr2>
400873fc:	202aa0        	or	a2, a10, a10
400873ff:	9acc      	bnez.n	a10, 4008740c <spi_flash_chip_generic_get_io_mode+0x1c>
40087401:	0188      	l32i.n	a8, a1, 0
40087403:	888a      	add.n	a8, a8, a8
40087405:	490c      	movi.n	a9, 4
40087407:	108890        	and	a8, a8, a9
4008740a:	0389      	s32i.n	a8, a3, 0
4008740c:	f01d      	retw.n
	...

40087410 <spi_flash_common_read_status_8b_rdsr>:
40087410:	004136        	entry	a1, 32
40087413:	20a220        	or	a10, a2, a2
40087416:	20d330        	or	a13, a3, a3
40087419:	08a0c2        	movi	a12, 8
4008741c:	5b0c      	movi.n	a11, 5
4008741e:	ffc9e5        	call8	400870bc <spi_flash_common_read_qe_sr>
40087421:	0a2d      	mov.n	a2, a10
40087423:	f01d      	retw.n
40087425:	000000        	ill

40087428 <spi_flash_common_write_status_8b_wrsr>:
40087428:	004136        	entry	a1, 32
4008742b:	20a220        	or	a10, a2, a2
4008742e:	20d330        	or	a13, a3, a3
40087431:	08a0c2        	movi	a12, 8
40087434:	1b0c      	movi.n	a11, 1
40087436:	ffcba5        	call8	400870f0 <spi_flash_common_write_qe_sr>
40087439:	0a2d      	mov.n	a2, a10
4008743b:	f01d      	retw.n
4008743d:	000000        	ill

40087440 <spi_flash_common_write_status_8b_wrsr2>:
40087440:	004136        	entry	a1, 32
40087443:	20a220        	or	a10, a2, a2
40087446:	20d330        	or	a13, a3, a3
40087449:	08a0c2        	movi	a12, 8
4008744c:	1b3c      	movi.n	a11, 49
4008744e:	ffca25        	call8	400870f0 <spi_flash_common_write_qe_sr>
40087451:	0a2d      	mov.n	a2, a10
40087453:	f01d      	retw.n
40087455:	000000        	ill

40087458 <spi_flash_common_set_io_mode>:
40087458:	006136        	entry	a1, 48
4008745b:	027d      	mov.n	a7, a2
4008745d:	02ad      	mov.n	a10, a2
4008745f:	00a5e5        	call8	40087ebc <esp_flash_is_quad_mode>
40087462:	084a16        	beqz	a10, 400874ea <spi_flash_common_set_io_mode+0x92>
40087465:	01bd      	mov.n	a11, a1
40087467:	02ad      	mov.n	a10, a2
40087469:	0004e0        	callx8	a4
4008746c:	0a2d      	mov.n	a2, a10
4008746e:	07aa56        	bnez	a10, 400874ec <spi_flash_common_set_io_mode+0x94>
40087471:	0188      	l32i.n	a8, a1, 0
40087473:	206850        	or	a6, a8, a5
40087476:	724857        	ball	a8, a5, 400874ec <spi_flash_common_set_io_mode+0x94>
40087479:	1788      	l32i.n	a8, a7, 4
4008747b:	b888      	l32i.n	a8, a8, 44
4008747d:	0b0c      	movi.n	a11, 0
4008747f:	20a770        	or	a10, a7, a7
40087482:	0008e0        	callx8	a8
40087485:	06bd      	mov.n	a11, a6
40087487:	20a770        	or	a10, a7, a7
4008748a:	0003e0        	callx8	a3
4008748d:	0a2d      	mov.n	a2, a10
4008748f:	da8c      	beqz.n	a10, 400874a0 <spi_flash_common_set_io_mode+0x48>
40087491:	1788      	l32i.n	a8, a7, 4
40087493:	b888      	l32i.n	a8, a8, 44
40087495:	1b0c      	movi.n	a11, 1
40087497:	07ad      	mov.n	a10, a7
40087499:	0008e0        	callx8	a8
4008749c:	001306        	j	400874ec <spi_flash_common_set_io_mode+0x94>
4008749f:	00          	.byte	00
400874a0:	1788      	l32i.n	a8, a7, 4
400874a2:	152892        	l32i	a9, a8, 84
400874a5:	1888      	l32i.n	a8, a8, 4
400874a7:	08b8      	l32i.n	a11, a8, 0
400874a9:	07ad      	mov.n	a10, a7
400874ab:	0009e0        	callx8	a9
400874ae:	0a2d      	mov.n	a2, a10
400874b0:	06a182        	movi	a8, 0x106
400874b3:	0a9a87        	bne	a10, a8, 400874c1 <spi_flash_common_set_io_mode+0x69>
400874b6:	1788      	l32i.n	a8, a7, 4
400874b8:	b888      	l32i.n	a8, a8, 44
400874ba:	1b0c      	movi.n	a11, 1
400874bc:	07ad      	mov.n	a10, a7
400874be:	0008e0        	callx8	a8
400874c1:	180c      	movi.n	a8, 1
400874c3:	838220        	moveqz	a8, a2, a2
400874c6:	faae92        	movi	a9, 0xfffffefa
400874c9:	929a      	add.n	a9, a2, a9
400874cb:	1a0c      	movi.n	a10, 1
400874cd:	83a990        	moveqz	a10, a9, a9
400874d0:	1888a7        	bany	a8, a10, 400874ec <spi_flash_common_set_io_mode+0x94>
400874d3:	01bd      	mov.n	a11, a1
400874d5:	07ad      	mov.n	a10, a7
400874d7:	0004e0        	callx8	a4
400874da:	0a2d      	mov.n	a2, a10
400874dc:	cacc      	bnez.n	a10, 400874ec <spi_flash_common_set_io_mode+0x94>
400874de:	0188      	l32i.n	a8, a1, 0
400874e0:	081867        	beq	a8, a6, 400874ec <spi_flash_common_set_io_mode+0x94>
400874e3:	08a122        	movi	a2, 0x108
400874e6:	000086        	j	400874ec <spi_flash_common_set_io_mode+0x94>
400874e9:	00          	.byte	00
400874ea:	020c      	movi.n	a2, 0
400874ec:	f01d      	retw.n
	...

400874f0 <spi_flash_chip_generic_set_io_mode>:
400874f0:	004136        	entry	a1, 32
400874f3:	20a220        	or	a10, a2, a2
400874f6:	00a2d2        	movi	a13, 0x200
400874f9:	e57fc1        	l32r	a12, 40080af8 <_init_end+0x6f8> (40087120 <spi_flash_common_read_status_16b_rdsr_rdsr2>)
400874fc:	e580b1        	l32r	a11, 40080afc <_init_end+0x6fc> (40087158 <spi_flash_common_write_status_16b_wrsr>)
400874ff:	fff5a5        	call8	40087458 <spi_flash_common_set_io_mode>
40087502:	202aa0        	or	a2, a10, a10
40087505:	000090        	retw

40087508 <spi_flash_chip_generic_probe>:
40087508:	004136        	entry	a1, 32
4008750b:	020c      	movi.n	a2, 0
4008750d:	f01d      	retw.n
	...

40087510 <spi_flash_chip_generic_erase_chip>:
40087510:	004136        	entry	a1, 32
40087513:	027d      	mov.n	a7, a2
40087515:	1288      	l32i.n	a8, a2, 4
40087517:	b888      	l32i.n	a8, a8, 44
40087519:	0b0c      	movi.n	a11, 0
4008751b:	02ad      	mov.n	a10, a2
4008751d:	0008e0        	callx8	a8
40087520:	0a2d      	mov.n	a2, a10
40087522:	eacc      	bnez.n	a10, 40087534 <spi_flash_chip_generic_erase_chip+0x24>
40087524:	1788      	l32i.n	a8, a7, 4
40087526:	152892        	l32i	a9, a8, 84
40087529:	1888      	l32i.n	a8, a8, 4
4008752b:	08b8      	l32i.n	a11, a8, 0
4008752d:	07ad      	mov.n	a10, a7
4008752f:	0009e0        	callx8	a9
40087532:	0a2d      	mov.n	a2, a10
40087534:	40f290        	nsau	a9, a2
40087537:	419590        	srli	a9, a9, 5
4008753a:	faae82        	movi	a8, 0xfffffefa
4008753d:	828a      	add.n	a8, a2, a8
4008753f:	40f880        	nsau	a8, a8
40087542:	418580        	srli	a8, a8, 5
40087545:	209980        	or	a9, a9, a8
40087548:	050916        	beqz	a9, 4008759c <spi_flash_chip_generic_erase_chip+0x8c>
4008754b:	2788      	l32i.n	a8, a7, 8
4008754d:	9888      	l32i.n	a8, a8, 36
4008754f:	388c      	beqz.n	a8, 40087556 <spi_flash_chip_generic_erase_chip+0x46>
40087551:	1a0c      	movi.n	a10, 1
40087553:	0008e0        	callx8	a8
40087556:	07a8      	l32i.n	a10, a7, 0
40087558:	002a82        	l32i	a8, a10, 0
4008755b:	3888      	l32i.n	a8, a8, 12
4008755d:	0008e0        	callx8	a8
40087560:	7788      	l32i.n	a8, a7, 28
40087562:	190c      	movi.n	a9, 1
40087564:	208890        	or	a8, a8, a9
40087567:	7789      	s32i.n	a8, a7, 28
40087569:	1788      	l32i.n	a8, a7, 4
4008756b:	152892        	l32i	a9, a8, 84
4008756e:	012882        	l32i	a8, a8, 4
40087571:	0128b2        	l32i	a11, a8, 4
40087574:	20a770        	or	a10, a7, a7
40087577:	0009e0        	callx8	a9
4008757a:	0a2d      	mov.n	a2, a10
4008757c:	2788      	l32i.n	a8, a7, 8
4008757e:	9888      	l32i.n	a8, a8, 36
40087580:	005816        	beqz	a8, 40087589 <spi_flash_chip_generic_erase_chip+0x79>
40087583:	00a0a2        	movi	a10, 0
40087586:	0008e0        	callx8	a8
40087589:	06a182        	movi	a8, 0x106
4008758c:	0c9287        	bne	a2, a8, 4008759c <spi_flash_chip_generic_erase_chip+0x8c>
4008758f:	1788      	l32i.n	a8, a7, 4
40087591:	b888      	l32i.n	a8, a8, 44
40087593:	1b0c      	movi.n	a11, 1
40087595:	07ad      	mov.n	a10, a7
40087597:	0008e0        	callx8	a8
4008759a:	0a2d      	mov.n	a2, a10
4008759c:	f01d      	retw.n
	...

400875a0 <spi_flash_chip_generic_set_write_protect>:
400875a0:	006136        	entry	a1, 48
400875a3:	743030        	extui	a3, a3, 0, 8
400875a6:	1288      	l32i.n	a8, a2, 4
400875a8:	152892        	l32i	a9, a8, 84
400875ab:	1888      	l32i.n	a8, a8, 4
400875ad:	08b8      	l32i.n	a11, a8, 0
400875af:	02ad      	mov.n	a10, a2
400875b1:	0009e0        	callx8	a9
400875b4:	40fa90        	nsau	a9, a10
400875b7:	419590        	srli	a9, a9, 5
400875ba:	faae82        	movi	a8, 0xfffffefa
400875bd:	8a8a      	add.n	a8, a10, a8
400875bf:	40f880        	nsau	a8, a8
400875c2:	418580        	srli	a8, a8, 5
400875c5:	209980        	or	a9, a9, a8
400875c8:	998c      	beqz.n	a9, 400875d5 <spi_flash_chip_generic_set_write_protect+0x35>
400875ca:	02a8      	l32i.n	a10, a2, 0
400875cc:	0a88      	l32i.n	a8, a10, 0
400875ce:	7888      	l32i.n	a8, a8, 28
400875d0:	03bd      	mov.n	a11, a3
400875d2:	0008e0        	callx8	a8
400875d5:	1288      	l32i.n	a8, a2, 4
400875d7:	a888      	l32i.n	a8, a8, 40
400875d9:	01bd      	mov.n	a11, a1
400875db:	02ad      	mov.n	a10, a2
400875dd:	0008e0        	callx8	a8
400875e0:	0a2d      	mov.n	a2, a10
400875e2:	7acc      	bnez.n	a10, 400875ed <spi_flash_chip_generic_set_write_protect+0x4d>
400875e4:	000182        	l8ui	a8, a1, 0
400875e7:	021837        	beq	a8, a3, 400875ed <spi_flash_chip_generic_set_write_protect+0x4d>
400875ea:	05a122        	movi	a2, 0x105
400875ed:	f01d      	retw.n
	...

400875f0 <spi_flash_chip_generic_read_reg>:
400875f0:	004136        	entry	a1, 32
400875f3:	04bd      	mov.n	a11, a4
400875f5:	02a8      	l32i.n	a10, a2, 0
400875f7:	0a88      	l32i.n	a8, a10, 0
400875f9:	6888      	l32i.n	a8, a8, 24
400875fb:	0008e0        	callx8	a8
400875fe:	0a2d      	mov.n	a2, a10
40087600:	f01d      	retw.n
	...

40087604 <spi_flash_chip_generic_wait_idle>:
40087604:	006136        	entry	a1, 48
40087607:	050326        	beqi	a3, -1, 40087610 <spi_flash_chip_generic_wait_idle+0xc>
4008760a:	037d      	mov.n	a7, a3
4008760c:	000086        	j	40087612 <spi_flash_chip_generic_wait_idle+0xe>
4008760f:	00          	.byte	00
40087610:	070c      	movi.n	a7, 0
40087612:	771b      	addi.n	a7, a7, 1
40087614:	001c46        	j	40087689 <spi_flash_chip_generic_wait_idle+0x85>
40087617:	00          	.byte	00
40087618:	00          	.byte	00
40087619:	1327b6        	bltui	a7, 2, 40087630 <spi_flash_chip_generic_wait_idle+0x2c>
4008761c:	150c      	movi.n	a5, 1
4008761e:	635750        	minu	a5, a7, a5
40087621:	2288      	l32i.n	a8, a2, 8
40087623:	3888      	l32i.n	a8, a8, 12
40087625:	05bd      	mov.n	a11, a5
40087627:	0322a2        	l32i	a10, a2, 12
4008762a:	0008e0        	callx8	a8
4008762d:	c07750        	sub	a7, a7, a5
40087630:	02a8      	l32i.n	a10, a2, 0
40087632:	0a88      	l32i.n	a8, a10, 0
40087634:	e888      	l32i.n	a8, a8, 56
40087636:	0008e0        	callx8	a8
40087639:	1acc      	bnez.n	a10, 4008763e <spi_flash_chip_generic_wait_idle+0x3a>
4008763b:	fda756        	bnez	a7, 40087619 <spi_flash_chip_generic_wait_idle+0x15>
4008763e:	1288      	l32i.n	a8, a2, 4
40087640:	192882        	l32i	a8, a8, 100
40087643:	01cd      	mov.n	a12, a1
40087645:	1b0c      	movi.n	a11, 1
40087647:	02ad      	mov.n	a10, a2
40087649:	0008e0        	callx8	a8
4008764c:	046a56        	bnez	a10, 40087696 <spi_flash_chip_generic_wait_idle+0x92>
4008764f:	0188      	l32i.n	a8, a1, 0
40087651:	11e807        	bbsi	a8, 0, 40087666 <spi_flash_chip_generic_wait_idle+0x62>
40087654:	7298      	l32i.n	a9, a2, 28
40087656:	326907        	bbci	a9, 0, 4008768c <spi_flash_chip_generic_wait_idle+0x88>
40087659:	ea7c      	movi.n	a10, -2
4008765b:	1099a0        	and	a9, a9, a10
4008765e:	7299      	s32i.n	a9, a2, 28
40087660:	286817        	bbci	a8, 1, 4008768c <spi_flash_chip_generic_wait_idle+0x88>
40087663:	000706        	j	40087683 <spi_flash_chip_generic_wait_idle+0x7f>
40087666:	f79c      	beqz.n	a7, 40087689 <spi_flash_chip_generic_wait_idle+0x85>
40087668:	451c      	movi.n	a5, 20
4008766a:	635750        	minu	a5, a7, a5
4008766d:	2288      	l32i.n	a8, a2, 8
4008766f:	3888      	l32i.n	a8, a8, 12
40087671:	05bd      	mov.n	a11, a5
40087673:	32a8      	l32i.n	a10, a2, 12
40087675:	0008e0        	callx8	a8
40087678:	0d0326        	beqi	a3, -1, 40087689 <spi_flash_chip_generic_wait_idle+0x85>
4008767b:	c07750        	sub	a7, a7, a5
4008767e:	0001c6        	j	40087689 <spi_flash_chip_generic_wait_idle+0x85>
40087681:	00          	.byte	00
40087682:	00          	.byte	00
40087683:	06a1a2        	movi	a10, 0x106
40087686:	000306        	j	40087696 <spi_flash_chip_generic_wait_idle+0x92>
40087689:	fa3756        	bnez	a7, 40087630 <spi_flash_chip_generic_wait_idle+0x2c>
4008768c:	378c      	beqz.n	a7, 40087693 <spi_flash_chip_generic_wait_idle+0x8f>
4008768e:	0a0c      	movi.n	a10, 0
40087690:	000086        	j	40087696 <spi_flash_chip_generic_wait_idle+0x92>
40087693:	07a1a2        	movi	a10, 0x107
40087696:	0a2d      	mov.n	a2, a10
40087698:	f01d      	retw.n
	...

4008769c <spi_flash_chip_generic_read_unique_id_none>:
4008769c:	004136        	entry	a1, 32
4008769f:	06a122        	movi	a2, 0x106
400876a2:	f01d      	retw.n

400876a4 <spi_flash_chip_issi_probe>:
400876a4:	004136        	entry	a1, 32
400876a7:	f59030        	extui	a9, a3, 16, 16
400876aa:	9da082        	movi	a8, 157
400876ad:	109987        	bne	a9, a8, 400876c1 <spi_flash_chip_issi_probe+0x1d>
400876b0:	e51f81        	l32r	a8, 40080b2c <_init_end+0x72c> (cf00 <_image_ram_size+0xb40>)
400876b3:	103380        	and	a3, a3, a8
400876b6:	e4d781        	l32r	a8, 40080a14 <_init_end+0x614> (4000 <_image_irom_size+0x160>)
400876b9:	0b9387        	bne	a3, a8, 400876c8 <spi_flash_chip_issi_probe+0x24>
400876bc:	020c      	movi.n	a2, 0
400876be:	000246        	j	400876cb <spi_flash_chip_issi_probe+0x27>
400876c1:	05a122        	movi	a2, 0x105
400876c4:	0000c6        	j	400876cb <spi_flash_chip_issi_probe+0x27>
400876c7:	00          	.byte	00
400876c8:	05a122        	movi	a2, 0x105
400876cb:	f01d      	retw.n
400876cd:	000000        	ill

400876d0 <spi_flash_chip_issi_set_io_mode>:
400876d0:	004136        	entry	a1, 32
400876d3:	02ad      	mov.n	a10, a2
400876d5:	0d4c      	movi.n	a13, 64
400876d7:	e516c1        	l32r	a12, 40080b30 <_init_end+0x730> (40087410 <spi_flash_common_read_status_8b_rdsr>)
400876da:	e516b1        	l32r	a11, 40080b34 <_init_end+0x734> (40087428 <spi_flash_common_write_status_8b_wrsr>)
400876dd:	ffd7a5        	call8	40087458 <spi_flash_common_set_io_mode>
400876e0:	0a2d      	mov.n	a2, a10
400876e2:	f01d      	retw.n

400876e4 <spi_flash_chip_issi_get_io_mode>:
400876e4:	006136        	entry	a1, 48
400876e7:	20a220        	or	a10, a2, a2
400876ea:	20b110        	or	a11, a1, a1
400876ed:	ffd225        	call8	40087410 <spi_flash_common_read_status_8b_rdsr>
400876f0:	202aa0        	or	a2, a10, a10
400876f3:	aacc      	bnez.n	a10, 40087701 <spi_flash_chip_issi_get_io_mode+0x1d>
400876f5:	0188      	l32i.n	a8, a1, 0
400876f7:	418480        	srli	a8, a8, 4
400876fa:	490c      	movi.n	a9, 4
400876fc:	108890        	and	a8, a8, a9
400876ff:	0389      	s32i.n	a8, a3, 0
40087701:	f01d      	retw.n
	...

40087704 <spi_flash_chip_issi_get_caps>:
40087704:	004136        	entry	a1, 32
40087707:	420c      	movi.n	a2, 4
40087709:	f01d      	retw.n
	...

4008770c <spi_flash_chip_mxic_detect_size>:
4008770c:	004136        	entry	a1, 32
4008770f:	6288      	l32i.n	a8, a2, 24
40087711:	0c0c      	movi.n	a12, 0
40087713:	03c9      	s32i.n	a12, a3, 0
40087715:	f4a080        	extui	a10, a8, 0, 16
40087718:	190c      	movi.n	a9, 1
4008771a:	0cbd      	mov.n	a11, a12
4008771c:	83b9a0        	moveqz	a11, a9, a10
4008771f:	e33dd1        	l32r	a13, 40080414 <_init_end+0x14> (ffff <_image_ram_size+0x3c3f>)
40087722:	c0aad0        	sub	a10, a10, a13
40087725:	939ca0        	movnez	a9, a12, a10
40087728:	209b90        	or	a9, a11, a9
4008772b:	99dc      	bnez.n	a9, 40087748 <spi_flash_chip_mxic_detect_size+0x3c>
4008772d:	748080        	extui	a8, a8, 0, 8
40087730:	093c      	movi.n	a9, 48
40087732:	02b987        	bgeu	a9, a8, 40087738 <spi_flash_chip_mxic_detect_size+0x2c>
40087735:	e0c882        	addi	a8, a8, -32
40087738:	190c      	movi.n	a9, 1
4008773a:	401800        	ssl	a8
4008773d:	a18900        	sll	a8, a9
40087740:	0389      	s32i.n	a8, a3, 0
40087742:	020c      	movi.n	a2, 0
40087744:	0000c6        	j	4008774b <spi_flash_chip_mxic_detect_size+0x3f>
40087747:	00          	.byte	00
40087748:	e4e921        	l32r	a2, 40080aec <_init_end+0x6ec> (6005 <CONFIG_SOC_ADC_SAMPLE_FREQ_THRES_LOW+0x11e5>)
4008774b:	f01d      	retw.n
4008774d:	000000        	ill

40087750 <spi_flash_chip_mxic_probe>:
40087750:	004136        	entry	a1, 32
40087753:	f53030        	extui	a3, a3, 16, 16
40087756:	c2a082        	movi	a8, 194
40087759:	0b9387        	bne	a3, a8, 40087768 <spi_flash_chip_mxic_probe+0x18>
4008775c:	4288      	l32i.n	a8, a2, 16
4008775e:	f90c      	movi.n	a9, 15
40087760:	0c3987        	bltu	a9, a8, 40087770 <spi_flash_chip_mxic_probe+0x20>
40087763:	020c      	movi.n	a2, 0
40087765:	000286        	j	40087773 <spi_flash_chip_mxic_probe+0x23>
40087768:	05a122        	movi	a2, 0x105
4008776b:	000106        	j	40087773 <spi_flash_chip_mxic_probe+0x23>
4008776e:	00          	.byte	00
4008776f:	00          	.byte	00
40087770:	05a122        	movi	a2, 0x105
40087773:	f01d      	retw.n
40087775:	000000        	ill

40087778 <spi_flash_chip_mxic_get_caps>:
40087778:	004136        	entry	a1, 32
4008777b:	020c      	movi.n	a2, 0
4008777d:	f01d      	retw.n
	...

40087780 <spi_flash_chip_winbond_suspend_cmd_conf>:
40087780:	006136        	entry	a1, 48
40087783:	8c0c      	movi.n	a12, 8
40087785:	00a0b2        	movi	a11, 0
40087788:	01ad      	mov.n	a10, a1
4008778a:	e38f81        	l32r	a8, 400805c8 <_init_end+0x1c8> (4000c44c <memset>)
4008778d:	0008e0        	callx8	a8
40087790:	80a082        	movi	a8, 128
40087793:	0189      	s32i.n	a8, a1, 0
40087795:	583c      	movi.n	a8, 53
40087797:	044182        	s8i	a8, a1, 4
4008779a:	75a082        	movi	a8, 117
4008779d:	054182        	s8i	a8, a1, 5
400877a0:	7aa082        	movi	a8, 122
400877a3:	064182        	s8i	a8, a1, 6
400877a6:	02a8      	l32i.n	a10, a2, 0
400877a8:	0a88      	l32i.n	a8, a10, 0
400877aa:	152882        	l32i	a8, a8, 84
400877ad:	01bd      	mov.n	a11, a1
400877af:	0008e0        	callx8	a8
400877b2:	0a2d      	mov.n	a2, a10
400877b4:	f01d      	retw.n
	...

400877b8 <spi_flash_command_winbond_program_4B>:
400877b8:	008136        	entry	a1, 64
400877bb:	cc1c      	movi.n	a12, 28
400877bd:	0b0c      	movi.n	a11, 0
400877bf:	20a110        	or	a10, a1, a1
400877c2:	e38181        	l32r	a8, 400805c8 <_init_end+0x1c8> (4000c44c <memset>)
400877c5:	0008e0        	callx8	a8
400877c8:	014152        	s8i	a5, a1, 1
400877cb:	e4cf81        	l32r	a8, 40080b08 <_init_end+0x708> (ffffff <CONFIG_SOC_GPIO_VALID_DIGITAL_IO_PAD_MASK+0x10f015>)
400877ce:	04b847        	bgeu	a8, a4, 400877d6 <spi_flash_command_winbond_program_4B+0x1e>
400877d1:	082c      	movi.n	a8, 32
400877d3:	000046        	j	400877d8 <spi_flash_command_winbond_program_4B+0x20>
400877d6:	881c      	movi.n	a8, 24
400877d8:	034182        	s8i	a8, a1, 3
400877db:	1149      	s32i.n	a4, a1, 4
400877dd:	2139      	s32i.n	a3, a1, 8
400877df:	880c      	movi.n	a8, 8
400877e1:	4189      	s32i.n	a8, a1, 16
400877e3:	e4c981        	l32r	a8, 40080b08 <_init_end+0x708> (ffffff <CONFIG_SOC_GPIO_VALID_DIGITAL_IO_PAD_MASK+0x10f015>)
400877e6:	04b847        	bgeu	a8, a4, 400877ee <spi_flash_command_winbond_program_4B+0x36>
400877e9:	281c      	movi.n	a8, 18
400877eb:	000046        	j	400877f0 <spi_flash_command_winbond_program_4B+0x38>
400877ee:	280c      	movi.n	a8, 2
400877f0:	0a5182        	s16i	a8, a1, 20
400877f3:	02a8      	l32i.n	a10, a2, 0
400877f5:	0a88      	l32i.n	a8, a10, 0
400877f7:	1888      	l32i.n	a8, a8, 4
400877f9:	01bd      	mov.n	a11, a1
400877fb:	0008e0        	callx8	a8
400877fe:	0a2d      	mov.n	a2, a10
40087800:	f01d      	retw.n
	...

40087804 <spi_flash_chip_winbond_page_program>:
40087804:	004136        	entry	a1, 32
40087807:	027d      	mov.n	a7, a2
40087809:	1288      	l32i.n	a8, a2, 4
4008780b:	152892        	l32i	a9, a8, 84
4008780e:	1888      	l32i.n	a8, a8, 4
40087810:	08b8      	l32i.n	a11, a8, 0
40087812:	02ad      	mov.n	a10, a2
40087814:	0009e0        	callx8	a9
40087817:	0a2d      	mov.n	a2, a10
40087819:	40fa90        	nsau	a9, a10
4008781c:	419590        	srli	a9, a9, 5
4008781f:	faae82        	movi	a8, 0xfffffefa
40087822:	8a8a      	add.n	a8, a10, a8
40087824:	40f880        	nsau	a8, a8
40087827:	418580        	srli	a8, a8, 5
4008782a:	209980        	or	a9, a9, a8
4008782d:	99bc      	beqz.n	a9, 4008786a <spi_flash_chip_winbond_page_program+0x66>
4008782f:	05dd      	mov.n	a13, a5
40087831:	04cd      	mov.n	a12, a4
40087833:	03bd      	mov.n	a11, a3
40087835:	07ad      	mov.n	a10, a7
40087837:	fff825        	call8	400877b8 <spi_flash_command_winbond_program_4B>
4008783a:	0a2d      	mov.n	a2, a10
4008783c:	aaec      	bnez.n	a10, 4008786a <spi_flash_chip_winbond_page_program+0x66>
4008783e:	7788      	l32i.n	a8, a7, 28
40087840:	190c      	movi.n	a9, 1
40087842:	208890        	or	a8, a8, a9
40087845:	7789      	s32i.n	a8, a7, 28
40087847:	1788      	l32i.n	a8, a7, 4
40087849:	152892        	l32i	a9, a8, 84
4008784c:	1888      	l32i.n	a8, a8, 4
4008784e:	48b8      	l32i.n	a11, a8, 16
40087850:	07ad      	mov.n	a10, a7
40087852:	0009e0        	callx8	a9
40087855:	0a2d      	mov.n	a2, a10
40087857:	06a182        	movi	a8, 0x106
4008785a:	0c9a87        	bne	a10, a8, 4008786a <spi_flash_chip_winbond_page_program+0x66>
4008785d:	1788      	l32i.n	a8, a7, 4
4008785f:	b888      	l32i.n	a8, a8, 44
40087861:	1b0c      	movi.n	a11, 1
40087863:	07ad      	mov.n	a10, a7
40087865:	0008e0        	callx8	a8
40087868:	0a2d      	mov.n	a2, a10
4008786a:	f01d      	retw.n

4008786c <spi_flash_command_winbond_erase_sector_4B>:
4008786c:	008136        	entry	a1, 64
4008786f:	cc1c      	movi.n	a12, 28
40087871:	0b0c      	movi.n	a11, 0
40087873:	20a110        	or	a10, a1, a1
40087876:	e35481        	l32r	a8, 400805c8 <_init_end+0x1c8> (4000c44c <memset>)
40087879:	0008e0        	callx8	a8
4008787c:	e4a381        	l32r	a8, 40080b08 <_init_end+0x708> (ffffff <CONFIG_SOC_GPIO_VALID_DIGITAL_IO_PAD_MASK+0x10f015>)
4008787f:	05b837        	bgeu	a8, a3, 40087888 <spi_flash_command_winbond_erase_sector_4B+0x1c>
40087882:	082c      	movi.n	a8, 32
40087884:	000086        	j	4008788a <spi_flash_command_winbond_erase_sector_4B+0x1e>
40087887:	00          	.byte	00
40087888:	881c      	movi.n	a8, 24
4008788a:	034182        	s8i	a8, a1, 3
4008788d:	1139      	s32i.n	a3, a1, 4
4008788f:	880c      	movi.n	a8, 8
40087891:	4189      	s32i.n	a8, a1, 16
40087893:	e49d81        	l32r	a8, 40080b08 <_init_end+0x708> (ffffff <CONFIG_SOC_GPIO_VALID_DIGITAL_IO_PAD_MASK+0x10f015>)
40087896:	04b837        	bgeu	a8, a3, 4008789e <spi_flash_command_winbond_erase_sector_4B+0x32>
40087899:	182c      	movi.n	a8, 33
4008789b:	000046        	j	400878a0 <spi_flash_command_winbond_erase_sector_4B+0x34>
4008789e:	082c      	movi.n	a8, 32
400878a0:	0a5182        	s16i	a8, a1, 20
400878a3:	02a8      	l32i.n	a10, a2, 0
400878a5:	0a88      	l32i.n	a8, a10, 0
400878a7:	1888      	l32i.n	a8, a8, 4
400878a9:	01bd      	mov.n	a11, a1
400878ab:	0008e0        	callx8	a8
400878ae:	0a2d      	mov.n	a2, a10
400878b0:	f01d      	retw.n
	...

400878b4 <spi_flash_chip_winbond_erase_sector>:
400878b4:	004136        	entry	a1, 32
400878b7:	027d      	mov.n	a7, a2
400878b9:	1288      	l32i.n	a8, a2, 4
400878bb:	b888      	l32i.n	a8, a8, 44
400878bd:	0b0c      	movi.n	a11, 0
400878bf:	02ad      	mov.n	a10, a2
400878c1:	0008e0        	callx8	a8
400878c4:	0a2d      	mov.n	a2, a10
400878c6:	eacc      	bnez.n	a10, 400878d8 <spi_flash_chip_winbond_erase_sector+0x24>
400878c8:	1788      	l32i.n	a8, a7, 4
400878ca:	152892        	l32i	a9, a8, 84
400878cd:	1888      	l32i.n	a8, a8, 4
400878cf:	08b8      	l32i.n	a11, a8, 0
400878d1:	07ad      	mov.n	a10, a7
400878d3:	0009e0        	callx8	a9
400878d6:	0a2d      	mov.n	a2, a10
400878d8:	40f290        	nsau	a9, a2
400878db:	419590        	srli	a9, a9, 5
400878de:	faae82        	movi	a8, 0xfffffefa
400878e1:	828a      	add.n	a8, a2, a8
400878e3:	40f880        	nsau	a8, a8
400878e6:	418580        	srli	a8, a8, 5
400878e9:	209980        	or	a9, a9, a8
400878ec:	068916        	beqz	a9, 40087958 <spi_flash_chip_winbond_erase_sector+0xa4>
400878ef:	2788      	l32i.n	a8, a7, 8
400878f1:	9888      	l32i.n	a8, a8, 36
400878f3:	388c      	beqz.n	a8, 400878fa <spi_flash_chip_winbond_erase_sector+0x46>
400878f5:	1a0c      	movi.n	a10, 1
400878f7:	0008e0        	callx8	a8
400878fa:	20b330        	or	a11, a3, a3
400878fd:	20a770        	or	a10, a7, a7
40087900:	fff6a5        	call8	4008786c <spi_flash_command_winbond_erase_sector_4B>
40087903:	202aa0        	or	a2, a10, a10
40087906:	04ea56        	bnez	a10, 40087958 <spi_flash_chip_winbond_erase_sector+0xa4>
40087909:	7788      	l32i.n	a8, a7, 28
4008790b:	190c      	movi.n	a9, 1
4008790d:	208890        	or	a8, a8, a9
40087910:	7789      	s32i.n	a8, a7, 28
40087912:	07a8      	l32i.n	a10, a7, 0
40087914:	0a88      	l32i.n	a8, a10, 0
40087916:	112882        	l32i	a8, a8, 68
40087919:	b88c      	beqz.n	a8, 40087928 <spi_flash_chip_winbond_erase_sector+0x74>
4008791b:	1798      	l32i.n	a9, a7, 4
4008791d:	89c8      	l32i.n	a12, a9, 32
4008791f:	03bd      	mov.n	a11, a3
40087921:	0008e0        	callx8	a8
40087924:	0a2d      	mov.n	a2, a10
40087926:	eaec      	bnez.n	a10, 40087958 <spi_flash_chip_winbond_erase_sector+0xa4>
40087928:	1788      	l32i.n	a8, a7, 4
4008792a:	152892        	l32i	a9, a8, 84
4008792d:	1888      	l32i.n	a8, a8, 4
4008792f:	38b8      	l32i.n	a11, a8, 12
40087931:	07ad      	mov.n	a10, a7
40087933:	0009e0        	callx8	a9
40087936:	0a2d      	mov.n	a2, a10
40087938:	2788      	l32i.n	a8, a7, 8
4008793a:	9888      	l32i.n	a8, a8, 36
4008793c:	488c      	beqz.n	a8, 40087944 <spi_flash_chip_winbond_erase_sector+0x90>
4008793e:	00a0a2        	movi	a10, 0
40087941:	0008e0        	callx8	a8
40087944:	06a182        	movi	a8, 0x106
40087947:	0d9287        	bne	a2, a8, 40087958 <spi_flash_chip_winbond_erase_sector+0xa4>
4008794a:	1788      	l32i.n	a8, a7, 4
4008794c:	b888      	l32i.n	a8, a8, 44
4008794e:	1b0c      	movi.n	a11, 1
40087950:	20a770        	or	a10, a7, a7
40087953:	0008e0        	callx8	a8
40087956:	0a2d      	mov.n	a2, a10
40087958:	f01d      	retw.n
	...

4008795c <spi_flash_command_erase_block_4B>:
4008795c:	008136        	entry	a1, 64
4008795f:	cc1c      	movi.n	a12, 28
40087961:	0b0c      	movi.n	a11, 0
40087963:	20a110        	or	a10, a1, a1
40087966:	e31881        	l32r	a8, 400805c8 <_init_end+0x1c8> (4000c44c <memset>)
40087969:	0008e0        	callx8	a8
4008796c:	e46781        	l32r	a8, 40080b08 <_init_end+0x708> (ffffff <CONFIG_SOC_GPIO_VALID_DIGITAL_IO_PAD_MASK+0x10f015>)
4008796f:	05b837        	bgeu	a8, a3, 40087978 <spi_flash_command_erase_block_4B+0x1c>
40087972:	082c      	movi.n	a8, 32
40087974:	000086        	j	4008797a <spi_flash_command_erase_block_4B+0x1e>
40087977:	00          	.byte	00
40087978:	881c      	movi.n	a8, 24
4008797a:	034182        	s8i	a8, a1, 3
4008797d:	1139      	s32i.n	a3, a1, 4
4008797f:	880c      	movi.n	a8, 8
40087981:	4189      	s32i.n	a8, a1, 16
40087983:	e46181        	l32r	a8, 40080b08 <_init_end+0x708> (ffffff <CONFIG_SOC_GPIO_VALID_DIGITAL_IO_PAD_MASK+0x10f015>)
40087986:	06b837        	bgeu	a8, a3, 40087990 <spi_flash_command_erase_block_4B+0x34>
40087989:	dca082        	movi	a8, 220
4008798c:	0000c6        	j	40087993 <spi_flash_command_erase_block_4B+0x37>
4008798f:	00          	.byte	00
40087990:	d8a082        	movi	a8, 216
40087993:	0a5182        	s16i	a8, a1, 20
40087996:	02a8      	l32i.n	a10, a2, 0
40087998:	0a88      	l32i.n	a8, a10, 0
4008799a:	1888      	l32i.n	a8, a8, 4
4008799c:	01bd      	mov.n	a11, a1
4008799e:	0008e0        	callx8	a8
400879a1:	0a2d      	mov.n	a2, a10
400879a3:	f01d      	retw.n
400879a5:	000000        	ill

400879a8 <spi_flash_chip_winbond_erase_block>:
400879a8:	004136        	entry	a1, 32
400879ab:	027d      	mov.n	a7, a2
400879ad:	1288      	l32i.n	a8, a2, 4
400879af:	b888      	l32i.n	a8, a8, 44
400879b1:	0b0c      	movi.n	a11, 0
400879b3:	02ad      	mov.n	a10, a2
400879b5:	0008e0        	callx8	a8
400879b8:	0a2d      	mov.n	a2, a10
400879ba:	eacc      	bnez.n	a10, 400879cc <spi_flash_chip_winbond_erase_block+0x24>
400879bc:	1788      	l32i.n	a8, a7, 4
400879be:	152892        	l32i	a9, a8, 84
400879c1:	1888      	l32i.n	a8, a8, 4
400879c3:	08b8      	l32i.n	a11, a8, 0
400879c5:	07ad      	mov.n	a10, a7
400879c7:	0009e0        	callx8	a9
400879ca:	0a2d      	mov.n	a2, a10
400879cc:	40f290        	nsau	a9, a2
400879cf:	419590        	srli	a9, a9, 5
400879d2:	faae82        	movi	a8, 0xfffffefa
400879d5:	828a      	add.n	a8, a2, a8
400879d7:	40f880        	nsau	a8, a8
400879da:	418580        	srli	a8, a8, 5
400879dd:	209980        	or	a9, a9, a8
400879e0:	068916        	beqz	a9, 40087a4c <spi_flash_chip_winbond_erase_block+0xa4>
400879e3:	2788      	l32i.n	a8, a7, 8
400879e5:	9888      	l32i.n	a8, a8, 36
400879e7:	388c      	beqz.n	a8, 400879ee <spi_flash_chip_winbond_erase_block+0x46>
400879e9:	1a0c      	movi.n	a10, 1
400879eb:	0008e0        	callx8	a8
400879ee:	20b330        	or	a11, a3, a3
400879f1:	20a770        	or	a10, a7, a7
400879f4:	fff665        	call8	4008795c <spi_flash_command_erase_block_4B>
400879f7:	202aa0        	or	a2, a10, a10
400879fa:	04ea56        	bnez	a10, 40087a4c <spi_flash_chip_winbond_erase_block+0xa4>
400879fd:	7788      	l32i.n	a8, a7, 28
400879ff:	190c      	movi.n	a9, 1
40087a01:	208890        	or	a8, a8, a9
40087a04:	7789      	s32i.n	a8, a7, 28
40087a06:	07a8      	l32i.n	a10, a7, 0
40087a08:	0a88      	l32i.n	a8, a10, 0
40087a0a:	112882        	l32i	a8, a8, 68
40087a0d:	b88c      	beqz.n	a8, 40087a1c <spi_flash_chip_winbond_erase_block+0x74>
40087a0f:	1798      	l32i.n	a9, a7, 4
40087a11:	99c8      	l32i.n	a12, a9, 36
40087a13:	03bd      	mov.n	a11, a3
40087a15:	0008e0        	callx8	a8
40087a18:	0a2d      	mov.n	a2, a10
40087a1a:	eaec      	bnez.n	a10, 40087a4c <spi_flash_chip_winbond_erase_block+0xa4>
40087a1c:	1788      	l32i.n	a8, a7, 4
40087a1e:	152892        	l32i	a9, a8, 84
40087a21:	1888      	l32i.n	a8, a8, 4
40087a23:	28b8      	l32i.n	a11, a8, 8
40087a25:	07ad      	mov.n	a10, a7
40087a27:	0009e0        	callx8	a9
40087a2a:	0a2d      	mov.n	a2, a10
40087a2c:	2788      	l32i.n	a8, a7, 8
40087a2e:	9888      	l32i.n	a8, a8, 36
40087a30:	488c      	beqz.n	a8, 40087a38 <spi_flash_chip_winbond_erase_block+0x90>
40087a32:	00a0a2        	movi	a10, 0
40087a35:	0008e0        	callx8	a8
40087a38:	06a182        	movi	a8, 0x106
40087a3b:	0d9287        	bne	a2, a8, 40087a4c <spi_flash_chip_winbond_erase_block+0xa4>
40087a3e:	1788      	l32i.n	a8, a7, 4
40087a40:	b888      	l32i.n	a8, a8, 44
40087a42:	1b0c      	movi.n	a11, 1
40087a44:	20a770        	or	a10, a7, a7
40087a47:	0008e0        	callx8	a8
40087a4a:	0a2d      	mov.n	a2, a10
40087a4c:	f01d      	retw.n
	...

40087a50 <spi_flash_chip_winbond_read>:
40087a50:	010136        	entry	a1, 128
40087a53:	1288      	l32i.n	a8, a2, 4
40087a55:	132892        	l32i	a9, a8, 76
40087a58:	176192        	s32i	a9, a1, 92
40087a5b:	945a      	add.n	a9, a4, a5
40087a5d:	e3e1a1        	l32r	a10, 400809e4 <_init_end+0x5e4> (1000000 <CONFIG_SOC_GPIO_VALID_DIGITAL_IO_PAD_MASK+0x10f016>)
40087a60:	063a97        	bltu	a10, a9, 40087a6a <spi_flash_chip_winbond_read+0x1a>
40087a63:	0b0c      	movi.n	a11, 0
40087a65:	0000c6        	j	40087a6c <spi_flash_chip_winbond_read+0x1c>
40087a68:	00          	.byte	00
40087a69:	00          	.byte	00
40087a6a:	1b0c      	movi.n	a11, 1
40087a6c:	1e2882        	l32i	a8, a8, 120
40087a6f:	02ad      	mov.n	a10, a2
40087a71:	0008e0        	callx8	a8
40087a74:	1561a2        	s32i	a10, a1, 84
40087a77:	06a182        	movi	a8, 0x106
40087a7a:	669a87        	bne	a10, a8, 40087ae4 <spi_flash_chip_winbond_read+0x94>
40087a7d:	001c06        	j	40087af1 <spi_flash_chip_winbond_read+0xa1>
40087a80:	00          	.byte	00
40087a81:	614b      	addi.n	a6, a1, 4
40087a83:	0c4c      	movi.n	a12, 64
40087a85:	ffa0b2        	movi	a11, 255
40087a88:	06ad      	mov.n	a10, a6
40087a8a:	e2cf81        	l32r	a8, 400805c8 <_init_end+0x1c8> (4000c44c <memset>)
40087a8d:	0008e0        	callx8	a8
40087a90:	02a8      	l32i.n	a10, a2, 0
40087a92:	0a88      	l32i.n	a8, a10, 0
40087a94:	d888      	l32i.n	a8, a8, 52
40087a96:	1721e2        	l32i	a14, a1, 92
40087a99:	01dd      	mov.n	a13, a1
40087a9b:	05cd      	mov.n	a12, a5
40087a9d:	04bd      	mov.n	a11, a4
40087a9f:	0008e0        	callx8	a8
40087aa2:	0add      	mov.n	a13, a10
40087aa4:	01c8      	l32i.n	a12, a1, 0
40087aa6:	c084c0        	sub	a8, a4, a12
40087aa9:	166182        	s32i	a8, a1, 88
40087aac:	745a      	add.n	a7, a4, a5
40087aae:	8caa      	add.n	a8, a12, a10
40087ab0:	637780        	minu	a7, a7, a8
40087ab3:	c08740        	sub	a8, a7, a4
40087ab6:	146182        	s32i	a8, a1, 80
40087ab9:	02a8      	l32i.n	a10, a2, 0
40087abb:	0a88      	l32i.n	a8, a10, 0
40087abd:	b888      	l32i.n	a8, a8, 44
40087abf:	20b660        	or	a11, a6, a6
40087ac2:	0008e0        	callx8	a8
40087ac5:	1561a2        	s32i	a10, a1, 84
40087ac8:	1421c2        	l32i	a12, a1, 80
40087acb:	162192        	l32i	a9, a1, 88
40087ace:	b69a      	add.n	a11, a6, a9
40087ad0:	03ad      	mov.n	a10, a3
40087ad2:	e28581        	l32r	a8, 400804e8 <_init_end+0xe8> (4000c2c8 <memcpy>)
40087ad5:	0008e0        	callx8	a8
40087ad8:	142182        	l32i	a8, a1, 80
40087adb:	338a      	add.n	a3, a3, a8
40087add:	c04470        	sub	a4, a4, a7
40087ae0:	554a      	add.n	a5, a5, a4
40087ae2:	074d      	mov.n	a4, a7
40087ae4:	180c      	movi.n	a8, 1
40087ae6:	838550        	moveqz	a8, a5, a5
40087ae9:	152192        	l32i	a9, a1, 84
40087aec:	19cc      	bnez.n	a9, 40087af1 <spi_flash_chip_winbond_read+0xa1>
40087aee:	f8f856        	bnez	a8, 40087a81 <spi_flash_chip_winbond_read+0x31>
40087af1:	152122        	l32i	a2, a1, 84
40087af4:	f01d      	retw.n
	...

40087af8 <spi_flash_chip_winbond_probe>:
40087af8:	004136        	entry	a1, 32
40087afb:	f53030        	extui	a3, a3, 16, 16
40087afe:	efa082        	movi	a8, 239
40087b01:	049387        	bne	a3, a8, 40087b09 <spi_flash_chip_winbond_probe+0x11>
40087b04:	020c      	movi.n	a2, 0
40087b06:	000086        	j	40087b0c <spi_flash_chip_winbond_probe+0x14>
40087b09:	05a122        	movi	a2, 0x105
40087b0c:	f01d      	retw.n
	...

40087b10 <spi_flash_chip_winbond_get_caps>:
40087b10:	004136        	entry	a1, 32
40087b13:	180282        	l8ui	a8, a2, 24
40087b16:	891c      	movi.n	a9, 24
40087b18:	043987        	bltu	a9, a8, 40087b20 <spi_flash_chip_winbond_get_caps+0x10>
40087b1b:	020c      	movi.n	a2, 0
40087b1d:	000046        	j	40087b22 <spi_flash_chip_winbond_get_caps+0x12>
40087b20:	220c      	movi.n	a2, 2
40087b22:	480c      	movi.n	a8, 4
40087b24:	202280        	or	a2, a2, a8
40087b27:	f01d      	retw.n
40087b29:	000000        	ill

40087b2c <memspi_host_read_status_hs>:
40087b2c:	008136        	entry	a1, 64
40087b2f:	0b0c      	movi.n	a11, 0
40087b31:	01b9      	s32i.n	a11, a1, 0
40087b33:	714b      	addi.n	a7, a1, 4
40087b35:	cc1c      	movi.n	a12, 28
40087b37:	20a770        	or	a10, a7, a7
40087b3a:	e2a381        	l32r	a8, 400805c8 <_init_end+0x1c8> (4000c44c <memset>)
40087b3d:	0008e0        	callx8	a8
40087b40:	180c      	movi.n	a8, 1
40087b42:	064182        	s8i	a8, a1, 6
40087b45:	4119      	s32i.n	a1, a1, 16
40087b47:	580c      	movi.n	a8, 5
40087b49:	0c5182        	s16i	a8, a1, 24
40087b4c:	0288      	l32i.n	a8, a2, 0
40087b4e:	1888      	l32i.n	a8, a8, 4
40087b50:	07bd      	mov.n	a11, a7
40087b52:	20a220        	or	a10, a2, a2
40087b55:	0008e0        	callx8	a8
40087b58:	0a2d      	mov.n	a2, a10
40087b5a:	3acc      	bnez.n	a10, 40087b61 <memspi_host_read_status_hs+0x35>
40087b5c:	0188      	l32i.n	a8, a1, 0
40087b5e:	004382        	s8i	a8, a3, 0
40087b61:	f01d      	retw.n
	...

40087b64 <memspi_host_read_id_hs>:
40087b64:	008136        	entry	a1, 64
40087b67:	0b0c      	movi.n	a11, 0
40087b69:	01b9      	s32i.n	a11, a1, 0
40087b6b:	714b      	addi.n	a7, a1, 4
40087b6d:	cc1c      	movi.n	a12, 28
40087b6f:	20a770        	or	a10, a7, a7
40087b72:	e29581        	l32r	a8, 400805c8 <_init_end+0x1c8> (4000c44c <memset>)
40087b75:	0008e0        	callx8	a8
40087b78:	380c      	movi.n	a8, 3
40087b7a:	064182        	s8i	a8, a1, 6
40087b7d:	4119      	s32i.n	a1, a1, 16
40087b7f:	9fa082        	movi	a8, 159
40087b82:	0c5182        	s16i	a8, a1, 24
40087b85:	0288      	l32i.n	a8, a2, 0
40087b87:	1888      	l32i.n	a8, a8, 4
40087b89:	07bd      	mov.n	a11, a7
40087b8b:	02ad      	mov.n	a10, a2
40087b8d:	0008e0        	callx8	a8
40087b90:	0198      	l32i.n	a9, a1, 0
40087b92:	e3dd81        	l32r	a8, 40080b08 <_init_end+0x708> (ffffff <CONFIG_SOC_GPIO_VALID_DIGITAL_IO_PAD_MASK+0x10f015>)
40087b95:	c08980        	sub	a8, a9, a8
40087b98:	40f880        	nsau	a8, a8
40087b9b:	418580        	srli	a8, a8, 5
40087b9e:	40f9a0        	nsau	a10, a9
40087ba1:	41a5a0        	srli	a10, a10, 5
40087ba4:	2088a0        	or	a8, a8, a10
40087ba7:	189c      	beqz.n	a8, 40087bbc <memspi_host_read_id_hs+0x58>
40087ba9:	e3e3b1        	l32r	a11, 40080b38 <_init_end+0x738> (3ffb109c <TAG>)
40087bac:	e3e4a1        	l32r	a10, 40080b3c <_init_end+0x73c> (3ffb03c8 <levels$0+0x1a4>)
40087baf:	e25581        	l32r	a8, 40080504 <_init_end+0x104> (40007d54 <esp_rom_printf>)
40087bb2:	0008e0        	callx8	a8
40087bb5:	08a122        	movi	a2, 0x108
40087bb8:	000706        	j	40087bd8 <memspi_host_read_id_hs+0x74>
40087bbb:	00          	.byte	00
40087bbc:	f58090        	extui	a8, a9, 16, 16
40087bbf:	00afa2        	movi	a10, 0xffffff00
40087bc2:	10a9a0        	and	a10, a9, a10
40087bc5:	f4a0a0        	extui	a10, a10, 0, 16
40087bc8:	2088a0        	or	a8, a8, a10
40087bcb:	749090        	extui	a9, a9, 0, 8
40087bce:	119900        	slli	a9, a9, 16
40087bd1:	208890        	or	a8, a8, a9
40087bd4:	0389      	s32i.n	a8, a3, 0
40087bd6:	020c      	movi.n	a2, 0
40087bd8:	f01d      	retw.n
	...

40087bdc <memspi_host_flush_cache>:
40087bdc:	004136        	entry	a1, 32
40087bdf:	012292        	l32i	a9, a2, 4
40087be2:	e23681        	l32r	a8, 400804bc <_init_end+0xbc> (3ff42000 <SPI1>)
40087be5:	089987        	bne	a9, a8, 40087bf1 <memspi_host_flush_cache+0x15>
40087be8:	20b440        	or	a11, a4, a4
40087beb:	20a330        	or	a10, a3, a3
40087bee:	f90ea5        	call8	40080cd8 <spi_flash_check_and_flush_cache>
40087bf1:	020c      	movi.n	a2, 0
40087bf3:	f01d      	retw.n
40087bf5:	000000        	ill

40087bf8 <memspi_host_init_pointers>:
40087bf8:	004136        	entry	a1, 32
40087bfb:	02ad      	mov.n	a10, a2
40087bfd:	03bd      	mov.n	a11, a3
40087bff:	e3d091        	l32r	a9, 40080b40 <_init_end+0x740> (c0070000 <_rtc_force_slow_end+0x7006ffd8>)
40087c02:	929a      	add.n	a9, a2, a9
40087c04:	01a082        	movi	a8, 1
40087c07:	e3cfc1        	l32r	a12, 40080b44 <_init_end+0x744> (131fff <procpu_iram0_len+0xf9fff>)
40087c0a:	02bc97        	bgeu	a12, a9, 40087c10 <memspi_host_init_pointers+0x18>
40087c0d:	00a082        	movi	a8, 0
40087c10:	748080        	extui	a8, a8, 0, 8
40087c13:	e2cec1        	l32r	a12, 4008074c <_init_end+0x34c> (b0000000 <_rtc_force_slow_end+0x5fffffd8>)
40087c16:	80cac0        	add	a12, a10, a12
40087c19:	01a092        	movi	a9, 1
40087c1c:	e2cad1        	l32r	a13, 40080744 <_init_end+0x344> (1fff <CONFIG_BOOTLOADER_OFFSET_IN_FLASH+0xfff>)
40087c1f:	02bdc7        	bgeu	a13, a12, 40087c25 <memspi_host_init_pointers+0x2d>
40087c22:	00a092        	movi	a9, 0
40087c25:	749090        	extui	a9, a9, 0, 8
40087c28:	58cc      	bnez.n	a8, 40087c31 <memspi_host_init_pointers+0x39>
40087c2a:	39cc      	bnez.n	a9, 40087c31 <memspi_host_init_pointers+0x39>
40087c2c:	072b82        	l32i	a8, a11, 28
40087c2f:	e88c      	beqz.n	a8, 40087c41 <memspi_host_init_pointers+0x49>
40087c31:	e3c581        	l32r	a8, 40080b48 <_init_end+0x748> (3ffb146c <esp_flash_default_host>)
40087c34:	0a89      	s32i.n	a8, a10, 0
40087c36:	0130a5        	call8	40088f40 <spi_flash_hal_init>
40087c39:	0a2d      	mov.n	a2, a10
40087c3b:	000146        	j	40087c44 <memspi_host_init_pointers+0x4c>
40087c3e:	00          	.byte	00
40087c3f:	00          	.byte	00
40087c40:	00          	.byte	00
40087c41:	02a122        	movi	a2, 0x102
40087c44:	f01d      	retw.n
	...

40087c48 <memspi_host_write_data_slicer>:
40087c48:	004136        	entry	a1, 32
40087c4b:	9288      	l32i.n	a8, a2, 36
40087c4d:	186807        	bbci	a8, 0, 40087c69 <memspi_host_write_data_slicer+0x21>
40087c50:	106307        	bbci	a3, 0, 40087c64 <memspi_host_write_data_slicer+0x1c>
40087c53:	066407        	bbci	a4, 0, 40087c5d <memspi_host_write_data_slicer+0x15>
40087c56:	330b      	addi.n	a3, a3, -1
40087c58:	441b      	addi.n	a4, a4, 1
40087c5a:	0002c6        	j	40087c69 <memspi_host_write_data_slicer+0x21>
40087c5d:	330b      	addi.n	a3, a3, -1
40087c5f:	442b      	addi.n	a4, a4, 2
40087c61:	000106        	j	40087c69 <memspi_host_write_data_slicer+0x21>
40087c64:	016407        	bbci	a4, 0, 40087c69 <memspi_host_write_data_slicer+0x21>
40087c67:	441b      	addi.n	a4, a4, 1
40087c69:	e28360        	remu	a8, a3, a6
40087c6c:	c06680        	sub	a6, a6, a8
40087c6f:	084c      	movi.n	a8, 64
40087c71:	636680        	minu	a6, a6, a8
40087c74:	0539      	s32i.n	a3, a5, 0
40087c76:	632460        	minu	a2, a4, a6
40087c79:	f01d      	retw.n
	...

40087c7c <memspi_host_read_data_slicer>:
40087c7c:	004136        	entry	a1, 32
40087c7f:	9288      	l32i.n	a8, a2, 36
40087c81:	186807        	bbci	a8, 0, 40087c9d <memspi_host_read_data_slicer+0x21>
40087c84:	106307        	bbci	a3, 0, 40087c98 <memspi_host_read_data_slicer+0x1c>
40087c87:	066407        	bbci	a4, 0, 40087c91 <memspi_host_read_data_slicer+0x15>
40087c8a:	330b      	addi.n	a3, a3, -1
40087c8c:	441b      	addi.n	a4, a4, 1
40087c8e:	0002c6        	j	40087c9d <memspi_host_read_data_slicer+0x21>
40087c91:	330b      	addi.n	a3, a3, -1
40087c93:	442b      	addi.n	a4, a4, 2
40087c95:	000106        	j	40087c9d <memspi_host_read_data_slicer+0x21>
40087c98:	016407        	bbci	a4, 0, 40087c9d <memspi_host_read_data_slicer+0x21>
40087c9b:	441b      	addi.n	a4, a4, 1
40087c9d:	0539      	s32i.n	a3, a5, 0
40087c9f:	024c      	movi.n	a2, 64
40087ca1:	632420        	minu	a2, a4, a2
40087ca4:	f01d      	retw.n
	...

40087ca8 <get_buffer_malloc>:
40087ca8:	004136        	entry	a1, 32
40087cab:	03c332        	addi	a3, a3, 3
40087cae:	fcaf82        	movi	a8, -4
40087cb1:	103380        	and	a3, a3, a8
40087cb4:	20a330        	or	a10, a3, a3
40087cb7:	fb9ea5        	call8	400836a0 <k_malloc>
40087cba:	0a2d      	mov.n	a2, a10
40087cbc:	0acc      	bnez.n	a10, 40087cc0 <get_buffer_malloc+0x18>
40087cbe:	030c      	movi.n	a3, 0
40087cc0:	0439      	s32i.n	a3, a4, 0
40087cc2:	f01d      	retw.n

40087cc4 <spi_flash_os_yield>:
40087cc4:	004136        	entry	a1, 32
40087cc7:	020c      	movi.n	a2, 0
40087cc9:	aa0c      	movi.n	a10, 10
40087ccb:	02bd      	mov.n	a11, a2
40087ccd:	fb3465        	call8	40083014 <z_impl_k_sleep>
40087cd0:	f01d      	retw.n
	...

40087cd4 <spi_flash_os_check_yield>:
40087cd4:	004136        	entry	a1, 32
40087cd7:	002316        	beqz	a3, 40087cdd <spi_flash_os_check_yield+0x9>
40087cda:	499465        	call8	400d1620 <__assert_no_args>
40087cdd:	348c      	beqz.n	a4, 40087ce4 <spi_flash_os_check_yield+0x10>
40087cdf:	080c      	movi.n	a8, 0
40087ce1:	006482        	s32i	a8, a4, 0
40087ce4:	07a122        	movi	a2, 0x107
40087ce7:	f01d      	retw.n
40087ce9:	000000        	ill

40087cec <release_buffer_malloc>:
40087cec:	004136        	entry	a1, 32
40087cef:	03ad      	mov.n	a10, a3
40087cf1:	fb99e5        	call8	40083690 <k_free>
40087cf4:	f01d      	retw.n
	...

40087cf8 <delay_us>:
40087cf8:	004136        	entry	a1, 32
40087cfb:	20a330        	or	a10, a3, a3
40087cfe:	e20281        	l32r	a8, 40080508 <_init_end+0x108> (40008534 <esp_rom_delay_us>)
40087d01:	0008e0        	callx8	a8
40087d04:	020c      	movi.n	a2, 0
40087d06:	f01d      	retw.n

40087d08 <esp_flash_app_enable_os_functions>:
40087d08:	004136        	entry	a1, 32
40087d0b:	e39071        	l32r	a7, 40080b4c <_init_end+0x74c> (3ffb1558 <main_flash_arg>)
40087d0e:	4c1c      	movi.n	a12, 20
40087d10:	00a0b2        	movi	a11, 0
40087d13:	20a770        	or	a10, a7, a7
40087d16:	e22c81        	l32r	a8, 400805c8 <_init_end+0x1c8> (4000c44c <memset>)
40087d19:	0008e0        	callx8	a8
40087d1c:	e38d81        	l32r	a8, 40080b50 <_init_end+0x750> (3ffb1530 <esp_flash_spi1_default_os_functions>)
40087d1f:	2289      	s32i.n	a8, a2, 8
40087d21:	3279      	s32i.n	a7, a2, 12
40087d23:	020c      	movi.n	a2, 0
40087d25:	f01d      	retw.n
	...

40087d28 <main_flash_region_protected>:
40087d28:	004136        	entry	a1, 32
40087d2b:	020c      	movi.n	a2, 0
40087d2d:	f01d      	retw.n
	...

40087d30 <delay_us>:
40087d30:	004136        	entry	a1, 32
40087d33:	20a330        	or	a10, a3, a3
40087d36:	e1f481        	l32r	a8, 40080508 <_init_end+0x108> (40008534 <esp_rom_delay_us>)
40087d39:	0008e0        	callx8	a8
40087d3c:	020c      	movi.n	a2, 0
40087d3e:	f01d      	retw.n

40087d40 <flash_end_flush_cache>:
40087d40:	004136        	entry	a1, 32
40087d43:	744040        	extui	a4, a4, 0, 8
40087d46:	64dc      	bnez.n	a4, 40087d60 <flash_end_flush_cache+0x20>
40087d48:	e1b181        	l32r	a8, 4008040c <_init_end+0xc> (3ffb13f0 <esp_flash_api_funcs_patched_ptr>)
40087d4b:	0888      	l32i.n	a8, a8, 0
40087d4d:	0888      	l32i.n	a8, a8, 0
40087d4f:	02ad      	mov.n	a10, a2
40087d51:	0008e0        	callx8	a8
40087d54:	8a8c      	beqz.n	a10, 40087d60 <flash_end_flush_cache+0x20>
40087d56:	03cc      	bnez.n	a3, 40087d5a <flash_end_flush_cache+0x1a>
40087d58:	0a3d      	mov.n	a3, a10
40087d5a:	032d      	mov.n	a2, a3
40087d5c:	000906        	j	40087d84 <flash_end_flush_cache+0x44>
40087d5f:	00          	.byte	00
40087d60:	02a8      	l32i.n	a10, a2, 0
40087d62:	0a88      	l32i.n	a8, a10, 0
40087d64:	112882        	l32i	a8, a8, 68
40087d67:	988c      	beqz.n	a8, 40087d74 <flash_end_flush_cache+0x34>
40087d69:	06cd      	mov.n	a12, a6
40087d6b:	05bd      	mov.n	a11, a5
40087d6d:	0008e0        	callx8	a8
40087d70:	03cc      	bnez.n	a3, 40087d74 <flash_end_flush_cache+0x34>
40087d72:	0a3d      	mov.n	a3, a10
40087d74:	e1a681        	l32r	a8, 4008040c <_init_end+0xc> (3ffb13f0 <esp_flash_api_funcs_patched_ptr>)
40087d77:	0888      	l32i.n	a8, a8, 0
40087d79:	1888      	l32i.n	a8, a8, 4
40087d7b:	03bd      	mov.n	a11, a3
40087d7d:	02ad      	mov.n	a10, a2
40087d7f:	0008e0        	callx8	a8
40087d82:	0a2d      	mov.n	a2, a10
40087d84:	f01d      	retw.n
	...

40087d88 <spiflash_start_default>:
40087d88:	004136        	entry	a1, 32
40087d8b:	20a220        	or	a10, a2, a2
40087d8e:	00a0b2        	movi	a11, 0
40087d91:	002865        	call8	40088018 <spiflash_start_core>
40087d94:	202aa0        	or	a2, a10, a10
40087d97:	f01d      	retw.n
40087d99:	000000        	ill

40087d9c <check_chip_pointer_default>:
40087d9c:	004136        	entry	a1, 32
40087d9f:	0022a2        	l32i	a10, a2, 0
40087da2:	009a56        	bnez	a10, 40087daf <check_chip_pointer_default+0x13>
40087da5:	e35c81        	l32r	a8, 40080b18 <_init_end+0x718> (3ffb3074 <esp_flash_default_chip>)
40087da8:	0028a2        	l32i	a10, a8, 0
40087dab:	02a9      	s32i.n	a10, a2, 0
40087dad:	3a8c      	beqz.n	a10, 40087db4 <check_chip_pointer_default+0x18>
40087daf:	002d25        	call8	40088080 <esp_flash_chip_driver_initialized>
40087db2:	4acc      	bnez.n	a10, 40087dba <check_chip_pointer_default+0x1e>
40087db4:	e19521        	l32r	a2, 40080408 <_init_end+0x8> (6003 <CONFIG_SOC_ADC_SAMPLE_FREQ_THRES_LOW+0x11e3>)
40087db7:	000046        	j	40087dbc <check_chip_pointer_default+0x20>
40087dba:	020c      	movi.n	a2, 0
40087dbc:	f01d      	retw.n
	...

40087dc0 <detect_spi_flash_chip>:
40087dc0:	004136        	entry	a1, 32
40087dc3:	026d      	mov.n	a6, a2
40087dc5:	6248      	l32i.n	a4, a2, 24
40087dc7:	e36381        	l32r	a8, 40080b54 <_init_end+0x754> (3ffb009c <esp_flash_registered_chips>)
40087dca:	0858      	l32i.n	a5, a8, 0
40087dcc:	000e06        	j	40087e08 <detect_spi_flash_chip+0x48>
40087dcf:	00          	.byte	00
40087dd0:	1629      	s32i.n	a2, a6, 4
40087dd2:	e18e81        	l32r	a8, 4008040c <_init_end+0xc> (3ffb13f0 <esp_flash_api_funcs_patched_ptr>)
40087dd5:	0888      	l32i.n	a8, a8, 0
40087dd7:	0888      	l32i.n	a8, a8, 0
40087dd9:	06ad      	mov.n	a10, a6
40087ddb:	0008e0        	callx8	a8
40087dde:	0a2d      	mov.n	a2, a10
40087de0:	054a56        	bnez	a10, 40087e38 <detect_spi_flash_chip+0x78>
40087de3:	1688      	l32i.n	a8, a6, 4
40087de5:	2888      	l32i.n	a8, a8, 8
40087de7:	04bd      	mov.n	a11, a4
40087de9:	06ad      	mov.n	a10, a6
40087deb:	0008e0        	callx8	a8
40087dee:	2a8c      	beqz.n	a10, 40087df4 <detect_spi_flash_chip+0x34>
40087df0:	080c      	movi.n	a8, 0
40087df2:	1689      	s32i.n	a8, a6, 4
40087df4:	554b      	addi.n	a5, a5, 4
40087df6:	e18581        	l32r	a8, 4008040c <_init_end+0xc> (3ffb13f0 <esp_flash_api_funcs_patched_ptr>)
40087df9:	0888      	l32i.n	a8, a8, 0
40087dfb:	1888      	l32i.n	a8, a8, 4
40087dfd:	02bd      	mov.n	a11, a2
40087dff:	06ad      	mov.n	a10, a6
40087e01:	0008e0        	callx8	a8
40087e04:	0a2d      	mov.n	a2, a10
40087e06:	eaec      	bnez.n	a10, 40087e38 <detect_spi_flash_chip+0x78>
40087e08:	0528      	l32i.n	a2, a5, 0
40087e0a:	628c      	beqz.n	a2, 40087e14 <detect_spi_flash_chip+0x54>
40087e0c:	06ad      	mov.n	a10, a6
40087e0e:	002725        	call8	40088080 <esp_flash_chip_driver_initialized>
40087e11:	fbba16        	beqz	a10, 40087dd0 <detect_spi_flash_chip+0x10>
40087e14:	20a660        	or	a10, a6, a6
40087e17:	0026a5        	call8	40088080 <esp_flash_chip_driver_initialized>
40087e1a:	017a16        	beqz	a10, 40087e35 <detect_spi_flash_chip+0x75>
40087e1d:	012682        	l32i	a8, a6, 4
40087e20:	08c8      	l32i.n	a12, a8, 0
40087e22:	e34db1        	l32r	a11, 40080b58 <_init_end+0x758> (3ffb1404 <TAG>)
40087e25:	e34da1        	l32r	a10, 40080b5c <_init_end+0x75c> (3ffb10a4 <TAG+0x8>)
40087e28:	e1b781        	l32r	a8, 40080504 <_init_end+0x104> (40007d54 <esp_rom_printf>)
40087e2b:	0008e0        	callx8	a8
40087e2e:	020c      	movi.n	a2, 0
40087e30:	000106        	j	40087e38 <detect_spi_flash_chip+0x78>
40087e33:	00          	.byte	00
40087e34:	00          	.byte	00
40087e35:	05a122        	movi	a2, 0x105
40087e38:	f01d      	retw.n
	...

40087e3c <esp_flash_read_chip_id>:
40087e3c:	004136        	entry	a1, 32
40087e3f:	02ad      	mov.n	a10, a2
40087e41:	03bd      	mov.n	a11, a3
40087e43:	1c0c      	movi.n	a12, 1
40087e45:	f8e0a5        	call8	40080c50 <read_id_core>
40087e48:	0a2d      	mov.n	a2, a10
40087e4a:	f01d      	retw.n

40087e4c <esp_flash_get_physical_size>:
40087e4c:	008136        	entry	a1, 64
40087e4f:	4129      	s32i.n	a2, a1, 16
40087e51:	e16e81        	l32r	a8, 4008040c <_init_end+0xc> (3ffb13f0 <esp_flash_api_funcs_patched_ptr>)
40087e54:	0888      	l32i.n	a8, a8, 0
40087e56:	2888      	l32i.n	a8, a8, 8
40087e58:	10c1a2        	addi	a10, a1, 16
40087e5b:	0008e0        	callx8	a8
40087e5e:	0a2d      	mov.n	a2, a10
40087e60:	054a56        	bnez	a10, 40087eb8 <esp_flash_get_physical_size+0x6c>
40087e63:	41a8      	l32i.n	a10, a1, 16
40087e65:	1a88      	l32i.n	a8, a10, 4
40087e67:	4888      	l32i.n	a8, a8, 16
40087e69:	040816        	beqz	a8, 40087ead <esp_flash_get_physical_size+0x61>
40087e6c:	045316        	beqz	a3, 40087eb5 <esp_flash_get_physical_size+0x69>
40087e6f:	e16781        	l32r	a8, 4008040c <_init_end+0xc> (3ffb13f0 <esp_flash_api_funcs_patched_ptr>)
40087e72:	0888      	l32i.n	a8, a8, 0
40087e74:	002882        	l32i	a8, a8, 0
40087e77:	0008e0        	callx8	a8
40087e7a:	0a2d      	mov.n	a2, a10
40087e7c:	8afc      	bnez.n	a10, 40087eb8 <esp_flash_get_physical_size+0x6c>
40087e7e:	41a8      	l32i.n	a10, a1, 16
40087e80:	1a88      	l32i.n	a8, a10, 4
40087e82:	4888      	l32i.n	a8, a8, 16
40087e84:	20b110        	or	a11, a1, a1
40087e87:	0008e0        	callx8	a8
40087e8a:	0abd      	mov.n	a11, a10
40087e8c:	cacc      	bnez.n	a10, 40087e9c <esp_flash_get_physical_size+0x50>
40087e8e:	4188      	l32i.n	a8, a1, 16
40087e90:	5898      	l32i.n	a9, a8, 20
40087e92:	29cc      	bnez.n	a9, 40087e98 <esp_flash_get_physical_size+0x4c>
40087e94:	0198      	l32i.n	a9, a1, 0
40087e96:	5899      	s32i.n	a9, a8, 20
40087e98:	0188      	l32i.n	a8, a1, 0
40087e9a:	0389      	s32i.n	a8, a3, 0
40087e9c:	e15c81        	l32r	a8, 4008040c <_init_end+0xc> (3ffb13f0 <esp_flash_api_funcs_patched_ptr>)
40087e9f:	0888      	l32i.n	a8, a8, 0
40087ea1:	1888      	l32i.n	a8, a8, 4
40087ea3:	41a8      	l32i.n	a10, a1, 16
40087ea5:	0008e0        	callx8	a8
40087ea8:	0a2d      	mov.n	a2, a10
40087eaa:	000286        	j	40087eb8 <esp_flash_get_physical_size+0x6c>
40087ead:	e30f21        	l32r	a2, 40080aec <_init_end+0x6ec> (6005 <CONFIG_SOC_ADC_SAMPLE_FREQ_THRES_LOW+0x11e5>)
40087eb0:	000106        	j	40087eb8 <esp_flash_get_physical_size+0x6c>
40087eb3:	00          	.byte	00
40087eb4:	00          	.byte	00
40087eb5:	02a122        	movi	a2, 0x102
40087eb8:	f01d      	retw.n
	...

40087ebc <esp_flash_is_quad_mode>:
40087ebc:	004136        	entry	a1, 32
40087ebf:	32cc      	bnez.n	a2, 40087ec6 <esp_flash_is_quad_mode+0xa>
40087ec1:	e31581        	l32r	a8, 40080b18 <_init_end+0x718> (3ffb3074 <esp_flash_default_chip>)
40087ec4:	0828      	l32i.n	a2, a8, 0
40087ec6:	4288      	l32i.n	a8, a2, 16
40087ec8:	fcc882        	addi	a8, a8, -4
40087ecb:	01a022        	movi	a2, 1
40087ece:	0228b6        	bltui	a8, 2, 40087ed4 <esp_flash_is_quad_mode+0x18>
40087ed1:	00a022        	movi	a2, 0
40087ed4:	042020        	extui	a2, a2, 0, 1
40087ed7:	f01d      	retw.n
40087ed9:	000000        	ill

40087edc <esp_flash_init_main>:
40087edc:	006136        	entry	a1, 48
40087edf:	026d      	mov.n	a6, a2
40087ee1:	113216        	beqz	a2, 40087ff8 <esp_flash_init_main+0x11c>
40087ee4:	0288      	l32i.n	a8, a2, 0
40087ee6:	116816        	beqz	a8, 40088000 <esp_flash_init_main+0x124>
40087ee9:	0898      	l32i.n	a9, a8, 0
40087eeb:	119916        	beqz	a9, 40088008 <esp_flash_init_main+0x12c>
40087eee:	1888      	l32i.n	a8, a8, 4
40087ef0:	11d816        	beqz	a8, 40088011 <esp_flash_init_main+0x135>
40087ef3:	4248      	l32i.n	a4, a2, 16
40087ef5:	080c      	movi.n	a8, 0
40087ef7:	0189      	s32i.n	a8, a1, 0
40087ef9:	f80c      	movi.n	a8, 15
40087efb:	09b847        	bgeu	a8, a4, 40087f08 <esp_flash_init_main+0x2c>
40087efe:	e14681        	l32r	a8, 40080418 <_init_end+0x18> (3ffae270 <g_rom_flashchip>)
40087f01:	0888      	l32i.n	a8, a8, 0
40087f03:	0189      	s32i.n	a8, a1, 0
40087f05:	000786        	j	40087f27 <esp_flash_init_main+0x4b>
40087f08:	a50c      	movi.n	a5, 10
40087f0a:	000086        	j	40087f10 <esp_flash_init_main+0x34>
40087f0d:	00          	.byte	00
40087f0e:	085d      	mov.n	a5, a8
40087f10:	01bd      	mov.n	a11, a1
40087f12:	06ad      	mov.n	a10, a6
40087f14:	fff265        	call8	40087e3c <esp_flash_read_chip_id>
40087f17:	0a2d      	mov.n	a2, a10
40087f19:	e13b81        	l32r	a8, 40080408 <_init_end+0x8> (6003 <CONFIG_SOC_ADC_SAMPLE_FREQ_THRES_LOW+0x11e3>)
40087f1c:	049a87        	bne	a10, a8, 40087f24 <esp_flash_init_main+0x48>
40087f1f:	850b      	addi.n	a8, a5, -1
40087f21:	e915e6        	bgei	a5, 1, 40087f0e <esp_flash_init_main+0x32>
40087f24:	0ec256        	bnez	a2, 40088014 <esp_flash_init_main+0x138>
40087f27:	0188      	l32i.n	a8, a1, 0
40087f29:	6689      	s32i.n	a8, a6, 24
40087f2b:	20a660        	or	a10, a6, a6
40087f2e:	001525        	call8	40088080 <esp_flash_chip_driver_initialized>
40087f31:	9acc      	bnez.n	a10, 40087f3e <esp_flash_init_main+0x62>
40087f33:	06ad      	mov.n	a10, a6
40087f35:	ffe8a5        	call8	40087dc0 <detect_spi_flash_chip>
40087f38:	202aa0        	or	a2, a10, a10
40087f3b:	0d5a56        	bnez	a10, 40088014 <esp_flash_init_main+0x138>
40087f3e:	04c1b2        	addi	a11, a1, 4
40087f41:	20a660        	or	a10, a6, a6
40087f44:	fff065        	call8	40087e4c <esp_flash_get_physical_size>
40087f47:	202aa0        	or	a2, a10, a10
40087f4a:	da8c      	beqz.n	a10, 40087f5b <esp_flash_init_main+0x7f>
40087f4c:	e303b1        	l32r	a11, 40080b58 <_init_end+0x758> (3ffb1404 <TAG>)
40087f4f:	e304a1        	l32r	a10, 40080b60 <_init_end+0x760> (3ffb1300 <TAG+0x264>)
40087f52:	e16c81        	l32r	a8, 40080504 <_init_end+0x104> (40007d54 <esp_rom_printf>)
40087f55:	0008e0        	callx8	a8
40087f58:	002e06        	j	40088014 <esp_flash_init_main+0x138>
40087f5b:	1688      	l32i.n	a8, a6, 4
40087f5d:	1d2882        	l32i	a8, a8, 116
40087f60:	d8cc      	bnez.n	a8, 40087f71 <esp_flash_init_main+0x95>
40087f62:	e2fdb1        	l32r	a11, 40080b58 <_init_end+0x758> (3ffb1404 <TAG>)
40087f65:	e2ffa1        	l32r	a10, 40080b64 <_init_end+0x764> (3ffb10c0 <TAG+0x24>)
40087f68:	e16781        	l32r	a8, 40080504 <_init_end+0x104> (40007d54 <esp_rom_printf>)
40087f6b:	0008e0        	callx8	a8
40087f6e:	000806        	j	40087f92 <esp_flash_init_main+0xb6>
40087f71:	06ad      	mov.n	a10, a6
40087f73:	0008e0        	callx8	a8
40087f76:	18ea17        	bbsi	a10, 1, 40087f92 <esp_flash_init_main+0xb6>
40087f79:	1188      	l32i.n	a8, a1, 4
40087f7b:	e29a91        	l32r	a9, 400809e4 <_init_end+0x5e4> (1000000 <CONFIG_SOC_GPIO_VALID_DIGITAL_IO_PAD_MASK+0x10f016>)
40087f7e:	10b987        	bgeu	a9, a8, 40087f92 <esp_flash_init_main+0xb6>
40087f81:	e2f5b1        	l32r	a11, 40080b58 <_init_end+0x758> (3ffb1404 <TAG>)
40087f84:	e2f9a1        	l32r	a10, 40080b68 <_init_end+0x768> (3ffb1294 <TAG+0x1f8>)
40087f87:	e15f81        	l32r	a8, 40080504 <_init_end+0x104> (40007d54 <esp_rom_printf>)
40087f8a:	0008e0        	callx8	a8
40087f8d:	e29581        	l32r	a8, 400809e4 <_init_end+0x5e4> (1000000 <CONFIG_SOC_GPIO_VALID_DIGITAL_IO_PAD_MASK+0x10f016>)
40087f90:	1189      	s32i.n	a8, a1, 4
40087f92:	0426c2        	l32i	a12, a6, 16
40087f95:	a0ccc0        	addx4	a12, a12, a12
40087f98:	e2f581        	l32r	a8, 40080b6c <_init_end+0x76c> (3ffb133c <io_mode_str>)
40087f9b:	90cc80        	addx2	a12, a12, a8
40087f9e:	e2eeb1        	l32r	a11, 40080b58 <_init_end+0x758> (3ffb1404 <TAG>)
40087fa1:	e2f3a1        	l32r	a10, 40080b70 <_init_end+0x770> (3ffb1324 <TAG+0x288>)
40087fa4:	e15881        	l32r	a8, 40080504 <_init_end+0x104> (40007d54 <esp_rom_printf>)
40087fa7:	0008e0        	callx8	a8
40087faa:	e11881        	l32r	a8, 4008040c <_init_end+0xc> (3ffb13f0 <esp_flash_api_funcs_patched_ptr>)
40087fad:	002882        	l32i	a8, a8, 0
40087fb0:	002882        	l32i	a8, a8, 0
40087fb3:	06ad      	mov.n	a10, a6
40087fb5:	0008e0        	callx8	a8
40087fb8:	0a2d      	mov.n	a2, a10
40087fba:	056a56        	bnez	a10, 40088014 <esp_flash_init_main+0x138>
40087fbd:	f80c      	movi.n	a8, 15
40087fbf:	213847        	bltu	a8, a4, 40087fe4 <esp_flash_init_main+0x108>
40087fc2:	1688      	l32i.n	a8, a6, 4
40087fc4:	162882        	l32i	a8, a8, 88
40087fc7:	06ad      	mov.n	a10, a6
40087fc9:	0008e0        	callx8	a8
40087fcc:	0a5d      	mov.n	a5, a10
40087fce:	08a182        	movi	a8, 0x108
40087fd1:	0d9a87        	bne	a10, a8, 40087fe2 <esp_flash_init_main+0x106>
40087fd4:	06ad      	mov.n	a10, a6
40087fd6:	ffee65        	call8	40087ebc <esp_flash_is_quad_mode>
40087fd9:	7a8c      	beqz.n	a10, 40087fe4 <esp_flash_init_main+0x108>
40087fdb:	052d      	mov.n	a2, a5
40087fdd:	0000c6        	j	40087fe4 <esp_flash_init_main+0x108>
40087fe0:	00          	.byte	00
40087fe1:	00          	.byte	00
40087fe2:	0a2d      	mov.n	a2, a10
40087fe4:	e10a81        	l32r	a8, 4008040c <_init_end+0xc> (3ffb13f0 <esp_flash_api_funcs_patched_ptr>)
40087fe7:	0888      	l32i.n	a8, a8, 0
40087fe9:	1888      	l32i.n	a8, a8, 4
40087feb:	02bd      	mov.n	a11, a2
40087fed:	06ad      	mov.n	a10, a6
40087fef:	0008e0        	callx8	a8
40087ff2:	0a2d      	mov.n	a2, a10
40087ff4:	000706        	j	40088014 <esp_flash_init_main+0x138>
40087ff7:	00          	.byte	00
40087ff8:	02a122        	movi	a2, 0x102
40087ffb:	000546        	j	40088014 <esp_flash_init_main+0x138>
40087ffe:	00          	.byte	00
40087fff:	00          	.byte	00
40088000:	02a122        	movi	a2, 0x102
40088003:	000346        	j	40088014 <esp_flash_init_main+0x138>
40088006:	00          	.byte	00
40088007:	00          	.byte	00
40088008:	02a122        	movi	a2, 0x102
4008800b:	000146        	j	40088014 <esp_flash_init_main+0x138>
4008800e:	00          	.byte	00
4008800f:	00          	.byte	00
40088010:	00          	.byte	00
40088011:	02a122        	movi	a2, 0x102
40088014:	f01d      	retw.n
	...

40088018 <spiflash_start_core>:
40088018:	008136        	entry	a1, 64
4008801b:	017d      	mov.n	a7, a1
4008801d:	4729      	s32i.n	a2, a7, 16
4008801f:	5739      	s32i.n	a3, a7, 20
40088021:	4788      	l32i.n	a8, a7, 16
40088023:	2888      	l32i.n	a8, a8, 8
40088025:	38ac      	beqz.n	a8, 4008804c <spiflash_start_core+0x34>
40088027:	4788      	l32i.n	a8, a7, 16
40088029:	2888      	l32i.n	a8, a8, 8
4008802b:	0888      	l32i.n	a8, a8, 0
4008802d:	b89c      	beqz.n	a8, 4008804c <spiflash_start_core+0x34>
4008802f:	4788      	l32i.n	a8, a7, 16
40088031:	2888      	l32i.n	a8, a8, 8
40088033:	0888      	l32i.n	a8, a8, 0
40088035:	4798      	l32i.n	a9, a7, 16
40088037:	3998      	l32i.n	a9, a9, 12
40088039:	57b8      	l32i.n	a11, a7, 20
4008803b:	09ad      	mov.n	a10, a9
4008803d:	0008e0        	callx8	a8
40088040:	07a9      	s32i.n	a10, a7, 0
40088042:	0788      	l32i.n	a8, a7, 0
40088044:	488c      	beqz.n	a8, 4008804c <spiflash_start_core+0x34>
40088046:	0788      	l32i.n	a8, a7, 0
40088048:	0004c6        	j	4008805f <spiflash_start_core+0x47>
4008804b:	00          	.byte	00
4008804c:	4788      	l32i.n	a8, a7, 16
4008804e:	0888      	l32i.n	a8, a8, 0
40088050:	0888      	l32i.n	a8, a8, 0
40088052:	0888      	l32i.n	a8, a8, 0
40088054:	4798      	l32i.n	a9, a7, 16
40088056:	0998      	l32i.n	a9, a9, 0
40088058:	09ad      	mov.n	a10, a9
4008805a:	0008e0        	callx8	a8
4008805d:	080c      	movi.n	a8, 0
4008805f:	082d      	mov.n	a2, a8
40088061:	f01d      	retw.n
	...

40088064 <spiflash_end_default>:
40088064:	004136        	entry	a1, 32
40088067:	028d      	mov.n	a8, a2
40088069:	032d      	mov.n	a2, a3
4008806b:	2898      	l32i.n	a9, a8, 8
4008806d:	b98c      	beqz.n	a9, 4008807c <spiflash_end_default+0x18>
4008806f:	1998      	l32i.n	a9, a9, 4
40088071:	798c      	beqz.n	a9, 4008807c <spiflash_end_default+0x18>
40088073:	38a8      	l32i.n	a10, a8, 12
40088075:	0009e0        	callx8	a9
40088078:	03cc      	bnez.n	a3, 4008807c <spiflash_end_default+0x18>
4008807a:	0a2d      	mov.n	a2, a10
4008807c:	f01d      	retw.n
	...

40088080 <esp_flash_chip_driver_initialized>:
40088080:	004136        	entry	a1, 32
40088083:	1288      	l32i.n	a8, a2, 4
40088085:	388c      	beqz.n	a8, 4008808c <esp_flash_chip_driver_initialized+0xc>
40088087:	120c      	movi.n	a2, 1
40088089:	000046        	j	4008808e <esp_flash_chip_driver_initialized+0xe>
4008808c:	020c      	movi.n	a2, 0
4008808e:	f01d      	retw.n

40088090 <esp_ptr_executable>:
40088090:	004136        	entry	a1, 32
40088093:	e1a391        	l32r	a9, 40080720 <_init_end+0x320> (bff30000 <_rtc_force_slow_end+0x6ff2ffd8>)
40088096:	929a      	add.n	a9, a2, a9
40088098:	01a082        	movi	a8, 1
4008809b:	e1a3a1        	l32r	a10, 40080728 <_init_end+0x328> (32ffff <CONFIG_SOC_ADC_SAMPLE_FREQ_THRES_HIGH+0x147b7f>)
4008809e:	02ba97        	bgeu	a10, a9, 400880a4 <esp_ptr_executable+0x14>
400880a1:	00a082        	movi	a8, 0
400880a4:	748080        	extui	a8, a8, 0, 8
400880a7:	e1a2a1        	l32r	a10, 40080730 <_init_end+0x330> (bff80000 <_rtc_force_slow_end+0x6ff7ffd8>)
400880aa:	a2aa      	add.n	a10, a2, a10
400880ac:	01a092        	movi	a9, 1
400880af:	e1a1b1        	l32r	a11, 40080734 <_init_end+0x334> (29fff <_image_irom_start+0x9fff>)
400880b2:	02bba7        	bgeu	a11, a10, 400880b8 <esp_ptr_executable+0x28>
400880b5:	00a092        	movi	a9, 0
400880b8:	749090        	extui	a9, a9, 0, 8
400880bb:	208890        	or	a8, a8, a9
400880be:	48ec      	bnez.n	a8, 400880e6 <esp_ptr_executable+0x56>
400880c0:	e2ad81        	l32r	a8, 40080b74 <_init_end+0x774> (c0000000 <_rtc_force_slow_end+0x6fffffd8>)
400880c3:	828a      	add.n	a8, a2, a8
400880c5:	e2ac91        	l32r	a9, 40080b78 <_init_end+0x778> (6ffff <procpu_iram0_len+0x37fff>)
400880c8:	20b987        	bgeu	a9, a8, 400880ec <esp_ptr_executable+0x5c>
400880cb:	e2ac81        	l32r	a8, 40080b7c <_init_end+0x77c> (bff88000 <_rtc_force_slow_end+0x6ff87fd8>)
400880ce:	828a      	add.n	a8, a2, a8
400880d0:	e2ac91        	l32r	a9, 40080b80 <_init_end+0x780> (7fff <CONFIG_SOC_ADC_SAMPLE_FREQ_THRES_LOW+0x31df>)
400880d3:	1ab987        	bgeu	a9, a8, 400880f1 <esp_ptr_executable+0x61>
400880d6:	e19c81        	l32r	a8, 40080748 <_init_end+0x348> (bff40000 <_rtc_force_slow_end+0x6ff3ffd8>)
400880d9:	228a      	add.n	a2, a2, a8
400880db:	e19a81        	l32r	a8, 40080744 <_init_end+0x344> (1fff <CONFIG_BOOTLOADER_OFFSET_IN_FLASH+0xfff>)
400880de:	143827        	bltu	a8, a2, 400880f6 <esp_ptr_executable+0x66>
400880e1:	120c      	movi.n	a2, 1
400880e3:	000446        	j	400880f8 <esp_ptr_executable+0x68>
400880e6:	120c      	movi.n	a2, 1
400880e8:	000306        	j	400880f8 <esp_ptr_executable+0x68>
400880eb:	00          	.byte	00
400880ec:	120c      	movi.n	a2, 1
400880ee:	000186        	j	400880f8 <esp_ptr_executable+0x68>
400880f1:	120c      	movi.n	a2, 1
400880f3:	000046        	j	400880f8 <esp_ptr_executable+0x68>
400880f6:	020c      	movi.n	a2, 0
400880f8:	f01d      	retw.n
	...

400880fc <periph_ll_get_clk_en_mask>:
400880fc:	004136        	entry	a1, 32
400880ff:	d80c      	movi.n	a8, 13
40088101:	543827        	bltu	a8, a2, 40088159 <periph_ll_get_clk_en_mask+0x5d>
40088104:	e2a181        	l32r	a8, 40080b88 <_init_end+0x788> (3ffb15fc <_loader_data_start+0x4>)
40088107:	a02280        	addx4	a2, a2, a8
4008810a:	0288      	l32i.n	a8, a2, 0
4008810c:	0008a0        	jx	a8
4008810f:	022c      	movi.n	a2, 32
40088111:	001306        	j	40088161 <periph_ll_get_clk_en_mask+0x65>
40088114:	021c      	movi.n	a2, 16
40088116:	0011c6        	j	40088161 <periph_ll_get_clk_en_mask+0x65>
40088119:	e10721        	l32r	a2, 40080538 <_init_end+0x138> (2000 <rtc_data_len>)
4008811c:	001046        	j	40088161 <periph_ll_get_clk_en_mask+0x65>
4008811f:	e1cb21        	l32r	a2, 4008084c <_init_end+0x44c> (8000 <CONFIG_SOC_ADC_SAMPLE_FREQ_THRES_LOW+0x31e0>)
40088122:	000ec6        	j	40088161 <periph_ll_get_clk_en_mask+0x65>
40088125:	00a122        	movi	a2, 0x100
40088128:	000d46        	j	40088161 <periph_ll_get_clk_en_mask+0x65>
4008812b:	220c      	movi.n	a2, 2
4008812d:	000c06        	j	40088161 <periph_ll_get_clk_en_mask+0x65>
40088130:	024c      	movi.n	a2, 64
40088132:	000ac6        	j	40088161 <periph_ll_get_clk_en_mask+0x65>
40088135:	e0b921        	l32r	a2, 4008041c <_init_end+0x1c> (10000 <CONFIG_MMU_PAGE_SIZE>)
40088138:	000946        	j	40088161 <periph_ll_get_clk_en_mask+0x65>
4008813b:	e1c421        	l32r	a2, 4008084c <_init_end+0x44c> (8000 <CONFIG_SOC_ADC_SAMPLE_FREQ_THRES_LOW+0x31e0>)
4008813e:	0007c6        	j	40088161 <periph_ll_get_clk_en_mask+0x65>
40088141:	06a422        	movi	a2, 0x406
40088144:	000646        	j	40088161 <periph_ll_get_clk_en_mask+0x65>
40088147:	e28f21        	l32r	a2, 40080b84 <_init_end+0x784> (30800 <procpu_dram0_len+0x800>)
4008814a:	0004c6        	j	40088161 <periph_ll_get_clk_en_mask+0x65>
4008814d:	c9a322        	movi	a2, 0x3c9
40088150:	000346        	j	40088161 <periph_ll_get_clk_en_mask+0x65>
40088153:	e14a21        	l32r	a2, 4008067c <_init_end+0x27c> (800 <CONFIG_ISR_STACK_SIZE>)
40088156:	0001c6        	j	40088161 <periph_ll_get_clk_en_mask+0x65>
40088159:	020c      	movi.n	a2, 0
4008815b:	000086        	j	40088161 <periph_ll_get_clk_en_mask+0x65>
4008815e:	e22f21        	l32r	a2, 40080a1c <_init_end+0x61c> (800000 <CONFIG_SOC_UART_BITRATE_MAX+0x33b4c0>)
40088161:	f01d      	retw.n
	...

40088164 <periph_ll_get_rst_en_mask>:
40088164:	004136        	entry	a1, 32
40088167:	b80c      	movi.n	a8, 11
40088169:	413827        	bltu	a8, a2, 400881ae <periph_ll_get_rst_en_mask+0x4a>
4008816c:	e28881        	l32r	a8, 40080b8c <_init_end+0x78c> (3ffb1634 <_loader_data_start+0x3c>)
4008816f:	a02280        	addx4	a2, a2, a8
40088172:	0288      	l32i.n	a8, a2, 0
40088174:	0008a0        	jx	a8
40088177:	420c      	movi.n	a2, 4
40088179:	000e46        	j	400881b6 <periph_ll_get_rst_en_mask+0x52>
4008817c:	022c      	movi.n	a2, 32
4008817e:	000d06        	j	400881b6 <periph_ll_get_rst_en_mask+0x52>
40088181:	e22621        	l32r	a2, 40080a1c <_init_end+0x61c> (800000 <CONFIG_SOC_UART_BITRATE_MAX+0x33b4c0>)
40088184:	000b86        	j	400881b6 <periph_ll_get_rst_en_mask+0x52>
40088187:	021c      	movi.n	a2, 16
40088189:	000a46        	j	400881b6 <periph_ll_get_rst_en_mask+0x52>
4008818c:	e0eb21        	l32r	a2, 40080538 <_init_end+0x138> (2000 <rtc_data_len>)
4008818f:	0008c6        	j	400881b6 <periph_ll_get_rst_en_mask+0x52>
40088192:	e1ae21        	l32r	a2, 4008084c <_init_end+0x44c> (8000 <CONFIG_SOC_ADC_SAMPLE_FREQ_THRES_LOW+0x31e0>)
40088195:	000746        	j	400881b6 <periph_ll_get_rst_en_mask+0x52>
40088198:	00a122        	movi	a2, 0x100
4008819b:	0005c6        	j	400881b6 <periph_ll_get_rst_en_mask+0x52>
4008819e:	220c      	movi.n	a2, 2
400881a0:	000486        	j	400881b6 <periph_ll_get_rst_en_mask+0x52>
400881a3:	024c      	movi.n	a2, 64
400881a5:	000346        	j	400881b6 <periph_ll_get_rst_en_mask+0x52>
400881a8:	e09d21        	l32r	a2, 4008041c <_init_end+0x1c> (10000 <CONFIG_MMU_PAGE_SIZE>)
400881ab:	0001c6        	j	400881b6 <periph_ll_get_rst_en_mask+0x52>
400881ae:	020c      	movi.n	a2, 0
400881b0:	000086        	j	400881b6 <periph_ll_get_rst_en_mask+0x52>
400881b3:	18a622        	movi	a2, 0x618
400881b6:	f01d      	retw.n

400881b8 <periph_ll_enable_clk_clear_rst>:
400881b8:	004136        	entry	a1, 32
400881bb:	f7c262        	addi	a6, a2, -9
400881be:	0656f6        	bgeui	a6, 5, 400881c8 <periph_ll_enable_clk_clear_rst+0x10>
400881c1:	e1a151        	l32r	a5, 40080848 <_init_end+0x448> (3ff000cc <_rodata_end+0xaf00cc>)
400881c4:	0000c6        	j	400881cb <periph_ll_enable_clk_clear_rst+0x13>
400881c7:	00          	.byte	00
400881c8:	e27251        	l32r	a5, 40080b90 <_init_end+0x790> (3ff000c0 <_rodata_end+0xaf00c0>)
400881cb:	0020c0        	memw
400881ce:	002572        	l32i	a7, a5, 0
400881d1:	20a220        	or	a10, a2, a2
400881d4:	fff265        	call8	400880fc <periph_ll_get_clk_en_mask>
400881d7:	2077a0        	or	a7, a7, a10
400881da:	0020c0        	memw
400881dd:	006572        	s32i	a7, a5, 0
400881e0:	0556f6        	bgeui	a6, 5, 400881e9 <periph_ll_enable_clk_clear_rst+0x31>
400881e3:	e26c71        	l32r	a7, 40080b94 <_init_end+0x794> (3ff000d0 <_rodata_end+0xaf00d0>)
400881e6:	000086        	j	400881ec <periph_ll_enable_clk_clear_rst+0x34>
400881e9:	e26b71        	l32r	a7, 40080b98 <_init_end+0x798> (3ff000c4 <_rodata_end+0xaf00c4>)
400881ec:	0020c0        	memw
400881ef:	0768      	l32i.n	a6, a7, 0
400881f1:	1b0c      	movi.n	a11, 1
400881f3:	02ad      	mov.n	a10, a2
400881f5:	fff6e5        	call8	40088164 <periph_ll_get_rst_en_mask>
400881f8:	10aa60        	and	a10, a10, a6
400881fb:	30aa60        	xor	a10, a10, a6
400881fe:	0020c0        	memw
40088201:	07a9      	s32i.n	a10, a7, 0
40088203:	f01d      	retw.n
40088205:	000000        	ill

40088208 <periph_ll_disable_clk_set_rst>:
40088208:	004136        	entry	a1, 32
4008820b:	f7c272        	addi	a7, a2, -9
4008820e:	0557f6        	bgeui	a7, 5, 40088217 <periph_ll_disable_clk_set_rst+0xf>
40088211:	e18d61        	l32r	a6, 40080848 <_init_end+0x448> (3ff000cc <_rodata_end+0xaf00cc>)
40088214:	000086        	j	4008821a <periph_ll_disable_clk_set_rst+0x12>
40088217:	e25e61        	l32r	a6, 40080b90 <_init_end+0x790> (3ff000c0 <_rodata_end+0xaf00c0>)
4008821a:	0020c0        	memw
4008821d:	0658      	l32i.n	a5, a6, 0
4008821f:	02ad      	mov.n	a10, a2
40088221:	ffeda5        	call8	400880fc <periph_ll_get_clk_en_mask>
40088224:	10aa50        	and	a10, a10, a5
40088227:	30aa50        	xor	a10, a10, a5
4008822a:	0020c0        	memw
4008822d:	06a9      	s32i.n	a10, a6, 0
4008822f:	0557f6        	bgeui	a7, 5, 40088238 <periph_ll_disable_clk_set_rst+0x30>
40088232:	e25861        	l32r	a6, 40080b94 <_init_end+0x794> (3ff000d0 <_rodata_end+0xaf00d0>)
40088235:	000086        	j	4008823b <periph_ll_disable_clk_set_rst+0x33>
40088238:	e25861        	l32r	a6, 40080b98 <_init_end+0x798> (3ff000c4 <_rodata_end+0xaf00c4>)
4008823b:	0020c0        	memw
4008823e:	0678      	l32i.n	a7, a6, 0
40088240:	0b0c      	movi.n	a11, 0
40088242:	20a220        	or	a10, a2, a2
40088245:	fff1e5        	call8	40088164 <periph_ll_get_rst_en_mask>
40088248:	2077a0        	or	a7, a7, a10
4008824b:	0020c0        	memw
4008824e:	0679      	s32i.n	a7, a6, 0
40088250:	f01d      	retw.n
	...

40088254 <periph_ll_reset>:
40088254:	004136        	entry	a1, 32
40088257:	02ad      	mov.n	a10, a2
40088259:	f7c282        	addi	a8, a2, -9
4008825c:	0558f6        	bgeui	a8, 5, 40088265 <periph_ll_reset+0x11>
4008825f:	e24d71        	l32r	a7, 40080b94 <_init_end+0x794> (3ff000d0 <_rodata_end+0xaf00d0>)
40088262:	000086        	j	40088268 <periph_ll_reset+0x14>
40088265:	e24c71        	l32r	a7, 40080b98 <_init_end+0x798> (3ff000c4 <_rodata_end+0xaf00c4>)
40088268:	0020c0        	memw
4008826b:	002722        	l32i	a2, a7, 0
4008826e:	00a0b2        	movi	a11, 0
40088271:	ffef25        	call8	40088164 <periph_ll_get_rst_en_mask>
40088274:	2022a0        	or	a2, a2, a10
40088277:	0020c0        	memw
4008827a:	006722        	s32i	a2, a7, 0
4008827d:	0020c0        	memw
40088280:	0788      	l32i.n	a8, a7, 0
40088282:	10aa80        	and	a10, a10, a8
40088285:	30aa80        	xor	a10, a10, a8
40088288:	0020c0        	memw
4008828b:	07a9      	s32i.n	a10, a7, 0
4008828d:	f01d      	retw.n
	...

40088290 <sha_ll_reset_register>:
40088290:	004136        	entry	a1, 32
40088293:	e24281        	l32r	a8, 40080b9c <_init_end+0x79c> (3ff00020 <_rodata_end+0xaf0020>)
40088296:	0020c0        	memw
40088299:	0898      	l32i.n	a9, a8, 0
4008829b:	2a0c      	movi.n	a10, 2
4008829d:	2099a0        	or	a9, a9, a10
400882a0:	0020c0        	memw
400882a3:	0899      	s32i.n	a9, a8, 0
400882a5:	0020c0        	memw
400882a8:	0898      	l32i.n	a9, a8, 0
400882aa:	da7c      	movi.n	a10, -3
400882ac:	1099a0        	and	a9, a9, a10
400882af:	0020c0        	memw
400882b2:	0899      	s32i.n	a9, a8, 0
400882b4:	0020c0        	memw
400882b7:	0898      	l32i.n	a9, a8, 0
400882b9:	7a7c      	movi.n	a10, -9
400882bb:	1099a0        	and	a9, a9, a10
400882be:	0020c0        	memw
400882c1:	0899      	s32i.n	a9, a8, 0
400882c3:	f01d      	retw.n
400882c5:	000000        	ill

400882c8 <aes_ll_reset_register>:
400882c8:	004136        	entry	a1, 32
400882cb:	e23481        	l32r	a8, 40080b9c <_init_end+0x79c> (3ff00020 <_rodata_end+0xaf0020>)
400882ce:	0020c0        	memw
400882d1:	0898      	l32i.n	a9, a8, 0
400882d3:	1a0c      	movi.n	a10, 1
400882d5:	2099a0        	or	a9, a9, a10
400882d8:	0020c0        	memw
400882db:	0899      	s32i.n	a9, a8, 0
400882dd:	0020c0        	memw
400882e0:	0898      	l32i.n	a9, a8, 0
400882e2:	ea7c      	movi.n	a10, -2
400882e4:	1099a0        	and	a9, a9, a10
400882e7:	0020c0        	memw
400882ea:	0899      	s32i.n	a9, a8, 0
400882ec:	0020c0        	memw
400882ef:	0898      	l32i.n	a9, a8, 0
400882f1:	fa6c      	movi.n	a10, -17
400882f3:	1099a0        	and	a9, a9, a10
400882f6:	0020c0        	memw
400882f9:	0899      	s32i.n	a9, a8, 0
400882fb:	0020c0        	memw
400882fe:	0898      	l32i.n	a9, a8, 0
40088300:	7a7c      	movi.n	a10, -9
40088302:	1099a0        	and	a9, a9, a10
40088305:	0020c0        	memw
40088308:	0899      	s32i.n	a9, a8, 0
4008830a:	f01d      	retw.n

4008830c <uart_ll_reset_register>:
4008830c:	004136        	entry	a1, 32
4008830f:	291226        	beqi	a2, 1, 4008833c <uart_ll_reset_register+0x30>
40088312:	4b2226        	beqi	a2, 2, 40088361 <uart_ll_reset_register+0x55>
40088315:	06f256        	bnez	a2, 40088388 <uart_ll_reset_register+0x7c>
40088318:	e22081        	l32r	a8, 40080b98 <_init_end+0x798> (3ff000c4 <_rodata_end+0xaf00c4>)
4008831b:	0020c0        	memw
4008831e:	0898      	l32i.n	a9, a8, 0
40088320:	4a0c      	movi.n	a10, 4
40088322:	2099a0        	or	a9, a9, a10
40088325:	0020c0        	memw
40088328:	0899      	s32i.n	a9, a8, 0
4008832a:	0020c0        	memw
4008832d:	0898      	l32i.n	a9, a8, 0
4008832f:	ba7c      	movi.n	a10, -5
40088331:	1099a0        	and	a9, a9, a10
40088334:	0020c0        	memw
40088337:	0899      	s32i.n	a9, a8, 0
40088339:	001386        	j	4008838b <uart_ll_reset_register+0x7f>
4008833c:	e21781        	l32r	a8, 40080b98 <_init_end+0x798> (3ff000c4 <_rodata_end+0xaf00c4>)
4008833f:	0020c0        	memw
40088342:	0898      	l32i.n	a9, a8, 0
40088344:	0a2c      	movi.n	a10, 32
40088346:	2099a0        	or	a9, a9, a10
40088349:	0020c0        	memw
4008834c:	0899      	s32i.n	a9, a8, 0
4008834e:	0020c0        	memw
40088351:	0898      	l32i.n	a9, a8, 0
40088353:	dfafa2        	movi	a10, -33
40088356:	1099a0        	and	a9, a9, a10
40088359:	0020c0        	memw
4008835c:	0899      	s32i.n	a9, a8, 0
4008835e:	000a46        	j	4008838b <uart_ll_reset_register+0x7f>
40088361:	e20d81        	l32r	a8, 40080b98 <_init_end+0x798> (3ff000c4 <_rodata_end+0xaf00c4>)
40088364:	0020c0        	memw
40088367:	0898      	l32i.n	a9, a8, 0
40088369:	e1aca1        	l32r	a10, 40080a1c <_init_end+0x61c> (800000 <CONFIG_SOC_UART_BITRATE_MAX+0x33b4c0>)
4008836c:	2099a0        	or	a9, a9, a10
4008836f:	0020c0        	memw
40088372:	0899      	s32i.n	a9, a8, 0
40088374:	0020c0        	memw
40088377:	0898      	l32i.n	a9, a8, 0
40088379:	e209a1        	l32r	a10, 40080ba0 <_init_end+0x7a0> (ff7fffff <_rtc_force_slow_end+0xaf7fffd7>)
4008837c:	1099a0        	and	a9, a9, a10
4008837f:	0020c0        	memw
40088382:	0899      	s32i.n	a9, a8, 0
40088384:	0000c6        	j	4008838b <uart_ll_reset_register+0x7f>
40088387:	00          	.byte	00
40088388:	492de5        	call8	400d1668 <abort>
4008838b:	f01d      	retw.n
4008838d:	000000        	ill

40088390 <periph_rcc_acquire_enter>:
40088390:	004136        	entry	a1, 32
40088393:	f8aae5        	call8	40080e40 <periph_rcc_enter>
40088396:	e20381        	l32r	a8, 40080ba4 <_init_end+0x7a4> (3ffb3080 <ref_counts>)
40088399:	282a      	add.n	a2, a8, a2
4008839b:	000222        	l8ui	a2, a2, 0
4008839e:	f01d      	retw.n

400883a0 <periph_rcc_acquire_exit>:
400883a0:	004136        	entry	a1, 32
400883a3:	743030        	extui	a3, a3, 0, 8
400883a6:	e1ff81        	l32r	a8, 40080ba4 <_init_end+0x7a4> (3ffb3080 <ref_counts>)
400883a9:	808820        	add	a8, a8, a2
400883ac:	01c332        	addi	a3, a3, 1
400883af:	004832        	s8i	a3, a8, 0
400883b2:	f8ab65        	call8	40080e68 <periph_rcc_exit>
400883b5:	000090        	retw

400883b8 <periph_module_enable>:
400883b8:	004136        	entry	a1, 32
400883bb:	0ea082        	movi	a8, 14
400883be:	02b827        	bgeu	a8, a2, 400883c4 <periph_module_enable+0xc>
400883c1:	4925e5        	call8	400d1620 <__assert_no_args>
400883c4:	f8a7a5        	call8	40080e40 <periph_rcc_enter>
400883c7:	e1f781        	l32r	a8, 40080ba4 <_init_end+0x7a4> (3ffb3080 <ref_counts>)
400883ca:	808820        	add	a8, a8, a2
400883cd:	000882        	l8ui	a8, a8, 0
400883d0:	005856        	bnez	a8, 400883d9 <periph_module_enable+0x21>
400883d3:	20a220        	or	a10, a2, a2
400883d6:	ffde25        	call8	400881b8 <periph_ll_enable_clk_clear_rst>
400883d9:	e1f281        	l32r	a8, 40080ba4 <_init_end+0x7a4> (3ffb3080 <ref_counts>)
400883dc:	808820        	add	a8, a8, a2
400883df:	000892        	l8ui	a9, a8, 0
400883e2:	01c992        	addi	a9, a9, 1
400883e5:	004892        	s8i	a9, a8, 0
400883e8:	f8a7e5        	call8	40080e68 <periph_rcc_exit>
400883eb:	000090        	retw
	...

400883f0 <periph_module_disable>:
400883f0:	004136        	entry	a1, 32
400883f3:	0ea082        	movi	a8, 14
400883f6:	02b827        	bgeu	a8, a2, 400883fc <periph_module_disable+0xc>
400883f9:	492265        	call8	400d1620 <__assert_no_args>
400883fc:	f8a425        	call8	40080e40 <periph_rcc_enter>
400883ff:	e1e991        	l32r	a9, 40080ba4 <_init_end+0x7a4> (3ffb3080 <ref_counts>)
40088402:	992a      	add.n	a9, a9, a2
40088404:	000982        	l8ui	a8, a9, 0
40088407:	880b      	addi.n	a8, a8, -1
40088409:	748080        	extui	a8, a8, 0, 8
4008840c:	004982        	s8i	a8, a9, 0
4008840f:	005856        	bnez	a8, 40088418 <periph_module_disable+0x28>
40088412:	20a220        	or	a10, a2, a2
40088415:	ffdf25        	call8	40088208 <periph_ll_disable_clk_set_rst>
40088418:	f8a4e5        	call8	40080e68 <periph_rcc_exit>
4008841b:	f01d      	retw.n
4008841d:	000000        	ill

40088420 <periph_module_reset>:
40088420:	004136        	entry	a1, 32
40088423:	e80c      	movi.n	a8, 14
40088425:	02b827        	bgeu	a8, a2, 4008842b <periph_module_reset+0xb>
40088428:	491f65        	call8	400d1620 <__assert_no_args>
4008842b:	f8a165        	call8	40080e40 <periph_rcc_enter>
4008842e:	02ad      	mov.n	a10, a2
40088430:	ffe225        	call8	40088254 <periph_ll_reset>
40088433:	f8a365        	call8	40080e68 <periph_rcc_exit>
40088436:	f01d      	retw.n

40088438 <non_shared_periph_module_enable>:
40088438:	004136        	entry	a1, 32
4008843b:	f8a065        	call8	40080e40 <periph_rcc_enter>
4008843e:	74a082        	movi	a8, 116
40088441:	02b827        	bgeu	a8, a2, 40088447 <non_shared_periph_module_enable+0xf>
40088444:	00b406        	j	40088718 <non_shared_periph_module_enable+0x2e0>
40088447:	e1d881        	l32r	a8, 40080ba8 <_init_end+0x7a8> (3ffb1664 <_loader_data_start+0x6c>)
4008844a:	a02280        	addx4	a2, a2, a8
4008844d:	0288      	l32i.n	a8, a2, 0
4008844f:	0008a0        	jx	a8
40088452:	00          	.byte	00
40088453:	00          	.byte	00
40088454:	00          	.byte	00
40088455:	e1ce91        	l32r	a9, 40080b90 <_init_end+0x790> (3ff000c0 <_rodata_end+0xaf00c0>)
40088458:	0020c0        	memw
4008845b:	0988      	l32i.n	a8, a9, 0
4008845d:	e087a1        	l32r	a10, 4008067c <_init_end+0x27c> (800 <CONFIG_ISR_STACK_SIZE>)
40088460:	2088a0        	or	a8, a8, a10
40088463:	0020c0        	memw
40088466:	0989      	s32i.n	a8, a9, 0
40088468:	e1cc91        	l32r	a9, 40080b98 <_init_end+0x798> (3ff000c4 <_rodata_end+0xaf00c4>)
4008846b:	0020c0        	memw
4008846e:	0988      	l32i.n	a8, a9, 0
40088470:	e15ea1        	l32r	a10, 400809e8 <_init_end+0x5e8> (fffff7ff <_rtc_force_slow_end+0xaffff7d7>)
40088473:	1088a0        	and	a8, a8, a10
40088476:	0020c0        	memw
40088479:	0989      	s32i.n	a8, a9, 0
4008847b:	00a646        	j	40088718 <non_shared_periph_module_enable+0x2e0>
4008847e:	e1c491        	l32r	a9, 40080b90 <_init_end+0x790> (3ff000c0 <_rodata_end+0xaf00c0>)
40088481:	0020c0        	memw
40088484:	002982        	l32i	a8, a9, 0
40088487:	04a0a2        	movi	a10, 4
4008848a:	2088a0        	or	a8, a8, a10
4008848d:	0020c0        	memw
40088490:	006982        	s32i	a8, a9, 0
40088493:	0a0c      	movi.n	a10, 0
40088495:	ffe765        	call8	4008830c <uart_ll_reset_register>
40088498:	009f06        	j	40088718 <non_shared_periph_module_enable+0x2e0>
4008849b:	e1bda1        	l32r	a10, 40080b90 <_init_end+0x790> (3ff000c0 <_rodata_end+0xaf00c0>)
4008849e:	0020c0        	memw
400884a1:	0a88      	l32i.n	a8, a10, 0
400884a3:	80a092        	movi	a9, 128
400884a6:	208890        	or	a8, a8, a9
400884a9:	0020c0        	memw
400884ac:	0a89      	s32i.n	a8, a10, 0
400884ae:	e1ba81        	l32r	a8, 40080b98 <_init_end+0x798> (3ff000c4 <_rodata_end+0xaf00c4>)
400884b1:	0020c0        	memw
400884b4:	0899      	s32i.n	a9, a8, 0
400884b6:	090c      	movi.n	a9, 0
400884b8:	0020c0        	memw
400884bb:	0899      	s32i.n	a9, a8, 0
400884bd:	0095c6        	j	40088718 <non_shared_periph_module_enable+0x2e0>
400884c0:	e1b4a1        	l32r	a10, 40080b90 <_init_end+0x790> (3ff000c0 <_rodata_end+0xaf00c0>)
400884c3:	0020c0        	memw
400884c6:	0a88      	l32i.n	a8, a10, 0
400884c8:	e00691        	l32r	a9, 400804e0 <_init_end+0xe0> (40000 <procpu_iram0_len+0x8000>)
400884cb:	208890        	or	a8, a8, a9
400884ce:	0020c0        	memw
400884d1:	0a89      	s32i.n	a8, a10, 0
400884d3:	e1b181        	l32r	a8, 40080b98 <_init_end+0x798> (3ff000c4 <_rodata_end+0xaf00c4>)
400884d6:	0020c0        	memw
400884d9:	0899      	s32i.n	a9, a8, 0
400884db:	090c      	movi.n	a9, 0
400884dd:	0020c0        	memw
400884e0:	0899      	s32i.n	a9, a8, 0
400884e2:	008c86        	j	40088718 <non_shared_periph_module_enable+0x2e0>
400884e5:	e1aa91        	l32r	a9, 40080b90 <_init_end+0x790> (3ff000c0 <_rodata_end+0xaf00c0>)
400884e8:	0020c0        	memw
400884eb:	0988      	l32i.n	a8, a9, 0
400884ed:	2a0c      	movi.n	a10, 2
400884ef:	2088a0        	or	a8, a8, a10
400884f2:	0020c0        	memw
400884f5:	0989      	s32i.n	a8, a9, 0
400884f7:	e1a881        	l32r	a8, 40080b98 <_init_end+0x798> (3ff000c4 <_rodata_end+0xaf00c4>)
400884fa:	0020c0        	memw
400884fd:	0898      	l32i.n	a9, a8, 0
400884ff:	2099a0        	or	a9, a9, a10
40088502:	0020c0        	memw
40088505:	0899      	s32i.n	a9, a8, 0
40088507:	0020c0        	memw
4008850a:	0898      	l32i.n	a9, a8, 0
4008850c:	da7c      	movi.n	a10, -3
4008850e:	1099a0        	and	a9, a9, a10
40088511:	0020c0        	memw
40088514:	0899      	s32i.n	a9, a8, 0
40088516:	007f86        	j	40088718 <non_shared_periph_module_enable+0x2e0>
40088519:	e19da1        	l32r	a10, 40080b90 <_init_end+0x790> (3ff000c0 <_rodata_end+0xaf00c0>)
4008851c:	0020c0        	memw
4008851f:	0a88      	l32i.n	a8, a10, 0
40088521:	e0e691        	l32r	a9, 400808bc <_init_end+0x4bc> (80000 <procpu_iram0_len+0x48000>)
40088524:	208890        	or	a8, a8, a9
40088527:	0020c0        	memw
4008852a:	0a89      	s32i.n	a8, a10, 0
4008852c:	e19b81        	l32r	a8, 40080b98 <_init_end+0x798> (3ff000c4 <_rodata_end+0xaf00c4>)
4008852f:	0020c0        	memw
40088532:	0899      	s32i.n	a9, a8, 0
40088534:	090c      	movi.n	a9, 0
40088536:	0020c0        	memw
40088539:	0899      	s32i.n	a9, a8, 0
4008853b:	007646        	j	40088718 <non_shared_periph_module_enable+0x2e0>
4008853e:	e19491        	l32r	a9, 40080b90 <_init_end+0x790> (3ff000c0 <_rodata_end+0xaf00c0>)
40088541:	0020c0        	memw
40088544:	0988      	l32i.n	a8, a9, 0
40088546:	e161a1        	l32r	a10, 40080acc <_init_end+0x6cc> (400000 <CONFIG_FLASH_SIZE>)
40088549:	2088a0        	or	a8, a8, a10
4008854c:	0020c0        	memw
4008854f:	0989      	s32i.n	a8, a9, 0
40088551:	e19181        	l32r	a8, 40080b98 <_init_end+0x798> (3ff000c4 <_rodata_end+0xaf00c4>)
40088554:	0020c0        	memw
40088557:	0898      	l32i.n	a9, a8, 0
40088559:	2099a0        	or	a9, a9, a10
4008855c:	0020c0        	memw
4008855f:	0899      	s32i.n	a9, a8, 0
40088561:	0020c0        	memw
40088564:	0898      	l32i.n	a9, a8, 0
40088566:	e127a1        	l32r	a10, 40080a04 <_init_end+0x604> (ffbfffff <_rtc_force_slow_end+0xafbfffd7>)
40088569:	1099a0        	and	a9, a9, a10
4008856c:	0020c0        	memw
4008856f:	0899      	s32i.n	a9, a8, 0
40088571:	0068c6        	j	40088718 <non_shared_periph_module_enable+0x2e0>
40088574:	e18791        	l32r	a9, 40080b90 <_init_end+0x790> (3ff000c0 <_rodata_end+0xaf00c0>)
40088577:	0020c0        	memw
4008857a:	0988      	l32i.n	a8, a9, 0
4008857c:	00a4a2        	movi	a10, 0x400
4008857f:	2088a0        	or	a8, a8, a10
40088582:	0020c0        	memw
40088585:	0989      	s32i.n	a8, a9, 0
40088587:	e18481        	l32r	a8, 40080b98 <_init_end+0x798> (3ff000c4 <_rodata_end+0xaf00c4>)
4008858a:	0020c0        	memw
4008858d:	0898      	l32i.n	a9, a8, 0
4008858f:	2099a0        	or	a9, a9, a10
40088592:	0020c0        	memw
40088595:	0899      	s32i.n	a9, a8, 0
40088597:	0020c0        	memw
4008859a:	0898      	l32i.n	a9, a8, 0
4008859c:	ffaba2        	movi	a10, 0xfffffbff
4008859f:	1099a0        	and	a9, a9, a10
400885a2:	0020c0        	memw
400885a5:	0899      	s32i.n	a9, a8, 0
400885a7:	005b46        	j	40088718 <non_shared_periph_module_enable+0x2e0>
400885aa:	e179a1        	l32r	a10, 40080b90 <_init_end+0x790> (3ff000c0 <_rodata_end+0xaf00c0>)
400885ad:	0020c0        	memw
400885b0:	0a88      	l32i.n	a8, a10, 0
400885b2:	e11791        	l32r	a9, 40080a10 <_init_end+0x610> (20000 <_image_irom_start>)
400885b5:	208890        	or	a8, a8, a9
400885b8:	0020c0        	memw
400885bb:	0a89      	s32i.n	a8, a10, 0
400885bd:	e17681        	l32r	a8, 40080b98 <_init_end+0x798> (3ff000c4 <_rodata_end+0xaf00c4>)
400885c0:	0020c0        	memw
400885c3:	0899      	s32i.n	a9, a8, 0
400885c5:	090c      	movi.n	a9, 0
400885c7:	0020c0        	memw
400885ca:	0899      	s32i.n	a9, a8, 0
400885cc:	005206        	j	40088718 <non_shared_periph_module_enable+0x2e0>
400885cf:	e170a1        	l32r	a10, 40080b90 <_init_end+0x790> (3ff000c0 <_rodata_end+0xaf00c0>)
400885d2:	0020c0        	memw
400885d5:	0a88      	l32i.n	a8, a10, 0
400885d7:	e10d91        	l32r	a9, 40080a0c <_init_end+0x60c> (100000 <procpu_iram0_len+0xc8000>)
400885da:	208890        	or	a8, a8, a9
400885dd:	0020c0        	memw
400885e0:	0a89      	s32i.n	a8, a10, 0
400885e2:	e16d81        	l32r	a8, 40080b98 <_init_end+0x798> (3ff000c4 <_rodata_end+0xaf00c4>)
400885e5:	0020c0        	memw
400885e8:	0899      	s32i.n	a9, a8, 0
400885ea:	090c      	movi.n	a9, 0
400885ec:	0020c0        	memw
400885ef:	0899      	s32i.n	a9, a8, 0
400885f1:	0048c6        	j	40088718 <non_shared_periph_module_enable+0x2e0>
400885f4:	e16791        	l32r	a9, 40080b90 <_init_end+0x790> (3ff000c0 <_rodata_end+0xaf00c0>)
400885f7:	0020c0        	memw
400885fa:	0988      	l32i.n	a8, a9, 0
400885fc:	0a1c      	movi.n	a10, 16
400885fe:	2088a0        	or	a8, a8, a10
40088601:	0020c0        	memw
40088604:	0989      	s32i.n	a8, a9, 0
40088606:	e16481        	l32r	a8, 40080b98 <_init_end+0x798> (3ff000c4 <_rodata_end+0xaf00c4>)
40088609:	0020c0        	memw
4008860c:	0898      	l32i.n	a9, a8, 0
4008860e:	2099a0        	or	a9, a9, a10
40088611:	0020c0        	memw
40088614:	0899      	s32i.n	a9, a8, 0
40088616:	0020c0        	memw
40088619:	0898      	l32i.n	a9, a8, 0
4008861b:	fa6c      	movi.n	a10, -17
4008861d:	1099a0        	and	a9, a9, a10
40088620:	0020c0        	memw
40088623:	0899      	s32i.n	a9, a8, 0
40088625:	003bc6        	j	40088718 <non_shared_periph_module_enable+0x2e0>
40088628:	e15a91        	l32r	a9, 40080b90 <_init_end+0x790> (3ff000c0 <_rodata_end+0xaf00c0>)
4008862b:	0020c0        	memw
4008862e:	0988      	l32i.n	a8, a9, 0
40088630:	dfa2a1        	l32r	a10, 400804b8 <_init_end+0xb8> (200000 <CONFIG_SOC_ADC_SAMPLE_FREQ_THRES_HIGH+0x17b80>)
40088633:	2088a0        	or	a8, a8, a10
40088636:	0020c0        	memw
40088639:	0989      	s32i.n	a8, a9, 0
4008863b:	e15781        	l32r	a8, 40080b98 <_init_end+0x798> (3ff000c4 <_rodata_end+0xaf00c4>)
4008863e:	0020c0        	memw
40088641:	0898      	l32i.n	a9, a8, 0
40088643:	2099a0        	or	a9, a9, a10
40088646:	0020c0        	memw
40088649:	0899      	s32i.n	a9, a8, 0
4008864b:	0020c0        	memw
4008864e:	0898      	l32i.n	a9, a8, 0
40088650:	e157a1        	l32r	a10, 40080bac <_init_end+0x7ac> (ffdfffff <_rtc_force_slow_end+0xafdfffd7>)
40088653:	1099a0        	and	a9, a9, a10
40088656:	0020c0        	memw
40088659:	0899      	s32i.n	a9, a8, 0
4008865b:	002e46        	j	40088718 <non_shared_periph_module_enable+0x2e0>
4008865e:	00          	.byte	00
4008865f:	00          	.byte	00
40088660:	e15491        	l32r	a9, 40080bb0 <_init_end+0x7b0> (3ff0001c <_rodata_end+0xaf001c>)
40088663:	0020c0        	memw
40088666:	002982        	l32i	a8, a9, 0
40088669:	01a0a2        	movi	a10, 1
4008866c:	2088a0        	or	a8, a8, a10
4008866f:	0020c0        	memw
40088672:	006982        	s32i	a8, a9, 0
40088675:	ffc525        	call8	400882c8 <aes_ll_reset_register>
40088678:	002706        	j	40088718 <non_shared_periph_module_enable+0x2e0>
4008867b:	e14d91        	l32r	a9, 40080bb0 <_init_end+0x7b0> (3ff0001c <_rodata_end+0xaf001c>)
4008867e:	0020c0        	memw
40088681:	0988      	l32i.n	a8, a9, 0
40088683:	2a0c      	movi.n	a10, 2
40088685:	2088a0        	or	a8, a8, a10
40088688:	0020c0        	memw
4008868b:	0989      	s32i.n	a8, a9, 0
4008868d:	ffc025        	call8	40088290 <sha_ll_reset_register>
40088690:	002106        	j	40088718 <non_shared_periph_module_enable+0x2e0>
40088693:	e06d91        	l32r	a9, 40080848 <_init_end+0x448> (3ff000cc <_rodata_end+0xaf00cc>)
40088696:	0020c0        	memw
40088699:	0988      	l32i.n	a8, a9, 0
4008869b:	dfa7a1        	l32r	a10, 40080538 <_init_end+0x138> (2000 <rtc_data_len>)
4008869e:	2088a0        	or	a8, a8, a10
400886a1:	0020c0        	memw
400886a4:	0989      	s32i.n	a8, a9, 0
400886a6:	e13b81        	l32r	a8, 40080b94 <_init_end+0x794> (3ff000d0 <_rodata_end+0xaf00d0>)
400886a9:	0020c0        	memw
400886ac:	0898      	l32i.n	a9, a8, 0
400886ae:	0a4c      	movi.n	a10, 64
400886b0:	2099a0        	or	a9, a9, a10
400886b3:	0020c0        	memw
400886b6:	0899      	s32i.n	a9, a8, 0
400886b8:	0020c0        	memw
400886bb:	0898      	l32i.n	a9, a8, 0
400886bd:	bfafa2        	movi	a10, -65
400886c0:	1099a0        	and	a9, a9, a10
400886c3:	0020c0        	memw
400886c6:	0899      	s32i.n	a9, a8, 0
400886c8:	001306        	j	40088718 <non_shared_periph_module_enable+0x2e0>
400886cb:	e05f91        	l32r	a9, 40080848 <_init_end+0x448> (3ff000cc <_rodata_end+0xaf00cc>)
400886ce:	0020c0        	memw
400886d1:	0988      	l32i.n	a8, a9, 0
400886d3:	e0d0a1        	l32r	a10, 40080a14 <_init_end+0x614> (4000 <_image_irom_size+0x160>)
400886d6:	2088a0        	or	a8, a8, a10
400886d9:	0020c0        	memw
400886dc:	0989      	s32i.n	a8, a9, 0
400886de:	e12d81        	l32r	a8, 40080b94 <_init_end+0x794> (3ff000d0 <_rodata_end+0xaf00d0>)
400886e1:	80a092        	movi	a9, 128
400886e4:	0020c0        	memw
400886e7:	0899      	s32i.n	a9, a8, 0
400886e9:	090c      	movi.n	a9, 0
400886eb:	0020c0        	memw
400886ee:	0899      	s32i.n	a9, a8, 0
400886f0:	000906        	j	40088718 <non_shared_periph_module_enable+0x2e0>
400886f3:	e05591        	l32r	a9, 40080848 <_init_end+0x448> (3ff000cc <_rodata_end+0xaf00cc>)
400886f6:	0020c0        	memw
400886f9:	0988      	l32i.n	a8, a9, 0
400886fb:	0a1c      	movi.n	a10, 16
400886fd:	2088a0        	or	a8, a8, a10
40088700:	0020c0        	memw
40088703:	0989      	s32i.n	a8, a9, 0
40088705:	e12381        	l32r	a8, 40080b94 <_init_end+0x794> (3ff000d0 <_rodata_end+0xaf00d0>)
40088708:	092c      	movi.n	a9, 32
4008870a:	0020c0        	memw
4008870d:	0899      	s32i.n	a9, a8, 0
4008870f:	00a092        	movi	a9, 0
40088712:	0020c0        	memw
40088715:	006892        	s32i	a9, a8, 0
40088718:	f874e5        	call8	40080e68 <periph_rcc_exit>
4008871b:	f01d      	retw.n
4008871d:	000000        	ill

40088720 <non_shared_periph_module_disable>:
40088720:	004136        	entry	a1, 32
40088723:	f871e5        	call8	40080e40 <periph_rcc_enter>
40088726:	fac222        	addi	a2, a2, -6
40088729:	6ea082        	movi	a8, 110
4008872c:	02b827        	bgeu	a8, a2, 40088732 <non_shared_periph_module_disable+0x12>
4008872f:	005946        	j	40088898 <non_shared_periph_module_disable+0x178>
40088732:	e12081        	l32r	a8, 40080bb4 <_init_end+0x7b4> (3ffb1838 <_loader_data_start+0x240>)
40088735:	a02280        	addx4	a2, a2, a8
40088738:	0288      	l32i.n	a8, a2, 0
4008873a:	0008a0        	jx	a8
4008873d:	00          	.byte	00
4008873e:	00          	.byte	00
4008873f:	00          	.byte	00
40088740:	e11491        	l32r	a9, 40080b90 <_init_end+0x790> (3ff000c0 <_rodata_end+0xaf00c0>)
40088743:	0020c0        	memw
40088746:	0988      	l32i.n	a8, a9, 0
40088748:	e0a8a1        	l32r	a10, 400809e8 <_init_end+0x5e8> (fffff7ff <_rtc_force_slow_end+0xaffff7d7>)
4008874b:	1088a0        	and	a8, a8, a10
4008874e:	0020c0        	memw
40088751:	0989      	s32i.n	a8, a9, 0
40088753:	005046        	j	40088898 <non_shared_periph_module_disable+0x178>
40088756:	e10e91        	l32r	a9, 40080b90 <_init_end+0x790> (3ff000c0 <_rodata_end+0xaf00c0>)
40088759:	0020c0        	memw
4008875c:	0988      	l32i.n	a8, a9, 0
4008875e:	ba7c      	movi.n	a10, -5
40088760:	1088a0        	and	a8, a8, a10
40088763:	0020c0        	memw
40088766:	0989      	s32i.n	a8, a9, 0
40088768:	004b06        	j	40088898 <non_shared_periph_module_disable+0x178>
4008876b:	e10991        	l32r	a9, 40080b90 <_init_end+0x790> (3ff000c0 <_rodata_end+0xaf00c0>)
4008876e:	0020c0        	memw
40088771:	0988      	l32i.n	a8, a9, 0
40088773:	7fafa2        	movi	a10, -129
40088776:	1088a0        	and	a8, a8, a10
40088779:	0020c0        	memw
4008877c:	0989      	s32i.n	a8, a9, 0
4008877e:	004586        	j	40088898 <non_shared_periph_module_disable+0x178>
40088781:	e10391        	l32r	a9, 40080b90 <_init_end+0x790> (3ff000c0 <_rodata_end+0xaf00c0>)
40088784:	0020c0        	memw
40088787:	0988      	l32i.n	a8, a9, 0
40088789:	e07ca1        	l32r	a10, 4008097c <_init_end+0x57c> (fffbffff <_rtc_force_slow_end+0xaffbffd7>)
4008878c:	1088a0        	and	a8, a8, a10
4008878f:	0020c0        	memw
40088792:	0989      	s32i.n	a8, a9, 0
40088794:	004006        	j	40088898 <non_shared_periph_module_disable+0x178>
40088797:	e0fe91        	l32r	a9, 40080b90 <_init_end+0x790> (3ff000c0 <_rodata_end+0xaf00c0>)
4008879a:	0020c0        	memw
4008879d:	0988      	l32i.n	a8, a9, 0
4008879f:	da7c      	movi.n	a10, -3
400887a1:	1088a0        	and	a8, a8, a10
400887a4:	0020c0        	memw
400887a7:	0989      	s32i.n	a8, a9, 0
400887a9:	003ac6        	j	40088898 <non_shared_periph_module_disable+0x178>
400887ac:	e0f991        	l32r	a9, 40080b90 <_init_end+0x790> (3ff000c0 <_rodata_end+0xaf00c0>)
400887af:	0020c0        	memw
400887b2:	0988      	l32i.n	a8, a9, 0
400887b4:	e074a1        	l32r	a10, 40080984 <_init_end+0x584> (fff7ffff <_rtc_force_slow_end+0xaff7ffd7>)
400887b7:	1088a0        	and	a8, a8, a10
400887ba:	0020c0        	memw
400887bd:	0989      	s32i.n	a8, a9, 0
400887bf:	003546        	j	40088898 <non_shared_periph_module_disable+0x178>
400887c2:	e0f391        	l32r	a9, 40080b90 <_init_end+0x790> (3ff000c0 <_rodata_end+0xaf00c0>)
400887c5:	0020c0        	memw
400887c8:	0988      	l32i.n	a8, a9, 0
400887ca:	e08ea1        	l32r	a10, 40080a04 <_init_end+0x604> (ffbfffff <_rtc_force_slow_end+0xafbfffd7>)
400887cd:	1088a0        	and	a8, a8, a10
400887d0:	0020c0        	memw
400887d3:	0989      	s32i.n	a8, a9, 0
400887d5:	002fc6        	j	40088898 <non_shared_periph_module_disable+0x178>
400887d8:	e0ee91        	l32r	a9, 40080b90 <_init_end+0x790> (3ff000c0 <_rodata_end+0xaf00c0>)
400887db:	0020c0        	memw
400887de:	0988      	l32i.n	a8, a9, 0
400887e0:	ffaba2        	movi	a10, 0xfffffbff
400887e3:	1088a0        	and	a8, a8, a10
400887e6:	0020c0        	memw
400887e9:	0989      	s32i.n	a8, a9, 0
400887eb:	002a46        	j	40088898 <non_shared_periph_module_disable+0x178>
400887ee:	e0e891        	l32r	a9, 40080b90 <_init_end+0x790> (3ff000c0 <_rodata_end+0xaf00c0>)
400887f1:	0020c0        	memw
400887f4:	0988      	l32i.n	a8, a9, 0
400887f6:	e051a1        	l32r	a10, 4008093c <_init_end+0x53c> (fffdffff <_rtc_force_slow_end+0xaffdffd7>)
400887f9:	1088a0        	and	a8, a8, a10
400887fc:	0020c0        	memw
400887ff:	0989      	s32i.n	a8, a9, 0
40088801:	0024c6        	j	40088898 <non_shared_periph_module_disable+0x178>
40088804:	e0e391        	l32r	a9, 40080b90 <_init_end+0x790> (3ff000c0 <_rodata_end+0xaf00c0>)
40088807:	0020c0        	memw
4008880a:	0988      	l32i.n	a8, a9, 0
4008880c:	e085a1        	l32r	a10, 40080a20 <_init_end+0x620> (ffefffff <_rtc_force_slow_end+0xafefffd7>)
4008880f:	1088a0        	and	a8, a8, a10
40088812:	0020c0        	memw
40088815:	0989      	s32i.n	a8, a9, 0
40088817:	001f46        	j	40088898 <non_shared_periph_module_disable+0x178>
4008881a:	e0dd91        	l32r	a9, 40080b90 <_init_end+0x790> (3ff000c0 <_rodata_end+0xaf00c0>)
4008881d:	0020c0        	memw
40088820:	0988      	l32i.n	a8, a9, 0
40088822:	e0e2a1        	l32r	a10, 40080bac <_init_end+0x7ac> (ffdfffff <_rtc_force_slow_end+0xafdfffd7>)
40088825:	1088a0        	and	a8, a8, a10
40088828:	0020c0        	memw
4008882b:	0989      	s32i.n	a8, a9, 0
4008882d:	0019c6        	j	40088898 <non_shared_periph_module_disable+0x178>
40088830:	e0e091        	l32r	a9, 40080bb0 <_init_end+0x7b0> (3ff0001c <_rodata_end+0xaf001c>)
40088833:	0020c0        	memw
40088836:	0988      	l32i.n	a8, a9, 0
40088838:	ea7c      	movi.n	a10, -2
4008883a:	1088a0        	and	a8, a8, a10
4008883d:	0020c0        	memw
40088840:	0989      	s32i.n	a8, a9, 0
40088842:	001486        	j	40088898 <non_shared_periph_module_disable+0x178>
40088845:	e0da91        	l32r	a9, 40080bb0 <_init_end+0x7b0> (3ff0001c <_rodata_end+0xaf001c>)
40088848:	0020c0        	memw
4008884b:	0988      	l32i.n	a8, a9, 0
4008884d:	da7c      	movi.n	a10, -3
4008884f:	1088a0        	and	a8, a8, a10
40088852:	0020c0        	memw
40088855:	0989      	s32i.n	a8, a9, 0
40088857:	000f46        	j	40088898 <non_shared_periph_module_disable+0x178>
4008885a:	dffb91        	l32r	a9, 40080848 <_init_end+0x448> (3ff000cc <_rodata_end+0xaf00cc>)
4008885d:	0020c0        	memw
40088860:	0988      	l32i.n	a8, a9, 0
40088862:	e067a1        	l32r	a10, 40080a00 <_init_end+0x600> (ffffdfff <_rtc_force_slow_end+0xafffdfd7>)
40088865:	1088a0        	and	a8, a8, a10
40088868:	0020c0        	memw
4008886b:	0989      	s32i.n	a8, a9, 0
4008886d:	0009c6        	j	40088898 <non_shared_periph_module_disable+0x178>
40088870:	dff691        	l32r	a9, 40080848 <_init_end+0x448> (3ff000cc <_rodata_end+0xaf00cc>)
40088873:	0020c0        	memw
40088876:	0988      	l32i.n	a8, a9, 0
40088878:	e032a1        	l32r	a10, 40080940 <_init_end+0x540> (ffffbfff <_rtc_force_slow_end+0xafffbfd7>)
4008887b:	1088a0        	and	a8, a8, a10
4008887e:	0020c0        	memw
40088881:	0989      	s32i.n	a8, a9, 0
40088883:	000446        	j	40088898 <non_shared_periph_module_disable+0x178>
40088886:	dff091        	l32r	a9, 40080848 <_init_end+0x448> (3ff000cc <_rodata_end+0xaf00cc>)
40088889:	0020c0        	memw
4008888c:	0988      	l32i.n	a8, a9, 0
4008888e:	fa6c      	movi.n	a10, -17
40088890:	1088a0        	and	a8, a8, a10
40088893:	0020c0        	memw
40088896:	0989      	s32i.n	a8, a9, 0
40088898:	f85ce5        	call8	40080e68 <periph_rcc_exit>
4008889b:	f01d      	retw.n
4008889d:	000000        	ill

400888a0 <regi2c_ctrl_read_reg_mask>:
400888a0:	004136        	entry	a1, 32
400888a3:	74a020        	extui	a10, a2, 0, 8
400888a6:	74b030        	extui	a11, a3, 0, 8
400888a9:	74c040        	extui	a12, a4, 0, 8
400888ac:	74d050        	extui	a13, a5, 0, 8
400888af:	74e060        	extui	a14, a6, 0, 8
400888b2:	006340        	rsil	a4, 3
400888b5:	e0c081        	l32r	a8, 40080bb8 <_init_end+0x7b8> (400041c0 <esp_rom_regi2c_read_mask>)
400888b8:	0008e0        	callx8	a8
400888bb:	0a2d      	mov.n	a2, a10
400888bd:	13e640        	wsr.ps	a4
400888c0:	002010        	rsync
400888c3:	f01d      	retw.n
400888c5:	000000        	ill

400888c8 <regi2c_ctrl_write_reg>:
400888c8:	004136        	entry	a1, 32
400888cb:	74a020        	extui	a10, a2, 0, 8
400888ce:	74b030        	extui	a11, a3, 0, 8
400888d1:	74c040        	extui	a12, a4, 0, 8
400888d4:	74d050        	extui	a13, a5, 0, 8
400888d7:	006350        	rsil	a5, 3
400888da:	e0b881        	l32r	a8, 40080bbc <_init_end+0x7bc> (400041a4 <esp_rom_regi2c_write>)
400888dd:	0008e0        	callx8	a8
400888e0:	13e650        	wsr.ps	a5
400888e3:	002010        	rsync
400888e6:	f01d      	retw.n

400888e8 <esp_rom_spiflash_read_status>:
400888e8:	006136        	entry	a1, 48
400888eb:	180c      	movi.n	a8, 1
400888ed:	0189      	s32i.n	a8, a1, 0
400888ef:	def881        	l32r	a8, 400804d0 <_init_end+0xd0> (3ffae290 <g_rom_spiflash_dummy_len_plus>)
400888f2:	010882        	l8ui	a8, a8, 1
400888f5:	38bc      	beqz.n	a8, 4008892c <esp_rom_spiflash_read_status+0x44>
400888f7:	0010c6        	j	4008893e <esp_rom_spiflash_read_status+0x56>
400888fa:	00          	.byte	00
400888fb:	00          	.byte	00
400888fc:	e0b181        	l32r	a8, 40080bc0 <_init_end+0x7c0> (3ff42010 <SPI1+0x10>)
400888ff:	090c      	movi.n	a9, 0
40088901:	0020c0        	memw
40088904:	0899      	s32i.n	a9, a8, 0
40088906:	e0af81        	l32r	a8, 40080bc4 <_init_end+0x7c4> (3ff42000 <SPI1>)
40088909:	dfdc91        	l32r	a9, 4008087c <_init_end+0x47c> (8000000 <CONFIG_TIMER_RANDOM_INITIAL_STATE+0xa432eb>)
4008890c:	0020c0        	memw
4008890f:	0899      	s32i.n	a9, a8, 0
40088911:	e0ac81        	l32r	a8, 40080bc4 <_init_end+0x7c4> (3ff42000 <SPI1>)
40088914:	0020c0        	memw
40088917:	0888      	l32i.n	a8, a8, 0
40088919:	ff4856        	bnez	a8, 40088911 <esp_rom_spiflash_read_status+0x29>
4008891c:	e0a981        	l32r	a8, 40080bc0 <_init_end+0x7c0> (3ff42010 <SPI1+0x10>)
4008891f:	0020c0        	memw
40088922:	0888      	l32i.n	a8, a8, 0
40088924:	5298      	l32i.n	a9, a2, 20
40088926:	108890        	and	a8, a8, a9
40088929:	006182        	s32i	a8, a1, 0
4008892c:	0188      	l32i.n	a8, a1, 0
4008892e:	cae807        	bbsi	a8, 0, 400888fc <esp_rom_spiflash_read_status+0x14>
40088931:	000386        	j	40088943 <esp_rom_spiflash_read_status+0x5b>
40088934:	5b0c      	movi.n	a11, 5
40088936:	01ad      	mov.n	a10, a1
40088938:	e0a481        	l32r	a8, 40080bc8 <_init_end+0x7c8> (400621b0 <esp_rom_spiflash_read_user_cmd>)
4008893b:	0008e0        	callx8	a8
4008893e:	0188      	l32i.n	a8, a1, 0
40088940:	f0e807        	bbsi	a8, 0, 40088934 <esp_rom_spiflash_read_status+0x4c>
40088943:	0188      	l32i.n	a8, a1, 0
40088945:	0389      	s32i.n	a8, a3, 0
40088947:	020c      	movi.n	a2, 0
40088949:	f01d      	retw.n
	...

4008894c <esp_rom_spiflash_wait_idle>:
4008894c:	006136        	entry	a1, 48
4008894f:	02ad      	mov.n	a10, a2
40088951:	e09e81        	l32r	a8, 40080bcc <_init_end+0x7cc> (3ff420f8 <SPI1+0xf8>)
40088954:	0020c0        	memw
40088957:	002882        	l32i	a8, a8, 0
4008895a:	248080        	extui	a8, a8, 0, 3
4008895d:	ff0856        	bnez	a8, 40088951 <esp_rom_spiflash_wait_idle+0x5>
40088960:	e09c81        	l32r	a8, 40080bd0 <_init_end+0x7d0> (3ff430f8 <SPI0+0xf8>)
40088963:	0020c0        	memw
40088966:	002882        	l32i	a8, a8, 0
40088969:	248080        	extui	a8, a8, 0, 3
4008896c:	ff0856        	bnez	a8, 40088960 <esp_rom_spiflash_wait_idle+0x14>
4008896f:	20b110        	or	a11, a1, a1
40088972:	fff765        	call8	400888e8 <esp_rom_spiflash_read_status>
40088975:	202aa0        	or	a2, a10, a10
40088978:	0a8c      	beqz.n	a10, 4008897c <esp_rom_spiflash_wait_idle+0x30>
4008897a:	120c      	movi.n	a2, 1
4008897c:	f01d      	retw.n
	...

40088980 <esp_rom_spiflash_read_data>:
40088980:	004136        	entry	a1, 32
40088983:	808530        	add	a8, a5, a3
40088986:	012292        	l32i	a9, a2, 4
40088989:	02b987        	bgeu	a9, a8, 4008898f <esp_rom_spiflash_read_data+0xf>
4008898c:	003406        	j	40088a60 <esp_rom_spiflash_read_data+0xe0>
4008898f:	20a220        	or	a10, a2, a2
40088992:	fffba5        	call8	4008894c <esp_rom_spiflash_wait_idle>
40088995:	002ec6        	j	40088a54 <esp_rom_spiflash_read_data+0xd4>
40088998:	00          	.byte	00
40088999:	00          	.byte	00
4008899a:	f83c      	movi.n	a8, 63
4008899c:	54a857        	bge	a8, a5, 400889f4 <esp_rom_spiflash_read_data+0x74>
4008899f:	e08d81        	l32r	a8, 40080bd4 <_init_end+0x7d4> (3ff4202c <SPI1+0x2c>)
400889a2:	ffa192        	movi	a9, 0x1ff
400889a5:	0020c0        	memw
400889a8:	0899      	s32i.n	a9, a8, 0
400889aa:	118380        	slli	a8, a3, 8
400889ad:	e08a91        	l32r	a9, 40080bd8 <_init_end+0x7d8> (3ff42004 <SPI1+0x4>)
400889b0:	0020c0        	memw
400889b3:	0989      	s32i.n	a8, a9, 0
400889b5:	e08381        	l32r	a8, 40080bc4 <_init_end+0x7c4> (3ff42000 <SPI1>)
400889b8:	deca91        	l32r	a9, 400804e0 <_init_end+0xe0> (40000 <procpu_iram0_len+0x8000>)
400889bb:	0020c0        	memw
400889be:	0899      	s32i.n	a9, a8, 0
400889c0:	e08181        	l32r	a8, 40080bc4 <_init_end+0x7c4> (3ff42000 <SPI1>)
400889c3:	0020c0        	memw
400889c6:	0888      	l32i.n	a8, a8, 0
400889c8:	ff4856        	bnez	a8, 400889c0 <esp_rom_spiflash_read_data+0x40>
400889cb:	0005c6        	j	400889e6 <esp_rom_spiflash_read_data+0x66>
400889ce:	00          	.byte	00
400889cf:	00          	.byte	00
400889d0:	e08391        	l32r	a9, 40080bdc <_init_end+0x7dc> (ffd0820 <CONFIG_ESP_CLK_FREQ_HZ+0x1aeec20>)
400889d3:	989a      	add.n	a9, a8, a9
400889d5:	1199e0        	slli	a9, a9, 2
400889d8:	0020c0        	memw
400889db:	0998      	l32i.n	a9, a9, 0
400889dd:	0499      	s32i.n	a9, a4, 0
400889df:	881b      	addi.n	a8, a8, 1
400889e1:	748080        	extui	a8, a8, 0, 8
400889e4:	444b      	addi.n	a4, a4, 4
400889e6:	f90c      	movi.n	a9, 15
400889e8:	e4b987        	bgeu	a9, a8, 400889d0 <esp_rom_spiflash_read_data+0x50>
400889eb:	c0c552        	addi	a5, a5, -64
400889ee:	40c332        	addi	a3, a3, 64
400889f1:	0017c6        	j	40088a54 <esp_rom_spiflash_read_data+0xd4>
400889f4:	118380        	slli	a8, a3, 8
400889f7:	e07891        	l32r	a9, 40080bd8 <_init_end+0x7d8> (3ff42004 <SPI1+0x4>)
400889fa:	0020c0        	memw
400889fd:	0989      	s32i.n	a8, a9, 0
400889ff:	e07581        	l32r	a8, 40080bd4 <_init_end+0x7d4> (3ff4202c <SPI1+0x2c>)
40088a02:	ffa192        	movi	a9, 0x1ff
40088a05:	0020c0        	memw
40088a08:	0899      	s32i.n	a9, a8, 0
40088a0a:	e06e81        	l32r	a8, 40080bc4 <_init_end+0x7c4> (3ff42000 <SPI1>)
40088a0d:	deb491        	l32r	a9, 400804e0 <_init_end+0xe0> (40000 <procpu_iram0_len+0x8000>)
40088a10:	0020c0        	memw
40088a13:	0899      	s32i.n	a9, a8, 0
40088a15:	e06b81        	l32r	a8, 40080bc4 <_init_end+0x7c4> (3ff42000 <SPI1>)
40088a18:	0020c0        	memw
40088a1b:	0888      	l32i.n	a8, a8, 0
40088a1d:	ff4856        	bnez	a8, 40088a15 <esp_rom_spiflash_read_data+0x95>
40088a20:	148050        	extui	a8, a5, 0, 2
40088a23:	58cc      	bnez.n	a8, 40088a2c <esp_rom_spiflash_read_data+0xac>
40088a25:	745250        	extui	a5, a5, 2, 8
40088a28:	000206        	j	40088a34 <esp_rom_spiflash_read_data+0xb4>
40088a2b:	00          	.byte	00
40088a2c:	745250        	extui	a5, a5, 2, 8
40088a2f:	551b      	addi.n	a5, a5, 1
40088a31:	745050        	extui	a5, a5, 0, 8
40088a34:	080c      	movi.n	a8, 0
40088a36:	000546        	j	40088a4f <esp_rom_spiflash_read_data+0xcf>
40088a39:	e06891        	l32r	a9, 40080bdc <_init_end+0x7dc> (ffd0820 <CONFIG_ESP_CLK_FREQ_HZ+0x1aeec20>)
40088a3c:	989a      	add.n	a9, a8, a9
40088a3e:	1199e0        	slli	a9, a9, 2
40088a41:	0020c0        	memw
40088a44:	0998      	l32i.n	a9, a9, 0
40088a46:	0499      	s32i.n	a9, a4, 0
40088a48:	881b      	addi.n	a8, a8, 1
40088a4a:	748080        	extui	a8, a8, 0, 8
40088a4d:	444b      	addi.n	a4, a4, 4
40088a4f:	e63857        	bltu	a8, a5, 40088a39 <esp_rom_spiflash_read_data+0xb9>
40088a52:	050c      	movi.n	a5, 0
40088a54:	0215a6        	blti	a5, 1, 40088a5a <esp_rom_spiflash_read_data+0xda>
40088a57:	ffcfc6        	j	4008899a <esp_rom_spiflash_read_data+0x1a>
40088a5a:	020c      	movi.n	a2, 0
40088a5c:	000086        	j	40088a62 <esp_rom_spiflash_read_data+0xe2>
40088a5f:	00          	.byte	00
40088a60:	120c      	movi.n	a2, 1
40088a62:	f01d      	retw.n

40088a64 <esp_rom_spiflash_read>:
40088a64:	004136        	entry	a1, 32
40088a67:	02bd      	mov.n	a11, a2
40088a69:	03cd      	mov.n	a12, a3
40088a6b:	04dd      	mov.n	a13, a4
40088a6d:	e05c81        	l32r	a8, 40080be0 <_init_end+0x7e0> (3ff42008 <SPI1+0x8>)
40088a70:	0020c0        	memw
40088a73:	0888      	l32i.n	a8, a8, 0
40088a75:	e05b91        	l32r	a9, 40080be4 <_init_end+0x7e4> (1002000 <CONFIG_SOC_GPIO_VALID_DIGITAL_IO_PAD_MASK+0x111016>)
40088a78:	68c897        	bnall	a8, a9, 40088ae4 <esp_rom_spiflash_read+0x80>
40088a7b:	de6e81        	l32r	a8, 40080434 <_init_end+0x34> (3ff4201c <SPI1+0x1c>)
40088a7e:	0020c0        	memw
40088a81:	0898      	l32i.n	a9, a8, 0
40088a83:	de95a1        	l32r	a10, 400804d8 <_init_end+0xd8> (f7ffffff <_rtc_force_slow_end+0xa7ffffd7>)
40088a86:	1099a0        	and	a9, a9, a10
40088a89:	0020c0        	memw
40088a8c:	0899      	s32i.n	a9, a8, 0
40088a8e:	0020c0        	memw
40088a91:	0898      	l32i.n	a9, a8, 0
40088a93:	de8da1        	l32r	a10, 400804c8 <_init_end+0xc8> (70000000 <_rtc_force_slow_end+0x1fffffd8>)
40088a96:	2099a0        	or	a9, a9, a10
40088a99:	0020c0        	memw
40088a9c:	0899      	s32i.n	a9, a8, 0
40088a9e:	e052a1        	l32r	a10, 40080be8 <_init_end+0x7e8> (3ff42020 <SPI1+0x20>)
40088aa1:	0020c0        	memw
40088aa4:	0a88      	l32i.n	a8, a10, 0
40088aa6:	1188a0        	slli	a8, a8, 6
40088aa9:	418680        	srli	a8, a8, 6
40088aac:	e05091        	l32r	a9, 40080bec <_init_end+0x7ec> (7c000000 <_rtc_force_slow_end+0x2bffffd8>)
40088aaf:	208890        	or	a8, a8, a9
40088ab2:	0020c0        	memw
40088ab5:	0a89      	s32i.n	a8, a10, 0
40088ab7:	0020c0        	memw
40088aba:	0a88      	l32i.n	a8, a10, 0
40088abc:	00af92        	movi	a9, 0xffffff00
40088abf:	108890        	and	a8, a8, a9
40088ac2:	de8391        	l32r	a9, 400804d0 <_init_end+0xd0> (3ffae290 <g_rom_spiflash_dummy_len_plus>)
40088ac5:	010992        	l8ui	a9, a9, 1
40088ac8:	993b      	addi.n	a9, a9, 3
40088aca:	749090        	extui	a9, a9, 0, 8
40088acd:	208890        	or	a8, a8, a9
40088ad0:	0020c0        	memw
40088ad3:	0a89      	s32i.n	a8, a10, 0
40088ad5:	e04681        	l32r	a8, 40080bf0 <_init_end+0x7f0> (3ff42024 <SPI1+0x24>)
40088ad8:	e04791        	l32r	a9, 40080bf4 <_init_end+0x7f4> (700000eb <_rtc_force_slow_end+0x200000c3>)
40088adb:	0020c0        	memw
40088ade:	0899      	s32i.n	a9, a8, 0
40088ae0:	007c86        	j	40088cd6 <esp_rom_spiflash_read+0x272>
40088ae3:	00          	.byte	00
40088ae4:	02e8d7        	bbsi	a8, 13, 40088aea <esp_rom_spiflash_read+0x86>
40088ae7:	005346        	j	40088c38 <esp_rom_spiflash_read+0x1d4>
40088aea:	de5291        	l32r	a9, 40080434 <_init_end+0x34> (3ff4201c <SPI1+0x1c>)
40088aed:	0020c0        	memw
40088af0:	09a8      	l32i.n	a10, a9, 0
40088af2:	de79e1        	l32r	a14, 400804d8 <_init_end+0xd8> (f7ffffff <_rtc_force_slow_end+0xa7ffffd7>)
40088af5:	10aae0        	and	a10, a10, a14
40088af8:	0020c0        	memw
40088afb:	09a9      	s32i.n	a10, a9, 0
40088afd:	0020c0        	memw
40088b00:	09a8      	l32i.n	a10, a9, 0
40088b02:	e03de1        	l32r	a14, 40080bf8 <_init_end+0x7f8> (50000000 <s_sleep_sub_mode_ref_cnt>)
40088b05:	20aae0        	or	a10, a10, a14
40088b08:	0020c0        	memw
40088b0b:	09a9      	s32i.n	a10, a9, 0
40088b0d:	02f877        	bbsi	a8, 23, 40088b13 <esp_rom_spiflash_read+0xaf>
40088b10:	002a06        	j	40088bbc <esp_rom_spiflash_read+0x158>
40088b13:	de6f81        	l32r	a8, 400804d0 <_init_end+0xd0> (3ffae290 <g_rom_spiflash_dummy_len_plus>)
40088b16:	010882        	l8ui	a8, a8, 1
40088b19:	78fc      	bnez.n	a8, 40088b54 <esp_rom_spiflash_read+0xf0>
40088b1b:	0020c0        	memw
40088b1e:	0988      	l32i.n	a8, a9, 0
40088b20:	de6da1        	l32r	a10, 400804d4 <_init_end+0xd4> (dfffffff <_rtc_force_slow_end+0x8fffffd7>)
40088b23:	1088a0        	and	a8, a8, a10
40088b26:	0020c0        	memw
40088b29:	0989      	s32i.n	a8, a9, 0
40088b2b:	e02f91        	l32r	a9, 40080be8 <_init_end+0x7e8> (3ff42020 <SPI1+0x20>)
40088b2e:	0020c0        	memw
40088b31:	0988      	l32i.n	a8, a9, 0
40088b33:	1188a0        	slli	a8, a8, 6
40088b36:	418680        	srli	a8, a8, 6
40088b39:	e02ca1        	l32r	a10, 40080bec <_init_end+0x7ec> (7c000000 <_rtc_force_slow_end+0x2bffffd8>)
40088b3c:	2088a0        	or	a8, a8, a10
40088b3f:	0020c0        	memw
40088b42:	0989      	s32i.n	a8, a9, 0
40088b44:	e02b81        	l32r	a8, 40080bf0 <_init_end+0x7f0> (3ff42024 <SPI1+0x24>)
40088b47:	e02d91        	l32r	a9, 40080bfc <_init_end+0x7fc> (700000bb <_rtc_force_slow_end+0x20000093>)
40088b4a:	0020c0        	memw
40088b4d:	0899      	s32i.n	a9, a8, 0
40088b4f:	0060c6        	j	40088cd6 <esp_rom_spiflash_read+0x272>
40088b52:	00          	.byte	00
40088b53:	00          	.byte	00
40088b54:	de3891        	l32r	a9, 40080434 <_init_end+0x34> (3ff4201c <SPI1+0x1c>)
40088b57:	0020c0        	memw
40088b5a:	0988      	l32i.n	a8, a9, 0
40088b5c:	df3ea1        	l32r	a10, 40080854 <_init_end+0x454> (20000000 <CONFIG_SOC_MPU_MIN_REGION_SIZE>)
40088b5f:	2088a0        	or	a8, a8, a10
40088b62:	0020c0        	memw
40088b65:	0989      	s32i.n	a8, a9, 0
40088b67:	e020a1        	l32r	a10, 40080be8 <_init_end+0x7e8> (3ff42020 <SPI1+0x20>)
40088b6a:	0020c0        	memw
40088b6d:	0a88      	l32i.n	a8, a10, 0
40088b6f:	1188a0        	slli	a8, a8, 6
40088b72:	418680        	srli	a8, a8, 6
40088b75:	e01d91        	l32r	a9, 40080bec <_init_end+0x7ec> (7c000000 <_rtc_force_slow_end+0x2bffffd8>)
40088b78:	208890        	or	a8, a8, a9
40088b7b:	0020c0        	memw
40088b7e:	0a89      	s32i.n	a8, a10, 0
40088b80:	0020c0        	memw
40088b83:	0a88      	l32i.n	a8, a10, 0
40088b85:	00af92        	movi	a9, 0xffffff00
40088b88:	108890        	and	a8, a8, a9
40088b8b:	de5191        	l32r	a9, 400804d0 <_init_end+0xd0> (3ffae290 <g_rom_spiflash_dummy_len_plus>)
40088b8e:	010992        	l8ui	a9, a9, 1
40088b91:	990b      	addi.n	a9, a9, -1
40088b93:	749090        	extui	a9, a9, 0, 8
40088b96:	208890        	or	a8, a8, a9
40088b99:	0020c0        	memw
40088b9c:	0a89      	s32i.n	a8, a10, 0
40088b9e:	e01491        	l32r	a9, 40080bf0 <_init_end+0x7f0> (3ff42024 <SPI1+0x24>)
40088ba1:	0020c0        	memw
40088ba4:	0988      	l32i.n	a8, a9, 0
40088ba6:	f58080        	extui	a8, a8, 16, 16
40088ba9:	118800        	slli	a8, a8, 16
40088bac:	bba0a2        	movi	a10, 187
40088baf:	2088a0        	or	a8, a8, a10
40088bb2:	0020c0        	memw
40088bb5:	0989      	s32i.n	a8, a9, 0
40088bb7:	0046c6        	j	40088cd6 <esp_rom_spiflash_read+0x272>
40088bba:	00          	.byte	00
40088bbb:	00          	.byte	00
40088bbc:	0d7847        	bbci	a8, 20, 40088bcd <esp_rom_spiflash_read+0x169>
40088bbf:	e00c81        	l32r	a8, 40080bf0 <_init_end+0x7f0> (3ff42024 <SPI1+0x24>)
40088bc2:	e00f91        	l32r	a9, 40080c00 <_init_end+0x800> (7000006b <_rtc_force_slow_end+0x20000043>)
40088bc5:	0020c0        	memw
40088bc8:	0899      	s32i.n	a9, a8, 0
40088bca:	0006c6        	j	40088be9 <esp_rom_spiflash_read+0x185>
40088bcd:	0d68e7        	bbci	a8, 14, 40088bde <esp_rom_spiflash_read+0x17a>
40088bd0:	e00881        	l32r	a8, 40080bf0 <_init_end+0x7f0> (3ff42024 <SPI1+0x24>)
40088bd3:	e00c91        	l32r	a9, 40080c04 <_init_end+0x804> (7000003b <_rtc_force_slow_end+0x20000013>)
40088bd6:	0020c0        	memw
40088bd9:	0899      	s32i.n	a9, a8, 0
40088bdb:	000286        	j	40088be9 <esp_rom_spiflash_read+0x185>
40088bde:	e00481        	l32r	a8, 40080bf0 <_init_end+0x7f0> (3ff42024 <SPI1+0x24>)
40088be1:	e00991        	l32r	a9, 40080c08 <_init_end+0x808> (7000000b <_rtc_force_slow_end+0x1fffffe3>)
40088be4:	0020c0        	memw
40088be7:	0899      	s32i.n	a9, a8, 0
40088be9:	de1291        	l32r	a9, 40080434 <_init_end+0x34> (3ff4201c <SPI1+0x1c>)
40088bec:	0020c0        	memw
40088bef:	0988      	l32i.n	a8, a9, 0
40088bf1:	df18a1        	l32r	a10, 40080854 <_init_end+0x454> (20000000 <CONFIG_SOC_MPU_MIN_REGION_SIZE>)
40088bf4:	2088a0        	or	a8, a8, a10
40088bf7:	0020c0        	memw
40088bfa:	0989      	s32i.n	a8, a9, 0
40088bfc:	dffba1        	l32r	a10, 40080be8 <_init_end+0x7e8> (3ff42020 <SPI1+0x20>)
40088bff:	0020c0        	memw
40088c02:	0a88      	l32i.n	a8, a10, 0
40088c04:	1188a0        	slli	a8, a8, 6
40088c07:	418680        	srli	a8, a8, 6
40088c0a:	dfb191        	l32r	a9, 40080ad0 <_init_end+0x6d0> (5c000000 <_rtc_force_slow_end+0xbffffd8>)
40088c0d:	208890        	or	a8, a8, a9
40088c10:	0020c0        	memw
40088c13:	0a89      	s32i.n	a8, a10, 0
40088c15:	0020c0        	memw
40088c18:	0a88      	l32i.n	a8, a10, 0
40088c1a:	00af92        	movi	a9, 0xffffff00
40088c1d:	108890        	and	a8, a8, a9
40088c20:	de2c91        	l32r	a9, 400804d0 <_init_end+0xd0> (3ffae290 <g_rom_spiflash_dummy_len_plus>)
40088c23:	010992        	l8ui	a9, a9, 1
40088c26:	997b      	addi.n	a9, a9, 7
40088c28:	749090        	extui	a9, a9, 0, 8
40088c2b:	208890        	or	a8, a8, a9
40088c2e:	0020c0        	memw
40088c31:	0a89      	s32i.n	a8, a10, 0
40088c33:	0027c6        	j	40088cd6 <esp_rom_spiflash_read+0x272>
40088c36:	00          	.byte	00
40088c37:	00          	.byte	00
40088c38:	ddff91        	l32r	a9, 40080434 <_init_end+0x34> (3ff4201c <SPI1+0x1c>)
40088c3b:	0020c0        	memw
40088c3e:	0988      	l32i.n	a8, a9, 0
40088c40:	de26a1        	l32r	a10, 400804d8 <_init_end+0xd8> (f7ffffff <_rtc_force_slow_end+0xa7ffffd7>)
40088c43:	1088a0        	and	a8, a8, a10
40088c46:	0020c0        	memw
40088c49:	0989      	s32i.n	a8, a9, 0
40088c4b:	de2181        	l32r	a8, 400804d0 <_init_end+0xd0> (3ffae290 <g_rom_spiflash_dummy_len_plus>)
40088c4e:	010882        	l8ui	a8, a8, 1
40088c51:	38dc      	bnez.n	a8, 40088c68 <esp_rom_spiflash_read+0x204>
40088c53:	0020c0        	memw
40088c56:	0988      	l32i.n	a8, a9, 0
40088c58:	de1fa1        	l32r	a10, 400804d4 <_init_end+0xd4> (dfffffff <_rtc_force_slow_end+0x8fffffd7>)
40088c5b:	1088a0        	and	a8, a8, a10
40088c5e:	0020c0        	memw
40088c61:	0989      	s32i.n	a8, a9, 0
40088c63:	000e06        	j	40088c9f <esp_rom_spiflash_read+0x23b>
40088c66:	00          	.byte	00
40088c67:	00          	.byte	00
40088c68:	ddf391        	l32r	a9, 40080434 <_init_end+0x34> (3ff4201c <SPI1+0x1c>)
40088c6b:	0020c0        	memw
40088c6e:	002982        	l32i	a8, a9, 0
40088c71:	def8a1        	l32r	a10, 40080854 <_init_end+0x454> (20000000 <CONFIG_SOC_MPU_MIN_REGION_SIZE>)
40088c74:	2088a0        	or	a8, a8, a10
40088c77:	0020c0        	memw
40088c7a:	006982        	s32i	a8, a9, 0
40088c7d:	dfdaa1        	l32r	a10, 40080be8 <_init_end+0x7e8> (3ff42020 <SPI1+0x20>)
40088c80:	0020c0        	memw
40088c83:	002a82        	l32i	a8, a10, 0
40088c86:	00af92        	movi	a9, 0xffffff00
40088c89:	108890        	and	a8, a8, a9
40088c8c:	de1191        	l32r	a9, 400804d0 <_init_end+0xd0> (3ffae290 <g_rom_spiflash_dummy_len_plus>)
40088c8f:	010992        	l8ui	a9, a9, 1
40088c92:	990b      	addi.n	a9, a9, -1
40088c94:	749090        	extui	a9, a9, 0, 8
40088c97:	208890        	or	a8, a8, a9
40088c9a:	0020c0        	memw
40088c9d:	0a89      	s32i.n	a8, a10, 0
40088c9f:	dde591        	l32r	a9, 40080434 <_init_end+0x34> (3ff4201c <SPI1+0x1c>)
40088ca2:	0020c0        	memw
40088ca5:	0988      	l32i.n	a8, a9, 0
40088ca7:	dfd4a1        	l32r	a10, 40080bf8 <_init_end+0x7f8> (50000000 <s_sleep_sub_mode_ref_cnt>)
40088caa:	2088a0        	or	a8, a8, a10
40088cad:	0020c0        	memw
40088cb0:	0989      	s32i.n	a8, a9, 0
40088cb2:	dfcd91        	l32r	a9, 40080be8 <_init_end+0x7e8> (3ff42020 <SPI1+0x20>)
40088cb5:	0020c0        	memw
40088cb8:	0988      	l32i.n	a8, a9, 0
40088cba:	1188a0        	slli	a8, a8, 6
40088cbd:	418680        	srli	a8, a8, 6
40088cc0:	df84a1        	l32r	a10, 40080ad0 <_init_end+0x6d0> (5c000000 <_rtc_force_slow_end+0xbffffd8>)
40088cc3:	2088a0        	or	a8, a8, a10
40088cc6:	0020c0        	memw
40088cc9:	0989      	s32i.n	a8, a9, 0
40088ccb:	dfc981        	l32r	a8, 40080bf0 <_init_end+0x7f0> (3ff42024 <SPI1+0x24>)
40088cce:	dfcf91        	l32r	a9, 40080c0c <_init_end+0x80c> (70000003 <_rtc_force_slow_end+0x1fffffdb>)
40088cd1:	0020c0        	memw
40088cd4:	0899      	s32i.n	a9, a8, 0
40088cd6:	dfcea1        	l32r	a10, 40080c10 <_init_end+0x810> (3ffae270 <g_rom_flashchip>)
40088cd9:	ffca65        	call8	40088980 <esp_rom_spiflash_read_data>
40088cdc:	0a2d      	mov.n	a2, a10
40088cde:	0a8c      	beqz.n	a10, 40088ce2 <esp_rom_spiflash_read+0x27e>
40088ce0:	120c      	movi.n	a2, 1
40088ce2:	f01d      	retw.n

40088ce4 <esp_cache_suspend_ext_mem_cache>:
40088ce4:	004136        	entry	a1, 32
40088ce7:	02a0b2        	movi	a11, 2
40088cea:	01a0a2        	movi	a10, 1
40088ced:	fd2b65        	call8	40085fa4 <cache_hal_suspend>
40088cf0:	000090        	retw
	...

40088cf4 <esp_cache_resume_ext_mem_cache>:
40088cf4:	004136        	entry	a1, 32
40088cf7:	02a0b2        	movi	a11, 2
40088cfa:	01a0a2        	movi	a10, 1
40088cfd:	fd31a5        	call8	40086018 <cache_hal_resume>
40088d00:	000090        	retw
	...

Disassembly of section .loader.text:

40088d04 <spi_to_esp_err-0x7c>:
40088d04:	00006001 	
40088d08:	00006002 	
40088d0c:	3ffb00b8 	
40088d10:	3f720000 	
40088d14:	40009ab8 	
40088d18:	40009a14 	
40088d1c:	400095e0 	
40088d20:	40009a84 	
40088d24:	3ffb1b80 	
40088d28:	3ffb1be4 	
40088d2c:	3ffb1c24 	
40088d30:	3ffb1c60 	
40088d34:	40007d54 	
40088d38:	80000000 	
40088d3c:	3ff64000 	
40088d40:	3ff42000 	
40088d44:	3ff65000 	
40088d48:	04c4b400 	
40088d4c:	10624dd3 	
40088d50:	4000c44c 	
40088d54:	3ffae270 	
40088d58:	3ffb1410 	
40088d5c:	3ffb1434 	
40088d60:	3ffb1cf8 	
40088d64:	3ffb19f4 	
40088d68:	3ffb1a5c 	
40088d6c:	01000000 	
40088d70:	3ffb1cdc 	
40088d74:	3ffb1adc 	
40088d78:	3ffb3074 	
40088d7c:	3ffb1464 	

40088d80 <spi_to_esp_err>:
40088d80:	004136        	entry	a1, 32
40088d83:	091226        	beqi	a2, 1, 40088d90 <spi_to_esp_err+0x10>
40088d86:	0e2226        	beqi	a2, 2, 40088d98 <spi_to_esp_err+0x18>
40088d89:	12dc      	bnez.n	a2, 40088d9e <spi_to_esp_err+0x1e>
40088d8b:	000446        	j	40088da0 <spi_to_esp_err+0x20>
40088d8e:	00          	.byte	00
40088d8f:	00          	.byte	00
40088d90:	ffdd21        	l32r	a2, 40088d04 <esp_cache_resume_ext_mem_cache+0x10> (6001 <CONFIG_SOC_ADC_SAMPLE_FREQ_THRES_LOW+0x11e1>)
40088d93:	000246        	j	40088da0 <spi_to_esp_err+0x20>
40088d96:	00          	.byte	00
40088d97:	00          	.byte	00
40088d98:	ffdc21        	l32r	a2, 40088d08 <esp_cache_resume_ext_mem_cache+0x14> (6002 <CONFIG_SOC_ADC_SAMPLE_FREQ_THRES_LOW+0x11e2>)
40088d9b:	000046        	j	40088da0 <spi_to_esp_err+0x20>
40088d9e:	f27c      	movi.n	a2, -1
40088da0:	f01d      	retw.n
	...

40088da4 <bootloader_flash_read_allow_decrypt>:
40088da4:	006136        	entry	a1, 48
40088da7:	0139      	s32i.n	a3, a1, 0
40088da9:	050c      	movi.n	a5, 0
40088dab:	001806        	j	40088e0f <bootloader_flash_read_allow_decrypt+0x6b>
40088dae:	00          	.byte	00
40088daf:	00          	.byte	00
40088db0:	00          	.byte	00
40088db1:	1135e0        	slli	a3, a5, 2
40088db4:	a07520        	addx4	a7, a5, a2
40088db7:	f56070        	extui	a6, a7, 16, 16
40088dba:	116600        	slli	a6, a6, 16
40088dbd:	ffd381        	l32r	a8, 40088d0c <esp_cache_resume_ext_mem_cache+0x18> (3ffb00b8 <current_read_mapping>)
40088dc0:	002882        	l32i	a8, a8, 0
40088dc3:	361867        	beq	a8, a6, 40088dfd <bootloader_flash_read_allow_decrypt+0x59>
40088dc6:	00a0a2        	movi	a10, 0
40088dc9:	ffd281        	l32r	a8, 40088d14 <esp_cache_resume_ext_mem_cache+0x20> (40009ab8 <Cache_Read_Disable_rom>)
40088dcc:	0008e0        	callx8	a8
40088dcf:	00a0a2        	movi	a10, 0
40088dd2:	ffd181        	l32r	a8, 40088d18 <esp_cache_resume_ext_mem_cache+0x24> (40009a14 <Cache_Flush_rom>)
40088dd5:	0008e0        	callx8	a8
40088dd8:	1f0c      	movi.n	a15, 1
40088dda:	0e4c      	movi.n	a14, 64
40088ddc:	06dd      	mov.n	a13, a6
40088dde:	ffccc1        	l32r	a12, 40088d10 <esp_cache_resume_ext_mem_cache+0x1c> (3f720000 <_rodata_end+0x310000>)
40088de1:	0b0c      	movi.n	a11, 0
40088de3:	0bad      	mov.n	a10, a11
40088de5:	ffcd81        	l32r	a8, 40088d1c <esp_cache_resume_ext_mem_cache+0x28> (400095e0 <cache_flash_mmu_set_rom>)
40088de8:	0008e0        	callx8	a8
40088deb:	1a8c      	beqz.n	a10, 40088df0 <bootloader_flash_read_allow_decrypt+0x4c>
40088ded:	488325        	call8	400d1620 <__assert_no_args>
40088df0:	ffc781        	l32r	a8, 40088d0c <esp_cache_resume_ext_mem_cache+0x18> (3ffb00b8 <current_read_mapping>)
40088df3:	0869      	s32i.n	a6, a8, 0
40088df5:	0a0c      	movi.n	a10, 0
40088df7:	ffca81        	l32r	a8, 40088d20 <esp_cache_resume_ext_mem_cache+0x2c> (40009a84 <Cache_Read_Enable_rom>)
40088dfa:	0008e0        	callx8	a8
40088dfd:	c07760        	sub	a7, a7, a6
40088e00:	ffc481        	l32r	a8, 40088d10 <esp_cache_resume_ext_mem_cache+0x1c> (3f720000 <_rodata_end+0x310000>)
40088e03:	778a      	add.n	a7, a7, a8
40088e05:	0188      	l32i.n	a8, a1, 0
40088e07:	383a      	add.n	a3, a8, a3
40088e09:	0788      	l32i.n	a8, a7, 0
40088e0b:	0389      	s32i.n	a8, a3, 0
40088e0d:	551b      	addi.n	a5, a5, 1
40088e0f:	418240        	srli	a8, a4, 2
40088e12:	9b3587        	bltu	a5, a8, 40088db1 <bootloader_flash_read_allow_decrypt+0xd>
40088e15:	ffbd81        	l32r	a8, 40088d0c <esp_cache_resume_ext_mem_cache+0x18> (3ffb00b8 <current_read_mapping>)
40088e18:	f97c      	movi.n	a9, -1
40088e1a:	0899      	s32i.n	a9, a8, 0
40088e1c:	020c      	movi.n	a2, 0
40088e1e:	f01d      	retw.n

40088e20 <bootloader_flash_read_no_decrypt>:
40088e20:	004136        	entry	a1, 32
40088e23:	00a0a2        	movi	a10, 0
40088e26:	ffbb81        	l32r	a8, 40088d14 <esp_cache_resume_ext_mem_cache+0x20> (40009ab8 <Cache_Read_Disable_rom>)
40088e29:	0008e0        	callx8	a8
40088e2c:	00a0a2        	movi	a10, 0
40088e2f:	ffba81        	l32r	a8, 40088d18 <esp_cache_resume_ext_mem_cache+0x24> (40009a14 <Cache_Flush_rom>)
40088e32:	0008e0        	callx8	a8
40088e35:	20c440        	or	a12, a4, a4
40088e38:	03bd      	mov.n	a11, a3
40088e3a:	02ad      	mov.n	a10, a2
40088e3c:	ffc265        	call8	40088a64 <esp_rom_spiflash_read>
40088e3f:	0a7d      	mov.n	a7, a10
40088e41:	0a0c      	movi.n	a10, 0
40088e43:	ffb781        	l32r	a8, 40088d20 <esp_cache_resume_ext_mem_cache+0x2c> (40009a84 <Cache_Read_Enable_rom>)
40088e46:	0008e0        	callx8	a8
40088e49:	07ad      	mov.n	a10, a7
40088e4b:	fff365        	call8	40088d80 <spi_to_esp_err>
40088e4e:	0a2d      	mov.n	a2, a10
40088e50:	f01d      	retw.n
	...

40088e54 <esp_rom_flash_read>:
40088e54:	004136        	entry	a1, 32
40088e57:	02ad      	mov.n	a10, a2
40088e59:	03bd      	mov.n	a11, a3
40088e5b:	04cd      	mov.n	a12, a4
40088e5d:	745050        	extui	a5, a5, 0, 8
40088e60:	148020        	extui	a8, a2, 0, 2
40088e63:	289c      	beqz.n	a8, 40088e79 <esp_rom_flash_read+0x25>
40088e65:	20c220        	or	a12, a2, a2
40088e68:	ffafb1        	l32r	a11, 40088d24 <esp_cache_resume_ext_mem_cache+0x30> (3ffb1b80 <_loader_data_start+0x588>)
40088e6b:	ffafa1        	l32r	a10, 40088d28 <esp_cache_resume_ext_mem_cache+0x34> (3ffb1be4 <_loader_data_start+0x5ec>)
40088e6e:	ffb181        	l32r	a8, 40088d34 <esp_cache_resume_ext_mem_cache+0x40> (40007d54 <esp_rom_printf>)
40088e71:	0008e0        	callx8	a8
40088e74:	f27c      	movi.n	a2, -1
40088e76:	000fc6        	j	40088eb9 <esp_rom_flash_read+0x65>
40088e79:	148040        	extui	a8, a4, 0, 2
40088e7c:	189c      	beqz.n	a8, 40088e91 <esp_rom_flash_read+0x3d>
40088e7e:	ffa9b1        	l32r	a11, 40088d24 <esp_cache_resume_ext_mem_cache+0x30> (3ffb1b80 <_loader_data_start+0x588>)
40088e81:	ffaaa1        	l32r	a10, 40088d2c <esp_cache_resume_ext_mem_cache+0x38> (3ffb1c24 <_loader_data_start+0x62c>)
40088e84:	ffac81        	l32r	a8, 40088d34 <esp_cache_resume_ext_mem_cache+0x40> (40007d54 <esp_rom_printf>)
40088e87:	0008e0        	callx8	a8
40088e8a:	f27c      	movi.n	a2, -1
40088e8c:	000a46        	j	40088eb9 <esp_rom_flash_read+0x65>
40088e8f:	00          	.byte	00
40088e90:	00          	.byte	00
40088e91:	148030        	extui	a8, a3, 0, 2
40088e94:	189c      	beqz.n	a8, 40088ea9 <esp_rom_flash_read+0x55>
40088e96:	03cd      	mov.n	a12, a3
40088e98:	ffa3b1        	l32r	a11, 40088d24 <esp_cache_resume_ext_mem_cache+0x30> (3ffb1b80 <_loader_data_start+0x588>)
40088e9b:	ffa5a1        	l32r	a10, 40088d30 <esp_cache_resume_ext_mem_cache+0x3c> (3ffb1c60 <_loader_data_start+0x668>)
40088e9e:	ffa581        	l32r	a8, 40088d34 <esp_cache_resume_ext_mem_cache+0x40> (40007d54 <esp_rom_printf>)
40088ea1:	0008e0        	callx8	a8
40088ea4:	f27c      	movi.n	a2, -1
40088ea6:	0003c6        	j	40088eb9 <esp_rom_flash_read+0x65>
40088ea9:	758c      	beqz.n	a5, 40088eb4 <esp_rom_flash_read+0x60>
40088eab:	ffefa5        	call8	40088da4 <bootloader_flash_read_allow_decrypt>
40088eae:	0a2d      	mov.n	a2, a10
40088eb0:	000146        	j	40088eb9 <esp_rom_flash_read+0x65>
40088eb3:	00          	.byte	00
40088eb4:	fff6a5        	call8	40088e20 <bootloader_flash_read_no_decrypt>
40088eb7:	0a2d      	mov.n	a2, a10
40088eb9:	f01d      	retw.n
	...

40088ebc <bootloader_enable_wp>:
40088ebc:	004136        	entry	a1, 32
40088ebf:	00a0d2        	movi	a13, 0
40088ec2:	20cdd0        	or	a12, a13, a13
40088ec5:	20bdd0        	or	a11, a13, a13
40088ec8:	4a0c      	movi.n	a10, 4
40088eca:	f86565        	call8	40081520 <bootloader_execute_flash_command>
40088ecd:	f01d      	retw.n
	...

40088ed0 <spi_flash_ll_calculate_clock_reg>:
40088ed0:	004136        	entry	a1, 32
40088ed3:	211326        	beqi	a3, 1, 40088ef8 <spi_flash_ll_calculate_clock_reg+0x28>
40088ed6:	830b      	addi.n	a8, a3, -1
40088ed8:	413130        	srli	a3, a3, 1
40088edb:	330b      	addi.n	a3, a3, -1
40088edd:	1133a0        	slli	a3, a3, 6
40088ee0:	743630        	extui	a3, a3, 6, 8
40088ee3:	1133a0        	slli	a3, a3, 6
40088ee6:	202830        	or	a2, a8, a3
40088ee9:	118840        	slli	a8, a8, 12
40088eec:	748c80        	extui	a8, a8, 12, 8
40088eef:	118840        	slli	a8, a8, 12
40088ef2:	202280        	or	a2, a2, a8
40088ef5:	000086        	j	40088efb <spi_flash_ll_calculate_clock_reg+0x2b>
40088ef8:	ff9021        	l32r	a2, 40088d38 <esp_cache_resume_ext_mem_cache+0x44> (80000000 <_rtc_force_slow_end+0x2fffffd8>)
40088efb:	f01d      	retw.n
40088efd:	000000        	ill

40088f00 <get_flash_clock_divider>:
40088f00:	004136        	entry	a1, 32
40088f03:	c288      	l32i.n	a8, a2, 48
40088f05:	b298      	l32i.n	a9, a2, 44
40088f07:	02a897        	bge	a8, a9, 40088f0d <get_flash_clock_divider+0xd>
40088f0a:	4875e5        	call8	400d1668 <abort>
40088f0d:	e6c9a2        	addi	a10, a9, -26
40088f10:	0c2ab6        	bltui	a10, 2, 40088f20 <get_flash_clock_divider+0x20>
40088f13:	289a      	add.n	a2, a8, a9
40088f15:	220b      	addi.n	a2, a2, -1
40088f17:	d22290        	quos	a2, a2, a9
40088f1a:	000106        	j	40088f22 <get_flash_clock_divider+0x22>
40088f1d:	00          	.byte	00
40088f1e:	00          	.byte	00
40088f1f:	00          	.byte	00
40088f20:	320c      	movi.n	a2, 3
40088f22:	f01d      	retw.n

40088f24 <spi_flash_cal_clock>:
40088f24:	004136        	entry	a1, 32
40088f27:	20a220        	or	a10, a2, a2
40088f2a:	072222        	l32i	a2, a2, 28
40088f2d:	fffd25        	call8	40088f00 <get_flash_clock_divider>
40088f30:	74b0a0        	extui	a11, a10, 0, 8
40088f33:	74a020        	extui	a10, a2, 0, 8
40088f36:	fff9a5        	call8	40088ed0 <spi_flash_ll_calculate_clock_reg>
40088f39:	0a2d      	mov.n	a2, a10
40088f3b:	f01d      	retw.n
40088f3d:	000000        	ill

40088f40 <spi_flash_hal_init>:
40088f40:	006136        	entry	a1, 48
40088f43:	082372        	l32i	a7, a3, 32
40088f46:	0237a6        	blti	a7, 3, 40088f4c <spi_flash_hal_init+0xc>
40088f49:	0035c6        	j	40089024 <spi_flash_hal_init+0xe4>
40088f4c:	002242        	l32i	a4, a2, 0
40088f4f:	072382        	l32i	a8, a3, 28
40088f52:	788c      	beqz.n	a8, 40088f5d <spi_flash_hal_init+0x1d>
40088f54:	0c1826        	beqi	a8, 1, 40088f64 <spi_flash_hal_init+0x24>
40088f57:	112826        	beqi	a8, 2, 40088f6c <spi_flash_hal_init+0x2c>
40088f5a:	4870e5        	call8	400d1668 <abort>
40088f5d:	ff7851        	l32r	a5, 40088d40 <esp_cache_resume_ext_mem_cache+0x4c> (3ff42000 <SPI1>)
40088f60:	0002c6        	j	40088f6f <spi_flash_hal_init+0x2f>
40088f63:	00          	.byte	00
40088f64:	ff7651        	l32r	a5, 40088d3c <esp_cache_resume_ext_mem_cache+0x48> (3ff64000 <SPI2>)
40088f67:	000106        	j	40088f6f <spi_flash_hal_init+0x2f>
40088f6a:	00          	.byte	00
40088f6b:	00          	.byte	00
40088f6c:	ff7651        	l32r	a5, 40088d44 <esp_cache_resume_ext_mem_cache+0x50> (3ff65000 <SPI3>)
40088f6f:	0c0362        	l8ui	a6, a3, 12
40088f72:	022382        	l32i	a8, a3, 8
40088f75:	006182        	s32i	a8, a1, 0
40088f78:	0a2392        	l32i	a9, a3, 40
40088f7b:	1199      	s32i.n	a9, a1, 4
40088f7d:	b3a8      	l32i.n	a10, a3, 44
40088f7f:	21a9      	s32i.n	a10, a1, 8
40088f81:	0c3c      	movi.n	a12, 48
40088f83:	0b0c      	movi.n	a11, 0
40088f85:	02ad      	mov.n	a10, a2
40088f87:	ff7281        	l32r	a8, 40088d50 <esp_cache_resume_ext_mem_cache+0x5c> (4000c44c <memset>)
40088f8a:	0008e0        	callx8	a8
40088f8d:	0249      	s32i.n	a4, a2, 0
40088f8f:	1259      	s32i.n	a5, a2, 4
40088f91:	2279      	s32i.n	a7, a2, 8
40088f93:	0e4262        	s8i	a6, a2, 14
40088f96:	0188      	l32i.n	a8, a1, 0
40088f98:	0f4282        	s8i	a8, a2, 15
40088f9b:	1198      	l32i.n	a9, a1, 4
40088f9d:	5299      	s32i.n	a9, a2, 20
40088f9f:	21a8      	l32i.n	a10, a1, 8
40088fa1:	a2a9      	s32i.n	a10, a2, 40
40088fa3:	140362        	l8ui	a6, a3, 20
40088fa6:	6378      	l32i.n	a7, a3, 24
40088fa8:	03ad      	mov.n	a10, a3
40088faa:	fff565        	call8	40088f00 <get_flash_clock_divider>
40088fad:	ff6681        	l32r	a8, 40088d48 <esp_cache_resume_ext_mem_cache+0x54> (4c4b400 <CONFIG_XTAL_FREQ_HZ+0x2625a00>)
40088fb0:	c2a8a0        	quou	a10, a8, a10
40088fb3:	d2a8a0        	quos	a10, a8, a10
40088fb6:	36cc      	bnez.n	a6, 40088fbd <spi_flash_hal_init+0x7d>
40088fb8:	991c      	movi.n	a9, 25
40088fba:	000046        	j	40088fbf <spi_flash_hal_init+0x7f>
40088fbd:	090c      	movi.n	a9, 0
40088fbf:	871b      	addi.n	a8, a7, 1
40088fc1:	889a      	add.n	a8, a8, a9
40088fc3:	a08880        	addx4	a8, a8, a8
40088fc6:	1188c0        	slli	a8, a8, 4
40088fc9:	ff6091        	l32r	a9, 40088d4c <esp_cache_resume_ext_mem_cache+0x58> (10624dd3 <CONFIG_ESP_CLK_FREQ_HZ+0x21431d3>)
40088fcc:	b29890        	mulsh	a9, a8, a9
40088fcf:	219690        	srai	a9, a9, 6
40088fd2:	31bf80        	srai	a11, a8, 31
40088fd5:	c099b0        	sub	a9, a9, a11
40088fd8:	19acb2        	movi	a11, 0xfffffc19
40088fdb:	01a8b7        	bge	a8, a11, 40088fe0 <spi_flash_hal_init+0xa0>
40088fde:	090c      	movi.n	a9, 0
40088fe0:	d299a0        	quos	a9, a9, a10
40088fe3:	0c4292        	s8i	a9, a2, 12
40088fe6:	03ad      	mov.n	a10, a3
40088fe8:	fff3a5        	call8	40088f24 <spi_flash_cal_clock>
40088feb:	0020c0        	memw
40088fee:	42a9      	s32i.n	a10, a2, 16
40088ff0:	240382        	l8ui	a8, a3, 36
40088ff3:	989c      	beqz.n	a8, 40089010 <spi_flash_hal_init+0xd0>
40088ff5:	180c      	movi.n	a8, 1
40088ff7:	6289      	s32i.n	a8, a2, 24
40088ff9:	380c      	movi.n	a8, 3
40088ffb:	066282        	s32i	a8, a2, 24
40088ffe:	340382        	l8ui	a8, a3, 52
40089001:	2c4282        	s8i	a8, a2, 44
40089004:	350382        	l8ui	a8, a3, 53
40089007:	2d4282        	s8i	a8, a2, 45
4008900a:	360382        	l8ui	a8, a3, 54
4008900d:	2e4282        	s8i	a8, a2, 46
40089010:	370382        	l8ui	a8, a3, 55
40089013:	389c      	beqz.n	a8, 4008902a <spi_flash_hal_init+0xea>
40089015:	6288      	l32i.n	a8, a2, 24
40089017:	d97c      	movi.n	a9, -3
40089019:	108890        	and	a8, a8, a9
4008901c:	6289      	s32i.n	a8, a2, 24
4008901e:	020c      	movi.n	a2, 0
40089020:	000206        	j	4008902c <spi_flash_hal_init+0xec>
40089023:	00          	.byte	00
40089024:	02a122        	movi	a2, 0x102
40089027:	000046        	j	4008902c <spi_flash_hal_init+0xec>
4008902a:	020c      	movi.n	a2, 0
4008902c:	f01d      	retw.n
	...

40089030 <spi_flash_hal_supports_direct_write>:
40089030:	004136        	entry	a1, 32
40089033:	1228      	l32i.n	a2, a2, 4
40089035:	ff4281        	l32r	a8, 40088d40 <esp_cache_resume_ext_mem_cache+0x4c> (3ff42000 <SPI1>)
40089038:	c02280        	sub	a2, a2, a8
4008903b:	180c      	movi.n	a8, 1
4008903d:	932820        	movnez	a2, a8, a2
40089040:	f01d      	retw.n
	...

40089044 <spi_flash_hal_supports_direct_read>:
40089044:	004136        	entry	a1, 32
40089047:	1228      	l32i.n	a2, a2, 4
40089049:	ff3d81        	l32r	a8, 40088d40 <esp_cache_resume_ext_mem_cache+0x4c> (3ff42000 <SPI1>)
4008904c:	c02280        	sub	a2, a2, a8
4008904f:	180c      	movi.n	a8, 1
40089051:	932820        	movnez	a2, a8, a2
40089054:	f01d      	retw.n
	...

40089058 <esp_flash_init_default_chip>:
40089058:	00c136        	entry	a1, 96
4008905b:	8c3c      	movi.n	a12, 56
4008905d:	0b0c      	movi.n	a11, 0
4008905f:	01ad      	mov.n	a10, a1
40089061:	ff3b81        	l32r	a8, 40088d50 <esp_cache_resume_ext_mem_cache+0x5c> (4000c44c <memset>)
40089064:	0008e0        	callx8	a8
40089067:	180c      	movi.n	a8, 1
40089069:	0c4182        	s8i	a8, a1, 12
4008906c:	882c      	movi.n	a8, 40
4008906e:	b189      	s32i.n	a8, a1, 44
40089070:	ff3981        	l32r	a8, 40088d54 <esp_cache_resume_ext_mem_cache+0x60> (3ffae270 <g_rom_flashchip>)
40089073:	08b8      	l32i.n	a11, a8, 0
40089075:	ff38a1        	l32r	a10, 40088d58 <esp_cache_resume_ext_mem_cache+0x64> (3ffb1410 <default_chip>)
40089078:	4a7b65        	call8	400d3830 <spi_flash_chip_list_check>
4008907b:	085c      	movi.n	a8, 80
4008907d:	c189      	s32i.n	a8, a1, 48
4008907f:	01bd      	mov.n	a11, a1
40089081:	ff36a1        	l32r	a10, 40088d5c <esp_cache_resume_ext_mem_cache+0x68> (3ffb1434 <esp_flash_default_host>)
40089084:	feb725        	call8	40087bf8 <memspi_host_init_pointers>
40089087:	0a2d      	mov.n	a2, a10
40089089:	08ca56        	bnez	a10, 40089119 <esp_flash_init_default_chip+0xc1>
4008908c:	ff33a1        	l32r	a10, 40088d58 <esp_cache_resume_ext_mem_cache+0x64> (3ffb1410 <default_chip>)
4008908f:	fee4e5        	call8	40087edc <esp_flash_init_main>
40089092:	0a2d      	mov.n	a2, a10
40089094:	081a56        	bnez	a10, 40089119 <esp_flash_init_default_chip+0xc1>
40089097:	ff3081        	l32r	a8, 40088d58 <esp_cache_resume_ext_mem_cache+0x64> (3ffb1410 <default_chip>)
4008909a:	0528c2        	l32i	a12, a8, 20
4008909d:	ff2d81        	l32r	a8, 40088d54 <esp_cache_resume_ext_mem_cache+0x60> (3ffae270 <g_rom_flashchip>)
400890a0:	0128d2        	l32i	a13, a8, 4
400890a3:	15bcd7        	bgeu	a12, a13, 400890bc <esp_flash_init_default_chip+0x64>
400890a6:	41dad0        	srli	a13, a13, 10
400890a9:	41cac0        	srli	a12, a12, 10
400890ac:	ff2db1        	l32r	a11, 40088d60 <esp_cache_resume_ext_mem_cache+0x6c> (3ffb1cf8 <TAG>)
400890af:	ff2da1        	l32r	a10, 40088d64 <esp_cache_resume_ext_mem_cache+0x70> (3ffb19f4 <_loader_data_start+0x3fc>)
400890b2:	ff2081        	l32r	a8, 40088d34 <esp_cache_resume_ext_mem_cache+0x40> (40007d54 <esp_rom_printf>)
400890b5:	0008e0        	callx8	a8
400890b8:	000a86        	j	400890e6 <esp_flash_init_default_chip+0x8e>
400890bb:	00          	.byte	00
400890bc:	20bdc7        	bgeu	a13, a12, 400890e0 <esp_flash_init_default_chip+0x88>
400890bf:	41dad0        	srli	a13, a13, 10
400890c2:	41cac0        	srli	a12, a12, 10
400890c5:	ff26b1        	l32r	a11, 40088d60 <esp_cache_resume_ext_mem_cache+0x6c> (3ffb1cf8 <TAG>)
400890c8:	ff28a1        	l32r	a10, 40088d68 <esp_cache_resume_ext_mem_cache+0x74> (3ffb1a5c <_loader_data_start+0x464>)
400890cb:	ff1a81        	l32r	a8, 40088d34 <esp_cache_resume_ext_mem_cache+0x40> (40007d54 <esp_rom_printf>)
400890ce:	0008e0        	callx8	a8
400890d1:	ff2081        	l32r	a8, 40088d54 <esp_cache_resume_ext_mem_cache+0x60> (3ffae270 <g_rom_flashchip>)
400890d4:	1898      	l32i.n	a9, a8, 4
400890d6:	ff2081        	l32r	a8, 40088d58 <esp_cache_resume_ext_mem_cache+0x64> (3ffb1410 <default_chip>)
400890d9:	5899      	s32i.n	a9, a8, 20
400890db:	0001c6        	j	400890e6 <esp_flash_init_default_chip+0x8e>
400890de:	00          	.byte	00
400890df:	00          	.byte	00
400890e0:	ff1e81        	l32r	a8, 40088d58 <esp_cache_resume_ext_mem_cache+0x64> (3ffb1410 <default_chip>)
400890e3:	0568d2        	s32i	a13, a8, 20
400890e6:	ff1c81        	l32r	a8, 40088d58 <esp_cache_resume_ext_mem_cache+0x64> (3ffb1410 <default_chip>)
400890e9:	052882        	l32i	a8, a8, 20
400890ec:	ff2091        	l32r	a9, 40088d6c <esp_cache_resume_ext_mem_cache+0x78> (1000000 <CONFIG_SOC_GPIO_VALID_DIGITAL_IO_PAD_MASK+0x10f016>)
400890ef:	1eb987        	bgeu	a9, a8, 40089111 <esp_flash_init_default_chip+0xb9>
400890f2:	f8c765        	call8	40081d68 <esp_mspi_32bit_address_flash_feature_check>
400890f5:	207aa0        	or	a7, a10, a10
400890f8:	5a9c      	beqz.n	a10, 40089111 <esp_flash_init_default_chip+0xb9>
400890fa:	4ea2d2        	movi	a13, 0x24e
400890fd:	ff1cc1        	l32r	a12, 40088d70 <esp_cache_resume_ext_mem_cache+0x7c> (3ffb1cdc <__FUNCTION__$0>)
40089100:	ff18b1        	l32r	a11, 40088d60 <esp_cache_resume_ext_mem_cache+0x6c> (3ffb1cf8 <TAG>)
40089103:	ff1ca1        	l32r	a10, 40088d74 <esp_cache_resume_ext_mem_cache+0x80> (3ffb1adc <_loader_data_start+0x4e4>)
40089106:	ff0b81        	l32r	a8, 40088d34 <esp_cache_resume_ext_mem_cache+0x40> (40007d54 <esp_rom_printf>)
40089109:	0008e0        	callx8	a8
4008910c:	072d      	mov.n	a2, a7
4008910e:	0001c6        	j	40089119 <esp_flash_init_default_chip+0xc1>
40089111:	ff1981        	l32r	a8, 40088d78 <esp_cache_resume_ext_mem_cache+0x84> (3ffb3074 <esp_flash_default_chip>)
40089114:	ff1191        	l32r	a9, 40088d58 <esp_cache_resume_ext_mem_cache+0x64> (3ffb1410 <default_chip>)
40089117:	0899      	s32i.n	a9, a8, 0
40089119:	f01d      	retw.n
	...

4008911c <esp_flash_app_init>:
4008911c:	004136        	entry	a1, 32
4008911f:	fce625        	call8	40085f80 <spi_flash_init_lock>
40089122:	ff16a1        	l32r	a10, 40088d7c <esp_cache_resume_ext_mem_cache+0x88> (3ffb1464 <g_flash_guard_default_ops>)
40089125:	f7c065        	call8	40080d2c <spi_flash_guard_set>
40089128:	ff0ca1        	l32r	a10, 40088d58 <esp_cache_resume_ext_mem_cache+0x64> (3ffb1410 <default_chip>)
4008912b:	febde5        	call8	40087d08 <esp_flash_app_enable_os_functions>
4008912e:	202aa0        	or	a2, a10, a10
40089131:	f01d      	retw.n
	...

Disassembly of section .text:

400d0000 <_image_irom_vaddr>:
400d0000:	3f400000 	
400d0004:	3f40001c 	
400d0008:	3ffb0078 	
400d000c:	ff80ffff 	
400d0010:	00800000 	
400d0014:	ff7fffff 	
400d0018:	00008000 	
400d001c:	ffff7fff 	
400d0020:	ffff80ff 	
400d0024:	fffeffff 	
400d0028:	00010000 	
400d002c:	ffffefff 	
400d0030:	ffffdfff 	
400d0034:	fff7ffff 	
400d0038:	ffefffff 	
400d003c:	ffdfffff 	
400d0040:	ffbfffff 	
400d0044:	feffffff 	
400d0048:	80ffffff 	
400d004c:	80000000 	
400d0050:	3ff40000 	
400d0054:	00040000 	
400d0058:	fffbffff 	
400d005c:	3ff40000 	
400d0060:	3ff50000 	
400d0064:	3ff6e000 	
400d0068:	3ff50000 	
400d006c:	60000000 	
400d0070:	60010000 	
400d0074:	6002e000 	
400d0078:	000249f0 	
400d007c:	000081b3 	
400d0080:	3ff48070 	
400d0084:	3ff480b0 	
400d0088:	000f4240 	
400d008c:	4000cff8 	
400d0090:	3ff0003c 	
400d0094:	431bde83 	
400d0098:	3ff66000 	
400d009c:	04c4b400 	
400d00a0:	3ff48050 	
400d00a4:	09896800 	
400d00a8:	3f400690 	
400d00ac:	3f4006c4 	
400d00b0:	3ff48800 	
400d00b4:	000c0000 	
400d00b8:	12000000 	
400d00bc:	3ffb309c 	
400d00c0:	0081b320 	
400d00c4:	3ffb0000 	
400d00c8:	50000000 	
400d00cc:	3f4008c4 	
400d00d0:	3f400030 	
400d00d4:	3f4001a0 	
400d00d8:	40007d54 	
400d00dc:	3f40020c 	
400d00e0:	3f400214 	
400d00e4:	3f400220 	
400d00e8:	407fffff 	
400d00ec:	403fffff 	
400d00f0:	400cffff 	
400d00f4:	3f7fffff 	
400d00f8:	400d3ea0 	
400d00fc:	400d0000 	
400d0100:	01ffffff 	
400d0104:	0000ffff 	
400d0108:	3f410000 	
400d010c:	3f400000 	
400d0110:	3f4008ec 	
400d0114:	3ffb30a4 	
400d0118:	3ffb3120 	
400d011c:	4000c44c 	
400d0120:	40002ed0 	
400d0124:	4000c2c8 	
400d0128:	3ffe01e0 	
400d012c:	3ffb15f8 	
400d0130:	00037c36 	
400d0134:	061a8c08 	
400d0138:	3ff000c0 	
400d013c:	3ff0001c 	
400d0140:	3ff000cc 	
400d0144:	00e513f0 	
400d0148:	3ff4f0ac 	
400d014c:	00200000 	
400d0150:	3ff6d0ac 	
400d0154:	3ff000c4 	
400d0158:	3ff00020 	
400d015c:	400081d4 	
400d0160:	00012a00 	
400d0164:	3f400934 	
400d0168:	3ff480b8 	
400d016c:	3ffb3134 	
400d0170:	00002000 	
400d0174:	3ff5f000 	
400d0178:	ffffbfff 	
400d017c:	3ff5f070 	
400d0180:	3ff5f08c 	
400d0184:	3ff5f090 	
400d0188:	3ff5f084 	
400d018c:	3ff5f088 	
400d0190:	3ff5f094 	
400d0194:	3ff5f0a4 	
400d0198:	e0001fff 	
400d019c:	00050000 	
400d01a0:	c0000800 	
400d01a4:	3ffb314c 	
400d01a8:	3ffb00bc 	
400d01ac:	3f400234 	
400d01b0:	3ffe0000 	
400d01b4:	3ffb3150 	
400d01b8:	3ffb31c7 	
400d01bc:	3ffb3168 	
400d01c0:	3ffb1d04 	
400d01c4:	400820dc 	
400d01c8:	ffc1ffff 	
400d01cc:	7fffffff 	
400d01d0:	bff88000 	
400d01d4:	00031fff 	
400d01d8:	bff40000 	
400d01dc:	00001fff 	
400d01e0:	3f4009fc 	
400d01e4:	40081d70 	
400d01e8:	c03fffff 	
400d01ec:	3ffb3164 	
400d01f0:	4000c1ec 	
400d01f4:	4000681c 	
400d01f8:	00030800 	
400d01fc:	00000800 	
400d0200:	3f400a14 	
400d0204:	3f400a4c 	
400d0208:	fffc00ff 	
400d020c:	3ff4807c 	
400d0210:	003fc000 	
400d0214:	fe01ffff 	
400d0218:	ffff8fff 	
400d021c:	6000e044 	
400d0220:	0003ff00 	
400d0224:	fffdffff 	
400d0228:	3ffb31b8 	
400d022c:	91a2b3c5 	
400d0230:	ff0fffff 	
400d0234:	40085f04 	
400d0238:	3f400d90 	
400d023c:	3f4002a0 	
400d0240:	00400000 	
400d0244:	02000000 	
400d0248:	04000000 	
400d024c:	06000000 	
400d0250:	fffc1fff 	
400d0254:	3ffb31b9 	
400d0258:	4008195c 	
400d025c:	400d3c78 	
400d0260:	0effffff 	
400d0264:	3ffb156c 	
400d0268:	3ffb15b4 	
400d026c:	3ff49000 	
400d0270:	3f400958 	
400d0274:	3ff44000 	
400d0278:	3ff44000 	
400d027c:	40009f0c 	
400d0280:	3f400a68 	
400d0284:	3ff44800 	
400d0288:	40009edc 	
400d028c:	3ffb0d84 	
400d0290:	3a83126f 	
400d0294:	08000000 	
400d0298:	000fffff 	
400d029c:	400d2d0c 	
400d02a0:	3f4009f8 	
400d02a4:	3f400290 	
400d02a8:	3f400298 	
400d02ac:	3f400a70 	
400d02b0:	3f400ab4 	
400d02b4:	3f400b70 	
400d02b8:	3f400bbc 	
400d02bc:	4000c628 	

400d02c0 <main>:
400d02c0:	004136        	entry	a1, 32
400d02c3:	ff4fb1        	l32r	a11, 400d0000 <_image_irom_vaddr> (3f400000 <_image_drom_vaddr>)
400d02c6:	ff4fa1        	l32r	a10, 400d0004 <_image_irom_vaddr+0x4> (3f40001c <_image_drom_vaddr+0x1c>)
400d02c9:	02aca5        	call8	400d2d94 <printf>
400d02cc:	020c      	movi.n	a2, 0
400d02ce:	f01d      	retw.n

400d02d0 <free_list_remove>:
400d02d0:	004136        	entry	a1, 32
400d02d3:	02ad      	mov.n	a10, a2
400d02d5:	03bd      	mov.n	a11, a3
400d02d7:	b08320        	addx8	a8, a3, a2
400d02da:	0118c2        	l16ui	a12, a8, 2
400d02dd:	41c1c0        	srli	a12, a12, 1
400d02e0:	40fcc0        	nsau	a12, a12
400d02e3:	e1ccc2        	addi	a12, a12, -31
400d02e6:	60c0c0        	neg	a12, a12
400d02e9:	033fe5        	call8	400d36e8 <free_list_remove_bidx>
400d02ec:	f01d      	retw.n
	...

400d02f0 <free_list_add>:
400d02f0:	004136        	entry	a1, 32
400d02f3:	02ad      	mov.n	a10, a2
400d02f5:	03bd      	mov.n	a11, a3
400d02f7:	b08320        	addx8	a8, a3, a2
400d02fa:	0118c2        	l16ui	a12, a8, 2
400d02fd:	41c1c0        	srli	a12, a12, 1
400d0300:	40fcc0        	nsau	a12, a12
400d0303:	e1ccc2        	addi	a12, a12, -31
400d0306:	60c0c0        	neg	a12, a12
400d0309:	0342e5        	call8	400d3738 <free_list_add_bidx>
400d030c:	f01d      	retw.n
	...

400d0310 <free_chunk>:
400d0310:	004136        	entry	a1, 32
400d0313:	1163d0        	slli	a6, a3, 3
400d0316:	b08320        	addx8	a8, a3, a2
400d0319:	011872        	l16ui	a7, a8, 2
400d031c:	417170        	srli	a7, a7, 1
400d031f:	737a      	add.n	a7, a3, a7
400d0321:	b08720        	addx8	a8, a7, a2
400d0324:	011882        	l16ui	a8, a8, 2
400d0327:	10e807        	bbsi	a8, 0, 400d033b <free_chunk+0x2b>
400d032a:	07bd      	mov.n	a11, a7
400d032c:	20a220        	or	a10, a2, a2
400d032f:	fffa25        	call8	400d02d0 <free_list_remove>
400d0332:	07cd      	mov.n	a12, a7
400d0334:	03bd      	mov.n	a11, a3
400d0336:	02ad      	mov.n	a10, a2
400d0338:	034aa5        	call8	400d37e4 <merge_chunks>
400d033b:	626a      	add.n	a6, a2, a6
400d033d:	001672        	l16ui	a7, a6, 0
400d0340:	c07370        	sub	a7, a3, a7
400d0343:	b08720        	addx8	a8, a7, a2
400d0346:	011882        	l16ui	a8, a8, 2
400d0349:	11e807        	bbsi	a8, 0, 400d035e <free_chunk+0x4e>
400d034c:	07bd      	mov.n	a11, a7
400d034e:	02ad      	mov.n	a10, a2
400d0350:	fff7e5        	call8	400d02d0 <free_list_remove>
400d0353:	03cd      	mov.n	a12, a3
400d0355:	07bd      	mov.n	a11, a7
400d0357:	02ad      	mov.n	a10, a2
400d0359:	0348a5        	call8	400d37e4 <merge_chunks>
400d035c:	073d      	mov.n	a3, a7
400d035e:	20b330        	or	a11, a3, a3
400d0361:	20a220        	or	a10, a2, a2
400d0364:	fff8a5        	call8	400d02f0 <free_list_add>
400d0367:	000090        	retw
	...

400d036c <alloc_chunk>:
400d036c:	004136        	entry	a1, 32
400d036f:	02ad      	mov.n	a10, a2
400d0371:	40f380        	nsau	a8, a3
400d0374:	e1c8c2        	addi	a12, a8, -31
400d0377:	60c0c0        	neg	a12, a12
400d037a:	9c4b      	addi.n	a9, a12, 4
400d037c:	a09920        	addx4	a9, a9, a2
400d037f:	09e8      	l32i.n	a14, a9, 0
400d0381:	bebc      	beqz.n	a14, 400d03c0 <alloc_chunk+0x54>
400d0383:	03a0d2        	movi	a13, 3
400d0386:	04cc92        	addi	a9, a12, 4
400d0389:	a099a0        	addx4	a9, a9, a10
400d038c:	002922        	l32i	a2, a9, 0
400d038f:	11b2d0        	slli	a11, a2, 3
400d0392:	b092a0        	addx8	a9, a2, a10
400d0395:	011992        	l16ui	a9, a9, 2
400d0398:	419190        	srli	a9, a9, 1
400d039b:	0a3937        	bltu	a9, a3, 400d03a9 <alloc_chunk+0x3d>
400d039e:	20b220        	or	a11, a2, a2
400d03a1:	033465        	call8	400d36e8 <free_list_remove_bidx>
400d03a4:	001306        	j	400d03f4 <alloc_chunk+0x88>
400d03a7:	00          	.byte	00
400d03a8:	00          	.byte	00
400d03a9:	80bab0        	add	a11, a10, a11
400d03ac:	031bb2        	l16ui	a11, a11, 6
400d03af:	04cc92        	addi	a9, a12, 4
400d03b2:	a099a0        	addx4	a9, a9, a10
400d03b5:	0069b2        	s32i	a11, a9, 0
400d03b8:	dd0b      	addi.n	a13, a13, -1
400d03ba:	002d16        	beqz	a13, 400d03c0 <alloc_chunk+0x54>
400d03bd:	c59eb7        	bne	a14, a11, 400d0386 <alloc_chunk+0x1a>
400d03c0:	3ab8      	l32i.n	a11, a10, 12
400d03c2:	e0c882        	addi	a8, a8, -32
400d03c5:	608080        	neg	a8, a8
400d03c8:	190c      	movi.n	a9, 1
400d03ca:	401800        	ssl	a8
400d03cd:	a18900        	sll	a8, a9
400d03d0:	608080        	neg	a8, a8
400d03d3:	102b80        	and	a2, a11, a8
400d03d6:	1a0b87        	bnone	a11, a8, 400d03f4 <alloc_chunk+0x88>
400d03d9:	60c020        	neg	a12, a2
400d03dc:	10cc20        	and	a12, a12, a2
400d03df:	40fcc0        	nsau	a12, a12
400d03e2:	e1ccc2        	addi	a12, a12, -31
400d03e5:	60c0c0        	neg	a12, a12
400d03e8:	8c4b      	addi.n	a8, a12, 4
400d03ea:	a088a0        	addx4	a8, a8, a10
400d03ed:	0828      	l32i.n	a2, a8, 0
400d03ef:	02bd      	mov.n	a11, a2
400d03f1:	032f65        	call8	400d36e8 <free_list_remove_bidx>
400d03f4:	f01d      	retw.n
	...

400d03f8 <sys_heap_free>:
400d03f8:	004136        	entry	a1, 32
400d03fb:	03bd      	mov.n	a11, a3
400d03fd:	041316        	beqz	a3, 400d0442 <sys_heap_free+0x4a>
400d0400:	0278      	l32i.n	a7, a2, 0
400d0402:	07ad      	mov.n	a10, a7
400d0404:	034125        	call8	400d3818 <mem_to_chunkid>
400d0407:	0abd      	mov.n	a11, a10
400d0409:	119ad0        	slli	a9, a10, 3
400d040c:	b08a70        	addx8	a8, a10, a7
400d040f:	011882        	l16ui	a8, a8, 2
400d0412:	04e807        	bbsi	a8, 0, 400d041a <sys_heap_free+0x22>
400d0415:	4a0c      	movi.n	a10, 4
400d0417:	b1b7a5        	call8	40081f90 <xtensa_arch_except>
400d041a:	418180        	srli	a8, a8, 1
400d041d:	8a8a      	add.n	a8, a10, a8
400d041f:	b0a870        	addx8	a10, a8, a7
400d0422:	001aa2        	l16ui	a10, a10, 0
400d0425:	c088a0        	sub	a8, a8, a10
400d0428:	041b87        	beq	a11, a8, 400d0430 <sys_heap_free+0x38>
400d042b:	4a0c      	movi.n	a10, 4
400d042d:	b1b625        	call8	40081f90 <xtensa_arch_except>
400d0430:	979a      	add.n	a9, a7, a9
400d0432:	011982        	l16ui	a8, a9, 2
400d0435:	e48180        	extui	a8, a8, 1, 15
400d0438:	888a      	add.n	a8, a8, a8
400d043a:	015982        	s16i	a8, a9, 2
400d043d:	07ad      	mov.n	a10, a7
400d043f:	ffed25        	call8	400d0310 <free_chunk>
400d0442:	f01d      	retw.n

400d0444 <sys_heap_alloc>:
400d0444:	004136        	entry	a1, 32
400d0447:	0278      	l32i.n	a7, a2, 0
400d0449:	058316        	beqz	a3, 400d04a5 <sys_heap_alloc+0x61>
400d044c:	418330        	srli	a8, a3, 3
400d044f:	243030        	extui	a3, a3, 0, 3
400d0452:	33bb      	addi.n	a3, a3, 11
400d0454:	413330        	srli	a3, a3, 3
400d0457:	383a      	add.n	a3, a8, a3
400d0459:	2788      	l32i.n	a8, a7, 8
400d045b:	633380        	minu	a3, a3, a8
400d045e:	03bd      	mov.n	a11, a3
400d0460:	07ad      	mov.n	a10, a7
400d0462:	fff0a5        	call8	400d036c <alloc_chunk>
400d0465:	0a2d      	mov.n	a2, a10
400d0467:	03fa16        	beqz	a10, 400d04aa <sys_heap_alloc+0x66>
400d046a:	116ad0        	slli	a6, a10, 3
400d046d:	b08a70        	addx8	a8, a10, a7
400d0470:	011882        	l16ui	a8, a8, 2
400d0473:	418180        	srli	a8, a8, 1
400d0476:	12b387        	bgeu	a3, a8, 400d048c <sys_heap_alloc+0x48>
400d0479:	3a3a      	add.n	a3, a10, a3
400d047b:	03cd      	mov.n	a12, a3
400d047d:	0abd      	mov.n	a11, a10
400d047f:	07ad      	mov.n	a10, a7
400d0481:	0331e5        	call8	400d37a0 <split_chunks>
400d0484:	03bd      	mov.n	a11, a3
400d0486:	20a770        	or	a10, a7, a7
400d0489:	ffe665        	call8	400d02f0 <free_list_add>
400d048c:	876a      	add.n	a8, a7, a6
400d048e:	011892        	l16ui	a9, a8, 2
400d0491:	1a0c      	movi.n	a10, 1
400d0493:	2099a0        	or	a9, a9, a10
400d0496:	015892        	s16i	a9, a8, 2
400d0499:	02bd      	mov.n	a11, a2
400d049b:	07ad      	mov.n	a10, a7
400d049d:	0323e5        	call8	400d36dc <chunk_mem>
400d04a0:	0a2d      	mov.n	a2, a10
400d04a2:	000186        	j	400d04ac <sys_heap_alloc+0x68>
400d04a5:	020c      	movi.n	a2, 0
400d04a7:	000046        	j	400d04ac <sys_heap_alloc+0x68>
400d04aa:	020c      	movi.n	a2, 0
400d04ac:	f01d      	retw.n
	...

400d04b0 <sys_heap_noalign_alloc>:
400d04b0:	004136        	entry	a1, 32
400d04b3:	20a220        	or	a10, a2, a2
400d04b6:	20b440        	or	a11, a4, a4
400d04b9:	fff8a5        	call8	400d0444 <sys_heap_alloc>
400d04bc:	202aa0        	or	a2, a10, a10
400d04bf:	f01d      	retw.n
400d04c1:	000000        	ill

400d04c4 <sys_heap_init>:
400d04c4:	004136        	entry	a1, 32
400d04c7:	fcc442        	addi	a4, a4, -4
400d04ca:	a37b      	addi.n	a10, a3, 7
400d04cc:	887c      	movi.n	a8, -8
400d04ce:	10aa80        	and	a10, a10, a8
400d04d1:	334a      	add.n	a3, a3, a4
400d04d3:	108380        	and	a8, a3, a8
400d04d6:	c038a0        	sub	a3, a8, a10
400d04d9:	41f330        	srli	a15, a3, 3
400d04dc:	02a9      	s32i.n	a10, a2, 0
400d04de:	2af9      	s32i.n	a15, a10, 8
400d04e0:	080c      	movi.n	a8, 0
400d04e2:	3a89      	s32i.n	a8, a10, 12
400d04e4:	40ffb0        	nsau	a11, a15
400d04e7:	e0cbd2        	addi	a13, a11, -32
400d04ea:	60d0d0        	neg	a13, a13
400d04ed:	dccbb2        	addi	a11, a11, -36
400d04f0:	60b0b0        	neg	a11, a11
400d04f3:	11bbe0        	slli	a11, a11, 2
400d04f6:	eb7b      	addi.n	a14, a11, 7
400d04f8:	41b3e0        	srli	a11, a14, 3
400d04fb:	000286        	j	400d0509 <sys_heap_init+0x45>
400d04fe:	984b      	addi.n	a9, a8, 4
400d0500:	a099a0        	addx4	a9, a9, a10
400d0503:	0c0c      	movi.n	a12, 0
400d0505:	09c9      	s32i.n	a12, a9, 0
400d0507:	881b      	addi.n	a8, a8, 1
400d0509:	f128d7        	blt	a8, a13, 400d04fe <sys_heap_init+0x3a>
400d050c:	f4c0b0        	extui	a12, a11, 0, 16
400d050f:	8cca      	add.n	a8, a12, a12
400d0511:	f48080        	extui	a8, a8, 0, 16
400d0514:	015a82        	s16i	a8, a10, 2
400d0517:	070c      	movi.n	a7, 0
400d0519:	005a72        	s16i	a7, a10, 0
400d051c:	1d0c      	movi.n	a13, 1
400d051e:	2088d0        	or	a8, a8, a13
400d0521:	015a82        	s16i	a8, a10, 2
400d0524:	c09fb0        	sub	a9, a15, a11
400d0527:	8f7c      	movi.n	a15, -8
400d0529:	108ef0        	and	a8, a14, a15
400d052c:	e82b      	addi.n	a14, a8, 2
400d052e:	eaea      	add.n	a14, a10, a14
400d0530:	f49090        	extui	a9, a9, 0, 16
400d0533:	499a      	add.n	a4, a9, a9
400d0535:	005e42        	s16i	a4, a14, 0
400d0538:	8a8a      	add.n	a8, a10, a8
400d053a:	0058c2        	s16i	a12, a8, 0
400d053d:	1083f0        	and	a8, a3, a15
400d0540:	c82b      	addi.n	a12, a8, 2
400d0542:	caca      	add.n	a12, a10, a12
400d0544:	005c72        	s16i	a7, a12, 0
400d0547:	8a8a      	add.n	a8, a10, a8
400d0549:	005892        	s16i	a9, a8, 0
400d054c:	011892        	l16ui	a9, a8, 2
400d054f:	2099d0        	or	a9, a9, a13
400d0552:	015892        	s16i	a9, a8, 2
400d0555:	ffd9a5        	call8	400d02f0 <free_list_add>
400d0558:	f01d      	retw.n
	...

400d055c <__printk_hook_install>:
400d055c:	004136        	entry	a1, 32
400d055f:	feaa81        	l32r	a8, 400d0008 <_image_irom_vaddr+0x8> (3ffb0078 <_char_out>)
400d0562:	0829      	s32i.n	a2, a8, 0
400d0564:	f01d      	retw.n
	...

400d0568 <z_thread_entry>:
400d0568:	004136        	entry	a1, 32
400d056b:	20a330        	or	a10, a3, a3
400d056e:	20b440        	or	a11, a4, a4
400d0571:	05cd      	mov.n	a12, a5
400d0573:	0002e0        	callx8	a2
400d0576:	b2b5a5        	call8	400830d0 <z_impl_k_sched_current_thread_query>
400d0579:	b2caa5        	call8	40083224 <z_impl_k_thread_abort>

400d057c <uart_hal_set_hw_flow_ctrl>:
400d057c:	004136        	entry	a1, 32
400d057f:	744040        	extui	a4, a4, 0, 8
400d0582:	0288      	l32i.n	a8, a2, 0
400d0584:	2c6307        	bbci	a3, 0, 400d05b4 <uart_hal_set_hw_flow_ctrl+0x38>
400d0587:	0020c0        	memw
400d058a:	9898      	l32i.n	a9, a8, 36
400d058c:	644040        	extui	a4, a4, 0, 7
400d058f:	114400        	slli	a4, a4, 16
400d0592:	fe9ea1        	l32r	a10, 400d000c <_image_irom_vaddr+0xc> (ff80ffff <_rtc_force_slow_end+0xaf80ffd7>)
400d0595:	1099a0        	and	a9, a9, a10
400d0598:	209940        	or	a9, a9, a4
400d059b:	0020c0        	memw
400d059e:	9899      	s32i.n	a9, a8, 36
400d05a0:	0020c0        	memw
400d05a3:	9898      	l32i.n	a9, a8, 36
400d05a5:	fe9aa1        	l32r	a10, 400d0010 <_image_irom_vaddr+0x10> (800000 <CONFIG_SOC_UART_BITRATE_MAX+0x33b4c0>)
400d05a8:	2099a0        	or	a9, a9, a10
400d05ab:	0020c0        	memw
400d05ae:	9899      	s32i.n	a9, a8, 36
400d05b0:	000406        	j	400d05c4 <uart_hal_set_hw_flow_ctrl+0x48>
400d05b3:	00          	.byte	00
400d05b4:	0020c0        	memw
400d05b7:	9898      	l32i.n	a9, a8, 36
400d05b9:	fe96a1        	l32r	a10, 400d0014 <_image_irom_vaddr+0x14> (ff7fffff <_rtc_force_slow_end+0xaf7fffd7>)
400d05bc:	1099a0        	and	a9, a9, a10
400d05bf:	0020c0        	memw
400d05c2:	9899      	s32i.n	a9, a8, 36
400d05c4:	146317        	bbci	a3, 1, 400d05dc <uart_hal_set_hw_flow_ctrl+0x60>
400d05c7:	0020c0        	memw
400d05ca:	8898      	l32i.n	a9, a8, 32
400d05cc:	fe93a1        	l32r	a10, 400d0018 <_image_irom_vaddr+0x18> (8000 <CONFIG_SOC_ADC_SAMPLE_FREQ_THRES_LOW+0x31e0>)
400d05cf:	2099a0        	or	a9, a9, a10
400d05d2:	0020c0        	memw
400d05d5:	8899      	s32i.n	a9, a8, 32
400d05d7:	000446        	j	400d05ec <uart_hal_set_hw_flow_ctrl+0x70>
400d05da:	00          	.byte	00
400d05db:	00          	.byte	00
400d05dc:	0020c0        	memw
400d05df:	8898      	l32i.n	a9, a8, 32
400d05e1:	fe8ea1        	l32r	a10, 400d001c <_image_irom_vaddr+0x1c> (ffff7fff <_rtc_force_slow_end+0xafff7fd7>)
400d05e4:	1099a0        	and	a9, a9, a10
400d05e7:	0020c0        	memw
400d05ea:	8899      	s32i.n	a9, a8, 32
400d05ec:	f01d      	retw.n
	...

400d05f0 <uart_hal_set_txfifo_empty_thr>:
400d05f0:	004136        	entry	a1, 32
400d05f3:	0298      	l32i.n	a9, a2, 0
400d05f5:	0020c0        	memw
400d05f8:	9988      	l32i.n	a8, a9, 36
400d05fa:	643030        	extui	a3, a3, 0, 7
400d05fd:	113380        	slli	a3, a3, 8
400d0600:	fe88a1        	l32r	a10, 400d0020 <_image_irom_vaddr+0x20> (ffff80ff <_rtc_force_slow_end+0xafff80d7>)
400d0603:	1088a0        	and	a8, a8, a10
400d0606:	208830        	or	a8, a8, a3
400d0609:	0020c0        	memw
400d060c:	9989      	s32i.n	a8, a9, 36
400d060e:	f01d      	retw.n

400d0610 <uart_hal_set_mode>:
400d0610:	004136        	entry	a1, 32
400d0613:	0288      	l32i.n	a8, a2, 0
400d0615:	5f3326        	beqi	a3, 3, 400d0678 <uart_hal_set_mode+0x68>
400d0618:	1043f6        	bgeui	a3, 4, 400d062c <uart_hal_set_mode+0x1c>
400d061b:	021366        	bnei	a3, 1, 400d0621 <uart_hal_set_mode+0x11>
400d061e:	004086        	j	400d0724 <uart_hal_set_mode+0x114>
400d0621:	022366        	bnei	a3, 2, 400d0627 <uart_hal_set_mode+0x17>
400d0624:	005446        	j	400d0779 <uart_hal_set_mode+0x169>
400d0627:	0001c6        	j	400d0632 <uart_hal_set_mode+0x22>
400d062a:	00          	.byte	00
400d062b:	00          	.byte	00
400d062c:	024366        	bnei	a3, 4, 400d0632 <uart_hal_set_mode+0x22>
400d062f:	002746        	j	400d06d0 <uart_hal_set_mode+0xc0>
400d0632:	0020c0        	memw
400d0635:	112892        	l32i	a9, a8, 68
400d0638:	ea7c      	movi.n	a10, -2
400d063a:	1099a0        	and	a9, a9, a10
400d063d:	0020c0        	memw
400d0640:	116892        	s32i	a9, a8, 68
400d0643:	0020c0        	memw
400d0646:	112892        	l32i	a9, a8, 68
400d0649:	7a7c      	movi.n	a10, -9
400d064b:	1099a0        	and	a9, a9, a10
400d064e:	0020c0        	memw
400d0651:	116892        	s32i	a9, a8, 68
400d0654:	0020c0        	memw
400d0657:	112892        	l32i	a9, a8, 68
400d065a:	fa6c      	movi.n	a10, -17
400d065c:	1099a0        	and	a9, a9, a10
400d065f:	0020c0        	memw
400d0662:	116892        	s32i	a9, a8, 68
400d0665:	0020c0        	memw
400d0668:	8898      	l32i.n	a9, a8, 32
400d066a:	fe6ea1        	l32r	a10, 400d0024 <_image_irom_vaddr+0x24> (fffeffff <_rtc_force_slow_end+0xaffeffd7>)
400d066d:	1099a0        	and	a9, a9, a10
400d0670:	0020c0        	memw
400d0673:	8899      	s32i.n	a9, a8, 32
400d0675:	0054c6        	j	400d07cc <uart_hal_set_mode+0x1bc>
400d0678:	0020c0        	memw
400d067b:	8898      	l32i.n	a9, a8, 32
400d067d:	fe69a1        	l32r	a10, 400d0024 <_image_irom_vaddr+0x24> (fffeffff <_rtc_force_slow_end+0xaffeffd7>)
400d0680:	1099a0        	and	a9, a9, a10
400d0683:	0020c0        	memw
400d0686:	8899      	s32i.n	a9, a8, 32
400d0688:	0020c0        	memw
400d068b:	112892        	l32i	a9, a8, 68
400d068e:	8a0c      	movi.n	a10, 8
400d0690:	2099a0        	or	a9, a9, a10
400d0693:	0020c0        	memw
400d0696:	116892        	s32i	a9, a8, 68
400d0699:	0020c0        	memw
400d069c:	112892        	l32i	a9, a8, 68
400d069f:	0a1c      	movi.n	a10, 16
400d06a1:	2099a0        	or	a9, a9, a10
400d06a4:	0020c0        	memw
400d06a7:	116892        	s32i	a9, a8, 68
400d06aa:	0020c0        	memw
400d06ad:	8898      	l32i.n	a9, a8, 32
400d06af:	bfafa2        	movi	a10, -65
400d06b2:	1099a0        	and	a9, a9, a10
400d06b5:	0020c0        	memw
400d06b8:	8899      	s32i.n	a9, a8, 32
400d06ba:	0020c0        	memw
400d06bd:	112892        	l32i	a9, a8, 68
400d06c0:	1a0c      	movi.n	a10, 1
400d06c2:	2099a0        	or	a9, a9, a10
400d06c5:	0020c0        	memw
400d06c8:	116892        	s32i	a9, a8, 68
400d06cb:	003f46        	j	400d07cc <uart_hal_set_mode+0x1bc>
400d06ce:	00          	.byte	00
400d06cf:	00          	.byte	00
400d06d0:	0020c0        	memw
400d06d3:	112892        	l32i	a9, a8, 68
400d06d6:	0a1c      	movi.n	a10, 16
400d06d8:	2099a0        	or	a9, a9, a10
400d06db:	0020c0        	memw
400d06de:	116892        	s32i	a9, a8, 68
400d06e1:	0020c0        	memw
400d06e4:	8898      	l32i.n	a9, a8, 32
400d06e6:	fe4fa1        	l32r	a10, 400d0024 <_image_irom_vaddr+0x24> (fffeffff <_rtc_force_slow_end+0xaffeffd7>)
400d06e9:	1099a0        	and	a9, a9, a10
400d06ec:	0020c0        	memw
400d06ef:	8899      	s32i.n	a9, a8, 32
400d06f1:	0020c0        	memw
400d06f4:	8898      	l32i.n	a9, a8, 32
400d06f6:	bfafb2        	movi	a11, -65
400d06f9:	1099b0        	and	a9, a9, a11
400d06fc:	0020c0        	memw
400d06ff:	8899      	s32i.n	a9, a8, 32
400d0701:	0020c0        	memw
400d0704:	8898      	l32i.n	a9, a8, 32
400d0706:	1099a0        	and	a9, a9, a10
400d0709:	0020c0        	memw
400d070c:	8899      	s32i.n	a9, a8, 32
400d070e:	0020c0        	memw
400d0711:	112892        	l32i	a9, a8, 68
400d0714:	1a0c      	movi.n	a10, 1
400d0716:	2099a0        	or	a9, a9, a10
400d0719:	0020c0        	memw
400d071c:	116892        	s32i	a9, a8, 68
400d071f:	002a46        	j	400d07cc <uart_hal_set_mode+0x1bc>
400d0722:	00          	.byte	00
400d0723:	00          	.byte	00
400d0724:	0020c0        	memw
400d0727:	8898      	l32i.n	a9, a8, 32
400d0729:	0a4c      	movi.n	a10, 64
400d072b:	2099a0        	or	a9, a9, a10
400d072e:	0020c0        	memw
400d0731:	8899      	s32i.n	a9, a8, 32
400d0733:	0020c0        	memw
400d0736:	112892        	l32i	a9, a8, 68
400d0739:	7a7c      	movi.n	a10, -9
400d073b:	1099a0        	and	a9, a9, a10
400d073e:	0020c0        	memw
400d0741:	116892        	s32i	a9, a8, 68
400d0744:	0020c0        	memw
400d0747:	112892        	l32i	a9, a8, 68
400d074a:	0a1c      	movi.n	a10, 16
400d074c:	2099a0        	or	a9, a9, a10
400d074f:	0020c0        	memw
400d0752:	116892        	s32i	a9, a8, 68
400d0755:	0020c0        	memw
400d0758:	8898      	l32i.n	a9, a8, 32
400d075a:	fe32a1        	l32r	a10, 400d0024 <_image_irom_vaddr+0x24> (fffeffff <_rtc_force_slow_end+0xaffeffd7>)
400d075d:	1099a0        	and	a9, a9, a10
400d0760:	0020c0        	memw
400d0763:	8899      	s32i.n	a9, a8, 32
400d0765:	0020c0        	memw
400d0768:	112892        	l32i	a9, a8, 68
400d076b:	1a0c      	movi.n	a10, 1
400d076d:	2099a0        	or	a9, a9, a10
400d0770:	0020c0        	memw
400d0773:	116892        	s32i	a9, a8, 68
400d0776:	001486        	j	400d07cc <uart_hal_set_mode+0x1bc>
400d0779:	0020c0        	memw
400d077c:	112892        	l32i	a9, a8, 68
400d077f:	ea7c      	movi.n	a10, -2
400d0781:	1099a0        	and	a9, a9, a10
400d0784:	0020c0        	memw
400d0787:	116892        	s32i	a9, a8, 68
400d078a:	0020c0        	memw
400d078d:	112892        	l32i	a9, a8, 68
400d0790:	7a7c      	movi.n	a10, -9
400d0792:	1099a0        	and	a9, a9, a10
400d0795:	0020c0        	memw
400d0798:	116892        	s32i	a9, a8, 68
400d079b:	0020c0        	memw
400d079e:	112892        	l32i	a9, a8, 68
400d07a1:	fa6c      	movi.n	a10, -17
400d07a3:	1099a0        	and	a9, a9, a10
400d07a6:	0020c0        	memw
400d07a9:	116892        	s32i	a9, a8, 68
400d07ac:	0020c0        	memw
400d07af:	8898      	l32i.n	a9, a8, 32
400d07b1:	bfafa2        	movi	a10, -65
400d07b4:	1099a0        	and	a9, a9, a10
400d07b7:	0020c0        	memw
400d07ba:	8899      	s32i.n	a9, a8, 32
400d07bc:	0020c0        	memw
400d07bf:	8898      	l32i.n	a9, a8, 32
400d07c1:	fe19a1        	l32r	a10, 400d0028 <_image_irom_vaddr+0x28> (10000 <CONFIG_MMU_PAGE_SIZE>)
400d07c4:	2099a0        	or	a9, a9, a10
400d07c7:	0020c0        	memw
400d07ca:	8899      	s32i.n	a9, a8, 32
400d07cc:	f01d      	retw.n
	...

400d07d0 <uart_hal_inverse_signal>:
400d07d0:	006136        	entry	a1, 48
400d07d3:	0298      	l32i.n	a9, a2, 0
400d07d5:	0020c0        	memw
400d07d8:	8988      	l32i.n	a8, a9, 32
400d07da:	0020c0        	memw
400d07dd:	0189      	s32i.n	a8, a1, 0
400d07df:	0020c0        	memw
400d07e2:	0188      	l32i.n	a8, a1, 0
400d07e4:	04a030        	extui	a10, a3, 0, 1
400d07e7:	11aa40        	slli	a10, a10, 12
400d07ea:	fe10b1        	l32r	a11, 400d002c <_image_irom_vaddr+0x2c> (ffffefff <_rtc_force_slow_end+0xafffefd7>)
400d07ed:	1088b0        	and	a8, a8, a11
400d07f0:	2088a0        	or	a8, a8, a10
400d07f3:	0020c0        	memw
400d07f6:	0189      	s32i.n	a8, a1, 0
400d07f8:	0020c0        	memw
400d07fb:	0188      	l32i.n	a8, a1, 0
400d07fd:	04a130        	extui	a10, a3, 1, 1
400d0800:	11aa30        	slli	a10, a10, 13
400d0803:	fe0bb1        	l32r	a11, 400d0030 <_image_irom_vaddr+0x30> (ffffdfff <_rtc_force_slow_end+0xafffdfd7>)
400d0806:	1088b0        	and	a8, a8, a11
400d0809:	2088a0        	or	a8, a8, a10
400d080c:	0020c0        	memw
400d080f:	0189      	s32i.n	a8, a1, 0
400d0811:	0020c0        	memw
400d0814:	0188      	l32i.n	a8, a1, 0
400d0816:	04a230        	extui	a10, a3, 2, 1
400d0819:	01aad0        	slli	a10, a10, 19
400d081c:	fe06b1        	l32r	a11, 400d0034 <_image_irom_vaddr+0x34> (fff7ffff <_rtc_force_slow_end+0xaff7ffd7>)
400d081f:	1088b0        	and	a8, a8, a11
400d0822:	2088a0        	or	a8, a8, a10
400d0825:	0020c0        	memw
400d0828:	0189      	s32i.n	a8, a1, 0
400d082a:	0020c0        	memw
400d082d:	0188      	l32i.n	a8, a1, 0
400d082f:	04a330        	extui	a10, a3, 3, 1
400d0832:	01aac0        	slli	a10, a10, 20
400d0835:	fe00b1        	l32r	a11, 400d0038 <_image_irom_vaddr+0x38> (ffefffff <_rtc_force_slow_end+0xafefffd7>)
400d0838:	1088b0        	and	a8, a8, a11
400d083b:	2088a0        	or	a8, a8, a10
400d083e:	0020c0        	memw
400d0841:	0189      	s32i.n	a8, a1, 0
400d0843:	0020c0        	memw
400d0846:	0188      	l32i.n	a8, a1, 0
400d0848:	04a430        	extui	a10, a3, 4, 1
400d084b:	01aab0        	slli	a10, a10, 21
400d084e:	fdfbb1        	l32r	a11, 400d003c <_image_irom_vaddr+0x3c> (ffdfffff <_rtc_force_slow_end+0xafdfffd7>)
400d0851:	1088b0        	and	a8, a8, a11
400d0854:	2088a0        	or	a8, a8, a10
400d0857:	0020c0        	memw
400d085a:	0189      	s32i.n	a8, a1, 0
400d085c:	0020c0        	memw
400d085f:	0188      	l32i.n	a8, a1, 0
400d0861:	04a530        	extui	a10, a3, 5, 1
400d0864:	01aaa0        	slli	a10, a10, 22
400d0867:	fdf6b1        	l32r	a11, 400d0040 <_image_irom_vaddr+0x40> (ffbfffff <_rtc_force_slow_end+0xafbfffd7>)
400d086a:	1088b0        	and	a8, a8, a11
400d086d:	2088a0        	or	a8, a8, a10
400d0870:	0020c0        	memw
400d0873:	0189      	s32i.n	a8, a1, 0
400d0875:	0020c0        	memw
400d0878:	0188      	l32i.n	a8, a1, 0
400d087a:	04a630        	extui	a10, a3, 6, 1
400d087d:	01aa90        	slli	a10, a10, 23
400d0880:	fde5b1        	l32r	a11, 400d0014 <_image_irom_vaddr+0x14> (ff7fffff <_rtc_force_slow_end+0xaf7fffd7>)
400d0883:	1088b0        	and	a8, a8, a11
400d0886:	2088a0        	or	a8, a8, a10
400d0889:	0020c0        	memw
400d088c:	0189      	s32i.n	a8, a1, 0
400d088e:	0020c0        	memw
400d0891:	0188      	l32i.n	a8, a1, 0
400d0893:	043730        	extui	a3, a3, 7, 1
400d0896:	013380        	slli	a3, a3, 24
400d0899:	fdeaa1        	l32r	a10, 400d0044 <_image_irom_vaddr+0x44> (feffffff <_rtc_force_slow_end+0xaeffffd7>)
400d089c:	1088a0        	and	a8, a8, a10
400d089f:	208830        	or	a8, a8, a3
400d08a2:	0020c0        	memw
400d08a5:	0189      	s32i.n	a8, a1, 0
400d08a7:	0020c0        	memw
400d08aa:	0188      	l32i.n	a8, a1, 0
400d08ac:	0020c0        	memw
400d08af:	8989      	s32i.n	a8, a9, 32
400d08b1:	f01d      	retw.n
	...

400d08b4 <uart_hal_set_rx_timeout>:
400d08b4:	004136        	entry	a1, 32
400d08b7:	743030        	extui	a3, a3, 0, 8
400d08ba:	20a220        	or	a10, a2, a2
400d08bd:	031325        	call8	400d39f0 <uart_hal_get_symb_len>
400d08c0:	002292        	l32i	a9, a2, 0
400d08c3:	828a30        	mull	a8, a10, a3
400d08c6:	f48080        	extui	a8, a8, 0, 16
400d08c9:	0020c0        	memw
400d08cc:	0829a2        	l32i	a10, a9, 32
400d08cf:	09fab7        	bbsi	a10, 27, 400d08dc <uart_hal_set_rx_timeout+0x28>
400d08d2:	1188d0        	slli	a8, a8, 3
400d08d5:	f48080        	extui	a8, a8, 0, 16
400d08d8:	000146        	j	400d08e1 <uart_hal_set_rx_timeout+0x2d>
400d08db:	00          	.byte	00
400d08dc:	887b      	addi.n	a8, a8, 7
400d08de:	418380        	srli	a8, a8, 3
400d08e1:	b8ac      	beqz.n	a8, 400d0910 <uart_hal_set_rx_timeout+0x5c>
400d08e3:	0020c0        	memw
400d08e6:	99a8      	l32i.n	a10, a9, 36
400d08e8:	648080        	extui	a8, a8, 0, 7
400d08eb:	018880        	slli	a8, a8, 24
400d08ee:	fdd6b1        	l32r	a11, 400d0048 <_image_irom_vaddr+0x48> (80ffffff <_rtc_force_slow_end+0x30ffffd7>)
400d08f1:	10aab0        	and	a10, a10, a11
400d08f4:	208a80        	or	a8, a10, a8
400d08f7:	0020c0        	memw
400d08fa:	9989      	s32i.n	a8, a9, 36
400d08fc:	0020c0        	memw
400d08ff:	9988      	l32i.n	a8, a9, 36
400d0901:	fdd2a1        	l32r	a10, 400d004c <_image_irom_vaddr+0x4c> (80000000 <_rtc_force_slow_end+0x2fffffd8>)
400d0904:	2088a0        	or	a8, a8, a10
400d0907:	0020c0        	memw
400d090a:	9989      	s32i.n	a8, a9, 36
400d090c:	0003c6        	j	400d091f <uart_hal_set_rx_timeout+0x6b>
400d090f:	00          	.byte	00
400d0910:	0020c0        	memw
400d0913:	9988      	l32i.n	a8, a9, 36
400d0915:	888a      	add.n	a8, a8, a8
400d0917:	418180        	srli	a8, a8, 1
400d091a:	0020c0        	memw
400d091d:	9989      	s32i.n	a8, a9, 36
400d091f:	f01d      	retw.n
400d0921:	000000        	ill

400d0924 <uart_hal_txfifo_rst>:
400d0924:	004136        	entry	a1, 32
400d0927:	0288      	l32i.n	a8, a2, 0
400d0929:	fdc991        	l32r	a9, 400d0050 <_image_irom_vaddr+0x50> (3ff40000 <UART0>)
400d092c:	209897        	bne	a8, a9, 400d0950 <uart_hal_txfifo_rst+0x2c>
400d092f:	0020c0        	memw
400d0932:	8898      	l32i.n	a9, a8, 32
400d0934:	fdc8a1        	l32r	a10, 400d0054 <_image_irom_vaddr+0x54> (40000 <procpu_iram0_len+0x8000>)
400d0937:	2099a0        	or	a9, a9, a10
400d093a:	0020c0        	memw
400d093d:	8899      	s32i.n	a9, a8, 32
400d093f:	0020c0        	memw
400d0942:	8898      	l32i.n	a9, a8, 32
400d0944:	fdc5a1        	l32r	a10, 400d0058 <_image_irom_vaddr+0x58> (fffbffff <_rtc_force_slow_end+0xaffbffd7>)
400d0947:	1099a0        	and	a9, a9, a10
400d094a:	0020c0        	memw
400d094d:	086892        	s32i	a9, a8, 32
400d0950:	f01d      	retw.n
	...

400d0954 <uart_hal_rxfifo_rst>:
400d0954:	006136        	entry	a1, 48
400d0957:	0298      	l32i.n	a9, a2, 0
400d0959:	fdbd81        	l32r	a8, 400d0050 <_image_irom_vaddr+0x50> (3ff40000 <UART0>)
400d095c:	0c1987        	beq	a9, a8, 400d096c <uart_hal_rxfifo_rst+0x18>
400d095f:	fdc281        	l32r	a8, 400d0068 <_image_irom_vaddr+0x68> (3ff50000 <UART1>)
400d0962:	0e9987        	bne	a9, a8, 400d0974 <uart_hal_rxfifo_rst+0x20>
400d0965:	fdbeb1        	l32r	a11, 400d0060 <_image_irom_vaddr+0x60> (3ff50000 <UART1>)
400d0968:	0002c6        	j	400d0977 <uart_hal_rxfifo_rst+0x23>
400d096b:	00          	.byte	00
400d096c:	fdbcb1        	l32r	a11, 400d005c <_image_irom_vaddr+0x5c> (3ff40000 <UART0>)
400d096f:	000106        	j	400d0977 <uart_hal_rxfifo_rst+0x23>
400d0972:	00          	.byte	00
400d0973:	00          	.byte	00
400d0974:	fdbcb1        	l32r	a11, 400d0064 <_image_irom_vaddr+0x64> (3ff6e000 <UART2>)
400d0977:	0020c0        	memw
400d097a:	7988      	l32i.n	a8, a9, 28
400d097c:	0020c0        	memw
400d097f:	0189      	s32i.n	a8, a1, 0
400d0981:	0020c0        	memw
400d0984:	0188      	l32i.n	a8, a1, 0
400d0986:	748080        	extui	a8, a8, 0, 8
400d0989:	0020c0        	memw
400d098c:	1829a2        	l32i	a10, a9, 96
400d098f:	0020c0        	memw
400d0992:	11a9      	s32i.n	a10, a1, 4
400d0994:	18dc      	bnez.n	a8, 400d09a9 <uart_hal_rxfifo_rst+0x55>
400d0996:	0020c0        	memw
400d0999:	11a8      	l32i.n	a10, a1, 4
400d099b:	a4a2a0        	extui	a10, a10, 2, 11
400d099e:	0020c0        	memw
400d09a1:	1188      	l32i.n	a8, a1, 4
400d09a3:	a48d80        	extui	a8, a8, 13, 11
400d09a6:	071a87        	beq	a10, a8, 400d09b1 <uart_hal_rxfifo_rst+0x5d>
400d09a9:	0020c0        	memw
400d09ac:	0b88      	l32i.n	a8, a11, 0
400d09ae:	fff146        	j	400d0977 <uart_hal_rxfifo_rst+0x23>
400d09b1:	f01d      	retw.n
	...

400d09b4 <uart_hal_write_txfifo>:
400d09b4:	006136        	entry	a1, 48
400d09b7:	0288      	l32i.n	a8, a2, 0
400d09b9:	0020c0        	memw
400d09bc:	7888      	l32i.n	a8, a8, 28
400d09be:	0020c0        	memw
400d09c1:	0189      	s32i.n	a8, a1, 0
400d09c3:	0020c0        	memw
400d09c6:	0188      	l32i.n	a8, a1, 0
400d09c8:	758080        	extui	a8, a8, 16, 8
400d09cb:	80c882        	addi	a8, a8, -128
400d09ce:	608080        	neg	a8, a8
400d09d1:	f49080        	extui	a9, a8, 0, 16
400d09d4:	f48080        	extui	a8, a8, 0, 16
400d09d7:	02b487        	bgeu	a4, a8, 400d09dd <uart_hal_write_txfifo+0x29>
400d09da:	f49040        	extui	a9, a4, 0, 16
400d09dd:	09ad      	mov.n	a10, a9
400d09df:	0599      	s32i.n	a9, a5, 0
400d09e1:	0288      	l32i.n	a8, a2, 0
400d09e3:	fd9b91        	l32r	a9, 400d0050 <_image_irom_vaddr+0x50> (3ff40000 <UART0>)
400d09e6:	0b1897        	beq	a8, a9, 400d09f5 <uart_hal_write_txfifo+0x41>
400d09e9:	fd9f91        	l32r	a9, 400d0068 <_image_irom_vaddr+0x68> (3ff50000 <UART1>)
400d09ec:	0c9897        	bne	a8, a9, 400d09fc <uart_hal_write_txfifo+0x48>
400d09ef:	fda0b1        	l32r	a11, 400d0070 <_image_irom_vaddr+0x70> (60010000 <_rtc_force_slow_end+0x1000ffd8>)
400d09f2:	000246        	j	400d09ff <uart_hal_write_txfifo+0x4b>
400d09f5:	fd9db1        	l32r	a11, 400d006c <_image_irom_vaddr+0x6c> (60000000 <_rtc_force_slow_end+0xfffffd8>)
400d09f8:	0000c6        	j	400d09ff <uart_hal_write_txfifo+0x4b>
400d09fb:	00          	.byte	00
400d09fc:	fd9eb1        	l32r	a11, 400d0074 <_image_irom_vaddr+0x74> (6002e000 <_rtc_force_slow_end+0x1002dfd8>)
400d09ff:	080c      	movi.n	a8, 0
400d0a01:	0002c6        	j	400d0a10 <uart_hal_write_txfifo+0x5c>
400d0a04:	938a      	add.n	a9, a3, a8
400d0a06:	000992        	l8ui	a9, a9, 0
400d0a09:	0020c0        	memw
400d0a0c:	0b99      	s32i.n	a9, a11, 0
400d0a0e:	881b      	addi.n	a8, a8, 1
400d0a10:	f038a7        	bltu	a8, a10, 400d0a04 <uart_hal_write_txfifo+0x50>
400d0a13:	f01d      	retw.n
400d0a15:	000000        	ill

400d0a18 <uart_hal_read_rxfifo>:
400d0a18:	006136        	entry	a1, 48
400d0a1b:	0488      	l32i.n	a8, a4, 0
400d0a1d:	0218a6        	blti	a8, 1, 400d0a23 <uart_hal_read_rxfifo+0xb>
400d0a20:	002086        	j	400d0aa6 <uart_hal_read_rxfifo+0x8e>
400d0a23:	0298      	l32i.n	a9, a2, 0
400d0a25:	0020c0        	memw
400d0a28:	7988      	l32i.n	a8, a9, 28
400d0a2a:	0020c0        	memw
400d0a2d:	0189      	s32i.n	a8, a1, 0
400d0a2f:	0020c0        	memw
400d0a32:	0188      	l32i.n	a8, a1, 0
400d0a34:	74a080        	extui	a10, a8, 0, 8
400d0a37:	0020c0        	memw
400d0a3a:	182982        	l32i	a8, a9, 96
400d0a3d:	0020c0        	memw
400d0a40:	1189      	s32i.n	a8, a1, 4
400d0a42:	0020c0        	memw
400d0a45:	1188      	l32i.n	a8, a1, 4
400d0a47:	a48d80        	extui	a8, a8, 13, 11
400d0a4a:	0020c0        	memw
400d0a4d:	1198      	l32i.n	a9, a1, 4
400d0a4f:	a49290        	extui	a9, a9, 2, 11
400d0a52:	16b987        	bgeu	a9, a8, 400d0a6c <uart_hal_read_rxfifo+0x54>
400d0a55:	0020c0        	memw
400d0a58:	1188      	l32i.n	a8, a1, 4
400d0a5a:	a48d80        	extui	a8, a8, 13, 11
400d0a5d:	0020c0        	memw
400d0a60:	1198      	l32i.n	a9, a1, 4
400d0a62:	a49290        	extui	a9, a9, 2, 11
400d0a65:	c08890        	sub	a8, a8, a9
400d0a68:	000e06        	j	400d0aa4 <uart_hal_read_rxfifo+0x8c>
400d0a6b:	00          	.byte	00
400d0a6c:	0020c0        	memw
400d0a6f:	1198      	l32i.n	a9, a1, 4
400d0a71:	a49d90        	extui	a9, a9, 13, 11
400d0a74:	0020c0        	memw
400d0a77:	1188      	l32i.n	a8, a1, 4
400d0a79:	a48280        	extui	a8, a8, 2, 11
400d0a7c:	1ab987        	bgeu	a9, a8, 400d0a9a <uart_hal_read_rxfifo+0x82>
400d0a7f:	0020c0        	memw
400d0a82:	1188      	l32i.n	a8, a1, 4
400d0a84:	a48d80        	extui	a8, a8, 13, 11
400d0a87:	80a092        	movi	a9, 128
400d0a8a:	889a      	add.n	a8, a8, a9
400d0a8c:	0020c0        	memw
400d0a8f:	1198      	l32i.n	a9, a1, 4
400d0a91:	a49290        	extui	a9, a9, 2, 11
400d0a94:	c08890        	sub	a8, a8, a9
400d0a97:	000246        	j	400d0aa4 <uart_hal_read_rxfifo+0x8c>
400d0a9a:	4a8c      	beqz.n	a10, 400d0aa2 <uart_hal_read_rxfifo+0x8a>
400d0a9c:	80a082        	movi	a8, 128
400d0a9f:	000046        	j	400d0aa4 <uart_hal_read_rxfifo+0x8c>
400d0aa2:	080c      	movi.n	a8, 0
400d0aa4:	0489      	s32i.n	a8, a4, 0
400d0aa6:	0288      	l32i.n	a8, a2, 0
400d0aa8:	04b8      	l32i.n	a11, a4, 0
400d0aaa:	fd6991        	l32r	a9, 400d0050 <_image_irom_vaddr+0x50> (3ff40000 <UART0>)
400d0aad:	0b1897        	beq	a8, a9, 400d0abc <uart_hal_read_rxfifo+0xa4>
400d0ab0:	fd6e91        	l32r	a9, 400d0068 <_image_irom_vaddr+0x68> (3ff50000 <UART1>)
400d0ab3:	0d9897        	bne	a8, a9, 400d0ac4 <uart_hal_read_rxfifo+0xac>
400d0ab6:	fd6ac1        	l32r	a12, 400d0060 <_image_irom_vaddr+0x60> (3ff50000 <UART1>)
400d0ab9:	000286        	j	400d0ac7 <uart_hal_read_rxfifo+0xaf>
400d0abc:	fd68c1        	l32r	a12, 400d005c <_image_irom_vaddr+0x5c> (3ff40000 <UART0>)
400d0abf:	000106        	j	400d0ac7 <uart_hal_read_rxfifo+0xaf>
400d0ac2:	00          	.byte	00
400d0ac3:	00          	.byte	00
400d0ac4:	fd68c1        	l32r	a12, 400d0064 <_image_irom_vaddr+0x64> (3ff6e000 <UART2>)
400d0ac7:	080c      	movi.n	a8, 0
400d0ac9:	000346        	j	400d0ada <uart_hal_read_rxfifo+0xc2>
400d0acc:	0020c0        	memw
400d0acf:	0ca8      	l32i.n	a10, a12, 0
400d0ad1:	938a      	add.n	a9, a3, a8
400d0ad3:	0049a2        	s8i	a10, a9, 0
400d0ad6:	f03d      	nop.n
400d0ad8:	881b      	addi.n	a8, a8, 1
400d0ada:	ee38b7        	bltu	a8, a11, 400d0acc <uart_hal_read_rxfifo+0xb4>
400d0add:	f01d      	retw.n
	...

400d0ae0 <clk_hal_lp_slow_get_freq_hz>:
400d0ae0:	004136        	entry	a1, 32
400d0ae3:	fd6781        	l32r	a8, 400d0080 <_image_irom_vaddr+0x80> (3ff48070 <RTCCNTL+0x70>)
400d0ae6:	0020c0        	memw
400d0ae9:	0888      	l32i.n	a8, a8, 0
400d0aeb:	158e80        	extui	a8, a8, 30, 2
400d0aee:	0a1826        	beqi	a8, 1, 400d0afc <clk_hal_lp_slow_get_freq_hz+0x1c>
400d0af1:	0f2866        	bnei	a8, 2, 400d0b04 <clk_hal_lp_slow_get_freq_hz+0x24>
400d0af4:	fd6221        	l32r	a2, 400d007c <_image_irom_vaddr+0x7c> (81b3 <CONFIG_SOC_ADC_SAMPLE_FREQ_THRES_LOW+0x3393>)
400d0af7:	000306        	j	400d0b07 <clk_hal_lp_slow_get_freq_hz+0x27>
400d0afa:	00          	.byte	00
400d0afb:	00          	.byte	00
400d0afc:	fd4721        	l32r	a2, 400d0018 <_image_irom_vaddr+0x18> (8000 <CONFIG_SOC_ADC_SAMPLE_FREQ_THRES_LOW+0x31e0>)
400d0aff:	000106        	j	400d0b07 <clk_hal_lp_slow_get_freq_hz+0x27>
400d0b02:	00          	.byte	00
400d0b03:	00          	.byte	00
400d0b04:	fd5d21        	l32r	a2, 400d0078 <_image_irom_vaddr+0x78> (249f0 <_image_irom_start+0x49f0>)
400d0b07:	f01d      	retw.n
400d0b09:	000000        	ill

400d0b0c <clk_hal_xtal_get_freq_mhz>:
400d0b0c:	004136        	entry	a1, 32
400d0b0f:	fd5d81        	l32r	a8, 400d0084 <_image_irom_vaddr+0x84> (3ff480b0 <RTCCNTL+0xb0>)
400d0b12:	0020c0        	memw
400d0b15:	0828      	l32i.n	a2, a8, 0
400d0b17:	f49020        	extui	a9, a2, 0, 16
400d0b1a:	f58020        	extui	a8, a2, 16, 16
400d0b1d:	109987        	bne	a9, a8, 400d0b31 <clk_hal_xtal_get_freq_mhz+0x25>
400d0b20:	820b      	addi.n	a8, a2, -1
400d0b22:	d97c      	movi.n	a9, -3
400d0b24:	0e3987        	bltu	a9, a8, 400d0b36 <clk_hal_xtal_get_freq_mhz+0x2a>
400d0b27:	e42120        	extui	a2, a2, 1, 15
400d0b2a:	222a      	add.n	a2, a2, a2
400d0b2c:	d2cc      	bnez.n	a2, 400d0b3d <clk_hal_xtal_get_freq_mhz+0x31>
400d0b2e:	000246        	j	400d0b3b <clk_hal_xtal_get_freq_mhz+0x2f>
400d0b31:	020c      	movi.n	a2, 0
400d0b33:	000186        	j	400d0b3d <clk_hal_xtal_get_freq_mhz+0x31>
400d0b36:	020c      	movi.n	a2, 0
400d0b38:	000046        	j	400d0b3d <clk_hal_xtal_get_freq_mhz+0x31>
400d0b3b:	020c      	movi.n	a2, 0
400d0b3d:	f01d      	retw.n
	...

400d0b40 <clk_hal_apll_get_freq_hz>:
400d0b40:	004136        	entry	a1, 32
400d0b43:	fffca5        	call8	400d0b0c <clk_hal_xtal_get_freq_mhz>
400d0b46:	0a7d      	mov.n	a7, a10
400d0b48:	060c      	movi.n	a6, 0
400d0b4a:	06ed      	mov.n	a14, a6
400d0b4c:	4d0c      	movi.n	a13, 4
400d0b4e:	0dcd      	mov.n	a12, a13
400d0b50:	3b0c      	movi.n	a11, 3
400d0b52:	6da0a2        	movi	a10, 109
400d0b55:	b7d4a5        	call8	400888a0 <regi2c_ctrl_read_reg_mask>
400d0b58:	0a5d      	mov.n	a5, a10
400d0b5a:	06ed      	mov.n	a14, a6
400d0b5c:	7d0c      	movi.n	a13, 7
400d0b5e:	9c0c      	movi.n	a12, 9
400d0b60:	3b0c      	movi.n	a11, 3
400d0b62:	6da0a2        	movi	a10, 109
400d0b65:	b7d3a5        	call8	400888a0 <regi2c_ctrl_read_reg_mask>
400d0b68:	0a4d      	mov.n	a4, a10
400d0b6a:	06ed      	mov.n	a14, a6
400d0b6c:	7d0c      	movi.n	a13, 7
400d0b6e:	8c0c      	movi.n	a12, 8
400d0b70:	3b0c      	movi.n	a11, 3
400d0b72:	6da0a2        	movi	a10, 109
400d0b75:	b7d2a5        	call8	400888a0 <regi2c_ctrl_read_reg_mask>
400d0b78:	0a3d      	mov.n	a3, a10
400d0b7a:	06ed      	mov.n	a14, a6
400d0b7c:	5d0c      	movi.n	a13, 5
400d0b7e:	7c0c      	movi.n	a12, 7
400d0b80:	03a0b2        	movi	a11, 3
400d0b83:	6da0a2        	movi	a10, 109
400d0b86:	b7d1a5        	call8	400888a0 <regi2c_ctrl_read_reg_mask>
400d0b89:	8a4b      	addi.n	a8, a10, 4
400d0b8b:	118800        	slli	a8, a8, 16
400d0b8e:	113380        	slli	a3, a3, 8
400d0b91:	208830        	or	a8, a8, a3
400d0b94:	208840        	or	a8, a8, a4
400d0b97:	c52b      	addi.n	a12, a5, 2
400d0b99:	82a780        	mull	a10, a7, a8
400d0b9c:	a27780        	muluh	a7, a7, a8
400d0b9f:	fd3a81        	l32r	a8, 400d0088 <_image_irom_vaddr+0x88> (f4240 <procpu_iram0_len+0xbc240>)
400d0ba2:	827780        	mull	a7, a7, a8
400d0ba5:	a2ba80        	muluh	a11, a10, a8
400d0ba8:	01ccf0        	slli	a12, a12, 17
400d0bab:	06dd      	mov.n	a13, a6
400d0bad:	82aa80        	mull	a10, a10, a8
400d0bb0:	b7ba      	add.n	a11, a7, a11
400d0bb2:	fd3681        	l32r	a8, 400d008c <_image_irom_vaddr+0x8c> (4000cff8 <__udivdi3>)
400d0bb5:	0008e0        	callx8	a8
400d0bb8:	0a2d      	mov.n	a2, a10
400d0bba:	f01d      	retw.n

400d0bbc <clk_hal_soc_root_get_freq_mhz>:
400d0bbc:	004136        	entry	a1, 32
400d0bbf:	372226        	beqi	a2, 2, 400d0bfa <clk_hal_soc_root_get_freq_mhz+0x3e>
400d0bc2:	2232f6        	bgeui	a2, 3, 400d0be8 <clk_hal_soc_root_get_freq_mhz+0x2c>
400d0bc5:	72cc      	bnez.n	a2, 400d0bd0 <clk_hal_soc_root_get_freq_mhz+0x14>
400d0bc7:	fff465        	call8	400d0b0c <clk_hal_xtal_get_freq_mhz>
400d0bca:	0a2d      	mov.n	a2, a10
400d0bcc:	000e06        	j	400d0c08 <clk_hal_soc_root_get_freq_mhz+0x4c>
400d0bcf:	00          	.byte	00
400d0bd0:	fd3081        	l32r	a8, 400d0090 <_image_irom_vaddr+0x90> (3ff0003c <_rodata_end+0xaf003c>)
400d0bd3:	0020c0        	memw
400d0bd6:	0888      	l32i.n	a8, a8, 0
400d0bd8:	148080        	extui	a8, a8, 0, 2
400d0bdb:	2128b6        	bltui	a8, 2, 400d0c00 <clk_hal_soc_root_get_freq_mhz+0x44>
400d0bde:	242866        	bnei	a8, 2, 400d0c06 <clk_hal_soc_root_get_freq_mhz+0x4a>
400d0be1:	e0a122        	movi	a2, 0x1e0
400d0be4:	000806        	j	400d0c08 <clk_hal_soc_root_get_freq_mhz+0x4c>
400d0be7:	00          	.byte	00
400d0be8:	fff565        	call8	400d0b40 <clk_hal_apll_get_freq_hz>
400d0beb:	fd2a81        	l32r	a8, 400d0094 <_image_irom_vaddr+0x94> (431bde83 <_etext+0x30e9fe3>)
400d0bee:	a22a80        	muluh	a2, a10, a8
400d0bf1:	d52220        	extui	a2, a2, 18, 14
400d0bf4:	000406        	j	400d0c08 <clk_hal_soc_root_get_freq_mhz+0x4c>
400d0bf7:	00          	.byte	00
400d0bf8:	00          	.byte	00
400d0bf9:	00          	.byte	00
400d0bfa:	820c      	movi.n	a2, 8
400d0bfc:	000206        	j	400d0c08 <clk_hal_soc_root_get_freq_mhz+0x4c>
400d0bff:	00          	.byte	00
400d0c00:	40a122        	movi	a2, 0x140
400d0c03:	000046        	j	400d0c08 <clk_hal_soc_root_get_freq_mhz+0x4c>
400d0c06:	020c      	movi.n	a2, 0
400d0c08:	f01d      	retw.n
	...

400d0c0c <clk_hal_cpu_get_freq_hz>:
400d0c0c:	004136        	entry	a1, 32
400d0c0f:	fd1c81        	l32r	a8, 400d0080 <_image_irom_vaddr+0x80> (3ff48070 <RTCCNTL+0x70>)
400d0c12:	0020c0        	memw
400d0c15:	08a8      	l32i.n	a10, a8, 0
400d0c17:	15aba0        	extui	a10, a10, 27, 2
400d0c1a:	6f2a26        	beqi	a10, 2, 400d0c8d <clk_hal_cpu_get_freq_hz+0x81>
400d0c1d:	0b3af6        	bgeui	a10, 3, 400d0c2c <clk_hal_cpu_get_freq_hz+0x20>
400d0c20:	069a16        	beqz	a10, 400d0c8d <clk_hal_cpu_get_freq_hz+0x81>
400d0c23:	251a26        	beqi	a10, 1, 400d0c4c <clk_hal_cpu_get_freq_hz+0x40>
400d0c26:	4a0c      	movi.n	a10, 4
400d0c28:	001846        	j	400d0c8d <clk_hal_cpu_get_freq_hz+0x81>
400d0c2b:	00          	.byte	00
400d0c2c:	5a3a66        	bnei	a10, 3, 400d0c8a <clk_hal_cpu_get_freq_hz+0x7e>
400d0c2f:	fff125        	call8	400d0b40 <clk_hal_apll_get_freq_hz>
400d0c32:	fd1781        	l32r	a8, 400d0090 <_image_irom_vaddr+0x90> (3ff0003c <_rodata_end+0xaf003c>)
400d0c35:	0020c0        	memw
400d0c38:	002882        	l32i	a8, a8, 0
400d0c3b:	148080        	extui	a8, a8, 0, 2
400d0c3e:	03b816        	beqz	a8, 400d0c7d <clk_hal_cpu_get_freq_hz+0x71>
400d0c41:	3d1826        	beqi	a8, 1, 400d0c82 <clk_hal_cpu_get_freq_hz+0x76>
400d0c44:	00a022        	movi	a2, 0
400d0c47:	001746        	j	400d0ca8 <clk_hal_cpu_get_freq_hz+0x9c>
400d0c4a:	00          	.byte	00
400d0c4b:	00          	.byte	00
400d0c4c:	fd1181        	l32r	a8, 400d0090 <_image_irom_vaddr+0x90> (3ff0003c <_rodata_end+0xaf003c>)
400d0c4f:	0020c0        	memw
400d0c52:	0888      	l32i.n	a8, a8, 0
400d0c54:	148080        	extui	a8, a8, 0, 2
400d0c57:	091826        	beqi	a8, 1, 400d0c64 <clk_hal_cpu_get_freq_hz+0x58>
400d0c5a:	0e2826        	beqi	a8, 2, 400d0c6c <clk_hal_cpu_get_freq_hz+0x60>
400d0c5d:	18dc      	bnez.n	a8, 400d0c72 <clk_hal_cpu_get_freq_hz+0x66>
400d0c5f:	025c      	movi.n	a2, 80
400d0c61:	0003c6        	j	400d0c74 <clk_hal_cpu_get_freq_hz+0x68>
400d0c64:	a0a022        	movi	a2, 160
400d0c67:	000246        	j	400d0c74 <clk_hal_cpu_get_freq_hz+0x68>
400d0c6a:	00          	.byte	00
400d0c6b:	00          	.byte	00
400d0c6c:	f0a022        	movi	a2, 240
400d0c6f:	000046        	j	400d0c74 <clk_hal_cpu_get_freq_hz+0x68>
400d0c72:	020c      	movi.n	a2, 0
400d0c74:	fd0581        	l32r	a8, 400d0088 <_image_irom_vaddr+0x88> (f4240 <procpu_iram0_len+0xbc240>)
400d0c77:	822280        	mull	a2, a2, a8
400d0c7a:	000a86        	j	400d0ca8 <clk_hal_cpu_get_freq_hz+0x9c>
400d0c7d:	480c      	movi.n	a8, 4
400d0c7f:	000046        	j	400d0c84 <clk_hal_cpu_get_freq_hz+0x78>
400d0c82:	280c      	movi.n	a8, 2
400d0c84:	c22a80        	quou	a2, a10, a8
400d0c87:	000746        	j	400d0ca8 <clk_hal_cpu_get_freq_hz+0x9c>
400d0c8a:	04a0a2        	movi	a10, 4
400d0c8d:	fff2e5        	call8	400d0bbc <clk_hal_soc_root_get_freq_mhz>
400d0c90:	fcfe81        	l32r	a8, 400d0088 <_image_irom_vaddr+0x88> (f4240 <procpu_iram0_len+0xbc240>)
400d0c93:	822a80        	mull	a2, a10, a8
400d0c96:	fd0081        	l32r	a8, 400d0098 <_image_irom_vaddr+0x98> (3ff66000 <SPI3+0x1000>)
400d0c99:	0020c0        	memw
400d0c9c:	002882        	l32i	a8, a8, 0
400d0c9f:	948080        	extui	a8, a8, 0, 10
400d0ca2:	01c882        	addi	a8, a8, 1
400d0ca5:	c22280        	quou	a2, a2, a8
400d0ca8:	f01d      	retw.n
	...

400d0cac <clk_hal_ahb_get_freq_hz>:
400d0cac:	004136        	entry	a1, 32
400d0caf:	fcf481        	l32r	a8, 400d0080 <_image_irom_vaddr+0x80> (3ff48070 <RTCCNTL+0x70>)
400d0cb2:	0020c0        	memw
400d0cb5:	0888      	l32i.n	a8, a8, 0
400d0cb7:	158b80        	extui	a8, a8, 27, 2
400d0cba:	161826        	beqi	a8, 1, 400d0cd4 <clk_hal_ahb_get_freq_hz+0x28>
400d0cbd:	0b3866        	bnei	a8, 3, 400d0ccc <clk_hal_ahb_get_freq_hz+0x20>
400d0cc0:	fff4a5        	call8	400d0c0c <clk_hal_cpu_get_freq_hz>
400d0cc3:	4121a0        	srli	a2, a10, 1
400d0cc6:	000346        	j	400d0cd7 <clk_hal_ahb_get_freq_hz+0x2b>
400d0cc9:	00          	.byte	00
400d0cca:	00          	.byte	00
400d0ccb:	00          	.byte	00
400d0ccc:	fff3e5        	call8	400d0c0c <clk_hal_cpu_get_freq_hz>
400d0ccf:	0a2d      	mov.n	a2, a10
400d0cd1:	000086        	j	400d0cd7 <clk_hal_ahb_get_freq_hz+0x2b>
400d0cd4:	fcf221        	l32r	a2, 400d009c <_image_irom_vaddr+0x9c> (4c4b400 <CONFIG_XTAL_FREQ_HZ+0x2625a00>)
400d0cd7:	f01d      	retw.n
400d0cd9:	000000        	ill

400d0cdc <clk_hal_apb_get_freq_hz>:
400d0cdc:	004136        	entry	a1, 32
400d0cdf:	fffce5        	call8	400d0cac <clk_hal_ahb_get_freq_hz>
400d0ce2:	0a2d      	mov.n	a2, a10
400d0ce4:	f01d      	retw.n
	...

400d0ce8 <esp_clk_slowclk_cal_set>:
400d0ce8:	004136        	entry	a1, 32
400d0ceb:	fced81        	l32r	a8, 400d00a0 <_image_irom_vaddr+0xa0> (3ff48050 <RTCCNTL+0x50>)
400d0cee:	0020c0        	memw
400d0cf1:	0829      	s32i.n	a2, a8, 0
400d0cf3:	f01d      	retw.n
400d0cf5:	000000        	ill

400d0cf8 <esp_clk_tree_src_get_freq_hz>:
400d0cf8:	004136        	entry	a1, 32
400d0cfb:	028d      	mov.n	a8, a2
400d0cfd:	b20b      	addi.n	a11, a2, -1
400d0cff:	190c      	movi.n	a9, 1
400d0d01:	bc0c      	movi.n	a12, 11
400d0d03:	013cb7        	bltu	a12, a11, 400d0d08 <esp_clk_tree_src_get_freq_hz+0x10>
400d0d06:	090c      	movi.n	a9, 0
400d0d08:	749090        	extui	a9, a9, 0, 8
400d0d0b:	0bd956        	bnez	a9, 400d0dcc <esp_clk_tree_src_get_freq_hz+0xd4>
400d0d0e:	190c      	movi.n	a9, 1
400d0d10:	0133f6        	bgeui	a3, 3, 400d0d15 <esp_clk_tree_src_get_freq_hz+0x1d>
400d0d13:	090c      	movi.n	a9, 0
400d0d15:	749090        	extui	a9, a9, 0, 8
400d0d18:	0b8956        	bnez	a9, 400d0dd4 <esp_clk_tree_src_get_freq_hz+0xdc>
400d0d1b:	40f420        	nsau	a2, a4
400d0d1e:	412520        	srli	a2, a2, 5
400d0d21:	0b7416        	beqz	a4, 400d0ddc <esp_clk_tree_src_get_freq_hz+0xe4>
400d0d24:	c90c      	movi.n	a9, 12
400d0d26:	02b987        	bgeu	a9, a8, 400d0d2c <esp_clk_tree_src_get_freq_hz+0x34>
400d0d29:	002206        	j	400d0db5 <esp_clk_tree_src_get_freq_hz+0xbd>
400d0d2c:	fcdf91        	l32r	a9, 400d00a8 <_image_irom_vaddr+0xa8> (3f400690 <rtc_io_desc+0x3f0>)
400d0d2f:	a08890        	addx4	a8, a8, a9
400d0d32:	0888      	l32i.n	a8, a8, 0
400d0d34:	0008a0        	jx	a8
400d0d37:	ffed65        	call8	400d0c0c <clk_hal_cpu_get_freq_hz>
400d0d3a:	001d46        	j	400d0db3 <esp_clk_tree_src_get_freq_hz+0xbb>
400d0d3d:	00          	.byte	00
400d0d3e:	fff9e5        	call8	400d0cdc <clk_hal_apb_get_freq_hz>
400d0d41:	001b86        	j	400d0db3 <esp_clk_tree_src_get_freq_hz+0xbb>
400d0d44:	00          	.byte	00
400d0d45:	00          	.byte	00
400d0d46:	00          	.byte	00
400d0d47:	ffdc65        	call8	400d0b0c <clk_hal_xtal_get_freq_mhz>
400d0d4a:	fccf81        	l32r	a8, 400d0088 <_image_irom_vaddr+0x88> (f4240 <procpu_iram0_len+0xbc240>)
400d0d4d:	82aa80        	mull	a10, a10, a8
400d0d50:	0017c6        	j	400d0db3 <esp_clk_tree_src_get_freq_hz+0xbb>
400d0d53:	00          	.byte	00
400d0d54:	00          	.byte	00
400d0d55:	00          	.byte	00
400d0d56:	fcce81        	l32r	a8, 400d0090 <_image_irom_vaddr+0x90> (3ff0003c <_rodata_end+0xaf003c>)
400d0d59:	0020c0        	memw
400d0d5c:	0888      	l32i.n	a8, a8, 0
400d0d5e:	148080        	extui	a8, a8, 0, 2
400d0d61:	0828b6        	bltui	a8, 2, 400d0d6d <esp_clk_tree_src_get_freq_hz+0x75>
400d0d64:	0c2866        	bnei	a8, 2, 400d0d74 <esp_clk_tree_src_get_freq_hz+0x7c>
400d0d67:	e0a1a2        	movi	a10, 0x1e0
400d0d6a:	000206        	j	400d0d76 <esp_clk_tree_src_get_freq_hz+0x7e>
400d0d6d:	40a1a2        	movi	a10, 0x140
400d0d70:	000086        	j	400d0d76 <esp_clk_tree_src_get_freq_hz+0x7e>
400d0d73:	00          	.byte	00
400d0d74:	0a0c      	movi.n	a10, 0
400d0d76:	fcc481        	l32r	a8, 400d0088 <_image_irom_vaddr+0x88> (f4240 <procpu_iram0_len+0xbc240>)
400d0d79:	82aa80        	mull	a10, a10, a8
400d0d7c:	41a1a0        	srli	a10, a10, 1
400d0d7f:	000c06        	j	400d0db3 <esp_clk_tree_src_get_freq_hz+0xbb>
400d0d82:	00          	.byte	00
400d0d83:	00          	.byte	00
400d0d84:	03ad      	mov.n	a10, a3
400d0d86:	001925        	call8	400d0f18 <esp_clk_tree_lp_slow_get_freq_hz>
400d0d89:	000986        	j	400d0db3 <esp_clk_tree_src_get_freq_hz+0xbb>
400d0d8c:	03ad      	mov.n	a10, a3
400d0d8e:	001e65        	call8	400d0f74 <esp_clk_tree_lp_fast_get_freq_hz>
400d0d91:	000786        	j	400d0db3 <esp_clk_tree_src_get_freq_hz+0xbb>
400d0d94:	03ad      	mov.n	a10, a3
400d0d96:	001c25        	call8	400d0f58 <esp_clk_tree_rc_fast_get_freq_hz>
400d0d99:	000586        	j	400d0db3 <esp_clk_tree_src_get_freq_hz+0xbb>
400d0d9c:	03ad      	mov.n	a10, a3
400d0d9e:	000da5        	call8	400d0e78 <esp_clk_tree_rc_fast_d256_get_freq_hz>
400d0da1:	000386        	j	400d0db3 <esp_clk_tree_src_get_freq_hz+0xbb>
400d0da4:	00          	.byte	00
400d0da5:	00          	.byte	00
400d0da6:	00          	.byte	00
400d0da7:	03ad      	mov.n	a10, a3
400d0da9:	0011e5        	call8	400d0ec8 <esp_clk_tree_xtal32k_get_freq_hz>
400d0dac:	0000c6        	j	400d0db3 <esp_clk_tree_src_get_freq_hz+0xbb>
400d0daf:	00          	.byte	00
400d0db0:	ffd8e5        	call8	400d0b40 <clk_hal_apll_get_freq_hz>
400d0db3:	facc      	bnez.n	a10, 400d0dc6 <esp_clk_tree_src_get_freq_hz+0xce>
400d0db5:	f27c      	movi.n	a2, -1
400d0db7:	000906        	j	400d0ddf <esp_clk_tree_src_get_freq_hz+0xe7>
400d0dba:	00          	.byte	00
400d0dbb:	00          	.byte	00
400d0dbc:	00          	.byte	00
400d0dbd:	fcb2a1        	l32r	a10, 400d0088 <_image_irom_vaddr+0x88> (f4240 <procpu_iram0_len+0xbc240>)
400d0dc0:	000086        	j	400d0dc6 <esp_clk_tree_src_get_freq_hz+0xce>
400d0dc3:	fcb8a1        	l32r	a10, 400d00a4 <_image_irom_vaddr+0xa4> (9896800 <CONFIG_TIMER_RANDOM_INITIAL_STATE+0x22d9aeb>)
400d0dc6:	04a9      	s32i.n	a10, a4, 0
400d0dc8:	0004c6        	j	400d0ddf <esp_clk_tree_src_get_freq_hz+0xe7>
400d0dcb:	00          	.byte	00
400d0dcc:	02a122        	movi	a2, 0x102
400d0dcf:	000306        	j	400d0ddf <esp_clk_tree_src_get_freq_hz+0xe7>
400d0dd2:	00          	.byte	00
400d0dd3:	00          	.byte	00
400d0dd4:	02a122        	movi	a2, 0x102
400d0dd7:	000106        	j	400d0ddf <esp_clk_tree_src_get_freq_hz+0xe7>
400d0dda:	00          	.byte	00
400d0ddb:	00          	.byte	00
400d0ddc:	02a122        	movi	a2, 0x102
400d0ddf:	f01d      	retw.n
400d0de1:	000000        	ill

400d0de4 <esp_cpu_intr_get_desc>:
400d0de4:	004136        	entry	a1, 32
400d0de7:	01a082        	movi	a8, 1
400d0dea:	0222f6        	bgeui	a2, 2, 400d0df0 <esp_cpu_intr_get_desc+0xc>
400d0ded:	00a082        	movi	a8, 0
400d0df0:	748080        	extui	a8, a8, 0, 8
400d0df3:	40f490        	nsau	a9, a4
400d0df6:	419590        	srli	a9, a9, 5
400d0df9:	208890        	or	a8, a8, a9
400d0dfc:	188c      	beqz.n	a8, 400d0e01 <esp_cpu_intr_get_desc+0x1d>
400d0dfe:	008225        	call8	400d1620 <__assert_no_args>
400d0e01:	fcaa91        	l32r	a9, 400d00ac <_image_irom_vaddr+0xac> (3f4006c4 <intr_desc_table>)
400d0e04:	1183c0        	slli	a8, a3, 4
400d0e07:	898a      	add.n	a8, a9, a8
400d0e09:	08a8      	l32i.n	a10, a8, 0
400d0e0b:	04a9      	s32i.n	a10, a4, 0
400d0e0d:	1888      	l32i.n	a8, a8, 4
400d0e0f:	1489      	s32i.n	a8, a4, 4
400d0e11:	a03320        	addx4	a3, a3, a2
400d0e14:	a03390        	addx4	a3, a3, a9
400d0e17:	2388      	l32i.n	a8, a3, 8
400d0e19:	2489      	s32i.n	a8, a4, 8
400d0e1b:	f01d      	retw.n
400d0e1d:	000000        	ill

400d0e20 <sar_periph_ctrl_init>:
400d0e20:	004136        	entry	a1, 32
400d0e23:	fca391        	l32r	a9, 400d00b0 <_image_irom_vaddr+0xb0> (3ff48800 <SENS>)
400d0e26:	0020c0        	memw
400d0e29:	39a8      	l32i.n	a10, a9, 12
400d0e2b:	fca281        	l32r	a8, 400d00b4 <_image_irom_vaddr+0xb4> (c0000 <procpu_iram0_len+0x88000>)
400d0e2e:	208a80        	or	a8, a10, a8
400d0e31:	0020c0        	memw
400d0e34:	3989      	s32i.n	a8, a9, 12
400d0e36:	f01d      	retw.n

400d0e38 <clk_tree_rtc_slow_calibration>:
400d0e38:	004136        	entry	a1, 32
400d0e3b:	02bd      	mov.n	a11, a2
400d0e3d:	828c      	beqz.n	a2, 400d0e49 <clk_tree_rtc_slow_calibration+0x11>
400d0e3f:	0a0c      	movi.n	a10, 0
400d0e41:	b4e4a5        	call8	40085c8c <rtc_clk_cal>
400d0e44:	0a2d      	mov.n	a2, a10
400d0e46:	000886        	j	400d0e6c <clk_tree_rtc_slow_calibration+0x34>
400d0e49:	201110        	or	a1, a1, a1
400d0e4c:	ffc925        	call8	400d0ae0 <clk_hal_lp_slow_get_freq_hz>
400d0e4f:	0acd      	mov.n	a12, a10
400d0e51:	005a56        	bnez	a10, 400d0e5a <clk_tree_rtc_slow_calibration+0x22>
400d0e54:	201110        	or	a1, a1, a1
400d0e57:	007ca5        	call8	400d1620 <__assert_no_args>
400d0e5a:	00a0d2        	movi	a13, 0
400d0e5d:	fc96a1        	l32r	a10, 400d00b8 <_image_irom_vaddr+0xb8> (12000000 <CONFIG_ESP_CLK_FREQ_HZ+0x3b1e400>)
400d0e60:	7aa0b2        	movi	a11, 122
400d0e63:	fc8a81        	l32r	a8, 400d008c <_image_irom_vaddr+0x8c> (4000cff8 <__udivdi3>)
400d0e66:	0008e0        	callx8	a8
400d0e69:	202aa0        	or	a2, a10, a10
400d0e6c:	004216        	beqz	a2, 400d0e74 <clk_tree_rtc_slow_calibration+0x3c>
400d0e6f:	02ad      	mov.n	a10, a2
400d0e71:	ffe765        	call8	400d0ce8 <esp_clk_slowclk_cal_set>
400d0e74:	f01d      	retw.n
	...

400d0e78 <esp_clk_tree_rc_fast_d256_get_freq_hz>:
400d0e78:	004136        	entry	a1, 32
400d0e7b:	3d1226        	beqi	a2, 1, 400d0ebc <esp_clk_tree_rc_fast_d256_get_freq_hz+0x44>
400d0e7e:	232226        	beqi	a2, 2, 400d0ea5 <esp_clk_tree_rc_fast_d256_get_freq_hz+0x2d>
400d0e81:	03d256        	bnez	a2, 400d0ec2 <esp_clk_tree_rc_fast_d256_get_freq_hz+0x4a>
400d0e84:	fc8e81        	l32r	a8, 400d00bc <_image_irom_vaddr+0xbc> (3ffb309c <s_calibrated_freq>)
400d0e87:	0888      	l32i.n	a8, a8, 0
400d0e89:	00f856        	bnez	a8, 400d0e9c <esp_clk_tree_rc_fast_d256_get_freq_hz+0x24>
400d0e8c:	64a0b2        	movi	a11, 100
400d0e8f:	1a0c      	movi.n	a10, 1
400d0e91:	b4dfa5        	call8	40085c8c <rtc_clk_cal>
400d0e94:	b4f4e5        	call8	40085de4 <rtc_clk_freq_cal>
400d0e97:	fc8981        	l32r	a8, 400d00bc <_image_irom_vaddr+0xbc> (3ffb309c <s_calibrated_freq>)
400d0e9a:	08a9      	s32i.n	a10, a8, 0
400d0e9c:	fc8881        	l32r	a8, 400d00bc <_image_irom_vaddr+0xbc> (3ffb309c <s_calibrated_freq>)
400d0e9f:	0828      	l32i.n	a2, a8, 0
400d0ea1:	0007c6        	j	400d0ec4 <esp_clk_tree_rc_fast_d256_get_freq_hz+0x4c>
400d0ea4:	00          	.byte	00
400d0ea5:	64a0b2        	movi	a11, 100
400d0ea8:	01a0a2        	movi	a10, 1
400d0eab:	b4de25        	call8	40085c8c <rtc_clk_cal>
400d0eae:	b4f365        	call8	40085de4 <rtc_clk_freq_cal>
400d0eb1:	202aa0        	or	a2, a10, a10
400d0eb4:	fc8281        	l32r	a8, 400d00bc <_image_irom_vaddr+0xbc> (3ffb309c <s_calibrated_freq>)
400d0eb7:	08a9      	s32i.n	a10, a8, 0
400d0eb9:	0001c6        	j	400d0ec4 <esp_clk_tree_rc_fast_d256_get_freq_hz+0x4c>
400d0ebc:	fc7021        	l32r	a2, 400d007c <_image_irom_vaddr+0x7c> (81b3 <CONFIG_SOC_ADC_SAMPLE_FREQ_THRES_LOW+0x3393>)
400d0ebf:	000046        	j	400d0ec4 <esp_clk_tree_rc_fast_d256_get_freq_hz+0x4c>
400d0ec2:	020c      	movi.n	a2, 0
400d0ec4:	f01d      	retw.n
	...

400d0ec8 <esp_clk_tree_xtal32k_get_freq_hz>:
400d0ec8:	004136        	entry	a1, 32
400d0ecb:	3d1226        	beqi	a2, 1, 400d0f0c <esp_clk_tree_xtal32k_get_freq_hz+0x44>
400d0ece:	232226        	beqi	a2, 2, 400d0ef5 <esp_clk_tree_xtal32k_get_freq_hz+0x2d>
400d0ed1:	03d256        	bnez	a2, 400d0f12 <esp_clk_tree_xtal32k_get_freq_hz+0x4a>
400d0ed4:	fc7a81        	l32r	a8, 400d00bc <_image_irom_vaddr+0xbc> (3ffb309c <s_calibrated_freq>)
400d0ed7:	1888      	l32i.n	a8, a8, 4
400d0ed9:	00f856        	bnez	a8, 400d0eec <esp_clk_tree_xtal32k_get_freq_hz+0x24>
400d0edc:	64a0b2        	movi	a11, 100
400d0edf:	2a0c      	movi.n	a10, 2
400d0ee1:	b4daa5        	call8	40085c8c <rtc_clk_cal>
400d0ee4:	b4efe5        	call8	40085de4 <rtc_clk_freq_cal>
400d0ee7:	fc7581        	l32r	a8, 400d00bc <_image_irom_vaddr+0xbc> (3ffb309c <s_calibrated_freq>)
400d0eea:	18a9      	s32i.n	a10, a8, 4
400d0eec:	fc7481        	l32r	a8, 400d00bc <_image_irom_vaddr+0xbc> (3ffb309c <s_calibrated_freq>)
400d0eef:	1828      	l32i.n	a2, a8, 4
400d0ef1:	0007c6        	j	400d0f14 <esp_clk_tree_xtal32k_get_freq_hz+0x4c>
400d0ef4:	00          	.byte	00
400d0ef5:	64a0b2        	movi	a11, 100
400d0ef8:	02a0a2        	movi	a10, 2
400d0efb:	b4d925        	call8	40085c8c <rtc_clk_cal>
400d0efe:	b4ee65        	call8	40085de4 <rtc_clk_freq_cal>
400d0f01:	202aa0        	or	a2, a10, a10
400d0f04:	fc6e81        	l32r	a8, 400d00bc <_image_irom_vaddr+0xbc> (3ffb309c <s_calibrated_freq>)
400d0f07:	18a9      	s32i.n	a10, a8, 4
400d0f09:	0001c6        	j	400d0f14 <esp_clk_tree_xtal32k_get_freq_hz+0x4c>
400d0f0c:	fc4321        	l32r	a2, 400d0018 <_image_irom_vaddr+0x18> (8000 <CONFIG_SOC_ADC_SAMPLE_FREQ_THRES_LOW+0x31e0>)
400d0f0f:	000046        	j	400d0f14 <esp_clk_tree_xtal32k_get_freq_hz+0x4c>
400d0f12:	020c      	movi.n	a2, 0
400d0f14:	f01d      	retw.n
	...

400d0f18 <esp_clk_tree_lp_slow_get_freq_hz>:
400d0f18:	004136        	entry	a1, 32
400d0f1b:	171226        	beqi	a2, 1, 400d0f36 <esp_clk_tree_lp_slow_get_freq_hz+0x1e>
400d0f1e:	1f2226        	beqi	a2, 2, 400d0f41 <esp_clk_tree_lp_slow_get_freq_hz+0x29>
400d0f21:	02c256        	bnez	a2, 400d0f51 <esp_clk_tree_lp_slow_get_freq_hz+0x39>
400d0f24:	fc5f81        	l32r	a8, 400d00a0 <_image_irom_vaddr+0xa0> (3ff48050 <RTCCNTL+0x50>)
400d0f27:	0020c0        	memw
400d0f2a:	0028a2        	l32i	a10, a8, 0
400d0f2d:	b4eb65        	call8	40085de4 <rtc_clk_freq_cal>
400d0f30:	202aa0        	or	a2, a10, a10
400d0f33:	000706        	j	400d0f53 <esp_clk_tree_lp_slow_get_freq_hz+0x3b>
400d0f36:	ffbaa5        	call8	400d0ae0 <clk_hal_lp_slow_get_freq_hz>
400d0f39:	0a2d      	mov.n	a2, a10
400d0f3b:	000506        	j	400d0f53 <esp_clk_tree_lp_slow_get_freq_hz+0x3b>
400d0f3e:	00          	.byte	00
400d0f3f:	00          	.byte	00
400d0f40:	00          	.byte	00
400d0f41:	00a4a2        	movi	a10, 0x400
400d0f44:	ffef25        	call8	400d0e38 <clk_tree_rtc_slow_calibration>
400d0f47:	b4e9e5        	call8	40085de4 <rtc_clk_freq_cal>
400d0f4a:	0a2d      	mov.n	a2, a10
400d0f4c:	0000c6        	j	400d0f53 <esp_clk_tree_lp_slow_get_freq_hz+0x3b>
400d0f4f:	00          	.byte	00
400d0f50:	00          	.byte	00
400d0f51:	020c      	movi.n	a2, 0
400d0f53:	f01d      	retw.n
400d0f55:	000000        	ill

400d0f58 <esp_clk_tree_rc_fast_get_freq_hz>:
400d0f58:	004136        	entry	a1, 32
400d0f5b:	02ad      	mov.n	a10, a2
400d0f5d:	0b1226        	beqi	a2, 1, 400d0f6c <esp_clk_tree_rc_fast_get_freq_hz+0x14>
400d0f60:	fff165        	call8	400d0e78 <esp_clk_tree_rc_fast_d256_get_freq_hz>
400d0f63:	112a80        	slli	a2, a10, 8
400d0f66:	000146        	j	400d0f6f <esp_clk_tree_rc_fast_get_freq_hz+0x17>
400d0f69:	00          	.byte	00
400d0f6a:	00          	.byte	00
400d0f6b:	00          	.byte	00
400d0f6c:	fc5521        	l32r	a2, 400d00c0 <_image_irom_vaddr+0xc0> (81b320 <CONFIG_SOC_UART_BITRATE_MAX+0x3567e0>)
400d0f6f:	f01d      	retw.n
400d0f71:	000000        	ill

400d0f74 <esp_clk_tree_lp_fast_get_freq_hz>:
400d0f74:	004136        	entry	a1, 32
400d0f77:	fc4281        	l32r	a8, 400d0080 <_image_irom_vaddr+0x80> (3ff48070 <RTCCNTL+0x70>)
400d0f7a:	0020c0        	memw
400d0f7d:	0888      	l32i.n	a8, a8, 0
400d0f7f:	059d80        	extui	a9, a8, 29, 1
400d0f82:	0678d7        	bbci	a8, 29, 400d0f8c <esp_clk_tree_lp_fast_get_freq_hz+0x18>
400d0f85:	181926        	beqi	a9, 1, 400d0fa1 <esp_clk_tree_lp_fast_get_freq_hz+0x2d>
400d0f88:	000486        	j	400d0f9e <esp_clk_tree_lp_fast_get_freq_hz+0x2a>
400d0f8b:	00          	.byte	00
400d0f8c:	ffb7e5        	call8	400d0b0c <clk_hal_xtal_get_freq_mhz>
400d0f8f:	fc3e81        	l32r	a8, 400d0088 <_image_irom_vaddr+0x88> (f4240 <procpu_iram0_len+0xbc240>)
400d0f92:	822a80        	mull	a2, a10, a8
400d0f95:	412220        	srli	a2, a2, 2
400d0f98:	000706        	j	400d0fb8 <esp_clk_tree_lp_fast_get_freq_hz+0x44>
400d0f9b:	00          	.byte	00
400d0f9c:	00          	.byte	00
400d0f9d:	00          	.byte	00
400d0f9e:	006825        	call8	400d1620 <__assert_no_args>
400d0fa1:	20a220        	or	a10, a2, a2
400d0fa4:	fffb25        	call8	400d0f58 <esp_clk_tree_rc_fast_get_freq_hz>
400d0fa7:	fc3681        	l32r	a8, 400d0080 <_image_irom_vaddr+0x80> (3ff48070 <RTCCNTL+0x70>)
400d0faa:	0020c0        	memw
400d0fad:	002882        	l32i	a8, a8, 0
400d0fb0:	248c80        	extui	a8, a8, 12, 3
400d0fb3:	881b      	addi.n	a8, a8, 1
400d0fb5:	c22a80        	quou	a2, a10, a8
400d0fb8:	f01d      	retw.n
	...

400d0fbc <esp_sleep_sub_mode_config>:
400d0fbc:	004136        	entry	a1, 32
400d0fbf:	743030        	extui	a3, a3, 0, 8
400d0fc2:	980c      	movi.n	a8, 9
400d0fc4:	613827        	bltu	a8, a2, 400d1029 <esp_sleep_sub_mode_config+0x6d>
400d0fc7:	006390        	rsil	a9, 3
400d0fca:	fc3e81        	l32r	a8, 400d00c4 <_image_irom_vaddr+0xc4> (3ffb0000 <s_config>)
400d0fcd:	e899      	s32i.n	a9, a8, 56
400d0fcf:	d38c      	beqz.n	a3, 400d0fe0 <esp_sleep_sub_mode_config+0x24>
400d0fd1:	fc3d81        	l32r	a8, 400d00c8 <_image_irom_vaddr+0xc8> (50000000 <s_sleep_sub_mode_ref_cnt>)
400d0fd4:	a08280        	addx4	a8, a2, a8
400d0fd7:	0898      	l32i.n	a9, a8, 0
400d0fd9:	991b      	addi.n	a9, a9, 1
400d0fdb:	0899      	s32i.n	a9, a8, 0
400d0fdd:	000306        	j	400d0fed <esp_sleep_sub_mode_config+0x31>
400d0fe0:	fc3a81        	l32r	a8, 400d00c8 <_image_irom_vaddr+0xc8> (50000000 <s_sleep_sub_mode_ref_cnt>)
400d0fe3:	a08280        	addx4	a8, a2, a8
400d0fe6:	0898      	l32i.n	a9, a8, 0
400d0fe8:	990b      	addi.n	a9, a9, -1
400d0fea:	006892        	s32i	a9, a8, 0
400d0fed:	fc3681        	l32r	a8, 400d00c8 <_image_irom_vaddr+0xc8> (50000000 <s_sleep_sub_mode_ref_cnt>)
400d0ff0:	a08280        	addx4	a8, a2, a8
400d0ff3:	0888      	l32i.n	a8, a8, 0
400d0ff5:	0208d6        	bgez	a8, 400d1019 <esp_sleep_sub_mode_config+0x5d>
400d0ff8:	1132e0        	slli	a3, a2, 2
400d0ffb:	fc3481        	l32r	a8, 400d00cc <_image_irom_vaddr+0xcc> (3f4008c4 <s_submode2str>)
400d0ffe:	a02280        	addx4	a2, a2, a8
400d1001:	0022c2        	l32i	a12, a2, 0
400d1004:	fc33b1        	l32r	a11, 400d00d0 <_image_irom_vaddr+0xd0> (3f400030 <_image_drom_vaddr+0x30>)
400d1007:	fc33a1        	l32r	a10, 400d00d4 <_image_irom_vaddr+0xd4> (3f4001a0 <_image_drom_vaddr+0x1a0>)
400d100a:	fc3381        	l32r	a8, 400d00d8 <_image_irom_vaddr+0xd8> (40007d54 <esp_rom_printf>)
400d100d:	0008e0        	callx8	a8
400d1010:	fc2e81        	l32r	a8, 400d00c8 <_image_irom_vaddr+0xc8> (50000000 <s_sleep_sub_mode_ref_cnt>)
400d1013:	883a      	add.n	a8, a8, a3
400d1015:	090c      	movi.n	a9, 0
400d1017:	0899      	s32i.n	a9, a8, 0
400d1019:	fc2a81        	l32r	a8, 400d00c4 <_image_irom_vaddr+0xc4> (3ffb0000 <s_config>)
400d101c:	e888      	l32i.n	a8, a8, 56
400d101e:	13e680        	wsr.ps	a8
400d1021:	002010        	rsync
400d1024:	020c      	movi.n	a2, 0
400d1026:	000086        	j	400d102c <esp_sleep_sub_mode_config+0x70>
400d1029:	02a122        	movi	a2, 0x102
400d102c:	f01d      	retw.n
	...

400d1030 <esp_sleep_sub_mode_force_disable>:
400d1030:	004136        	entry	a1, 32
400d1033:	980c      	movi.n	a8, 9
400d1035:	1b3827        	bltu	a8, a2, 400d1054 <esp_sleep_sub_mode_force_disable+0x24>
400d1038:	006390        	rsil	a9, 3
400d103b:	fc2281        	l32r	a8, 400d00c4 <_image_irom_vaddr+0xc4> (3ffb0000 <s_config>)
400d103e:	e899      	s32i.n	a9, a8, 56
400d1040:	fc2281        	l32r	a8, 400d00c8 <_image_irom_vaddr+0xc8> (50000000 <s_sleep_sub_mode_ref_cnt>)
400d1043:	a08280        	addx4	a8, a2, a8
400d1046:	020c      	movi.n	a2, 0
400d1048:	0829      	s32i.n	a2, a8, 0
400d104a:	13e690        	wsr.ps	a9
400d104d:	002010        	rsync
400d1050:	0000c6        	j	400d1057 <esp_sleep_sub_mode_force_disable+0x27>
400d1053:	00          	.byte	00
400d1054:	02a122        	movi	a2, 0x102
400d1057:	f01d      	retw.n
400d1059:	000000        	ill

400d105c <esp_sleep_sub_mode_dump_config>:
400d105c:	004136        	entry	a1, 32
400d105f:	92ec      	bnez.n	a2, 400d108c <esp_sleep_sub_mode_dump_config+0x30>
400d1061:	000b86        	j	400d1093 <esp_sleep_sub_mode_dump_config+0x37>
400d1064:	fc1a81        	l32r	a8, 400d00cc <_image_irom_vaddr+0xcc> (3f4008c4 <s_submode2str>)
400d1067:	a08780        	addx4	a8, a7, a8
400d106a:	08c8      	l32i.n	a12, a8, 0
400d106c:	fc1781        	l32r	a8, 400d00c8 <_image_irom_vaddr+0xc8> (50000000 <s_sleep_sub_mode_ref_cnt>)
400d106f:	a08780        	addx4	a8, a7, a8
400d1072:	08e8      	l32i.n	a14, a8, 0
400d1074:	4e8c      	beqz.n	a14, 400d107c <esp_sleep_sub_mode_dump_config+0x20>
400d1076:	fc19d1        	l32r	a13, 400d00dc <_image_irom_vaddr+0xdc> (3f40020c <_image_drom_vaddr+0x20c>)
400d1079:	000086        	j	400d107f <esp_sleep_sub_mode_dump_config+0x23>
400d107c:	fc19d1        	l32r	a13, 400d00e0 <_image_irom_vaddr+0xe0> (3f400214 <_image_drom_vaddr+0x214>)
400d107f:	fc19b1        	l32r	a11, 400d00e4 <_image_irom_vaddr+0xe4> (3f400220 <_image_drom_vaddr+0x220>)
400d1082:	02ad      	mov.n	a10, a2
400d1084:	01cea5        	call8	400d2d70 <fprintf>
400d1087:	771b      	addi.n	a7, a7, 1
400d1089:	000046        	j	400d108e <esp_sleep_sub_mode_dump_config+0x32>
400d108c:	070c      	movi.n	a7, 0
400d108e:	980c      	movi.n	a8, 9
400d1090:	d0b877        	bgeu	a8, a7, 400d1064 <esp_sleep_sub_mode_dump_config+0x8>
400d1093:	fc0d21        	l32r	a2, 400d00c8 <_image_irom_vaddr+0xc8> (50000000 <s_sleep_sub_mode_ref_cnt>)
400d1096:	f01d      	retw.n

400d1098 <s_get_bus_mask>:
400d1098:	004136        	entry	a1, 32
400d109b:	323a      	add.n	a3, a2, a3
400d109d:	330b      	addi.n	a3, a3, -1
400d109f:	fc1281        	l32r	a8, 400d00e8 <_image_irom_vaddr+0xe8> (407fffff <_etext+0x72c15f>)
400d10a2:	523827        	bltu	a8, a2, 400d10f8 <s_get_bus_mask+0x60>
400d10a5:	fc1181        	l32r	a8, 400d00ec <_image_irom_vaddr+0xec> (403fffff <_etext+0x32c15f>)
400d10a8:	14b827        	bgeu	a8, a2, 400d10c0 <s_get_bus_mask+0x28>
400d10ab:	fc0f81        	l32r	a8, 400d00e8 <_image_irom_vaddr+0xe8> (407fffff <_etext+0x72c15f>)
400d10ae:	04b837        	bgeu	a8, a3, 400d10b6 <s_get_bus_mask+0x1e>
400d10b1:	420c      	movi.n	a2, 4
400d10b3:	000046        	j	400d10b8 <s_get_bus_mask+0x20>
400d10b6:	020c      	movi.n	a2, 0
400d10b8:	280c      	movi.n	a8, 2
400d10ba:	202280        	or	a2, a2, a8
400d10bd:	000f86        	j	400d10ff <s_get_bus_mask+0x67>
400d10c0:	fc0c81        	l32r	a8, 400d00f0 <_image_irom_vaddr+0xf0> (400cffff <rtc_iram_org+0xffff>)
400d10c3:	25b827        	bgeu	a8, a2, 400d10ec <s_get_bus_mask+0x54>
400d10c6:	fc0981        	l32r	a8, 400d00ec <_image_irom_vaddr+0xec> (403fffff <_etext+0x32c15f>)
400d10c9:	0cb837        	bgeu	a8, a3, 400d10d9 <s_get_bus_mask+0x41>
400d10cc:	fc0781        	l32r	a8, 400d00e8 <_image_irom_vaddr+0xe8> (407fffff <_etext+0x72c15f>)
400d10cf:	0db837        	bgeu	a8, a3, 400d10e0 <s_get_bus_mask+0x48>
400d10d2:	380c      	movi.n	a8, 3
400d10d4:	420c      	movi.n	a2, 4
400d10d6:	000286        	j	400d10e4 <s_get_bus_mask+0x4c>
400d10d9:	180c      	movi.n	a8, 1
400d10db:	020c      	movi.n	a2, 0
400d10dd:	0000c6        	j	400d10e4 <s_get_bus_mask+0x4c>
400d10e0:	380c      	movi.n	a8, 3
400d10e2:	020c      	movi.n	a2, 0
400d10e4:	202280        	or	a2, a2, a8
400d10e7:	000506        	j	400d10ff <s_get_bus_mask+0x67>
400d10ea:	00          	.byte	00
400d10eb:	00          	.byte	00
400d10ec:	fc0281        	l32r	a8, 400d00f4 <_image_irom_vaddr+0xf4> (3f7fffff <_rodata_end+0x3effff>)
400d10ef:	0ab827        	bgeu	a8, a2, 400d10fd <s_get_bus_mask+0x65>
400d10f2:	021c      	movi.n	a2, 16
400d10f4:	0001c6        	j	400d10ff <s_get_bus_mask+0x67>
400d10f7:	00          	.byte	00
400d10f8:	420c      	movi.n	a2, 4
400d10fa:	000046        	j	400d10ff <s_get_bus_mask+0x67>
400d10fd:	820c      	movi.n	a2, 8
400d10ff:	f01d      	retw.n
400d1101:	000000        	ill

400d1104 <s_reserve_irom_region>:
400d1104:	004136        	entry	a1, 32
400d1107:	fbfc81        	l32r	a8, 400d00f8 <_image_irom_vaddr+0xf8> (400d3ea0 <_etext>)
400d110a:	fbfca1        	l32r	a10, 400d00fc <_image_irom_vaddr+0xfc> (400d0000 <_image_irom_vaddr>)
400d110d:	c0b8a0        	sub	a11, a8, a10
400d1110:	fbfc91        	l32r	a9, 400d0100 <_image_irom_vaddr+0x100> (1ffffff <CONFIG_SOC_GPIO_VALID_DIGITAL_IO_PAD_MASK+0x110f015>)
400d1113:	108890        	and	a8, a8, a9
400d1116:	109a90        	and	a9, a10, a9
400d1119:	c08890        	sub	a8, a8, a9
400d111c:	0518b7        	beq	a8, a11, 400d1125 <s_reserve_irom_region+0x21>
400d111f:	201110        	or	a1, a1, a1
400d1122:	004fe5        	call8	400d1620 <__assert_no_args>
400d1125:	f470a0        	extui	a7, a10, 0, 16
400d1128:	8077b0        	add	a7, a7, a11
400d112b:	fbf681        	l32r	a8, 400d0104 <_image_irom_vaddr+0x104> (ffff <_image_ram_size+0x3c3f>)
400d112e:	807780        	add	a7, a7, a8
400d1131:	f57070        	extui	a7, a7, 16, 16
400d1134:	117700        	slli	a7, a7, 16
400d1137:	20b770        	or	a11, a7, a7
400d113a:	fff5e5        	call8	400d1098 <s_get_bus_mask>
400d113d:	090c      	movi.n	a9, 0
400d113f:	000bc6        	j	400d1172 <s_reserve_irom_region+0x6e>
400d1142:	00          	.byte	00
400d1143:	00          	.byte	00
400d1144:	a08990        	addx4	a8, a9, a9
400d1147:	b08820        	addx8	a8, a8, a2
400d114a:	08b8      	l32i.n	a11, a8, 0
400d114c:	200ba7        	bnone	a11, a10, 400d1170 <s_reserve_irom_region+0x6c>
400d114f:	38b8      	l32i.n	a11, a8, 12
400d1151:	0d37b7        	bltu	a7, a11, 400d1162 <s_reserve_irom_region+0x5e>
400d1154:	28c8      	l32i.n	a12, a8, 8
400d1156:	48c9      	s32i.n	a12, a8, 16
400d1158:	0c0c      	movi.n	a12, 0
400d115a:	58c9      	s32i.n	a12, a8, 20
400d115c:	c077b0        	sub	a7, a7, a11
400d115f:	000346        	j	400d1170 <s_reserve_irom_region+0x6c>
400d1162:	48b8      	l32i.n	a11, a8, 16
400d1164:	bb7a      	add.n	a11, a11, a7
400d1166:	48b9      	s32i.n	a11, a8, 16
400d1168:	58b8      	l32i.n	a11, a8, 20
400d116a:	c0bb70        	sub	a11, a11, a7
400d116d:	0568b2        	s32i	a11, a8, 20
400d1170:	991b      	addi.n	a9, a9, 1
400d1172:	ce39a6        	blti	a9, 3, 400d1144 <s_reserve_irom_region+0x40>
400d1175:	f01d      	retw.n
	...

400d1178 <s_reserve_drom_region>:
400d1178:	004136        	entry	a1, 32
400d117b:	fbe381        	l32r	a8, 400d0108 <_image_irom_vaddr+0x108> (3f410000 <_rodata_end>)
400d117e:	fbe3a1        	l32r	a10, 400d010c <_image_irom_vaddr+0x10c> (3f400000 <_image_drom_vaddr>)
400d1181:	c0b8a0        	sub	a11, a8, a10
400d1184:	fbdf91        	l32r	a9, 400d0100 <_image_irom_vaddr+0x100> (1ffffff <CONFIG_SOC_GPIO_VALID_DIGITAL_IO_PAD_MASK+0x110f015>)
400d1187:	108890        	and	a8, a8, a9
400d118a:	109a90        	and	a9, a10, a9
400d118d:	c08890        	sub	a8, a8, a9
400d1190:	0518b7        	beq	a8, a11, 400d1199 <s_reserve_drom_region+0x21>
400d1193:	201110        	or	a1, a1, a1
400d1196:	0048a5        	call8	400d1620 <__assert_no_args>
400d1199:	f470a0        	extui	a7, a10, 0, 16
400d119c:	8077b0        	add	a7, a7, a11
400d119f:	fbd981        	l32r	a8, 400d0104 <_image_irom_vaddr+0x104> (ffff <_image_ram_size+0x3c3f>)
400d11a2:	807780        	add	a7, a7, a8
400d11a5:	f57070        	extui	a7, a7, 16, 16
400d11a8:	117700        	slli	a7, a7, 16
400d11ab:	20b770        	or	a11, a7, a7
400d11ae:	ffeea5        	call8	400d1098 <s_get_bus_mask>
400d11b1:	090c      	movi.n	a9, 0
400d11b3:	000bc6        	j	400d11e6 <s_reserve_drom_region+0x6e>
400d11b6:	00          	.byte	00
400d11b7:	00          	.byte	00
400d11b8:	a08990        	addx4	a8, a9, a9
400d11bb:	b08820        	addx8	a8, a8, a2
400d11be:	08b8      	l32i.n	a11, a8, 0
400d11c0:	200ba7        	bnone	a11, a10, 400d11e4 <s_reserve_drom_region+0x6c>
400d11c3:	38b8      	l32i.n	a11, a8, 12
400d11c5:	0d37b7        	bltu	a7, a11, 400d11d6 <s_reserve_drom_region+0x5e>
400d11c8:	28c8      	l32i.n	a12, a8, 8
400d11ca:	48c9      	s32i.n	a12, a8, 16
400d11cc:	0c0c      	movi.n	a12, 0
400d11ce:	58c9      	s32i.n	a12, a8, 20
400d11d0:	c077b0        	sub	a7, a7, a11
400d11d3:	000346        	j	400d11e4 <s_reserve_drom_region+0x6c>
400d11d6:	48b8      	l32i.n	a11, a8, 16
400d11d8:	bb7a      	add.n	a11, a11, a7
400d11da:	48b9      	s32i.n	a11, a8, 16
400d11dc:	58b8      	l32i.n	a11, a8, 20
400d11de:	c0bb70        	sub	a11, a11, a7
400d11e1:	0568b2        	s32i	a11, a8, 20
400d11e4:	991b      	addi.n	a9, a9, 1
400d11e6:	ce39a6        	blti	a9, 3, 400d11b8 <s_reserve_drom_region+0x40>
400d11e9:	f01d      	retw.n
	...

400d11ec <esp_mmu_map_init>:
400d11ec:	014136        	entry	a1, 160
400d11ef:	78a0c2        	movi	a12, 120
400d11f2:	0b0c      	movi.n	a11, 0
400d11f4:	01ad      	mov.n	a10, a1
400d11f6:	fbc981        	l32r	a8, 400d011c <_image_irom_vaddr+0x11c> (4000c44c <memset>)
400d11f9:	0008e0        	callx8	a8
400d11fc:	070c      	movi.n	a7, 0
400d11fe:	001086        	j	400d1244 <esp_mmu_map_init+0x58>
400d1201:	909770        	addx2	a9, a7, a7
400d1204:	fbc381        	l32r	a8, 400d0110 <_image_irom_vaddr+0x110> (3f4008ec <g_mmu_mem_regions>)
400d1207:	b09980        	addx8	a9, a9, a8
400d120a:	09a8      	l32i.n	a10, a9, 0
400d120c:	a08770        	addx4	a8, a7, a7
400d120f:	b08810        	addx8	a8, a8, a1
400d1212:	18a9      	s32i.n	a10, a8, 4
400d1214:	19b8      	l32i.n	a11, a9, 4
400d1216:	28b9      	s32i.n	a11, a8, 8
400d1218:	2968      	l32i.n	a6, a9, 8
400d121a:	3869      	s32i.n	a6, a8, 12
400d121c:	5869      	s32i.n	a6, a8, 20
400d121e:	48a9      	s32i.n	a10, a8, 16
400d1220:	39a8      	l32i.n	a10, a9, 12
400d1222:	08a9      	s32i.n	a10, a8, 0
400d1224:	59b8      	l32i.n	a11, a9, 20
400d1226:	68b9      	s32i.n	a11, a8, 24
400d1228:	042992        	l32i	a9, a9, 16
400d122b:	7899      	s32i.n	a9, a8, 28
400d122d:	fbbc81        	l32r	a8, 400d0120 <_image_irom_vaddr+0x120> (40002ed0 <__popcountsi2>)
400d1230:	0008e0        	callx8	a8
400d1233:	021a26        	beqi	a10, 1, 400d1239 <esp_mmu_map_init+0x4d>
400d1236:	003ea5        	call8	400d1620 <__assert_no_args>
400d1239:	f46060        	extui	a6, a6, 0, 16
400d123c:	002616        	beqz	a6, 400d1242 <esp_mmu_map_init+0x56>
400d123f:	003e25        	call8	400d1620 <__assert_no_args>
400d1242:	771b      	addi.n	a7, a7, 1
400d1244:	b937a6        	blti	a7, 3, 400d1201 <esp_mmu_map_init+0x15>
400d1247:	03a0b2        	movi	a11, 3
400d124a:	01ad      	mov.n	a10, a1
400d124c:	ffeb65        	call8	400d1104 <s_reserve_irom_region>
400d124f:	3b0c      	movi.n	a11, 3
400d1251:	01ad      	mov.n	a10, a1
400d1253:	fff265        	call8	400d1178 <s_reserve_drom_region>
400d1256:	180c      	movi.n	a8, 1
400d1258:	001d06        	j	400d12d0 <esp_mmu_map_init+0xe4>
400d125b:	00          	.byte	00
400d125c:	980b      	addi.n	a9, a8, -1
400d125e:	a0a880        	addx4	a10, a8, a8
400d1261:	b0aa10        	addx8	a10, a10, a1
400d1264:	4ab8      	l32i.n	a11, a10, 16
400d1266:	a0a990        	addx4	a10, a9, a9
400d1269:	b0aa10        	addx8	a10, a10, a1
400d126c:	2aa8      	l32i.n	a10, a10, 8
400d126e:	5c9ba7        	bne	a11, a10, 400d12ce <esp_mmu_map_init+0xe2>
400d1271:	a0a880        	addx4	a10, a8, a8
400d1274:	b0aa10        	addx8	a10, a10, a1
400d1277:	6ab8      	l32i.n	a11, a10, 24
400d1279:	a0a990        	addx4	a10, a9, a9
400d127c:	b0aa10        	addx8	a10, a10, a1
400d127f:	6aa8      	l32i.n	a10, a10, 24
400d1281:	499ba7        	bne	a11, a10, 400d12ce <esp_mmu_map_init+0xe2>
400d1284:	a0a880        	addx4	a10, a8, a8
400d1287:	b0aa10        	addx8	a10, a10, a1
400d128a:	7ab8      	l32i.n	a11, a10, 28
400d128c:	a0a990        	addx4	a10, a9, a9
400d128f:	b0aa10        	addx8	a10, a10, a1
400d1292:	7aa8      	l32i.n	a10, a10, 28
400d1294:	369ba7        	bne	a11, a10, 400d12ce <esp_mmu_map_init+0xe2>
400d1297:	a0b990        	addx4	a11, a9, a9
400d129a:	b0bb10        	addx8	a11, a11, a1
400d129d:	fa7c      	movi.n	a10, -1
400d129f:	6ba9      	s32i.n	a10, a11, 24
400d12a1:	a0a880        	addx4	a10, a8, a8
400d12a4:	b0aa10        	addx8	a10, a10, a1
400d12a7:	0ac8      	l32i.n	a12, a10, 0
400d12a9:	0bd8      	l32i.n	a13, a11, 0
400d12ab:	20ccd0        	or	a12, a12, a13
400d12ae:	0ac9      	s32i.n	a12, a10, 0
400d12b0:	1bc8      	l32i.n	a12, a11, 4
400d12b2:	1ac9      	s32i.n	a12, a10, 4
400d12b4:	3ac8      	l32i.n	a12, a10, 12
400d12b6:	3bd8      	l32i.n	a13, a11, 12
400d12b8:	ccda      	add.n	a12, a12, a13
400d12ba:	3ac9      	s32i.n	a12, a10, 12
400d12bc:	4bb8      	l32i.n	a11, a11, 16
400d12be:	4ab9      	s32i.n	a11, a10, 16
400d12c0:	5ab8      	l32i.n	a11, a10, 20
400d12c2:	a09990        	addx4	a9, a9, a9
400d12c5:	b09910        	addx8	a9, a9, a1
400d12c8:	5998      	l32i.n	a9, a9, 20
400d12ca:	9b9a      	add.n	a9, a11, a9
400d12cc:	5a99      	s32i.n	a9, a10, 20
400d12ce:	881b      	addi.n	a8, a8, 1
400d12d0:	8838a6        	blti	a8, 3, 400d125c <esp_mmu_map_init+0x70>
400d12d3:	080c      	movi.n	a8, 0
400d12d5:	086d      	mov.n	a6, a8
400d12d7:	000406        	j	400d12eb <esp_mmu_map_init+0xff>
400d12da:	00          	.byte	00
400d12db:	00          	.byte	00
400d12dc:	a09880        	addx4	a9, a8, a8
400d12df:	b09910        	addx8	a9, a9, a1
400d12e2:	6998      	l32i.n	a9, a9, 24
400d12e4:	010926        	beqi	a9, -1, 400d12e9 <esp_mmu_map_init+0xfd>
400d12e7:	661b      	addi.n	a6, a6, 1
400d12e9:	881b      	addi.n	a8, a8, 1
400d12eb:	ed38a6        	blti	a8, 3, 400d12dc <esp_mmu_map_init+0xf0>
400d12ee:	fb8981        	l32r	a8, 400d0114 <_image_irom_vaddr+0x114> (3ffb30a4 <s_mmu_ctx>)
400d12f1:	0869      	s32i.n	a6, a8, 0
400d12f3:	050c      	movi.n	a5, 0
400d12f5:	057d      	mov.n	a7, a5
400d12f7:	000a46        	j	400d1324 <esp_mmu_map_init+0x138>
400d12fa:	00          	.byte	00
400d12fb:	00          	.byte	00
400d12fc:	a08550        	addx4	a8, a5, a5
400d12ff:	b08810        	addx8	a8, a8, a1
400d1302:	6888      	l32i.n	a8, a8, 24
400d1304:	1a0826        	beqi	a8, -1, 400d1322 <esp_mmu_map_init+0x136>
400d1307:	a0a770        	addx4	a10, a7, a7
400d130a:	fb8281        	l32r	a8, 400d0114 <_image_irom_vaddr+0x114> (3ffb30a4 <s_mmu_ctx>)
400d130d:	b0aa80        	addx8	a10, a10, a8
400d1310:	a0b550        	addx4	a11, a5, a5
400d1313:	8c2c      	movi.n	a12, 40
400d1315:	b0bb10        	addx8	a11, a11, a1
400d1318:	aa4b      	addi.n	a10, a10, 4
400d131a:	fb8281        	l32r	a8, 400d0124 <_image_irom_vaddr+0x124> (4000c2c8 <memcpy>)
400d131d:	0008e0        	callx8	a8
400d1320:	771b      	addi.n	a7, a7, 1
400d1322:	551b      	addi.n	a5, a5, 1
400d1324:	d435a6        	blti	a5, 3, 400d12fc <esp_mmu_map_init+0x110>
400d1327:	090c      	movi.n	a9, 0
400d1329:	000746        	j	400d134a <esp_mmu_map_init+0x15e>
400d132c:	fb7ab1        	l32r	a11, 400d0114 <_image_irom_vaddr+0x114> (3ffb30a4 <s_mmu_ctx>)
400d132f:	a0a990        	addx4	a10, a9, a9
400d1332:	b0aab0        	addx8	a10, a10, a11
400d1335:	080c      	movi.n	a8, 0
400d1337:	9a89      	s32i.n	a8, a10, 36
400d1339:	a08990        	addx4	a8, a9, a9
400d133c:	1188d0        	slli	a8, a8, 3
400d133f:	20c882        	addi	a8, a8, 32
400d1342:	88ba      	add.n	a8, a8, a11
400d1344:	884b      	addi.n	a8, a8, 4
400d1346:	aa89      	s32i.n	a8, a10, 40
400d1348:	991b      	addi.n	a9, a9, 1
400d134a:	de3977        	bltu	a9, a7, 400d132c <esp_mmu_map_init+0x140>
400d134d:	fb72a1        	l32r	a10, 400d0118 <_image_irom_vaddr+0x118> (3ffb3120 <s_mmu_ctx+0x7c>)
400d1350:	b24565        	call8	400837a8 <z_impl_k_mutex_init>
400d1353:	021677        	beq	a6, a7, 400d1359 <esp_mmu_map_init+0x16d>
400d1356:	002ca5        	call8	400d1620 <__assert_no_args>
400d1359:	f01d      	retw.n
	...

400d135c <esp_rom_set_cpu_ticks_per_us>:
400d135c:	004136        	entry	a1, 32
400d135f:	fb7281        	l32r	a8, 400d0128 <_image_irom_vaddr+0x128> (3ffe01e0 <g_ticks_per_us_pro>)
400d1362:	0829      	s32i.n	a2, a8, 0
400d1364:	f01d      	retw.n
	...

400d1368 <esp_rtc_init>:
400d1368:	004136        	entry	a1, 32
400d136b:	fb7081        	l32r	a8, 400d012c <_image_irom_vaddr+0x12c> (3ffb15f8 <_loader_data_start>)
400d136e:	08a8      	l32i.n	a10, a8, 0
400d1370:	b42165        	call8	40085588 <rtc_init>
400d1373:	f01d      	retw.n
400d1375:	000000        	ill

400d1378 <esp_perip_clk_init>:
400d1378:	004136        	entry	a1, 32
400d137b:	00a0a2        	movi	a10, 0
400d137e:	fb7781        	l32r	a8, 400d015c <_image_irom_vaddr+0x15c> (400081d4 <esp_rom_get_reset_reason>)
400d1381:	0008e0        	callx8	a8
400d1384:	f5caa2        	addi	a10, a10, -11
400d1387:	2a3af6        	bgeui	a10, 3, 400d13b5 <esp_perip_clk_init+0x3d>
400d138a:	fb6b81        	l32r	a8, 400d0138 <_image_irom_vaddr+0x138> (3ff000c0 <_rodata_end+0xaf00c0>)
400d138d:	0020c0        	memw
400d1390:	0898      	l32i.n	a9, a8, 0
400d1392:	f87c      	movi.n	a8, -1
400d1394:	309980        	xor	a9, a9, a8
400d1397:	fb6981        	l32r	a8, 400d013c <_image_irom_vaddr+0x13c> (3ff0001c <_rodata_end+0xaf001c>)
400d139a:	0020c0        	memw
400d139d:	08b8      	l32i.n	a11, a8, 0
400d139f:	f87c      	movi.n	a8, -1
400d13a1:	30bb80        	xor	a11, a11, a8
400d13a4:	fb6781        	l32r	a8, 400d0140 <_image_irom_vaddr+0x140> (3ff000cc <_rodata_end+0xaf00cc>)
400d13a7:	0020c0        	memw
400d13aa:	0888      	l32i.n	a8, a8, 0
400d13ac:	fc7c      	movi.n	a12, -1
400d13ae:	30a8c0        	xor	a10, a8, a12
400d13b1:	000246        	j	400d13be <esp_perip_clk_init+0x46>
400d13b4:	00          	.byte	00
400d13b5:	fb5ea1        	l32r	a10, 400d0130 <_image_irom_vaddr+0x130> (37c36 <procpu_dram0_len+0x7c36>)
400d13b8:	0fa0b2        	movi	a11, 15
400d13bb:	fb5e91        	l32r	a9, 400d0134 <_image_irom_vaddr+0x134> (61a8c08 <CONFIG_XTAL_FREQ_HZ+0x3b83208>)
400d13be:	fdaf82        	movi	a8, -3
400d13c1:	109980        	and	a9, a9, a8
400d13c4:	fb6081        	l32r	a8, 400d0144 <_image_irom_vaddr+0x144> (e513f0 <procpu_irom_len+0x3213f0>)
400d13c7:	208980        	or	a8, a9, a8
400d13ca:	fb5fc1        	l32r	a12, 400d0148 <_image_irom_vaddr+0x148> (3ff4f0ac <SENS+0x68ac>)
400d13cd:	0020c0        	memw
400d13d0:	002c92        	l32i	a9, a12, 0
400d13d3:	fb5ed1        	l32r	a13, 400d014c <_image_irom_vaddr+0x14c> (200000 <CONFIG_SOC_ADC_SAMPLE_FREQ_THRES_HIGH+0x17b80>)
400d13d6:	2099d0        	or	a9, a9, a13
400d13d9:	0020c0        	memw
400d13dc:	0c99      	s32i.n	a9, a12, 0
400d13de:	fb5cc1        	l32r	a12, 400d0150 <_image_irom_vaddr+0x150> (3ff6d0ac <SPI3+0x80ac>)
400d13e1:	0020c0        	memw
400d13e4:	0c98      	l32i.n	a9, a12, 0
400d13e6:	2099d0        	or	a9, a9, a13
400d13e9:	0020c0        	memw
400d13ec:	0c99      	s32i.n	a9, a12, 0
400d13ee:	fb52c1        	l32r	a12, 400d0138 <_image_irom_vaddr+0x138> (3ff000c0 <_rodata_end+0xaf00c0>)
400d13f1:	0020c0        	memw
400d13f4:	0cd8      	l32i.n	a13, a12, 0
400d13f6:	1098d0        	and	a9, a8, a13
400d13f9:	3099d0        	xor	a9, a9, a13
400d13fc:	0020c0        	memw
400d13ff:	0c99      	s32i.n	a9, a12, 0
400d1401:	fb54c1        	l32r	a12, 400d0154 <_image_irom_vaddr+0x154> (3ff000c4 <_rodata_end+0xaf00c4>)
400d1404:	0020c0        	memw
400d1407:	0c98      	l32i.n	a9, a12, 0
400d1409:	208980        	or	a8, a9, a8
400d140c:	0020c0        	memw
400d140f:	0c89      	s32i.n	a8, a12, 0
400d1411:	fb4a91        	l32r	a9, 400d013c <_image_irom_vaddr+0x13c> (3ff0001c <_rodata_end+0xaf001c>)
400d1414:	0020c0        	memw
400d1417:	09c8      	l32i.n	a12, a9, 0
400d1419:	108bc0        	and	a8, a11, a12
400d141c:	3088c0        	xor	a8, a8, a12
400d141f:	0020c0        	memw
400d1422:	0989      	s32i.n	a8, a9, 0
400d1424:	fb4d91        	l32r	a9, 400d0158 <_image_irom_vaddr+0x158> (3ff00020 <_rodata_end+0xaf0020>)
400d1427:	0020c0        	memw
400d142a:	0988      	l32i.n	a8, a9, 0
400d142c:	2088b0        	or	a8, a8, a11
400d142f:	0020c0        	memw
400d1432:	0989      	s32i.n	a8, a9, 0
400d1434:	fb4391        	l32r	a9, 400d0140 <_image_irom_vaddr+0x140> (3ff000cc <_rodata_end+0xaf00cc>)
400d1437:	0020c0        	memw
400d143a:	09b8      	l32i.n	a11, a9, 0
400d143c:	108ab0        	and	a8, a10, a11
400d143f:	3088b0        	xor	a8, a8, a11
400d1442:	0020c0        	memw
400d1445:	0989      	s32i.n	a8, a9, 0
400d1447:	9a0c      	movi.n	a10, 9
400d1449:	b6f6e5        	call8	400883b8 <periph_module_enable>
400d144c:	f01d      	retw.n
	...

400d1450 <get_reset_reason>:
400d1450:	004136        	entry	a1, 32
400d1453:	880c      	movi.n	a8, 8
400d1455:	333827        	bltu	a8, a2, 400d148c <get_reset_reason+0x3c>
400d1458:	a2dc      	bnez.n	a2, 400d1476 <get_reset_reason+0x26>
400d145a:	002286        	j	400d14e8 <get_reset_reason+0x98>
400d145d:	180c      	movi.n	a8, 1
400d145f:	401200        	ssl	a2
400d1462:	a18800        	sll	a8, a8
400d1465:	fb3e91        	l32r	a9, 400d0160 <_image_irom_vaddr+0x160> (12a00 <CONFIG_MMU_PAGE_SIZE+0x2a00>)
400d1468:	618897        	bany	a8, a9, 400d14cd <get_reset_reason+0x7d>
400d146b:	63e8f7        	bbsi	a8, 15, 400d14d2 <get_reset_reason+0x82>
400d146e:	2ae8c7        	bbsi	a8, 12, 400d149c <get_reset_reason+0x4c>
400d1471:	020c      	movi.n	a2, 0
400d1473:	001c46        	j	400d14e8 <get_reset_reason+0x98>
400d1476:	880c      	movi.n	a8, 8
400d1478:	0a3827        	bltu	a8, a2, 400d1486 <get_reset_reason+0x36>
400d147b:	fb3a81        	l32r	a8, 400d0164 <_image_irom_vaddr+0x164> (3f400934 <g_mmu_mem_regions+0x48>)
400d147e:	a08280        	addx4	a8, a2, a8
400d1481:	0888      	l32i.n	a8, a8, 0
400d1483:	0008a0        	jx	a8
400d1486:	020c      	movi.n	a2, 0
400d1488:	001706        	j	400d14e8 <get_reset_reason+0x98>
400d148b:	00          	.byte	00
400d148c:	081c      	movi.n	a8, 16
400d148e:	4a3827        	bltu	a8, a2, 400d14dc <get_reset_reason+0x8c>
400d1491:	980c      	movi.n	a8, 9
400d1493:	c6b287        	bgeu	a2, a8, 400d145d <get_reset_reason+0xd>
400d1496:	020c      	movi.n	a2, 0
400d1498:	001306        	j	400d14e8 <get_reset_reason+0x98>
400d149b:	00          	.byte	00
400d149c:	fcc382        	addi	a8, a3, -4
400d149f:	40f880        	nsau	a8, a8
400d14a2:	418580        	srli	a8, a8, 5
400d14a5:	f7c392        	addi	a9, a3, -9
400d14a8:	40f990        	nsau	a9, a9
400d14ab:	419590        	srli	a9, a9, 5
400d14ae:	208890        	or	a8, a8, a9
400d14b1:	c8ec      	bnez.n	a8, 400d14e1 <get_reset_reason+0x91>
400d14b3:	fbc382        	addi	a8, a3, -5
400d14b6:	2c28b6        	bltui	a8, 2, 400d14e6 <get_reset_reason+0x96>
400d14b9:	320c      	movi.n	a2, 3
400d14bb:	000a46        	j	400d14e8 <get_reset_reason+0x98>
400d14be:	620c      	movi.n	a2, 6
400d14c0:	000906        	j	400d14e8 <get_reset_reason+0x98>
400d14c3:	520c      	movi.n	a2, 5
400d14c5:	0007c6        	j	400d14e8 <get_reset_reason+0x98>
400d14c8:	a20c      	movi.n	a2, 10
400d14ca:	000686        	j	400d14e8 <get_reset_reason+0x98>
400d14cd:	720c      	movi.n	a2, 7
400d14cf:	000546        	j	400d14e8 <get_reset_reason+0x98>
400d14d2:	920c      	movi.n	a2, 9
400d14d4:	000406        	j	400d14e8 <get_reset_reason+0x98>
400d14d7:	820c      	movi.n	a2, 8
400d14d9:	0002c6        	j	400d14e8 <get_reset_reason+0x98>
400d14dc:	020c      	movi.n	a2, 0
400d14de:	000186        	j	400d14e8 <get_reset_reason+0x98>
400d14e1:	032d      	mov.n	a2, a3
400d14e3:	000046        	j	400d14e8 <get_reset_reason+0x98>
400d14e6:	032d      	mov.n	a2, a3
400d14e8:	f01d      	retw.n
	...

400d14ec <esp_reset_reason_clear_hint>:
400d14ec:	004136        	entry	a1, 32
400d14ef:	fb1e81        	l32r	a8, 400d0168 <_image_irom_vaddr+0x168> (3ff480b8 <RTCCNTL+0xb8>)
400d14f2:	090c      	movi.n	a9, 0
400d14f4:	0020c0        	memw
400d14f7:	0899      	s32i.n	a9, a8, 0
400d14f9:	f01d      	retw.n
	...

400d14fc <esp_reset_reason_get_hint>:
400d14fc:	004136        	entry	a1, 32
400d14ff:	fb1a81        	l32r	a8, 400d0168 <_image_irom_vaddr+0x168> (3ff480b8 <RTCCNTL+0xb8>)
400d1502:	0020c0        	memw
400d1505:	0888      	l32i.n	a8, a8, 0
400d1507:	e59080        	extui	a9, a8, 16, 15
400d150a:	e42080        	extui	a2, a8, 0, 15
400d150d:	318f80        	srai	a8, a8, 31
400d1510:	881b      	addi.n	a8, a8, 1
400d1512:	c09920        	sub	a9, a9, a2
400d1515:	1a0c      	movi.n	a10, 1
400d1517:	83a990        	moveqz	a10, a9, a9
400d151a:	2088a0        	or	a8, a8, a10
400d151d:	088c      	beqz.n	a8, 400d1521 <esp_reset_reason_get_hint+0x25>
400d151f:	020c      	movi.n	a2, 0
400d1521:	f01d      	retw.n
	...

400d1524 <esp_reset_reason_init>:
400d1524:	004136        	entry	a1, 32
400d1527:	fffd65        	call8	400d14fc <esp_reset_reason_get_hint>
400d152a:	207aa0        	or	a7, a10, a10
400d152d:	00a0a2        	movi	a10, 0
400d1530:	fb0b81        	l32r	a8, 400d015c <_image_irom_vaddr+0x15c> (400081d4 <esp_rom_get_reset_reason>)
400d1533:	0008e0        	callx8	a8
400d1536:	07bd      	mov.n	a11, a7
400d1538:	fff165        	call8	400d1450 <get_reset_reason>
400d153b:	fb0c81        	l32r	a8, 400d016c <_image_irom_vaddr+0x16c> (3ffb3134 <s_reset_reason>)
400d153e:	08a9      	s32i.n	a10, a8, 0
400d1540:	178c      	beqz.n	a7, 400d1545 <esp_reset_reason_init+0x21>
400d1542:	fffaa5        	call8	400d14ec <esp_reset_reason_clear_hint>
400d1545:	f01d      	retw.n
	...

400d1548 <esp_timer_impl_early_init>:
400d1548:	004136        	entry	a1, 32
400d154b:	170c      	movi.n	a7, 1
400d154d:	001106        	j	400d1595 <esp_timer_impl_early_init+0x4d>
400d1550:	00          	.byte	00
400d1551:	faf9a1        	l32r	a10, 400d0138 <_image_irom_vaddr+0x138> (3ff000c0 <_rodata_end+0xaf00c0>)
400d1554:	0020c0        	memw
400d1557:	002a82        	l32i	a8, a10, 0
400d155a:	fb0591        	l32r	a9, 400d0170 <_image_irom_vaddr+0x170> (2000 <rtc_data_len>)
400d155d:	208890        	or	a8, a8, a9
400d1560:	0020c0        	memw
400d1563:	006a82        	s32i	a8, a10, 0
400d1566:	fafb81        	l32r	a8, 400d0154 <_image_irom_vaddr+0x154> (3ff000c4 <_rodata_end+0xaf00c4>)
400d1569:	0020c0        	memw
400d156c:	0899      	s32i.n	a9, a8, 0
400d156e:	090c      	movi.n	a9, 0
400d1570:	0020c0        	memw
400d1573:	0899      	s32i.n	a9, a8, 0
400d1575:	faff91        	l32r	a9, 400d0174 <_image_irom_vaddr+0x174> (3ff5f000 <TIMERG0>)
400d1578:	0020c0        	memw
400d157b:	122982        	l32i	a8, a9, 72
400d157e:	fafea1        	l32r	a10, 400d0178 <_image_irom_vaddr+0x178> (ffffbfff <_rtc_force_slow_end+0xafffbfd7>)
400d1581:	1088a0        	and	a8, a8, a10
400d1584:	0020c0        	memw
400d1587:	126982        	s32i	a8, a9, 72
400d158a:	03a0a2        	movi	a10, 3
400d158d:	b6e125        	call8	400883a0 <periph_rcc_acquire_exit>
400d1590:	770b      	addi.n	a7, a7, -1
400d1592:	747070        	extui	a7, a7, 0, 8
400d1595:	b78c      	beqz.n	a7, 400d15a4 <esp_timer_impl_early_init+0x5c>
400d1597:	3a0c      	movi.n	a10, 3
400d1599:	b6df65        	call8	40088390 <periph_rcc_acquire_enter>
400d159c:	0abd      	mov.n	a11, a10
400d159e:	fafa16        	beqz	a10, 400d1551 <esp_timer_impl_early_init+0x9>
400d15a1:	fff946        	j	400d158a <esp_timer_impl_early_init+0x42>
400d15a4:	faf681        	l32r	a8, 400d017c <_image_irom_vaddr+0x17c> (3ff5f070 <TIMERG0+0x70>)
400d15a7:	020c      	movi.n	a2, 0
400d15a9:	0020c0        	memw
400d15ac:	0829      	s32i.n	a2, a8, 0
400d15ae:	faf491        	l32r	a9, 400d0180 <_image_irom_vaddr+0x180> (3ff5f08c <TIMERG0+0x8c>)
400d15b1:	0020c0        	memw
400d15b4:	0929      	s32i.n	a2, a9, 0
400d15b6:	faf391        	l32r	a9, 400d0184 <_image_irom_vaddr+0x184> (3ff5f090 <TIMERG0+0x90>)
400d15b9:	0020c0        	memw
400d15bc:	0929      	s32i.n	a2, a9, 0
400d15be:	f97c      	movi.n	a9, -1
400d15c0:	faf2a1        	l32r	a10, 400d0188 <_image_irom_vaddr+0x188> (3ff5f084 <TIMERG0+0x84>)
400d15c3:	0020c0        	memw
400d15c6:	0a99      	s32i.n	a9, a10, 0
400d15c8:	faf1a1        	l32r	a10, 400d018c <_image_irom_vaddr+0x18c> (3ff5f088 <TIMERG0+0x88>)
400d15cb:	0020c0        	memw
400d15ce:	0a99      	s32i.n	a9, a10, 0
400d15d0:	faf091        	l32r	a9, 400d0190 <_image_irom_vaddr+0x190> (3ff5f094 <TIMERG0+0x94>)
400d15d3:	1a0c      	movi.n	a10, 1
400d15d5:	0020c0        	memw
400d15d8:	09a9      	s32i.n	a10, a9, 0
400d15da:	faeea1        	l32r	a10, 400d0194 <_image_irom_vaddr+0x194> (3ff5f0a4 <TIMERG0+0xa4>)
400d15dd:	0020c0        	memw
400d15e0:	0a98      	l32i.n	a9, a10, 0
400d15e2:	8b0c      	movi.n	a11, 8
400d15e4:	2099b0        	or	a9, a9, a11
400d15e7:	0020c0        	memw
400d15ea:	0a99      	s32i.n	a9, a10, 0
400d15ec:	0020c0        	memw
400d15ef:	0898      	l32i.n	a9, a8, 0
400d15f1:	fae9a1        	l32r	a10, 400d0198 <_image_irom_vaddr+0x198> (e0001fff <_rtc_force_slow_end+0x90001fd7>)
400d15f4:	1099a0        	and	a9, a9, a10
400d15f7:	fae9a1        	l32r	a10, 400d019c <_image_irom_vaddr+0x19c> (50000 <procpu_iram0_len+0x18000>)
400d15fa:	2099a0        	or	a9, a9, a10
400d15fd:	0020c0        	memw
400d1600:	0899      	s32i.n	a9, a8, 0
400d1602:	0020c0        	memw
400d1605:	0898      	l32i.n	a9, a8, 0
400d1607:	fae6a1        	l32r	a10, 400d01a0 <_image_irom_vaddr+0x1a0> (c0000800 <_rtc_force_slow_end+0x700007d8>)
400d160a:	2099a0        	or	a9, a9, a10
400d160d:	0020c0        	memw
400d1610:	0899      	s32i.n	a9, a8, 0
400d1612:	f01d      	retw.n

400d1614 <esp_timer_early_init>:
400d1614:	004136        	entry	a1, 32
400d1617:	fff325        	call8	400d1548 <esp_timer_impl_early_init>
400d161a:	020c      	movi.n	a2, 0
400d161c:	f01d      	retw.n
	...

400d1620 <__assert_no_args>:
400d1620:	004136        	entry	a1, 32
400d1623:	000465        	call8	400d1668 <abort>
	...

400d1628 <z_impl_zephyr_fputc>:
400d1628:	004136        	entry	a1, 32
400d162b:	02ad      	mov.n	a10, a2
400d162d:	fadd81        	l32r	a8, 400d01a4 <_image_irom_vaddr+0x1a4> (3ffb314c <_stdout_hook>)
400d1630:	0888      	l32i.n	a8, a8, 0
400d1632:	0008e0        	callx8	a8
400d1635:	020c      	movi.n	a2, 0
400d1637:	f01d      	retw.n
400d1639:	000000        	ill

400d163c <picolibc_put>:
400d163c:	004136        	entry	a1, 32
400d163f:	20b330        	or	a11, a3, a3
400d1642:	74a020        	extui	a10, a2, 0, 8
400d1645:	fffe25        	call8	400d1628 <z_impl_zephyr_fputc>
400d1648:	00a022        	movi	a2, 0
400d164b:	000090        	retw
	...

400d1650 <__stdout_hook_install>:
400d1650:	004136        	entry	a1, 32
400d1653:	fad481        	l32r	a8, 400d01a4 <_image_irom_vaddr+0x1a4> (3ffb314c <_stdout_hook>)
400d1656:	0829      	s32i.n	a2, a8, 0
400d1658:	fad491        	l32r	a9, 400d01a8 <_image_irom_vaddr+0x1a8> (3ffb00bc <__stdout>)
400d165b:	020982        	l8ui	a8, a9, 2
400d165e:	2a0c      	movi.n	a10, 2
400d1660:	2088a0        	or	a8, a8, a10
400d1663:	024982        	s8i	a8, a9, 2
400d1666:	f01d      	retw.n

400d1668 <abort>:
400d1668:	004136        	entry	a1, 32
400d166b:	fad0a1        	l32r	a10, 400d01ac <_image_irom_vaddr+0x1ac> (3f400234 <_image_drom_vaddr+0x234>)
400d166e:	b234e5        	call8	400839bc <printk>
400d1671:	4a0c      	movi.n	a10, 4
400d1673:	b091e5        	call8	40081f90 <xtensa_arch_except>
	...

400d1678 <malloc_prepare>:
400d1678:	004136        	entry	a1, 32
400d167b:	f8afc2        	movi	a12, -8
400d167e:	faceb1        	l32r	a11, 400d01b8 <_image_irom_vaddr+0x1b8> (3ffb31c7 <__bss_end+0x7>)
400d1681:	10bbc0        	and	a11, a11, a12
400d1684:	facb81        	l32r	a8, 400d01b0 <_image_irom_vaddr+0x1b0> (3ffe0000 <CONFIG_SRAM_BASE_ADDRESS>)
400d1687:	c088b0        	sub	a8, a8, a11
400d168a:	10c8c0        	and	a12, a8, a12
400d168d:	fac9a1        	l32r	a10, 400d01b4 <_image_irom_vaddr+0x1b4> (3ffb3150 <z_malloc_heap>)
400d1690:	fee325        	call8	400d04c4 <sys_heap_init>
400d1693:	00a022        	movi	a2, 0
400d1696:	000090        	retw
400d1699:	000000        	ill

400d169c <insert_vector_desc>:
400d169c:	004136        	entry	a1, 32
400d169f:	fac781        	l32r	a8, 400d01bc <_image_irom_vaddr+0x1bc> (3ffb3168 <vector_desc_head>)
400d16a2:	08c8      	l32i.n	a12, a8, 0
400d16a4:	0c8d      	mov.n	a8, a12
400d16a6:	0b0c      	movi.n	a11, 0
400d16a8:	000a46        	j	400d16d5 <insert_vector_desc+0x39>
400d16ab:	00          	.byte	00
400d16ac:	0898      	l32i.n	a9, a8, 0
400d16ae:	059090        	extui	a9, a9, 16, 1
400d16b1:	02a8      	l32i.n	a10, a2, 0
400d16b3:	05a0a0        	extui	a10, a10, 16, 1
400d16b6:	1e3a97        	bltu	a10, a9, 400d16d8 <insert_vector_desc+0x3c>
400d16b9:	0898      	l32i.n	a9, a8, 0
400d16bb:	02a8      	l32i.n	a10, a2, 0
400d16bd:	3099a0        	xor	a9, a9, a10
400d16c0:	0df907        	bbsi	a9, 16, 400d16d1 <insert_vector_desc+0x35>
400d16c3:	08a8      	l32i.n	a10, a8, 0
400d16c5:	45a1a0        	extui	a10, a10, 17, 5
400d16c8:	002292        	l32i	a9, a2, 0
400d16cb:	459190        	extui	a9, a9, 17, 5
400d16ce:	06ba97        	bgeu	a10, a9, 400d16d8 <insert_vector_desc+0x3c>
400d16d1:	08bd      	mov.n	a11, a8
400d16d3:	2888      	l32i.n	a8, a8, 8
400d16d5:	fd3856        	bnez	a8, 400d16ac <insert_vector_desc+0x10>
400d16d8:	0c8c      	beqz.n	a12, 400d16dc <insert_vector_desc+0x40>
400d16da:	8bcc      	bnez.n	a11, 400d16e6 <insert_vector_desc+0x4a>
400d16dc:	2289      	s32i.n	a8, a2, 8
400d16de:	fab781        	l32r	a8, 400d01bc <_image_irom_vaddr+0x1bc> (3ffb3168 <vector_desc_head>)
400d16e1:	0829      	s32i.n	a2, a8, 0
400d16e3:	0000c6        	j	400d16ea <insert_vector_desc+0x4e>
400d16e6:	2b29      	s32i.n	a2, a11, 8
400d16e8:	2289      	s32i.n	a8, a2, 8
400d16ea:	f01d      	retw.n

400d16ec <find_desc_for_int>:
400d16ec:	004136        	entry	a1, 32
400d16ef:	029d      	mov.n	a9, a2
400d16f1:	fab281        	l32r	a8, 400d01bc <_image_irom_vaddr+0x1bc> (3ffb3168 <vector_desc_head>)
400d16f4:	0828      	l32i.n	a2, a8, 0
400d16f6:	000446        	j	400d170b <find_desc_for_int+0x1f>
400d16f9:	0288      	l32i.n	a8, a2, 0
400d16fb:	058080        	extui	a8, a8, 16, 1
400d16fe:	079837        	bne	a8, a3, 400d1709 <find_desc_for_int+0x1d>
400d1701:	0288      	l32i.n	a8, a2, 0
400d1703:	458180        	extui	a8, a8, 17, 5
400d1706:	041897        	beq	a8, a9, 400d170e <find_desc_for_int+0x22>
400d1709:	2228      	l32i.n	a2, a2, 8
400d170b:	fea256        	bnez	a2, 400d16f9 <find_desc_for_int+0xd>
400d170e:	f01d      	retw.n

400d1710 <intr_has_handler>:
400d1710:	004136        	entry	a1, 32
400d1713:	223a      	add.n	a2, a2, a3
400d1715:	faaa81        	l32r	a8, 400d01c0 <_image_irom_vaddr+0x1c0> (3ffb1d04 <_sw_isr_table>)
400d1718:	b02280        	addx8	a2, a2, a8
400d171b:	1228      	l32i.n	a2, a2, 4
400d171d:	faa981        	l32r	a8, 400d01c4 <_image_irom_vaddr+0x1c4> (400820dc <z_irq_spurious>)
400d1720:	c02280        	sub	a2, a2, a8
400d1723:	180c      	movi.n	a8, 1
400d1725:	932820        	movnez	a2, a8, a2
400d1728:	f01d      	retw.n
	...

400d172c <get_desc_for_int>:
400d172c:	004136        	entry	a1, 32
400d172f:	027d      	mov.n	a7, a2
400d1731:	03bd      	mov.n	a11, a3
400d1733:	02ad      	mov.n	a10, a2
400d1735:	fffb65        	call8	400d16ec <find_desc_for_int>
400d1738:	202aa0        	or	a2, a10, a10
400d173b:	03da56        	bnez	a10, 400d177c <get_desc_for_int+0x50>
400d173e:	ca0c      	movi.n	a10, 12
400d1740:	b1f5e5        	call8	400836a0 <k_malloc>
400d1743:	0a2d      	mov.n	a2, a10
400d1745:	3abc      	beqz.n	a10, 400d177c <get_desc_for_int+0x50>
400d1747:	0ca0c2        	movi	a12, 12
400d174a:	00a0b2        	movi	a11, 0
400d174d:	fa7381        	l32r	a8, 400d011c <_image_irom_vaddr+0x11c> (4000c44c <memset>)
400d1750:	0008e0        	callx8	a8
400d1753:	447070        	extui	a7, a7, 0, 5
400d1756:	0177f0        	slli	a7, a7, 17
400d1759:	0288      	l32i.n	a8, a2, 0
400d175b:	fa9b91        	l32r	a9, 400d01c8 <_image_irom_vaddr+0x1c8> (ffc1ffff <_rtc_force_slow_end+0xafc1ffd7>)
400d175e:	108890        	and	a8, a8, a9
400d1761:	208870        	or	a8, a8, a7
400d1764:	0289      	s32i.n	a8, a2, 0
400d1766:	043030        	extui	a3, a3, 0, 1
400d1769:	113300        	slli	a3, a3, 16
400d176c:	fa2e91        	l32r	a9, 400d0024 <_image_irom_vaddr+0x24> (fffeffff <_rtc_force_slow_end+0xaffeffd7>)
400d176f:	108890        	and	a8, a8, a9
400d1772:	208830        	or	a8, a8, a3
400d1775:	0289      	s32i.n	a8, a2, 0
400d1777:	02ad      	mov.n	a10, a2
400d1779:	fff225        	call8	400d169c <insert_vector_desc>
400d177c:	f01d      	retw.n
	...

400d1780 <find_desc_for_source>:
400d1780:	004136        	entry	a1, 32
400d1783:	02ad      	mov.n	a10, a2
400d1785:	fa8d81        	l32r	a8, 400d01bc <_image_irom_vaddr+0x1bc> (3ffb3168 <vector_desc_head>)
400d1788:	0828      	l32i.n	a2, a8, 0
400d178a:	0014c6        	j	400d17e1 <find_desc_for_source+0x61>
400d178d:	009282        	l16si	a8, a2, 0
400d1790:	490c      	movi.n	a9, 4
400d1792:	108890        	and	a8, a8, a9
400d1795:	238880        	sext	a8, a8, 15
400d1798:	48dc      	bnez.n	a8, 400d17b0 <find_desc_for_source+0x30>
400d179a:	0288      	l32i.n	a8, a2, 0
400d179c:	1188e0        	slli	a8, a8, 2
400d179f:	318880        	srai	a8, a8, 24
400d17a2:	3898a7        	bne	a8, a10, 400d17de <find_desc_for_source+0x5e>
400d17a5:	0288      	l32i.n	a8, a2, 0
400d17a7:	058080        	extui	a8, a8, 16, 1
400d17aa:	309837        	bne	a8, a3, 400d17de <find_desc_for_source+0x5e>
400d17ad:	000cc6        	j	400d17e4 <find_desc_for_source+0x64>
400d17b0:	002282        	l32i	a8, a2, 0
400d17b3:	058080        	extui	a8, a8, 16, 1
400d17b6:	249837        	bne	a8, a3, 400d17de <find_desc_for_source+0x5e>
400d17b9:	012292        	l32i	a9, a2, 4
400d17bc:	012956        	bnez	a9, 400d17d2 <find_desc_for_source+0x52>
400d17bf:	ffe625        	call8	400d1620 <__assert_no_args>
400d17c2:	0988      	l32i.n	a8, a9, 0
400d17c4:	118890        	slli	a8, a8, 7
400d17c7:	238880        	sext	a8, a8, 15
400d17ca:	218880        	srai	a8, a8, 8
400d17cd:	0918a7        	beq	a8, a10, 400d17da <find_desc_for_source+0x5a>
400d17d0:	5998      	l32i.n	a9, a9, 20
400d17d2:	fec956        	bnez	a9, 400d17c2 <find_desc_for_source+0x42>
400d17d5:	080c      	movi.n	a8, 0
400d17d7:	000046        	j	400d17dc <find_desc_for_source+0x5c>
400d17da:	180c      	movi.n	a8, 1
400d17dc:	48cc      	bnez.n	a8, 400d17e4 <find_desc_for_source+0x64>
400d17de:	022222        	l32i	a2, a2, 8
400d17e1:	fa8256        	bnez	a2, 400d178d <find_desc_for_source+0xd>
400d17e4:	f01d      	retw.n
	...

400d17e8 <is_vect_desc_usable>:
400d17e8:	006136        	entry	a1, 48
400d17eb:	0278      	l32i.n	a7, a2, 0
400d17ed:	457170        	extui	a7, a7, 17, 5
400d17f0:	01cd      	mov.n	a12, a1
400d17f2:	07bd      	mov.n	a11, a7
400d17f4:	04ad      	mov.n	a10, a4
400d17f6:	ff5ee5        	call8	400d0de4 <esp_cpu_intr_get_desc>
400d17f9:	2188      	l32i.n	a8, a1, 8
400d17fb:	6ae817        	bbsi	a8, 1, 400d1869 <is_vect_desc_usable+0x81>
400d17fe:	026807        	bbci	a8, 0, 400d1804 <is_vect_desc_usable+0x1c>
400d1801:	690526        	beqi	a5, -1, 400d186e <is_vect_desc_usable+0x86>
400d1804:	0188      	l32i.n	a8, a1, 0
400d1806:	6a5387        	bbc	a3, a8, 400d1874 <is_vect_desc_usable+0x8c>
400d1809:	076397        	bbci	a3, 9, 400d1814 <is_vect_desc_usable+0x2c>
400d180c:	1188      	l32i.n	a8, a1, 4
400d180e:	78cc      	bnez.n	a8, 400d1819 <is_vect_desc_usable+0x31>
400d1810:	001946        	j	400d1879 <is_vect_desc_usable+0x91>
400d1813:	00          	.byte	00
400d1814:	1188      	l32i.n	a8, a1, 4
400d1816:	641826        	beqi	a8, 1, 400d187e <is_vect_desc_usable+0x96>
400d1819:	009292        	l16si	a9, a2, 0
400d181c:	64e907        	bbsi	a9, 0, 400d1884 <is_vect_desc_usable+0x9c>
400d181f:	04a082        	movi	a8, 4
400d1822:	108980        	and	a8, a9, a8
400d1825:	238880        	sext	a8, a8, 15
400d1828:	00d816        	beqz	a8, 400d1839 <is_vect_desc_usable+0x51>
400d182b:	08a0a2        	movi	a10, 8
400d182e:	10a9a0        	and	a10, a9, a10
400d1831:	23aa80        	sext	a10, a10, 15
400d1834:	1a8c      	beqz.n	a10, 400d1839 <is_vect_desc_usable+0x51>
400d1836:	ffdea5        	call8	400d1620 <__assert_no_args>
400d1839:	8a0c      	movi.n	a10, 8
400d183b:	10a9a0        	and	a10, a9, a10
400d183e:	23aa80        	sext	a10, a10, 15
400d1841:	044a56        	bnez	a10, 400d1889 <is_vect_desc_usable+0xa1>
400d1844:	089c      	beqz.n	a8, 400d1858 <is_vect_desc_usable+0x70>
400d1846:	446387        	bbci	a3, 8, 400d188e <is_vect_desc_usable+0xa6>
400d1849:	043a30        	extui	a3, a3, 10, 1
400d184c:	049190        	extui	a9, a9, 1, 1
400d184f:	419397        	bne	a3, a9, 400d1894 <is_vect_desc_usable+0xac>
400d1852:	120c      	movi.n	a2, 1
400d1854:	0010c6        	j	400d189b <is_vect_desc_usable+0xb3>
400d1857:	00          	.byte	00
400d1858:	20b440        	or	a11, a4, a4
400d185b:	20a770        	or	a10, a7, a7
400d185e:	ffeb25        	call8	400d1710 <intr_has_handler>
400d1861:	034a56        	bnez	a10, 400d1899 <is_vect_desc_usable+0xb1>
400d1864:	120c      	movi.n	a2, 1
400d1866:	000c46        	j	400d189b <is_vect_desc_usable+0xb3>
400d1869:	020c      	movi.n	a2, 0
400d186b:	000b06        	j	400d189b <is_vect_desc_usable+0xb3>
400d186e:	020c      	movi.n	a2, 0
400d1870:	0009c6        	j	400d189b <is_vect_desc_usable+0xb3>
400d1873:	00          	.byte	00
400d1874:	020c      	movi.n	a2, 0
400d1876:	000846        	j	400d189b <is_vect_desc_usable+0xb3>
400d1879:	020c      	movi.n	a2, 0
400d187b:	000706        	j	400d189b <is_vect_desc_usable+0xb3>
400d187e:	020c      	movi.n	a2, 0
400d1880:	0005c6        	j	400d189b <is_vect_desc_usable+0xb3>
400d1883:	00          	.byte	00
400d1884:	020c      	movi.n	a2, 0
400d1886:	000446        	j	400d189b <is_vect_desc_usable+0xb3>
400d1889:	020c      	movi.n	a2, 0
400d188b:	000306        	j	400d189b <is_vect_desc_usable+0xb3>
400d188e:	020c      	movi.n	a2, 0
400d1890:	0001c6        	j	400d189b <is_vect_desc_usable+0xb3>
400d1893:	00          	.byte	00
400d1894:	020c      	movi.n	a2, 0
400d1896:	000046        	j	400d189b <is_vect_desc_usable+0xb3>
400d1899:	020c      	movi.n	a2, 0
400d189b:	f01d      	retw.n
400d189d:	000000        	ill

400d18a0 <get_available_int>:
400d18a0:	00a136        	entry	a1, 80
400d18a3:	cc0c      	movi.n	a12, 12
400d18a5:	00a0b2        	movi	a11, 0
400d18a8:	01ad      	mov.n	a10, a1
400d18aa:	fa1c81        	l32r	a8, 400d011c <_image_irom_vaddr+0x11c> (4000c44c <memset>)
400d18ad:	0008e0        	callx8	a8
400d18b0:	648120        	extui	a8, a2, 1, 7
400d18b3:	38cc      	bnez.n	a8, 400d18ba <get_available_int+0x1a>
400d18b5:	e80c      	movi.n	a8, 14
400d18b7:	202280        	or	a2, a2, a8
400d18ba:	03bd      	mov.n	a11, a3
400d18bc:	05ad      	mov.n	a10, a5
400d18be:	ffec25        	call8	400d1780 <find_desc_for_source>
400d18c1:	0a7d      	mov.n	a7, a10
400d18c3:	1abc      	beqz.n	a10, 400d18f8 <get_available_int+0x58>
400d18c5:	070426        	beqi	a4, -1, 400d18d0 <get_available_int+0x30>
400d18c8:	0a88      	l32i.n	a8, a10, 0
400d18ca:	458180        	extui	a8, a8, 17, 5
400d18cd:	199847        	bne	a8, a4, 400d18ea <get_available_int+0x4a>
400d18d0:	20d440        	or	a13, a4, a4
400d18d3:	20c330        	or	a12, a3, a3
400d18d6:	20b220        	or	a11, a2, a2
400d18d9:	07ad      	mov.n	a10, a7
400d18db:	fff0e5        	call8	400d17e8 <is_vect_desc_usable>
400d18de:	fa8c      	beqz.n	a10, 400d18f1 <get_available_int+0x51>
400d18e0:	0788      	l32i.n	a8, a7, 0
400d18e2:	458180        	extui	a8, a8, 17, 5
400d18e5:	8189      	s32i.n	a8, a1, 32
400d18e7:	003d86        	j	400d19e1 <get_available_int+0x141>
400d18ea:	f87c      	movi.n	a8, -1
400d18ec:	8189      	s32i.n	a8, a1, 32
400d18ee:	003bc6        	j	400d19e1 <get_available_int+0x141>
400d18f1:	f87c      	movi.n	a8, -1
400d18f3:	8189      	s32i.n	a8, a1, 32
400d18f5:	003a06        	j	400d19e1 <get_available_int+0x141>
400d18f8:	020466        	bnei	a4, -1, 400d18fe <get_available_int+0x5e>
400d18fb:	0033c6        	j	400d19ce <get_available_int+0x12e>
400d18fe:	03bd      	mov.n	a11, a3
400d1900:	04ad      	mov.n	a10, a4
400d1902:	ffdea5        	call8	400d16ec <find_desc_for_int>
400d1905:	0a7d      	mov.n	a7, a10
400d1907:	3adc      	bnez.n	a10, 400d191e <get_available_int+0x7e>
400d1909:	449040        	extui	a9, a4, 0, 5
400d190c:	0199f0        	slli	a9, a9, 17
400d190f:	0188      	l32i.n	a8, a1, 0
400d1911:	fa2da1        	l32r	a10, 400d01c8 <_image_irom_vaddr+0x1c8> (ffc1ffff <_rtc_force_slow_end+0xafc1ffd7>)
400d1914:	1088a0        	and	a8, a8, a10
400d1917:	208890        	or	a8, a8, a9
400d191a:	0189      	s32i.n	a8, a1, 0
400d191c:	017d      	mov.n	a7, a1
400d191e:	20d440        	or	a13, a4, a4
400d1921:	20c330        	or	a12, a3, a3
400d1924:	20b220        	or	a11, a2, a2
400d1927:	07ad      	mov.n	a10, a7
400d1929:	ffebe5        	call8	400d17e8 <is_vect_desc_usable>
400d192c:	8a8c      	beqz.n	a10, 400d1938 <get_available_int+0x98>
400d192e:	0788      	l32i.n	a8, a7, 0
400d1930:	458180        	extui	a8, a8, 17, 5
400d1933:	8189      	s32i.n	a8, a1, 32
400d1935:	002a06        	j	400d19e1 <get_available_int+0x141>
400d1938:	f87c      	movi.n	a8, -1
400d193a:	8189      	s32i.n	a8, a1, 32
400d193c:	002846        	j	400d19e1 <get_available_int+0x141>
400d193f:	00          	.byte	00
400d1940:	03bd      	mov.n	a11, a3
400d1942:	06ad      	mov.n	a10, a6
400d1944:	ffda65        	call8	400d16ec <find_desc_for_int>
400d1947:	0a7d      	mov.n	a7, a10
400d1949:	3adc      	bnez.n	a10, 400d1960 <get_available_int+0xc0>
400d194b:	449060        	extui	a9, a6, 0, 5
400d194e:	0199f0        	slli	a9, a9, 17
400d1951:	0188      	l32i.n	a8, a1, 0
400d1953:	fa1da1        	l32r	a10, 400d01c8 <_image_irom_vaddr+0x1c8> (ffc1ffff <_rtc_force_slow_end+0xafc1ffd7>)
400d1956:	1088a0        	and	a8, a8, a10
400d1959:	208890        	or	a8, a8, a9
400d195c:	0189      	s32i.n	a8, a1, 0
400d195e:	017d      	mov.n	a7, a1
400d1960:	c1cb      	addi.n	a12, a1, 12
400d1962:	06bd      	mov.n	a11, a6
400d1964:	03ad      	mov.n	a10, a3
400d1966:	ff47e5        	call8	400d0de4 <esp_cpu_intr_get_desc>
400d1969:	04dd      	mov.n	a13, a4
400d196b:	03cd      	mov.n	a12, a3
400d196d:	02bd      	mov.n	a11, a2
400d196f:	07ad      	mov.n	a10, a7
400d1971:	ffe765        	call8	400d17e8 <is_vect_desc_usable>
400d1974:	051a16        	beqz	a10, 400d19c9 <get_available_int+0x129>
400d1977:	3b6287        	bbci	a2, 8, 400d19b6 <get_available_int+0x116>
400d197a:	009782        	l16si	a8, a7, 0
400d197d:	490c      	movi.n	a9, 4
400d197f:	108890        	and	a8, a8, a9
400d1982:	238880        	sext	a8, a8, 15
400d1985:	08ac      	beqz.n	a8, 400d19a9 <get_available_int+0x109>
400d1987:	1788      	l32i.n	a8, a7, 4
400d1989:	090c      	movi.n	a9, 0
400d198b:	0000c6        	j	400d1992 <get_available_int+0xf2>
400d198e:	991b      	addi.n	a9, a9, 1
400d1990:	5888      	l32i.n	a8, a8, 20
400d1992:	ff8856        	bnez	a8, 400d198e <get_available_int+0xee>
400d1995:	9188      	l32i.n	a8, a1, 36
400d1997:	052987        	blt	a9, a8, 400d19a0 <get_available_int+0x100>
400d199a:	032182        	l32i	a8, a1, 12
400d199d:	28a857        	bge	a8, a5, 400d19c9 <get_available_int+0x129>
400d19a0:	3158      	l32i.n	a5, a1, 12
400d19a2:	9199      	s32i.n	a9, a1, 36
400d19a4:	8169      	s32i.n	a6, a1, 32
400d19a6:	0007c6        	j	400d19c9 <get_available_int+0x129>
400d19a9:	8188      	l32i.n	a8, a1, 32
400d19ab:	1a0866        	bnei	a8, -1, 400d19c9 <get_available_int+0x129>
400d19ae:	3188      	l32i.n	a8, a1, 12
400d19b0:	0a2857        	blt	a8, a5, 400d19be <get_available_int+0x11e>
400d19b3:	000486        	j	400d19c9 <get_available_int+0x129>
400d19b6:	3188      	l32i.n	a8, a1, 12
400d19b8:	092857        	blt	a8, a5, 400d19c5 <get_available_int+0x125>
400d19bb:	000286        	j	400d19c9 <get_available_int+0x129>
400d19be:	085d      	mov.n	a5, a8
400d19c0:	8169      	s32i.n	a6, a1, 32
400d19c2:	0000c6        	j	400d19c9 <get_available_int+0x129>
400d19c5:	085d      	mov.n	a5, a8
400d19c7:	8169      	s32i.n	a6, a1, 32
400d19c9:	661b      	addi.n	a6, a6, 1
400d19cb:	000286        	j	400d19d9 <get_available_int+0x139>
400d19ce:	8149      	s32i.n	a4, a1, 32
400d19d0:	f9ff81        	l32r	a8, 400d01cc <_image_irom_vaddr+0x1cc> (7fffffff <_rtc_force_slow_end+0x2fffffd7>)
400d19d3:	9189      	s32i.n	a8, a1, 36
400d19d5:	950c      	movi.n	a5, 9
400d19d7:	060c      	movi.n	a6, 0
400d19d9:	f81c      	movi.n	a8, 31
400d19db:	022867        	blt	a8, a6, 400d19e1 <get_available_int+0x141>
400d19de:	ffd786        	j	400d1940 <get_available_int+0xa0>
400d19e1:	8128      	l32i.n	a2, a1, 32
400d19e3:	f01d      	retw.n
400d19e5:	000000        	ill

400d19e8 <esp_intr_alloc_intrstatus>:
400d19e8:	008136        	entry	a1, 64
400d19eb:	4179      	s32i.n	a7, a1, 16
400d19ed:	1149      	s32i.n	a4, a1, 4
400d19ef:	026152        	s32i	a5, a1, 8
400d19f2:	00a382        	movi	a8, 0x300
400d19f5:	02c387        	bnall	a3, a8, 400d19fb <esp_intr_alloc_intrstatus+0x13>
400d19f8:	009f06        	j	400d1c78 <esp_intr_alloc_intrstatus+0x290>
400d19fb:	348430        	extui	a8, a3, 4, 4
400d19fe:	002816        	beqz	a8, 400d1a04 <esp_intr_alloc_intrstatus+0x1c>
400d1a01:	278656        	bnez	a6, 400d1c7d <esp_intr_alloc_intrstatus+0x295>
400d1a04:	00a182        	movi	a8, 0x100
400d1a07:	10a380        	and	a10, a3, a8
400d1a0a:	0e0387        	bnone	a3, a8, 400d1a1c <esp_intr_alloc_intrstatus+0x34>
400d1a0d:	40f680        	nsau	a8, a6
400d1a10:	418580        	srli	a8, a8, 5
400d1a13:	059f20        	extui	a9, a2, 31, 1
400d1a16:	208890        	or	a8, a8, a9
400d1a19:	265856        	bnez	a8, 400d1c82 <esp_intr_alloc_intrstatus+0x29a>
400d1a1c:	1188      	l32i.n	a8, a1, 4
400d1a1e:	190c      	movi.n	a9, 1
400d1a20:	839880        	moveqz	a9, a8, a8
400d1a23:	2188      	l32i.n	a8, a1, 8
400d1a25:	40f880        	nsau	a8, a8
400d1a28:	418580        	srli	a8, a8, 5
400d1a2b:	020987        	bnone	a9, a8, 400d1a31 <esp_intr_alloc_intrstatus+0x49>
400d1a2e:	009586        	j	400d1c88 <esp_intr_alloc_intrstatus+0x2a0>
400d1a31:	1b63a7        	bbci	a3, 10, 400d1a50 <esp_intr_alloc_intrstatus+0x68>
400d1a34:	869c      	beqz.n	a6, 400d1a50 <esp_intr_alloc_intrstatus+0x68>
400d1a36:	f9e681        	l32r	a8, 400d01d0 <_image_irom_vaddr+0x1d0> (bff88000 <_rtc_force_slow_end+0x6ff87fd8>)
400d1a39:	868a      	add.n	a8, a6, a8
400d1a3b:	f9e691        	l32r	a9, 400d01d4 <_image_irom_vaddr+0x1d4> (31fff <procpu_dram0_len+0x1fff>)
400d1a3e:	0eb987        	bgeu	a9, a8, 400d1a50 <esp_intr_alloc_intrstatus+0x68>
400d1a41:	f9e581        	l32r	a8, 400d01d8 <_image_irom_vaddr+0x1d8> (bff40000 <_rtc_force_slow_end+0x6ff3ffd8>)
400d1a44:	808680        	add	a8, a6, a8
400d1a47:	f9e591        	l32r	a9, 400d01dc <_image_irom_vaddr+0x1dc> (1fff <CONFIG_BOOTLOADER_OFFSET_IN_FLASH+0xfff>)
400d1a4a:	02b987        	bgeu	a9, a8, 400d1a50 <esp_intr_alloc_intrstatus+0x68>
400d1a4d:	008f06        	j	400d1c8d <esp_intr_alloc_intrstatus+0x2a5>
400d1a50:	648130        	extui	a8, a3, 1, 7
400d1a53:	e8cc      	bnez.n	a8, 400d1a65 <esp_intr_alloc_intrstatus+0x7d>
400d1a55:	7a8c      	beqz.n	a10, 400d1a60 <esp_intr_alloc_intrstatus+0x78>
400d1a57:	280c      	movi.n	a8, 2
400d1a59:	203380        	or	a3, a3, a8
400d1a5c:	000146        	j	400d1a65 <esp_intr_alloc_intrstatus+0x7d>
400d1a5f:	00          	.byte	00
400d1a60:	e80c      	movi.n	a8, 14
400d1a62:	203380        	or	a3, a3, a8
400d1a65:	826b      	addi.n	a8, a2, 6
400d1a67:	0a68f6        	bgeui	a8, 6, 400d1a75 <esp_intr_alloc_intrstatus+0x8d>
400d1a6a:	f9dd91        	l32r	a9, 400d01e0 <_image_irom_vaddr+0x1e0> (3f4009fc <stderr+0x4>)
400d1a6d:	a08890        	addx4	a8, a8, a9
400d1a70:	0888      	l32i.n	a8, a8, 0
400d1a72:	0008a0        	jx	a8
400d1a75:	f77c      	movi.n	a7, -1
400d1a77:	0006c6        	j	400d1a96 <esp_intr_alloc_intrstatus+0xae>
400d1a7a:	f70c      	movi.n	a7, 15
400d1a7c:	000586        	j	400d1a96 <esp_intr_alloc_intrstatus+0xae>
400d1a7f:	071c      	movi.n	a7, 16
400d1a81:	000446        	j	400d1a96 <esp_intr_alloc_intrstatus+0xae>
400d1a84:	770c      	movi.n	a7, 7
400d1a86:	000306        	j	400d1a96 <esp_intr_alloc_intrstatus+0xae>
400d1a89:	d71c      	movi.n	a7, 29
400d1a8b:	0001c6        	j	400d1a96 <esp_intr_alloc_intrstatus+0xae>
400d1a8e:	b70c      	movi.n	a7, 11
400d1a90:	000086        	j	400d1a96 <esp_intr_alloc_intrstatus+0xae>
400d1a93:	06a072        	movi	a7, 6
400d1a96:	8a0c      	movi.n	a10, 8
400d1a98:	b1c065        	call8	400836a0 <k_malloc>
400d1a9b:	0a4d      	mov.n	a4, a10
400d1a9d:	1f1a16        	beqz	a10, 400d1c92 <esp_intr_alloc_intrstatus+0x2aa>
400d1aa0:	006380        	rsil	a8, 3
400d1aa3:	3189      	s32i.n	a8, a1, 12
400d1aa5:	03eb80        	rsr.prid	a8
400d1aa8:	048d80        	extui	a8, a8, 13, 1
400d1aab:	0189      	s32i.n	a8, a1, 0
400d1aad:	02dd      	mov.n	a13, a2
400d1aaf:	07cd      	mov.n	a12, a7
400d1ab1:	08bd      	mov.n	a11, a8
400d1ab3:	03ad      	mov.n	a10, a3
400d1ab5:	ffdea5        	call8	400d18a0 <get_available_int>
400d1ab8:	0a5d      	mov.n	a5, a10
400d1aba:	120a66        	bnei	a10, -1, 400d1ad0 <esp_intr_alloc_intrstatus+0xe8>
400d1abd:	3188      	l32i.n	a8, a1, 12
400d1abf:	13e680        	wsr.ps	a8
400d1ac2:	002010        	rsync
400d1ac5:	04ad      	mov.n	a10, a4
400d1ac7:	b1bca5        	call8	40083690 <k_free>
400d1aca:	d26c      	movi.n	a2, -19
400d1acc:	007106        	j	400d1c94 <esp_intr_alloc_intrstatus+0x2ac>
400d1acf:	00          	.byte	00
400d1ad0:	0021b2        	l32i	a11, a1, 0
400d1ad3:	ffc5a5        	call8	400d172c <get_desc_for_int>
400d1ad6:	207aa0        	or	a7, a10, a10
400d1ad9:	0adc      	bnez.n	a10, 400d1aed <esp_intr_alloc_intrstatus+0x105>
400d1adb:	3188      	l32i.n	a8, a1, 12
400d1add:	13e680        	wsr.ps	a8
400d1ae0:	002010        	rsync
400d1ae3:	04ad      	mov.n	a10, a4
400d1ae5:	b1baa5        	call8	40083690 <k_free>
400d1ae8:	427c      	movi.n	a2, -12
400d1aea:	006986        	j	400d1c94 <esp_intr_alloc_intrstatus+0x2ac>
400d1aed:	02e387        	bbsi	a3, 8, 400d1af3 <esp_intr_alloc_intrstatus+0x10b>
400d1af0:	002286        	j	400d1b7e <esp_intr_alloc_intrstatus+0x196>
400d1af3:	18a0a2        	movi	a10, 24
400d1af6:	b1baa5        	call8	400836a0 <k_malloc>
400d1af9:	0561a2        	s32i	a10, a1, 20
400d1afc:	011a56        	bnez	a10, 400d1b11 <esp_intr_alloc_intrstatus+0x129>
400d1aff:	3188      	l32i.n	a8, a1, 12
400d1b01:	13e680        	wsr.ps	a8
400d1b04:	002010        	rsync
400d1b07:	04ad      	mov.n	a10, a4
400d1b09:	b1b865        	call8	40083690 <k_free>
400d1b0c:	427c      	movi.n	a2, -12
400d1b0e:	006086        	j	400d1c94 <esp_intr_alloc_intrstatus+0x2ac>
400d1b11:	8c1c      	movi.n	a12, 24
400d1b13:	0b0c      	movi.n	a11, 0
400d1b15:	51a8      	l32i.n	a10, a1, 20
400d1b17:	f98181        	l32r	a8, 400d011c <_image_irom_vaddr+0x11c> (4000c44c <memset>)
400d1b1a:	0008e0        	callx8	a8
400d1b1d:	51b8      	l32i.n	a11, a1, 20
400d1b1f:	1188      	l32i.n	a8, a1, 4
400d1b21:	1b89      	s32i.n	a8, a11, 4
400d1b23:	2188      	l32i.n	a8, a1, 8
400d1b25:	2b89      	s32i.n	a8, a11, 8
400d1b27:	3b69      	s32i.n	a6, a11, 12
400d1b29:	4188      	l32i.n	a8, a1, 16
400d1b2b:	4b89      	s32i.n	a8, a11, 16
400d1b2d:	1788      	l32i.n	a8, a7, 4
400d1b2f:	5b89      	s32i.n	a8, a11, 20
400d1b31:	748020        	extui	a8, a2, 0, 8
400d1b34:	988a      	add.n	a9, a8, a8
400d1b36:	001b82        	l16ui	a8, a11, 0
400d1b39:	01aea2        	movi	a10, 0xfffffe01
400d1b3c:	1088a0        	and	a8, a8, a10
400d1b3f:	208890        	or	a8, a8, a9
400d1b42:	005b82        	s16i	a8, a11, 0
400d1b45:	17b9      	s32i.n	a11, a7, 4
400d1b47:	009782        	l16si	a8, a7, 0
400d1b4a:	490c      	movi.n	a9, 4
400d1b4c:	208890        	or	a8, a8, a9
400d1b4f:	005782        	s16i	a8, a7, 0
400d1b52:	180c      	movi.n	a8, 1
400d1b54:	401500        	ssl	a5
400d1b57:	a18800        	sll	a8, a8
400d1b5a:	03e490        	rsr.intenable	a9
400d1b5d:	108890        	and	a8, a8, a9
400d1b60:	308890        	xor	a8, a8, a9
400d1b63:	13e480        	wsr.intenable	a8
400d1b66:	002010        	rsync
400d1b69:	0e0c      	movi.n	a14, 0
400d1b6b:	07dd      	mov.n	a13, a7
400d1b6d:	f99dc1        	l32r	a12, 400d01e4 <_image_irom_vaddr+0x1e4> (40081d70 <shared_intr_isr>)
400d1b70:	0ebd      	mov.n	a11, a14
400d1b72:	20a550        	or	a10, a5, a5
400d1b75:	b0ae25        	call8	40082658 <arch_irq_connect_dynamic>
400d1b78:	0016c6        	j	400d1bd7 <esp_intr_alloc_intrstatus+0x1ef>
400d1b7b:	00          	.byte	00
400d1b7c:	00          	.byte	00
400d1b7d:	00          	.byte	00
400d1b7e:	08a082        	movi	a8, 8
400d1b81:	005a82        	s16i	a8, a10, 0
400d1b84:	023616        	beqz	a6, 400d1bab <esp_intr_alloc_intrstatus+0x1c3>
400d1b87:	180c      	movi.n	a8, 1
400d1b89:	401500        	ssl	a5
400d1b8c:	a18800        	sll	a8, a8
400d1b8f:	03e490        	rsr.intenable	a9
400d1b92:	108890        	and	a8, a8, a9
400d1b95:	308890        	xor	a8, a8, a9
400d1b98:	13e480        	wsr.intenable	a8
400d1b9b:	002010        	rsync
400d1b9e:	0e0c      	movi.n	a14, 0
400d1ba0:	41d8      	l32i.n	a13, a1, 16
400d1ba2:	06cd      	mov.n	a12, a6
400d1ba4:	0ebd      	mov.n	a11, a14
400d1ba6:	05ad      	mov.n	a10, a5
400d1ba8:	b0aae5        	call8	40082658 <arch_irq_connect_dynamic>
400d1bab:	156397        	bbci	a3, 9, 400d1bc4 <esp_intr_alloc_intrstatus+0x1dc>
400d1bae:	f81c      	movi.n	a8, 31
400d1bb0:	02b857        	bgeu	a8, a5, 400d1bb6 <esp_intr_alloc_intrstatus+0x1ce>
400d1bb3:	ffa6e5        	call8	400d1620 <__assert_no_args>
400d1bb6:	1a0c      	movi.n	a10, 1
400d1bb8:	401500        	ssl	a5
400d1bbb:	a1aa00        	sll	a10, a10
400d1bbe:	f98c81        	l32r	a8, 400d01f0 <_image_irom_vaddr+0x1f0> (4000c1ec <xthal_set_intclear>)
400d1bc1:	0008e0        	callx8	a8
400d1bc4:	749020        	extui	a9, a2, 0, 8
400d1bc7:	0199a0        	slli	a9, a9, 22
400d1bca:	0788      	l32i.n	a8, a7, 0
400d1bcc:	f987a1        	l32r	a10, 400d01e8 <_image_irom_vaddr+0x1e8> (c03fffff <_rtc_force_slow_end+0x703fffd7>)
400d1bcf:	1088a0        	and	a8, a8, a10
400d1bd2:	208890        	or	a8, a8, a9
400d1bd5:	0789      	s32i.n	a8, a7, 0
400d1bd7:	2963a7        	bbci	a3, 10, 400d1c04 <esp_intr_alloc_intrstatus+0x21c>
400d1bda:	009782        	l16si	a8, a7, 0
400d1bdd:	290c      	movi.n	a9, 2
400d1bdf:	208890        	or	a8, a8, a9
400d1be2:	005782        	s16i	a8, a7, 0
400d1be5:	f98191        	l32r	a9, 400d01ec <_image_irom_vaddr+0x1ec> (3ffb3164 <non_iram_int_mask>)
400d1be8:	0188      	l32i.n	a8, a1, 0
400d1bea:	a09890        	addx4	a9, a8, a9
400d1bed:	09a8      	l32i.n	a10, a9, 0
400d1bef:	180c      	movi.n	a8, 1
400d1bf1:	401500        	ssl	a5
400d1bf4:	a18800        	sll	a8, a8
400d1bf7:	1088a0        	and	a8, a8, a10
400d1bfa:	3088a0        	xor	a8, a8, a10
400d1bfd:	0989      	s32i.n	a8, a9, 0
400d1bff:	0008c6        	j	400d1c26 <esp_intr_alloc_intrstatus+0x23e>
400d1c02:	00          	.byte	00
400d1c03:	00          	.byte	00
400d1c04:	009782        	l16si	a8, a7, 0
400d1c07:	d97c      	movi.n	a9, -3
400d1c09:	108890        	and	a8, a8, a9
400d1c0c:	005782        	s16i	a8, a7, 0
400d1c0f:	f97781        	l32r	a8, 400d01ec <_image_irom_vaddr+0x1ec> (3ffb3164 <non_iram_int_mask>)
400d1c12:	0198      	l32i.n	a9, a1, 0
400d1c14:	a08980        	addx4	a8, a9, a8
400d1c17:	0898      	l32i.n	a9, a8, 0
400d1c19:	1a0c      	movi.n	a10, 1
400d1c1b:	401500        	ssl	a5
400d1c1e:	a1aa00        	sll	a10, a10
400d1c21:	2099a0        	or	a9, a9, a10
400d1c24:	0899      	s32i.n	a9, a8, 0
400d1c26:	00b296        	bltz	a2, 400d1c35 <esp_intr_alloc_intrstatus+0x24d>
400d1c29:	05cd      	mov.n	a12, a5
400d1c2b:	02bd      	mov.n	a11, a2
400d1c2d:	01a8      	l32i.n	a10, a1, 0
400d1c2f:	f97181        	l32r	a8, 400d01f4 <_image_irom_vaddr+0x1f4> (4000681c <esp_rom_route_intr_matrix>)
400d1c32:	0008e0        	callx8	a8
400d1c35:	006472        	s32i	a7, a4, 0
400d1c38:	012782        	l32i	a8, a7, 4
400d1c3b:	016482        	s32i	a8, a4, 4
400d1c3e:	180c      	movi.n	a8, 1
400d1c40:	401500        	ssl	a5
400d1c43:	a18800        	sll	a8, a8
400d1c46:	03e490        	rsr.intenable	a9
400d1c49:	208890        	or	a8, a8, a9
400d1c4c:	13e480        	wsr.intenable	a8
400d1c4f:	002010        	rsync
400d1c52:	0463b7        	bbci	a3, 11, 400d1c5a <esp_intr_alloc_intrstatus+0x272>
400d1c55:	04ad      	mov.n	a10, a4
400d1c57:	afb065        	call8	4008175c <esp_intr_disable>
400d1c5a:	3188      	l32i.n	a8, a1, 12
400d1c5c:	13e680        	wsr.ps	a8
400d1c5f:	002010        	rsync
400d1c62:	102182        	l32i	a8, a1, 64
400d1c65:	588c      	beqz.n	a8, 400d1c6e <esp_intr_alloc_intrstatus+0x286>
400d1c67:	0849      	s32i.n	a4, a8, 0
400d1c69:	020c      	movi.n	a2, 0
400d1c6b:	000946        	j	400d1c94 <esp_intr_alloc_intrstatus+0x2ac>
400d1c6e:	04ad      	mov.n	a10, a4
400d1c70:	b1a1e5        	call8	40083690 <k_free>
400d1c73:	020c      	movi.n	a2, 0
400d1c75:	0006c6        	j	400d1c94 <esp_intr_alloc_intrstatus+0x2ac>
400d1c78:	a26c      	movi.n	a2, -22
400d1c7a:	000586        	j	400d1c94 <esp_intr_alloc_intrstatus+0x2ac>
400d1c7d:	a26c      	movi.n	a2, -22
400d1c7f:	000446        	j	400d1c94 <esp_intr_alloc_intrstatus+0x2ac>
400d1c82:	a26c      	movi.n	a2, -22
400d1c84:	000306        	j	400d1c94 <esp_intr_alloc_intrstatus+0x2ac>
400d1c87:	00          	.byte	00
400d1c88:	a26c      	movi.n	a2, -22
400d1c8a:	000186        	j	400d1c94 <esp_intr_alloc_intrstatus+0x2ac>
400d1c8d:	a26c      	movi.n	a2, -22
400d1c8f:	000046        	j	400d1c94 <esp_intr_alloc_intrstatus+0x2ac>
400d1c92:	427c      	movi.n	a2, -12
400d1c94:	f01d      	retw.n
	...

400d1c98 <esp_intr_alloc>:
400d1c98:	006136        	entry	a1, 48
400d1c9b:	02ad      	mov.n	a10, a2
400d1c9d:	03bd      	mov.n	a11, a3
400d1c9f:	04ed      	mov.n	a14, a4
400d1ca1:	05fd      	mov.n	a15, a5
400d1ca3:	0169      	s32i.n	a6, a1, 0
400d1ca5:	0d0c      	movi.n	a13, 0
400d1ca7:	0dcd      	mov.n	a12, a13
400d1ca9:	ffd3e5        	call8	400d19e8 <esp_intr_alloc_intrstatus>
400d1cac:	0a2d      	mov.n	a2, a10
400d1cae:	f01d      	retw.n

400d1cb0 <periph_ll_get_clk_en_mask>:
400d1cb0:	004136        	entry	a1, 32
400d1cb3:	d80c      	movi.n	a8, 13
400d1cb5:	543827        	bltu	a8, a2, 400d1d0d <periph_ll_get_clk_en_mask+0x5d>
400d1cb8:	f95281        	l32r	a8, 400d0200 <_image_irom_vaddr+0x200> (3f400a14 <stderr+0x1c>)
400d1cbb:	a02280        	addx4	a2, a2, a8
400d1cbe:	0288      	l32i.n	a8, a2, 0
400d1cc0:	0008a0        	jx	a8
400d1cc3:	022c      	movi.n	a2, 32
400d1cc5:	001306        	j	400d1d15 <periph_ll_get_clk_en_mask+0x65>
400d1cc8:	021c      	movi.n	a2, 16
400d1cca:	0011c6        	j	400d1d15 <periph_ll_get_clk_en_mask+0x65>
400d1ccd:	f92821        	l32r	a2, 400d0170 <_image_irom_vaddr+0x170> (2000 <rtc_data_len>)
400d1cd0:	001046        	j	400d1d15 <periph_ll_get_clk_en_mask+0x65>
400d1cd3:	f8d121        	l32r	a2, 400d0018 <_image_irom_vaddr+0x18> (8000 <CONFIG_SOC_ADC_SAMPLE_FREQ_THRES_LOW+0x31e0>)
400d1cd6:	000ec6        	j	400d1d15 <periph_ll_get_clk_en_mask+0x65>
400d1cd9:	00a122        	movi	a2, 0x100
400d1cdc:	000d46        	j	400d1d15 <periph_ll_get_clk_en_mask+0x65>
400d1cdf:	220c      	movi.n	a2, 2
400d1ce1:	000c06        	j	400d1d15 <periph_ll_get_clk_en_mask+0x65>
400d1ce4:	024c      	movi.n	a2, 64
400d1ce6:	000ac6        	j	400d1d15 <periph_ll_get_clk_en_mask+0x65>
400d1ce9:	f8cf21        	l32r	a2, 400d0028 <_image_irom_vaddr+0x28> (10000 <CONFIG_MMU_PAGE_SIZE>)
400d1cec:	000946        	j	400d1d15 <periph_ll_get_clk_en_mask+0x65>
400d1cef:	f8ca21        	l32r	a2, 400d0018 <_image_irom_vaddr+0x18> (8000 <CONFIG_SOC_ADC_SAMPLE_FREQ_THRES_LOW+0x31e0>)
400d1cf2:	0007c6        	j	400d1d15 <periph_ll_get_clk_en_mask+0x65>
400d1cf5:	06a422        	movi	a2, 0x406
400d1cf8:	000646        	j	400d1d15 <periph_ll_get_clk_en_mask+0x65>
400d1cfb:	f93f21        	l32r	a2, 400d01f8 <_image_irom_vaddr+0x1f8> (30800 <procpu_dram0_len+0x800>)
400d1cfe:	0004c6        	j	400d1d15 <periph_ll_get_clk_en_mask+0x65>
400d1d01:	c9a322        	movi	a2, 0x3c9
400d1d04:	000346        	j	400d1d15 <periph_ll_get_clk_en_mask+0x65>
400d1d07:	f93d21        	l32r	a2, 400d01fc <_image_irom_vaddr+0x1fc> (800 <CONFIG_ISR_STACK_SIZE>)
400d1d0a:	0001c6        	j	400d1d15 <periph_ll_get_clk_en_mask+0x65>
400d1d0d:	020c      	movi.n	a2, 0
400d1d0f:	000086        	j	400d1d15 <periph_ll_get_clk_en_mask+0x65>
400d1d12:	f8bf21        	l32r	a2, 400d0010 <_image_irom_vaddr+0x10> (800000 <CONFIG_SOC_UART_BITRATE_MAX+0x33b4c0>)
400d1d15:	f01d      	retw.n
	...

400d1d18 <clock_control_esp32_get_status>:
400d1d18:	004136        	entry	a1, 32
400d1d1b:	03ad      	mov.n	a10, a3
400d1d1d:	e80c      	movi.n	a8, 14
400d1d1f:	252837        	blt	a8, a3, 400d1d48 <clock_control_esp32_get_status+0x30>
400d1d22:	f7c382        	addi	a8, a3, -9
400d1d25:	0758f6        	bgeui	a8, 5, 400d1d30 <clock_control_esp32_get_status+0x18>
400d1d28:	f90631        	l32r	a3, 400d0140 <_image_irom_vaddr+0x140> (3ff000cc <_rodata_end+0xaf00cc>)
400d1d2b:	000106        	j	400d1d33 <clock_control_esp32_get_status+0x1b>
400d1d2e:	00          	.byte	00
400d1d2f:	00          	.byte	00
400d1d30:	f90231        	l32r	a3, 400d0138 <_image_irom_vaddr+0x138> (3ff000c0 <_rodata_end+0xaf00c0>)
400d1d33:	fff7e5        	call8	400d1cb0 <periph_ll_get_clk_en_mask>
400d1d36:	013316        	beqz	a3, 400d1d4d <clock_control_esp32_get_status+0x35>
400d1d39:	0020c0        	memw
400d1d3c:	002382        	l32i	a8, a3, 0
400d1d3f:	0f88a7        	bany	a8, a10, 400d1d52 <clock_control_esp32_get_status+0x3a>
400d1d42:	01a022        	movi	a2, 1
400d1d45:	0002c6        	j	400d1d54 <clock_control_esp32_get_status+0x3c>
400d1d48:	320c      	movi.n	a2, 3
400d1d4a:	000186        	j	400d1d54 <clock_control_esp32_get_status+0x3c>
400d1d4d:	320c      	movi.n	a2, 3
400d1d4f:	000046        	j	400d1d54 <clock_control_esp32_get_status+0x3c>
400d1d52:	220c      	movi.n	a2, 2
400d1d54:	f01d      	retw.n
	...

400d1d58 <esp32_select_rtc_slow_clk>:
400d1d58:	004136        	entry	a1, 32
400d1d5b:	147020        	extui	a7, a2, 0, 2
400d1d5e:	f8f6a1        	l32r	a10, 400d0138 <_image_irom_vaddr+0x138> (3ff000c0 <_rodata_end+0xaf00c0>)
400d1d61:	0020c0        	memw
400d1d64:	0a88      	l32i.n	a8, a10, 0
400d1d66:	f90291        	l32r	a9, 400d0170 <_image_irom_vaddr+0x170> (2000 <rtc_data_len>)
400d1d69:	208890        	or	a8, a8, a9
400d1d6c:	0020c0        	memw
400d1d6f:	0a89      	s32i.n	a8, a10, 0
400d1d71:	f8f881        	l32r	a8, 400d0154 <_image_irom_vaddr+0x154> (3ff000c4 <_rodata_end+0xaf00c4>)
400d1d74:	0020c0        	memw
400d1d77:	0899      	s32i.n	a9, a8, 0
400d1d79:	090c      	movi.n	a9, 0
400d1d7b:	0020c0        	memw
400d1d7e:	006892        	s32i	a9, a8, 0
400d1d81:	f8fc91        	l32r	a9, 400d0174 <_image_irom_vaddr+0x174> (3ff5f000 <TIMERG0>)
400d1d84:	0020c0        	memw
400d1d87:	122982        	l32i	a8, a9, 72
400d1d8a:	f8fba1        	l32r	a10, 400d0178 <_image_irom_vaddr+0x178> (ffffbfff <_rtc_force_slow_end+0xafffbfd7>)
400d1d8d:	1088a0        	and	a8, a8, a10
400d1d90:	0020c0        	memw
400d1d93:	126982        	s32i	a8, a9, 72
400d1d96:	360c      	movi.n	a6, 3
400d1d98:	2c1766        	bnei	a7, 1, 400d1dc8 <esp32_select_rtc_slow_clk+0x70>
400d1d9b:	0a1266        	bnei	a2, 1, 400d1da9 <esp32_select_rtc_slow_clk+0x51>
400d1d9e:	1a0c      	movi.n	a10, 1
400d1da0:	b322a5        	call8	40084fcc <rtc_clk_32k_enable>
400d1da3:	000286        	j	400d1db1 <esp32_select_rtc_slow_clk+0x59>
400d1da6:	00          	.byte	00
400d1da7:	00          	.byte	00
400d1da8:	00          	.byte	00
400d1da9:	980c      	movi.n	a8, 9
400d1dab:	029287        	bne	a2, a8, 400d1db1 <esp32_select_rtc_slow_clk+0x59>
400d1dae:	b32565        	call8	40085004 <rtc_clk_32k_enable_external>
400d1db1:	00a4b2        	movi	a11, 0x400
400d1db4:	2a0c      	movi.n	a10, 2
400d1db6:	b3ed65        	call8	40085c8c <rtc_clk_cal>
400d1db9:	5adc      	bnez.n	a10, 400d1dd2 <esp32_select_rtc_slow_clk+0x7a>
400d1dbb:	860b      	addi.n	a8, a6, -1
400d1dbd:	2416e6        	bgei	a6, 1, 400d1de5 <esp32_select_rtc_slow_clk+0x8d>
400d1dc0:	d26c      	movi.n	a2, -19
400d1dc2:	000ac6        	j	400d1df1 <esp32_select_rtc_slow_clk+0x99>
400d1dc5:	00          	.byte	00
400d1dc6:	00          	.byte	00
400d1dc7:	00          	.byte	00
400d1dc8:	062766        	bnei	a7, 2, 400d1dd2 <esp32_select_rtc_slow_clk+0x7a>
400d1dcb:	1b0c      	movi.n	a11, 1
400d1dcd:	0bad      	mov.n	a10, a11
400d1dcf:	b32425        	call8	40085010 <rtc_clk_8m_enable>
400d1dd2:	07ad      	mov.n	a10, a7
400d1dd4:	b32da5        	call8	400850b0 <rtc_clk_slow_src_set>
400d1dd7:	00a4b2        	movi	a11, 0x400
400d1dda:	00a0a2        	movi	a10, 0
400d1ddd:	b3eae5        	call8	40085c8c <rtc_clk_cal>
400d1de0:	000106        	j	400d1de8 <esp32_select_rtc_slow_clk+0x90>
400d1de3:	00          	.byte	00
400d1de4:	00          	.byte	00
400d1de5:	206880        	or	a6, a8, a8
400d1de8:	faca16        	beqz	a10, 400d1d98 <esp32_select_rtc_slow_clk+0x40>
400d1deb:	feefe5        	call8	400d0ce8 <esp_clk_slowclk_cal_set>
400d1dee:	00a022        	movi	a2, 0
400d1df1:	000090        	retw

400d1df4 <esp32_cpu_clock_init>:
400d1df4:	006136        	entry	a1, 48
400d1df7:	f90381        	l32r	a8, 400d0204 <_image_irom_vaddr+0x204> (3f400a4c <stderr+0x54>)
400d1dfa:	002892        	l32i	a9, a8, 0
400d1dfd:	012882        	l32i	a8, a8, 4
400d1e00:	0199      	s32i.n	a9, a1, 0
400d1e02:	1189      	s32i.n	a8, a1, 4
400d1e04:	2288      	l32i.n	a8, a2, 8
400d1e06:	004182        	s8i	a8, a1, 0
400d1e09:	1298      	l32i.n	a9, a2, 4
400d1e0b:	949090        	extui	a9, a9, 0, 10
400d1e0e:	119980        	slli	a9, a9, 8
400d1e11:	0188      	l32i.n	a8, a1, 0
400d1e13:	f8fda1        	l32r	a10, 400d0208 <_image_irom_vaddr+0x208> (fffc00ff <_rtc_force_slow_end+0xaffc00d7>)
400d1e16:	1088a0        	and	a8, a8, a10
400d1e19:	208890        	or	a8, a8, a9
400d1e1c:	0189      	s32i.n	a8, a1, 0
400d1e1e:	f8fb91        	l32r	a9, 400d020c <_image_irom_vaddr+0x20c> (3ff4807c <RTCCNTL+0x7c>)
400d1e21:	0020c0        	memw
400d1e24:	0988      	l32i.n	a8, a9, 0
400d1e26:	f8faa1        	l32r	a10, 400d0210 <_image_irom_vaddr+0x210> (3fc000 <CONFIG_SOC_ADC_SAMPLE_FREQ_THRES_HIGH+0x213b80>)
400d1e29:	2088a0        	or	a8, a8, a10
400d1e2c:	0020c0        	memw
400d1e2f:	0989      	s32i.n	a8, a9, 0
400d1e31:	f893a1        	l32r	a10, 400d0080 <_image_irom_vaddr+0x80> (3ff48070 <RTCCNTL+0x70>)
400d1e34:	0020c0        	memw
400d1e37:	0a88      	l32i.n	a8, a10, 0
400d1e39:	f8f691        	l32r	a9, 400d0214 <_image_irom_vaddr+0x214> (fe01ffff <_rtc_force_slow_end+0xae01ffd7>)
400d1e3c:	108890        	and	a8, a8, a9
400d1e3f:	050192        	l8ui	a9, a1, 5
400d1e42:	0199f0        	slli	a9, a9, 17
400d1e45:	208890        	or	a8, a8, a9
400d1e48:	0020c0        	memw
400d1e4b:	0a89      	s32i.n	a8, a10, 0
400d1e4d:	0020c0        	memw
400d1e50:	0a88      	l32i.n	a8, a10, 0
400d1e52:	f8f191        	l32r	a9, 400d0218 <_image_irom_vaddr+0x218> (ffff8fff <_rtc_force_slow_end+0xafff8fd7>)
400d1e55:	109890        	and	a9, a8, a9
400d1e58:	0188      	l32i.n	a8, a1, 0
400d1e5a:	258680        	extui	a8, a8, 22, 3
400d1e5d:	880b      	addi.n	a8, a8, -1
400d1e5f:	118840        	slli	a8, a8, 12
400d1e62:	248c80        	extui	a8, a8, 12, 3
400d1e65:	118840        	slli	a8, a8, 12
400d1e68:	208980        	or	a8, a9, a8
400d1e6b:	0020c0        	memw
400d1e6e:	0a89      	s32i.n	a8, a10, 0
400d1e70:	f8eb81        	l32r	a8, 400d021c <_image_irom_vaddr+0x21c> (6000e044 <_rtc_force_slow_end+0x1000e01c>)
400d1e73:	0020c0        	memw
400d1e76:	0898      	l32i.n	a9, a8, 0
400d1e78:	f8eaa1        	l32r	a10, 400d0220 <_image_irom_vaddr+0x220> (3ff00 <procpu_iram0_len+0x7f00>)
400d1e7b:	2099a0        	or	a9, a9, a10
400d1e7e:	0020c0        	memw
400d1e81:	0899      	s32i.n	a9, a8, 0
400d1e83:	0020c0        	memw
400d1e86:	0898      	l32i.n	a9, a8, 0
400d1e88:	f8e7a1        	l32r	a10, 400d0224 <_image_irom_vaddr+0x224> (fffdffff <_rtc_force_slow_end+0xaffdffd7>)
400d1e8b:	1099a0        	and	a9, a9, a10
400d1e8e:	0020c0        	memw
400d1e91:	0899      	s32i.n	a9, a8, 0
400d1e93:	0020c0        	memw
400d1e96:	0898      	l32i.n	a9, a8, 0
400d1e98:	f8b8a1        	l32r	a10, 400d0178 <_image_irom_vaddr+0x178> (ffffbfff <_rtc_force_slow_end+0xafffbfd7>)
400d1e9b:	1099a0        	and	a9, a9, a10
400d1e9e:	0020c0        	memw
400d1ea1:	0899      	s32i.n	a9, a8, 0
400d1ea3:	000122        	l8ui	a2, a1, 0
400d1ea6:	02ad      	mov.n	a10, a2
400d1ea8:	b34365        	call8	400852e0 <rtc_clk_xtal_freq_update>
400d1eab:	f877a1        	l32r	a10, 400d0088 <_image_irom_vaddr+0x88> (f4240 <procpu_iram0_len+0xbc240>)
400d1eae:	82a2a0        	mull	a10, a2, a10
400d1eb1:	af0565        	call8	40080f08 <rtc_clk_apb_freq_update>
400d1eb4:	f01d      	retw.n
	...

400d1eb8 <esp32_cpu_clock_configure>:
400d1eb8:	008136        	entry	a1, 64
400d1ebb:	f8db81        	l32r	a8, 400d0228 <_image_irom_vaddr+0x228> (3ffb31b8 <clock_init_done>)
400d1ebe:	000882        	l8ui	a8, a8, 0
400d1ec1:	00c856        	bnez	a8, 400d1ed1 <esp32_cpu_clock_configure+0x19>
400d1ec4:	02ad      	mov.n	a10, a2
400d1ec6:	fff2e5        	call8	400d1df4 <esp32_cpu_clock_init>
400d1ec9:	f8d781        	l32r	a8, 400d0228 <_image_irom_vaddr+0x228> (3ffb31b8 <clock_init_done>)
400d1ecc:	190c      	movi.n	a9, 1
400d1ece:	004892        	s8i	a9, a8, 0
400d1ed1:	0a0c      	movi.n	a10, 0
400d1ed3:	af2025        	call8	400810d4 <esp_rom_output_tx_wait_idle>
400d1ed6:	01ad      	mov.n	a10, a1
400d1ed8:	b335a5        	call8	40085234 <rtc_clk_cpu_freq_get_config>
400d1edb:	10c1b2        	addi	a11, a1, 16
400d1ede:	12a8      	l32i.n	a10, a2, 4
400d1ee0:	b32ea5        	call8	400851cc <rtc_clk_cpu_freq_mhz_to_config>
400d1ee3:	075a16        	beqz	a10, 400d1f5c <esp32_cpu_clock_configure+0xa4>
400d1ee6:	4198      	l32i.n	a9, a1, 16
400d1ee8:	002282        	l32i	a8, a2, 0
400d1eeb:	729987        	bne	a9, a8, 400d1f61 <esp32_cpu_clock_configure+0xa9>
400d1eee:	006370        	rsil	a7, 3
400d1ef1:	10c1a2        	addi	a10, a1, 16
400d1ef4:	b35f25        	call8	400854e8 <rtc_clk_cpu_freq_set_config>
400d1ef7:	03eaa0        	rsr.ccount	a10
400d1efa:	1288      	l32i.n	a8, a2, 4
400d1efc:	a2ba80        	muluh	a11, a10, a8
400d1eff:	31c8      	l32i.n	a12, a1, 12
400d1f01:	0d0c      	movi.n	a13, 0
400d1f03:	82aa80        	mull	a10, a10, a8
400d1f06:	f86181        	l32r	a8, 400d008c <_image_irom_vaddr+0x8c> (4000cff8 <__udivdi3>)
400d1f09:	0008e0        	callx8	a8
400d1f0c:	13eaa0        	wsr.ccount	a10
400d1f0f:	13e670        	wsr.ps	a7
400d1f12:	002010        	rsync
400d1f15:	aef125        	call8	40080e28 <esp_clk_apb_freq>
400d1f18:	11aac0        	slli	a10, a10, 4
400d1f1b:	f8c481        	l32r	a8, 400d022c <_image_irom_vaddr+0x22c> (91a2b3c5 <_rtc_force_slow_end+0x41a2b39d>)
400d1f1e:	a2aa80        	muluh	a10, a10, a8
400d1f21:	f590a0        	extui	a9, a10, 16, 16
400d1f24:	b5a4a0        	extui	a10, a10, 20, 12
400d1f27:	f84ab1        	l32r	a11, 400d0050 <_image_irom_vaddr+0x50> (3ff40000 <UART0>)
400d1f2a:	0020c0        	memw
400d1f2d:	5b88      	l32i.n	a8, a11, 20
400d1f2f:	b58480        	extui	a8, a8, 20, 12
400d1f32:	0188c0        	slli	a8, a8, 20
400d1f35:	20aa80        	or	a10, a10, a8
400d1f38:	0020c0        	memw
400d1f3b:	5ba9      	s32i.n	a10, a11, 20
400d1f3d:	0020c0        	memw
400d1f40:	5b88      	l32i.n	a8, a11, 20
400d1f42:	349090        	extui	a9, a9, 0, 4
400d1f45:	0199c0        	slli	a9, a9, 20
400d1f48:	f8baa1        	l32r	a10, 400d0230 <_image_irom_vaddr+0x230> (ff0fffff <_rtc_force_slow_end+0xaf0fffd7>)
400d1f4b:	1088a0        	and	a8, a8, a10
400d1f4e:	208890        	or	a8, a8, a9
400d1f51:	0020c0        	memw
400d1f54:	5b89      	s32i.n	a8, a11, 20
400d1f56:	020c      	movi.n	a2, 0
400d1f58:	0001c6        	j	400d1f63 <esp32_cpu_clock_configure+0xab>
400d1f5b:	00          	.byte	00
400d1f5c:	a26c      	movi.n	a2, -22
400d1f5e:	000046        	j	400d1f63 <esp32_cpu_clock_configure+0xab>
400d1f61:	a26c      	movi.n	a2, -22
400d1f63:	f01d      	retw.n
400d1f65:	000000        	ill

400d1f68 <clock_control_esp32_configure>:
400d1f68:	004136        	entry	a1, 32
400d1f6b:	383c      	movi.n	a8, 51
400d1f6d:	0f1387        	beq	a3, a8, 400d1f80 <clock_control_esp32_configure+0x18>
400d1f70:	483c      	movi.n	a8, 52
400d1f72:	171387        	beq	a3, a8, 400d1f8d <clock_control_esp32_configure+0x25>
400d1f75:	283c      	movi.n	a8, 50
400d1f77:	1d1387        	beq	a3, a8, 400d1f98 <clock_control_esp32_configure+0x30>
400d1f7a:	a26c      	movi.n	a2, -22
400d1f7c:	001206        	j	400d1fc8 <clock_control_esp32_configure+0x60>
400d1f7f:	00          	.byte	00
400d1f80:	34a8      	l32i.n	a10, a4, 12
400d1f82:	b32025        	call8	40085184 <rtc_clk_fast_src_set>
400d1f85:	020c      	movi.n	a2, 0
400d1f87:	000f46        	j	400d1fc8 <clock_control_esp32_configure+0x60>
400d1f8a:	00          	.byte	00
400d1f8b:	00          	.byte	00
400d1f8c:	00          	.byte	00
400d1f8d:	1004a2        	l8ui	a10, a4, 16
400d1f90:	ffdc65        	call8	400d1d58 <esp32_select_rtc_slow_clk>
400d1f93:	0a2d      	mov.n	a2, a10
400d1f95:	000bc6        	j	400d1fc8 <clock_control_esp32_configure+0x60>
400d1f98:	2488      	l32i.n	a8, a4, 8
400d1f9a:	f83b91        	l32r	a9, 400d0088 <_image_irom_vaddr+0x88> (f4240 <procpu_iram0_len+0xbc240>)
400d1f9d:	08b987        	bgeu	a9, a8, 400d1fa9 <clock_control_esp32_configure+0x41>
400d1fa0:	f83d91        	l32r	a9, 400d0094 <_image_irom_vaddr+0x94> (431bde83 <_etext+0x30e9fe3>)
400d1fa3:	a28890        	muluh	a8, a8, a9
400d1fa6:	d58280        	extui	a8, a8, 18, 14
400d1fa9:	2489      	s32i.n	a8, a4, 8
400d1fab:	1488      	l32i.n	a8, a4, 4
400d1fad:	f83691        	l32r	a9, 400d0088 <_image_irom_vaddr+0x88> (f4240 <procpu_iram0_len+0xbc240>)
400d1fb0:	08b987        	bgeu	a9, a8, 400d1fbc <clock_control_esp32_configure+0x54>
400d1fb3:	f83891        	l32r	a9, 400d0094 <_image_irom_vaddr+0x94> (431bde83 <_etext+0x30e9fe3>)
400d1fb6:	a28890        	muluh	a8, a8, a9
400d1fb9:	d58280        	extui	a8, a8, 18, 14
400d1fbc:	016482        	s32i	a8, a4, 4
400d1fbf:	20a440        	or	a10, a4, a4
400d1fc2:	ffef65        	call8	400d1eb8 <esp32_cpu_clock_configure>
400d1fc5:	202aa0        	or	a2, a10, a10
400d1fc8:	f01d      	retw.n
	...

400d1fcc <clock_control_esp32_get_rate>:
400d1fcc:	004136        	entry	a1, 32
400d1fcf:	583c      	movi.n	a8, 53
400d1fd1:	311387        	beq	a3, a8, 400d2006 <clock_control_esp32_get_rate+0x3a>
400d1fd4:	0c2837        	blt	a8, a3, 400d1fe4 <clock_control_esp32_get_rate+0x18>
400d1fd7:	383c      	movi.n	a8, 51
400d1fd9:	0f1387        	beq	a3, a8, 400d1fec <clock_control_esp32_get_rate+0x20>
400d1fdc:	483c      	movi.n	a8, 52
400d1fde:	171387        	beq	a3, a8, 400d1ff9 <clock_control_esp32_get_rate+0x2d>
400d1fe1:	000d46        	j	400d201a <clock_control_esp32_get_rate+0x4e>
400d1fe4:	683c      	movi.n	a8, 54
400d1fe6:	261387        	beq	a3, a8, 400d2010 <clock_control_esp32_get_rate+0x44>
400d1fe9:	000b46        	j	400d201a <clock_control_esp32_get_rate+0x4e>
400d1fec:	0a0c      	movi.n	a10, 0
400d1fee:	fef865        	call8	400d0f74 <esp_clk_tree_lp_fast_get_freq_hz>
400d1ff1:	04a9      	s32i.n	a10, a4, 0
400d1ff3:	000a46        	j	400d2020 <clock_control_esp32_get_rate+0x54>
400d1ff6:	00          	.byte	00
400d1ff7:	00          	.byte	00
400d1ff8:	00          	.byte	00
400d1ff9:	0a0c      	movi.n	a10, 0
400d1ffb:	fef1e5        	call8	400d0f18 <esp_clk_tree_lp_slow_get_freq_hz>
400d1ffe:	04a9      	s32i.n	a10, a4, 0
400d2000:	000706        	j	400d2020 <clock_control_esp32_get_rate+0x54>
400d2003:	00          	.byte	00
400d2004:	00          	.byte	00
400d2005:	00          	.byte	00
400d2006:	1a0c      	movi.n	a10, 1
400d2008:	fef6a5        	call8	400d0f74 <esp_clk_tree_lp_fast_get_freq_hz>
400d200b:	04a9      	s32i.n	a10, a4, 0
400d200d:	0003c6        	j	400d2020 <clock_control_esp32_get_rate+0x54>
400d2010:	1a0c      	movi.n	a10, 1
400d2012:	fef065        	call8	400d0f18 <esp_clk_tree_lp_slow_get_freq_hz>
400d2015:	04a9      	s32i.n	a10, a4, 0
400d2017:	000146        	j	400d2020 <clock_control_esp32_get_rate+0x54>
400d201a:	febf25        	call8	400d0c0c <clk_hal_cpu_get_freq_hz>
400d201d:	0064a2        	s32i	a10, a4, 0
400d2020:	00a022        	movi	a2, 0
400d2023:	000090        	retw
	...

400d2028 <clock_control_esp32_off>:
400d2028:	004136        	entry	a1, 32
400d202b:	20a220        	or	a10, a2, a2
400d202e:	20b330        	or	a11, a3, a3
400d2031:	ffce65        	call8	400d1d18 <clock_control_esp32_get_status>
400d2034:	111a26        	beqi	a10, 1, 400d2049 <clock_control_esp32_off+0x21>
400d2037:	e80c      	movi.n	a8, 14
400d2039:	072837        	blt	a8, a3, 400d2044 <clock_control_esp32_off+0x1c>
400d203c:	03ad      	mov.n	a10, a3
400d203e:	b63b25        	call8	400883f0 <periph_module_disable>
400d2041:	000106        	j	400d2049 <clock_control_esp32_off+0x21>
400d2044:	03ad      	mov.n	a10, a3
400d2046:	b66da5        	call8	40088720 <non_shared_periph_module_disable>
400d2049:	020c      	movi.n	a2, 0
400d204b:	f01d      	retw.n
400d204d:	000000        	ill

400d2050 <clock_control_esp32_on>:
400d2050:	004136        	entry	a1, 32
400d2053:	20a220        	or	a10, a2, a2
400d2056:	20b330        	or	a11, a3, a3
400d2059:	ffcbe5        	call8	400d1d18 <clock_control_esp32_get_status>
400d205c:	112a26        	beqi	a10, 2, 400d2071 <clock_control_esp32_on+0x21>
400d205f:	e80c      	movi.n	a8, 14
400d2061:	072837        	blt	a8, a3, 400d206c <clock_control_esp32_on+0x1c>
400d2064:	03ad      	mov.n	a10, a3
400d2066:	b63525        	call8	400883b8 <periph_module_enable>
400d2069:	000106        	j	400d2071 <clock_control_esp32_on+0x21>
400d206c:	03ad      	mov.n	a10, a3
400d206e:	b63ca5        	call8	40088438 <non_shared_periph_module_enable>
400d2071:	020c      	movi.n	a2, 0
400d2073:	f01d      	retw.n
400d2075:	000000        	ill

400d2078 <clock_control_esp32_init>:
400d2078:	004136        	entry	a1, 32
400d207b:	1278      	l32i.n	a7, a2, 4
400d207d:	ff2ea5        	call8	400d1368 <esp_rtc_init>
400d2080:	07ad      	mov.n	a10, a7
400d2082:	ffe365        	call8	400d1eb8 <esp32_cpu_clock_configure>
400d2085:	0a2d      	mov.n	a2, a10
400d2087:	049a56        	bnez	a10, 400d20d4 <clock_control_esp32_init+0x5c>
400d208a:	37a8      	l32i.n	a10, a7, 12
400d208c:	b30f65        	call8	40085184 <rtc_clk_fast_src_set>
400d208f:	1007a2        	l8ui	a10, a7, 16
400d2092:	ffcc65        	call8	400d1d58 <esp32_select_rtc_slow_clk>
400d2095:	202aa0        	or	a2, a10, a10
400d2098:	8afc      	bnez.n	a10, 400d20d4 <clock_control_esp32_init+0x5c>
400d209a:	ff2de5        	call8	400d1378 <esp_perip_clk_init>
400d209d:	f826a1        	l32r	a10, 400d0138 <_image_irom_vaddr+0x138> (3ff000c0 <_rodata_end+0xaf00c0>)
400d20a0:	0020c0        	memw
400d20a3:	0a88      	l32i.n	a8, a10, 0
400d20a5:	f83291        	l32r	a9, 400d0170 <_image_irom_vaddr+0x170> (2000 <rtc_data_len>)
400d20a8:	208890        	or	a8, a8, a9
400d20ab:	0020c0        	memw
400d20ae:	0a89      	s32i.n	a8, a10, 0
400d20b0:	f82981        	l32r	a8, 400d0154 <_image_irom_vaddr+0x154> (3ff000c4 <_rodata_end+0xaf00c4>)
400d20b3:	0020c0        	memw
400d20b6:	0899      	s32i.n	a9, a8, 0
400d20b8:	090c      	movi.n	a9, 0
400d20ba:	0020c0        	memw
400d20bd:	0899      	s32i.n	a9, a8, 0
400d20bf:	f82d91        	l32r	a9, 400d0174 <_image_irom_vaddr+0x174> (3ff5f000 <TIMERG0>)
400d20c2:	0020c0        	memw
400d20c5:	122982        	l32i	a8, a9, 72
400d20c8:	f82ca1        	l32r	a10, 400d0178 <_image_irom_vaddr+0x178> (ffffbfff <_rtc_force_slow_end+0xafffbfd7>)
400d20cb:	1088a0        	and	a8, a8, a10
400d20ce:	0020c0        	memw
400d20d1:	126982        	s32i	a8, a9, 72
400d20d4:	f01d      	retw.n
	...

400d20d8 <uart_console_hook_install>:
400d20d8:	004136        	entry	a1, 32
400d20db:	f856a1        	l32r	a10, 400d0234 <_image_irom_vaddr+0x234> (40085f04 <console_out>)
400d20de:	ff5725        	call8	400d1650 <__stdout_hook_install>
400d20e1:	f854a1        	l32r	a10, 400d0234 <_image_irom_vaddr+0x234> (40085f04 <console_out>)
400d20e4:	fe4765        	call8	400d055c <__printk_hook_install>
400d20e7:	f01d      	retw.n
400d20e9:	000000        	ill

400d20ec <uart_console_init>:
400d20ec:	004136        	entry	a1, 32
400d20ef:	f852a1        	l32r	a10, 400d0238 <_image_irom_vaddr+0x238> (3f400d90 <__device_dts_ord_74>)
400d20f2:	b167a5        	call8	4008376c <z_impl_device_is_ready>
400d20f5:	008a16        	beqz	a10, 400d2101 <uart_console_init+0x15>
400d20f8:	fffde5        	call8	400d20d8 <uart_console_hook_install>
400d20fb:	00a022        	movi	a2, 0
400d20fe:	000046        	j	400d2103 <uart_console_init+0x17>
400d2101:	d26c      	movi.n	a2, -19
400d2103:	f01d      	retw.n
400d2105:	000000        	ill

400d2108 <rtcio_ll_iomux_func_sel>:
400d2108:	004136        	entry	a1, 32
400d210b:	f84ca1        	l32r	a10, 400d023c <_image_irom_vaddr+0x23c> (3f4002a0 <rtc_io_desc>)
400d210e:	f08220        	subx8	a8, a2, a2
400d2111:	b088a0        	addx8	a8, a8, a10
400d2114:	0898      	l32i.n	a9, a8, 0
400d2116:	0020c0        	memw
400d2119:	09b8      	l32i.n	a11, a9, 0
400d211b:	082d      	mov.n	a2, a8
400d211d:	28a8      	l32i.n	a10, a8, 8
400d211f:	380c      	movi.n	a8, 3
400d2121:	401a00        	ssl	a10
400d2124:	a18800        	sll	a8, a8
400d2127:	1088b0        	and	a8, a8, a11
400d212a:	3088b0        	xor	a8, a8, a11
400d212d:	143030        	extui	a3, a3, 0, 2
400d2130:	401a00        	ssl	a10
400d2133:	a13300        	sll	a3, a3
400d2136:	208830        	or	a8, a8, a3
400d2139:	0020c0        	memw
400d213c:	0989      	s32i.n	a8, a9, 0
400d213e:	f01d      	retw.n

400d2140 <rtcio_ll_function_select>:
400d2140:	004136        	entry	a1, 32
400d2143:	025356        	bnez	a3, 400d216c <rtcio_ll_function_select+0x2c>
400d2146:	f08220        	subx8	a8, a2, a2
400d2149:	f83c91        	l32r	a9, 400d023c <_image_irom_vaddr+0x23c> (3f4002a0 <rtc_io_desc>)
400d214c:	b08890        	addx8	a8, a8, a9
400d214f:	0028b2        	l32i	a11, a8, 0
400d2152:	0020c0        	memw
400d2155:	002b92        	l32i	a9, a11, 0
400d2158:	1888      	l32i.n	a8, a8, 4
400d215a:	208980        	or	a8, a9, a8
400d215d:	0020c0        	memw
400d2160:	0b89      	s32i.n	a8, a11, 0
400d2162:	0b0c      	movi.n	a11, 0
400d2164:	02ad      	mov.n	a10, a2
400d2166:	fffa25        	call8	400d2108 <rtcio_ll_iomux_func_sel>
400d2169:	0007c6        	j	400d218c <rtcio_ll_function_select+0x4c>
400d216c:	1c1366        	bnei	a3, 1, 400d218c <rtcio_ll_function_select+0x4c>
400d216f:	f833c1        	l32r	a12, 400d023c <_image_irom_vaddr+0x23c> (3f4002a0 <rtc_io_desc>)
400d2172:	f08220        	subx8	a8, a2, a2
400d2175:	b088c0        	addx8	a8, a8, a12
400d2178:	0898      	l32i.n	a9, a8, 0
400d217a:	0020c0        	memw
400d217d:	09b8      	l32i.n	a11, a9, 0
400d217f:	1888      	l32i.n	a8, a8, 4
400d2181:	1088b0        	and	a8, a8, a11
400d2184:	3088b0        	xor	a8, a8, a11
400d2187:	0020c0        	memw
400d218a:	0989      	s32i.n	a8, a9, 0
400d218c:	f01d      	retw.n
	...

400d2190 <rtcio_ll_set_drive_capability>:
400d2190:	004136        	entry	a1, 32
400d2193:	f08220        	subx8	a8, a2, a2
400d2196:	f82991        	l32r	a9, 400d023c <_image_irom_vaddr+0x23c> (3f4002a0 <rtc_io_desc>)
400d2199:	b08890        	addx8	a8, a8, a9
400d219c:	b888      	l32i.n	a8, a8, 44
400d219e:	e8ac      	beqz.n	a8, 400d21d0 <rtcio_ll_set_drive_capability+0x40>
400d21a0:	09bd      	mov.n	a11, a9
400d21a2:	f09220        	subx8	a9, a2, a2
400d21a5:	b099b0        	addx8	a9, a9, a11
400d21a8:	09a8      	l32i.n	a10, a9, 0
400d21aa:	0020c0        	memw
400d21ad:	0ac8      	l32i.n	a12, a10, 0
400d21af:	092d      	mov.n	a2, a9
400d21b1:	c9b8      	l32i.n	a11, a9, 48
400d21b3:	401b00        	ssl	a11
400d21b6:	a19800        	sll	a9, a8
400d21b9:	1099c0        	and	a9, a9, a12
400d21bc:	3099c0        	xor	a9, a9, a12
400d21bf:	108830        	and	a8, a8, a3
400d21c2:	401b00        	ssl	a11
400d21c5:	a18800        	sll	a8, a8
400d21c8:	208980        	or	a8, a9, a8
400d21cb:	0020c0        	memw
400d21ce:	0a89      	s32i.n	a8, a10, 0
400d21d0:	f01d      	retw.n
	...

400d21d4 <sys_slist_find_and_remove>:
400d21d4:	004136        	entry	a1, 32
400d21d7:	0288      	l32i.n	a8, a2, 0
400d21d9:	0b0c      	movi.n	a11, 0
400d21db:	0005c6        	j	400d21f6 <sys_slist_find_and_remove+0x22>
400d21de:	00          	.byte	00
400d21df:	00          	.byte	00
400d21e0:	0e9837        	bne	a8, a3, 400d21f2 <sys_slist_find_and_remove+0x1e>
400d21e3:	20c330        	or	a12, a3, a3
400d21e6:	20a220        	or	a10, a2, a2
400d21e9:	0186e5        	call8	400d3a58 <sys_slist_remove>
400d21ec:	01a022        	movi	a2, 1
400d21ef:	000206        	j	400d21fb <sys_slist_find_and_remove+0x27>
400d21f2:	08bd      	mov.n	a11, a8
400d21f4:	0888      	l32i.n	a8, a8, 0
400d21f6:	fe6856        	bnez	a8, 400d21e0 <sys_slist_find_and_remove+0xc>
400d21f9:	020c      	movi.n	a2, 0
400d21fb:	f01d      	retw.n
400d21fd:	000000        	ill

400d2200 <gpio_manage_callback>:
400d2200:	004136        	entry	a1, 32
400d2203:	002282        	l32i	a8, a2, 0
400d2206:	010816        	beqz	a8, 400d221a <gpio_manage_callback+0x1a>
400d2209:	20b330        	or	a11, a3, a3
400d220c:	02ad      	mov.n	a10, a2
400d220e:	fffc65        	call8	400d21d4 <sys_slist_find_and_remove>
400d2211:	dacc      	bnez.n	a10, 400d2222 <gpio_manage_callback+0x22>
400d2213:	d4cc      	bnez.n	a4, 400d2224 <gpio_manage_callback+0x24>
400d2215:	a26c      	movi.n	a2, -22
400d2217:	000846        	j	400d223c <gpio_manage_callback+0x3c>
400d221a:	64cc      	bnez.n	a4, 400d2224 <gpio_manage_callback+0x24>
400d221c:	a26c      	movi.n	a2, -22
400d221e:	000686        	j	400d223c <gpio_manage_callback+0x3c>
400d2221:	00          	.byte	00
400d2222:	f48c      	beqz.n	a4, 400d2235 <gpio_manage_callback+0x35>
400d2224:	0288      	l32i.n	a8, a2, 0
400d2226:	0389      	s32i.n	a8, a3, 0
400d2228:	0239      	s32i.n	a3, a2, 0
400d222a:	1288      	l32i.n	a8, a2, 4
400d222c:	a8cc      	bnez.n	a8, 400d223a <gpio_manage_callback+0x3a>
400d222e:	1239      	s32i.n	a3, a2, 4
400d2230:	020c      	movi.n	a2, 0
400d2232:	000186        	j	400d223c <gpio_manage_callback+0x3c>
400d2235:	020c      	movi.n	a2, 0
400d2237:	000046        	j	400d223c <gpio_manage_callback+0x3c>
400d223a:	020c      	movi.n	a2, 0
400d223c:	f01d      	retw.n
	...

400d2240 <convert_int_type>:
400d2240:	004136        	entry	a1, 32
400d2243:	f7c281        	l32r	a8, 400d014c <_image_irom_vaddr+0x14c> (200000 <CONFIG_SOC_ADC_SAMPLE_FREQ_THRES_HIGH+0x17b80>)
400d2246:	2e1287        	beq	a2, a8, 400d2278 <convert_int_type+0x38>
400d2249:	f7fd81        	l32r	a8, 400d0240 <_image_irom_vaddr+0x240> (400000 <CONFIG_FLASH_SIZE>)
400d224c:	109287        	bne	a2, a8, 400d2260 <convert_int_type+0x20>
400d224f:	f7fd81        	l32r	a8, 400d0244 <_image_irom_vaddr+0x244> (2000000 <CONFIG_SOC_GPIO_VALID_DIGITAL_IO_PAD_MASK+0x110f016>)
400d2252:	271387        	beq	a3, a8, 400d227d <convert_int_type+0x3d>
400d2255:	f7fc81        	l32r	a8, 400d0248 <_image_irom_vaddr+0x248> (4000000 <CONFIG_XTAL_FREQ_HZ+0x19da600>)
400d2258:	269387        	bne	a3, a8, 400d2282 <convert_int_type+0x42>
400d225b:	520c      	movi.n	a2, 5
400d225d:	000cc6        	j	400d2294 <convert_int_type+0x54>
400d2260:	f7fa81        	l32r	a8, 400d0248 <_image_irom_vaddr+0x248> (4000000 <CONFIG_XTAL_FREQ_HZ+0x19da600>)
400d2263:	211387        	beq	a3, a8, 400d2288 <convert_int_type+0x48>
400d2266:	f7f981        	l32r	a8, 400d024c <_image_irom_vaddr+0x24c> (6000000 <CONFIG_XTAL_FREQ_HZ+0x39da600>)
400d2269:	201387        	beq	a3, a8, 400d228d <convert_int_type+0x4d>
400d226c:	f7f681        	l32r	a8, 400d0244 <_image_irom_vaddr+0x244> (2000000 <CONFIG_SOC_GPIO_VALID_DIGITAL_IO_PAD_MASK+0x110f016>)
400d226f:	1f9387        	bne	a3, a8, 400d2292 <convert_int_type+0x52>
400d2272:	220c      	movi.n	a2, 2
400d2274:	000706        	j	400d2294 <convert_int_type+0x54>
400d2277:	00          	.byte	00
400d2278:	020c      	movi.n	a2, 0
400d227a:	000586        	j	400d2294 <convert_int_type+0x54>
400d227d:	420c      	movi.n	a2, 4
400d227f:	000446        	j	400d2294 <convert_int_type+0x54>
400d2282:	a26c      	movi.n	a2, -22
400d2284:	000306        	j	400d2294 <convert_int_type+0x54>
400d2287:	00          	.byte	00
400d2288:	120c      	movi.n	a2, 1
400d228a:	000186        	j	400d2294 <convert_int_type+0x54>
400d228d:	320c      	movi.n	a2, 3
400d228f:	000046        	j	400d2294 <convert_int_type+0x54>
400d2292:	a26c      	movi.n	a2, -22
400d2294:	f01d      	retw.n
	...

400d2298 <gpio_esp32_pin_interrupt_configure>:
400d2298:	006136        	entry	a1, 48
400d229b:	04ad      	mov.n	a10, a4
400d229d:	743030        	extui	a3, a3, 0, 8
400d22a0:	1268      	l32i.n	a6, a2, 4
400d22a2:	3688      	l32i.n	a8, a6, 12
400d22a4:	091866        	bnei	a8, 1, 400d22b1 <gpio_esp32_pin_interrupt_configure+0x19>
400d22a7:	f81c      	movi.n	a8, 31
400d22a9:	09b837        	bgeu	a8, a3, 400d22b6 <gpio_esp32_pin_interrupt_configure+0x1e>
400d22ac:	070c      	movi.n	a7, 0
400d22ae:	0001c6        	j	400d22b9 <gpio_esp32_pin_interrupt_configure+0x21>
400d22b1:	070c      	movi.n	a7, 0
400d22b3:	000086        	j	400d22b9 <gpio_esp32_pin_interrupt_configure+0x21>
400d22b6:	20a072        	movi	a7, 32
400d22b9:	807370        	add	a7, a3, a7
400d22bc:	bfafb2        	movi	a11, -65
400d22bf:	10b5b0        	and	a11, a5, a11
400d22c2:	fff7e5        	call8	400d2240 <convert_int_type>
400d22c5:	202aa0        	or	a2, a10, a10
400d22c8:	0eda96        	bltz	a10, 400d23b9 <gpio_esp32_pin_interrupt_configure+0x121>
400d22cb:	0063a0        	rsil	a10, 3
400d22ce:	1698      	l32i.n	a9, a6, 4
400d22d0:	20c782        	addi	a8, a7, 32
400d22d3:	a09890        	addx4	a9, a8, a9
400d22d6:	0020c0        	memw
400d22d9:	29b8      	l32i.n	a11, a9, 8
400d22db:	f7ddc1        	l32r	a12, 400d0250 <_image_irom_vaddr+0x250> (fffc1fff <_rtc_force_slow_end+0xaffc1fd7>)
400d22de:	10bbc0        	and	a11, a11, a12
400d22e1:	0020c0        	memw
400d22e4:	29b9      	s32i.n	a11, a9, 8
400d22e6:	1698      	l32i.n	a9, a6, 4
400d22e8:	a08890        	addx4	a8, a8, a9
400d22eb:	0020c0        	memw
400d22ee:	2898      	l32i.n	a9, a8, 8
400d22f0:	7facb2        	movi	a11, 0xfffffc7f
400d22f3:	1099b0        	and	a9, a9, a11
400d22f6:	0020c0        	memw
400d22f9:	2899      	s32i.n	a9, a8, 8
400d22fb:	3688      	l32i.n	a8, a6, 12
400d22fd:	18dc      	bnez.n	a8, 400d2312 <gpio_esp32_pin_interrupt_configure+0x7a>
400d22ff:	1698      	l32i.n	a9, a6, 4
400d2301:	180c      	movi.n	a8, 1
400d2303:	401300        	ssl	a3
400d2306:	a18800        	sll	a8, a8
400d2309:	0020c0        	memw
400d230c:	136982        	s32i	a8, a9, 76
400d230f:	000d46        	j	400d2348 <gpio_esp32_pin_interrupt_configure+0xb0>
400d2312:	16b8      	l32i.n	a11, a6, 4
400d2314:	190c      	movi.n	a9, 1
400d2316:	401300        	ssl	a3
400d2319:	a19900        	sll	a9, a9
400d231c:	0020c0        	memw
400d231f:	162b82        	l32i	a8, a11, 88
400d2322:	0020c0        	memw
400d2325:	0189      	s32i.n	a8, a1, 0
400d2327:	0020c0        	memw
400d232a:	0188      	l32i.n	a8, a1, 0
400d232c:	749090        	extui	a9, a9, 0, 8
400d232f:	00afc2        	movi	a12, 0xffffff00
400d2332:	1088c0        	and	a8, a8, a12
400d2335:	208890        	or	a8, a8, a9
400d2338:	0020c0        	memw
400d233b:	0189      	s32i.n	a8, a1, 0
400d233d:	0020c0        	memw
400d2340:	0188      	l32i.n	a8, a1, 0
400d2342:	0020c0        	memw
400d2345:	166b82        	s32i	a8, a11, 88
400d2348:	1688      	l32i.n	a8, a6, 4
400d234a:	20c792        	addi	a9, a7, 32
400d234d:	a09980        	addx4	a9, a9, a8
400d2350:	0020c0        	memw
400d2353:	2988      	l32i.n	a8, a9, 8
400d2355:	24b020        	extui	a11, a2, 0, 3
400d2358:	11bb90        	slli	a11, a11, 7
400d235b:	7facc2        	movi	a12, 0xfffffc7f
400d235e:	1088c0        	and	a8, a8, a12
400d2361:	2088b0        	or	a8, a8, a11
400d2364:	0020c0        	memw
400d2367:	2989      	s32i.n	a8, a9, 8
400d2369:	044216        	beqz	a2, 400d23b1 <gpio_esp32_pin_interrupt_configure+0x119>
400d236c:	1688      	l32i.n	a8, a6, 4
400d236e:	03f590        	rsr.misc1	a9
400d2371:	100992        	l8ui	a9, a9, 16
400d2374:	d9dc      	bnez.n	a9, 400d2395 <gpio_esp32_pin_interrupt_configure+0xfd>
400d2376:	20c772        	addi	a7, a7, 32
400d2379:	a07780        	addx4	a7, a7, a8
400d237c:	0020c0        	memw
400d237f:	2788      	l32i.n	a8, a7, 8
400d2381:	f7b391        	l32r	a9, 400d0250 <_image_irom_vaddr+0x250> (fffc1fff <_rtc_force_slow_end+0xaffc1fd7>)
400d2384:	108890        	and	a8, a8, a9
400d2387:	f72491        	l32r	a9, 400d0018 <_image_irom_vaddr+0x18> (8000 <CONFIG_SOC_ADC_SAMPLE_FREQ_THRES_LOW+0x31e0>)
400d238a:	208890        	or	a8, a8, a9
400d238d:	0020c0        	memw
400d2390:	2789      	s32i.n	a8, a7, 8
400d2392:	0006c6        	j	400d23b1 <gpio_esp32_pin_interrupt_configure+0x119>
400d2395:	20c772        	addi	a7, a7, 32
400d2398:	a07780        	addx4	a7, a7, a8
400d239b:	0020c0        	memw
400d239e:	2788      	l32i.n	a8, a7, 8
400d23a0:	f7ac91        	l32r	a9, 400d0250 <_image_irom_vaddr+0x250> (fffc1fff <_rtc_force_slow_end+0xaffc1fd7>)
400d23a3:	108890        	and	a8, a8, a9
400d23a6:	f77291        	l32r	a9, 400d0170 <_image_irom_vaddr+0x170> (2000 <rtc_data_len>)
400d23a9:	208890        	or	a8, a8, a9
400d23ac:	0020c0        	memw
400d23af:	2789      	s32i.n	a8, a7, 8
400d23b1:	13e6a0        	wsr.ps	a10
400d23b4:	002010        	rsync
400d23b7:	020c      	movi.n	a2, 0
400d23b9:	f01d      	retw.n
	...

400d23bc <gpio_esp32_manage_callback>:
400d23bc:	004136        	entry	a1, 32
400d23bf:	20b330        	or	a11, a3, a3
400d23c2:	0422a2        	l32i	a10, a2, 16
400d23c5:	74c040        	extui	a12, a4, 0, 8
400d23c8:	04caa2        	addi	a10, a10, 4
400d23cb:	ffe365        	call8	400d2200 <gpio_manage_callback>
400d23ce:	0a2d      	mov.n	a2, a10
400d23d0:	f01d      	retw.n
	...

400d23d4 <gpio_esp32_init>:
400d23d4:	004136        	entry	a1, 32
400d23d7:	027d      	mov.n	a7, a2
400d23d9:	f79e81        	l32r	a8, 400d0254 <_image_irom_vaddr+0x254> (3ffb31b9 <isr_connected$0>)
400d23dc:	000882        	l8ui	a8, a8, 0
400d23df:	98dc      	bnez.n	a8, 400d23fc <gpio_esp32_init+0x28>
400d23e1:	0e0c      	movi.n	a14, 0
400d23e3:	02dd      	mov.n	a13, a2
400d23e5:	f79cc1        	l32r	a12, 400d0258 <_image_irom_vaddr+0x258> (4008195c <gpio_esp32_isr>)
400d23e8:	00a4b2        	movi	a11, 0x400
400d23eb:	6a1c      	movi.n	a10, 22
400d23ed:	ff8aa5        	call8	400d1c98 <esp_intr_alloc>
400d23f0:	0a2d      	mov.n	a2, a10
400d23f2:	0adc      	bnez.n	a10, 400d2406 <gpio_esp32_init+0x32>
400d23f4:	f79881        	l32r	a8, 400d0254 <_image_irom_vaddr+0x254> (3ffb31b9 <isr_connected$0>)
400d23f7:	190c      	movi.n	a9, 1
400d23f9:	004892        	s8i	a9, a8, 0
400d23fc:	f798b1        	l32r	a11, 400d025c <_image_irom_vaddr+0x25c> (400d3c78 <gpio_esp32_pm_action>)
400d23ff:	07ad      	mov.n	a10, a7
400d2401:	0167e5        	call8	400d3a80 <pm_device_driver_init>
400d2404:	0a2d      	mov.n	a2, a10
400d2406:	f01d      	retw.n

400d2408 <rtcio_ll_iomux_func_sel>:
400d2408:	004136        	entry	a1, 32
400d240b:	f78ca1        	l32r	a10, 400d023c <_image_irom_vaddr+0x23c> (3f4002a0 <rtc_io_desc>)
400d240e:	f08220        	subx8	a8, a2, a2
400d2411:	b088a0        	addx8	a8, a8, a10
400d2414:	0898      	l32i.n	a9, a8, 0
400d2416:	0020c0        	memw
400d2419:	09b8      	l32i.n	a11, a9, 0
400d241b:	082d      	mov.n	a2, a8
400d241d:	28a8      	l32i.n	a10, a8, 8
400d241f:	380c      	movi.n	a8, 3
400d2421:	401a00        	ssl	a10
400d2424:	a18800        	sll	a8, a8
400d2427:	1088b0        	and	a8, a8, a11
400d242a:	3088b0        	xor	a8, a8, a11
400d242d:	143030        	extui	a3, a3, 0, 2
400d2430:	401a00        	ssl	a10
400d2433:	a13300        	sll	a3, a3
400d2436:	208830        	or	a8, a8, a3
400d2439:	0020c0        	memw
400d243c:	0989      	s32i.n	a8, a9, 0
400d243e:	f01d      	retw.n

400d2440 <rtcio_ll_function_select>:
400d2440:	004136        	entry	a1, 32
400d2443:	025356        	bnez	a3, 400d246c <rtcio_ll_function_select+0x2c>
400d2446:	f08220        	subx8	a8, a2, a2
400d2449:	f77c91        	l32r	a9, 400d023c <_image_irom_vaddr+0x23c> (3f4002a0 <rtc_io_desc>)
400d244c:	b08890        	addx8	a8, a8, a9
400d244f:	0028b2        	l32i	a11, a8, 0
400d2452:	0020c0        	memw
400d2455:	002b92        	l32i	a9, a11, 0
400d2458:	1888      	l32i.n	a8, a8, 4
400d245a:	208980        	or	a8, a9, a8
400d245d:	0020c0        	memw
400d2460:	0b89      	s32i.n	a8, a11, 0
400d2462:	0b0c      	movi.n	a11, 0
400d2464:	02ad      	mov.n	a10, a2
400d2466:	fffa25        	call8	400d2408 <rtcio_ll_iomux_func_sel>
400d2469:	0007c6        	j	400d248c <rtcio_ll_function_select+0x4c>
400d246c:	1c1366        	bnei	a3, 1, 400d248c <rtcio_ll_function_select+0x4c>
400d246f:	f773c1        	l32r	a12, 400d023c <_image_irom_vaddr+0x23c> (3f4002a0 <rtc_io_desc>)
400d2472:	f08220        	subx8	a8, a2, a2
400d2475:	b088c0        	addx8	a8, a8, a12
400d2478:	0898      	l32i.n	a9, a8, 0
400d247a:	0020c0        	memw
400d247d:	09b8      	l32i.n	a11, a9, 0
400d247f:	1888      	l32i.n	a8, a8, 4
400d2481:	1088b0        	and	a8, a8, a11
400d2484:	3088b0        	xor	a8, a8, a11
400d2487:	0020c0        	memw
400d248a:	0989      	s32i.n	a8, a9, 0
400d248c:	f01d      	retw.n
	...

400d2490 <esp32_pin_apply_config>:
400d2490:	006136        	entry	a1, 48
400d2493:	20a0a2        	movi	a10, 32
400d2496:	10a2a0        	and	a10, a2, a10
400d2499:	ffaf82        	movi	a8, -1
400d249c:	308280        	xor	a8, a2, a8
400d249f:	fea192        	movi	a9, 0x1fe
400d24a2:	401800        	ssl	a8
400d24a5:	a19900        	sll	a9, a9
400d24a8:	f76e81        	l32r	a8, 400d0260 <_image_irom_vaddr+0x260> (effffff <CONFIG_ESP_CLK_FREQ_HZ+0xb1e3ff>)
400d24ab:	400200        	ssr	a2
400d24ae:	918080        	srl	a8, a8
400d24b1:	208980        	or	a8, a9, a8
400d24b4:	ffa092        	movi	a9, 255
400d24b7:	400200        	ssr	a2
400d24ba:	919090        	srl	a9, a9
400d24bd:	9389a0        	movnez	a8, a9, a10
400d24c0:	02e807        	bbsi	a8, 0, 400d24c6 <esp32_pin_apply_config+0x36>
400d24c3:	009fc6        	j	400d2746 <esp32_pin_apply_config+0x2b6>
400d24c6:	27a082        	movi	a8, 39
400d24c9:	143827        	bltu	a8, a2, 400d24e1 <esp32_pin_apply_config+0x51>
400d24cc:	f76681        	l32r	a8, 400d0264 <_image_irom_vaddr+0x264> (3ffb156c <rtc_io_num_map>)
400d24cf:	882a      	add.n	a8, a8, a2
400d24d1:	0008a2        	l8ui	a10, a8, 0
400d24d4:	238a00        	sext	a8, a10, 7
400d24d7:	006896        	bltz	a8, 400d24e1 <esp32_pin_apply_config+0x51>
400d24da:	1b0c      	movi.n	a11, 1
400d24dc:	08ad      	mov.n	a10, a8
400d24de:	fff625        	call8	400d2440 <rtcio_ll_function_select>
400d24e1:	782c      	movi.n	a8, 39
400d24e3:	02b827        	bgeu	a8, a2, 400d24e9 <esp32_pin_apply_config+0x59>
400d24e6:	009886        	j	400d274c <esp32_pin_apply_config+0x2bc>
400d24e9:	749020        	extui	a9, a2, 0, 8
400d24ec:	f75f81        	l32r	a8, 400d0268 <_image_irom_vaddr+0x268> (3ffb15b4 <GPIO_PIN_MUX_REG_OFFSET>)
400d24ef:	889a      	add.n	a8, a8, a9
400d24f1:	000892        	l8ui	a9, a8, 0
400d24f4:	f75e81        	l32r	a8, 400d026c <_image_irom_vaddr+0x26c> (3ff49000 <SENS+0x800>)
400d24f7:	998a      	add.n	a9, a9, a8
400d24f9:	0020c0        	memw
400d24fc:	0988      	l32i.n	a8, a9, 0
400d24fe:	f746a1        	l32r	a10, 400d0218 <_image_irom_vaddr+0x218> (ffff8fff <_rtc_force_slow_end+0xafff8fd7>)
400d2501:	1088a0        	and	a8, a8, a10
400d2504:	f71ba1        	l32r	a10, 400d0170 <_image_irom_vaddr+0x170> (2000 <rtc_data_len>)
400d2507:	2088a0        	or	a8, a8, a10
400d250a:	0020c0        	memw
400d250d:	0989      	s32i.n	a8, a9, 0
400d250f:	396317        	bbci	a3, 1, 400d254c <esp32_pin_apply_config+0xbc>
400d2512:	f75581        	l32r	a8, 400d0268 <_image_irom_vaddr+0x268> (3ffb15b4 <GPIO_PIN_MUX_REG_OFFSET>)
400d2515:	882a      	add.n	a8, a8, a2
400d2517:	000882        	l8ui	a8, a8, 0
400d251a:	f75491        	l32r	a9, 400d026c <_image_irom_vaddr+0x26c> (3ff49000 <SENS+0x800>)
400d251d:	889a      	add.n	a8, a8, a9
400d251f:	0020c0        	memw
400d2522:	0898      	l32i.n	a9, a8, 0
400d2524:	7fafa2        	movi	a10, -129
400d2527:	1099a0        	and	a9, a9, a10
400d252a:	0020c0        	memw
400d252d:	0899      	s32i.n	a9, a8, 0
400d252f:	f75081        	l32r	a8, 400d0270 <_image_irom_vaddr+0x270> (3f400958 <GPIO_PIN_MUX_REG>)
400d2532:	a08280        	addx4	a8, a2, a8
400d2535:	0898      	l32i.n	a9, a8, 0
400d2537:	0020c0        	memw
400d253a:	0988      	l32i.n	a8, a9, 0
400d253c:	00a1a2        	movi	a10, 0x100
400d253f:	2088a0        	or	a8, a8, a10
400d2542:	0020c0        	memw
400d2545:	0989      	s32i.n	a8, a9, 0
400d2547:	000e46        	j	400d2584 <esp32_pin_apply_config+0xf4>
400d254a:	00          	.byte	00
400d254b:	00          	.byte	00
400d254c:	346327        	bbci	a3, 2, 400d2584 <esp32_pin_apply_config+0xf4>
400d254f:	f74681        	l32r	a8, 400d0268 <_image_irom_vaddr+0x268> (3ffb15b4 <GPIO_PIN_MUX_REG_OFFSET>)
400d2552:	882a      	add.n	a8, a8, a2
400d2554:	000882        	l8ui	a8, a8, 0
400d2557:	f74591        	l32r	a9, 400d026c <_image_irom_vaddr+0x26c> (3ff49000 <SENS+0x800>)
400d255a:	889a      	add.n	a8, a8, a9
400d255c:	0020c0        	memw
400d255f:	0898      	l32i.n	a9, a8, 0
400d2561:	ffaea2        	movi	a10, 0xfffffeff
400d2564:	1099a0        	and	a9, a9, a10
400d2567:	0020c0        	memw
400d256a:	0899      	s32i.n	a9, a8, 0
400d256c:	f74181        	l32r	a8, 400d0270 <_image_irom_vaddr+0x270> (3f400958 <GPIO_PIN_MUX_REG>)
400d256f:	a08280        	addx4	a8, a2, a8
400d2572:	0898      	l32i.n	a9, a8, 0
400d2574:	0020c0        	memw
400d2577:	0988      	l32i.n	a8, a9, 0
400d2579:	80a0a2        	movi	a10, 128
400d257c:	2088a0        	or	a8, a8, a10
400d257f:	0020c0        	memw
400d2582:	0989      	s32i.n	a8, a9, 0
400d2584:	02e367        	bbsi	a3, 6, 400d258a <esp32_pin_apply_config+0xfa>
400d2587:	004846        	j	400d26ac <esp32_pin_apply_config+0x21c>
400d258a:	0a2c      	movi.n	a10, 32
400d258c:	10a2a0        	and	a10, a2, a10
400d258f:	f87c      	movi.n	a8, -1
400d2591:	308280        	xor	a8, a2, a8
400d2594:	690c      	movi.n	a9, 6
400d2596:	401800        	ssl	a8
400d2599:	a19900        	sll	a9, a9
400d259c:	f73181        	l32r	a8, 400d0260 <_image_irom_vaddr+0x260> (effffff <CONFIG_ESP_CLK_FREQ_HZ+0xb1e3ff>)
400d259f:	400200        	ssr	a2
400d25a2:	918080        	srl	a8, a8
400d25a5:	208980        	or	a8, a9, a8
400d25a8:	390c      	movi.n	a9, 3
400d25aa:	400200        	ssr	a2
400d25ad:	919090        	srl	a9, a9
400d25b0:	9389a0        	movnez	a8, a9, a10
400d25b3:	02e807        	bbsi	a8, 0, 400d25b9 <esp32_pin_apply_config+0x129>
400d25b6:	0065c6        	j	400d2751 <esp32_pin_apply_config+0x2c1>
400d25b9:	1b6347        	bbci	a3, 4, 400d25d8 <esp32_pin_apply_config+0x148>
400d25bc:	20c282        	addi	a8, a2, 32
400d25bf:	f72d91        	l32r	a9, 400d0274 <_image_irom_vaddr+0x274> (3ff44000 <GPIO>)
400d25c2:	a08890        	addx4	a8, a8, a9
400d25c5:	0020c0        	memw
400d25c8:	2898      	l32i.n	a9, a8, 8
400d25ca:	4a0c      	movi.n	a10, 4
400d25cc:	2099a0        	or	a9, a9, a10
400d25cf:	0020c0        	memw
400d25d2:	2899      	s32i.n	a9, a8, 8
400d25d4:	000606        	j	400d25f0 <esp32_pin_apply_config+0x160>
400d25d7:	00          	.byte	00
400d25d8:	20c282        	addi	a8, a2, 32
400d25db:	f72691        	l32r	a9, 400d0274 <_image_irom_vaddr+0x274> (3ff44000 <GPIO>)
400d25de:	a08890        	addx4	a8, a8, a9
400d25e1:	0020c0        	memw
400d25e4:	2898      	l32i.n	a9, a8, 8
400d25e6:	ba7c      	movi.n	a10, -5
400d25e8:	1099a0        	and	a9, a9, a10
400d25eb:	0020c0        	memw
400d25ee:	2899      	s32i.n	a9, a8, 8
400d25f0:	2c6377        	bbci	a3, 7, 400d2620 <esp32_pin_apply_config+0x190>
400d25f3:	f81c      	movi.n	a8, 31
400d25f5:	133827        	bltu	a8, a2, 400d260c <esp32_pin_apply_config+0x17c>
400d25f8:	180c      	movi.n	a8, 1
400d25fa:	401200        	ssl	a2
400d25fd:	a18800        	sll	a8, a8
400d2600:	f71d91        	l32r	a9, 400d0274 <_image_irom_vaddr+0x274> (3ff44000 <GPIO>)
400d2603:	0020c0        	memw
400d2606:	2989      	s32i.n	a8, a9, 8
400d2608:	001006        	j	400d264c <esp32_pin_apply_config+0x1bc>
400d260b:	00          	.byte	00
400d260c:	180c      	movi.n	a8, 1
400d260e:	401200        	ssl	a2
400d2611:	a18800        	sll	a8, a8
400d2614:	f71891        	l32r	a9, 400d0274 <_image_irom_vaddr+0x274> (3ff44000 <GPIO>)
400d2617:	0020c0        	memw
400d261a:	5989      	s32i.n	a8, a9, 20
400d261c:	000b06        	j	400d264c <esp32_pin_apply_config+0x1bc>
400d261f:	00          	.byte	00
400d2620:	286387        	bbci	a3, 8, 400d264c <esp32_pin_apply_config+0x1bc>
400d2623:	f81c      	movi.n	a8, 31
400d2625:	133827        	bltu	a8, a2, 400d263c <esp32_pin_apply_config+0x1ac>
400d2628:	180c      	movi.n	a8, 1
400d262a:	401200        	ssl	a2
400d262d:	a18800        	sll	a8, a8
400d2630:	f71191        	l32r	a9, 400d0274 <_image_irom_vaddr+0x274> (3ff44000 <GPIO>)
400d2633:	0020c0        	memw
400d2636:	3989      	s32i.n	a8, a9, 12
400d2638:	000406        	j	400d264c <esp32_pin_apply_config+0x1bc>
400d263b:	00          	.byte	00
400d263c:	180c      	movi.n	a8, 1
400d263e:	401200        	ssl	a2
400d2641:	a18800        	sll	a8, a8
400d2644:	f70c91        	l32r	a9, 400d0274 <_image_irom_vaddr+0x274> (3ff44000 <GPIO>)
400d2647:	0020c0        	memw
400d264a:	6989      	s32i.n	a8, a9, 24
400d264c:	f81c      	movi.n	a8, 31
400d264e:	123827        	bltu	a8, a2, 400d2664 <esp32_pin_apply_config+0x1d4>
400d2651:	180c      	movi.n	a8, 1
400d2653:	401200        	ssl	a2
400d2656:	a18800        	sll	a8, a8
400d2659:	f70791        	l32r	a9, 400d0278 <_image_irom_vaddr+0x278> (3ff44000 <GPIO>)
400d265c:	0020c0        	memw
400d265f:	9989      	s32i.n	a8, a9, 36
400d2661:	000d06        	j	400d2699 <esp32_pin_apply_config+0x209>
400d2664:	f705a1        	l32r	a10, 400d0278 <_image_irom_vaddr+0x278> (3ff44000 <GPIO>)
400d2667:	0020c0        	memw
400d266a:	ca88      	l32i.n	a8, a10, 48
400d266c:	0020c0        	memw
400d266f:	1189      	s32i.n	a8, a1, 4
400d2671:	190c      	movi.n	a9, 1
400d2673:	401200        	ssl	a2
400d2676:	a19900        	sll	a9, a9
400d2679:	0020c0        	memw
400d267c:	1188      	l32i.n	a8, a1, 4
400d267e:	749090        	extui	a9, a9, 0, 8
400d2681:	00afb2        	movi	a11, 0xffffff00
400d2684:	1088b0        	and	a8, a8, a11
400d2687:	208890        	or	a8, a8, a9
400d268a:	0020c0        	memw
400d268d:	1189      	s32i.n	a8, a1, 4
400d268f:	0020c0        	memw
400d2692:	1188      	l32i.n	a8, a1, 4
400d2694:	0020c0        	memw
400d2697:	ca89      	s32i.n	a8, a10, 48
400d2699:	0d0c      	movi.n	a13, 0
400d269b:	0dcd      	mov.n	a12, a13
400d269d:	00a1b2        	movi	a11, 0x100
400d26a0:	02ad      	mov.n	a10, a2
400d26a2:	f6f681        	l32r	a8, 400d027c <_image_irom_vaddr+0x27c> (40009f0c <esp_rom_gpio_matrix_out>)
400d26a5:	0008e0        	callx8	a8
400d26a8:	001406        	j	400d26fc <esp32_pin_apply_config+0x26c>
400d26ab:	00          	.byte	00
400d26ac:	4ce397        	bbsi	a3, 9, 400d26fc <esp32_pin_apply_config+0x26c>
400d26af:	f81c      	movi.n	a8, 31
400d26b1:	123827        	bltu	a8, a2, 400d26c7 <esp32_pin_apply_config+0x237>
400d26b4:	180c      	movi.n	a8, 1
400d26b6:	401200        	ssl	a2
400d26b9:	a18800        	sll	a8, a8
400d26bc:	f6ef91        	l32r	a9, 400d0278 <_image_irom_vaddr+0x278> (3ff44000 <GPIO>)
400d26bf:	0020c0        	memw
400d26c2:	a989      	s32i.n	a8, a9, 40
400d26c4:	000d06        	j	400d26fc <esp32_pin_apply_config+0x26c>
400d26c7:	f6eca1        	l32r	a10, 400d0278 <_image_irom_vaddr+0x278> (3ff44000 <GPIO>)
400d26ca:	0020c0        	memw
400d26cd:	da88      	l32i.n	a8, a10, 52
400d26cf:	0020c0        	memw
400d26d2:	0189      	s32i.n	a8, a1, 0
400d26d4:	190c      	movi.n	a9, 1
400d26d6:	401200        	ssl	a2
400d26d9:	a19900        	sll	a9, a9
400d26dc:	0020c0        	memw
400d26df:	0188      	l32i.n	a8, a1, 0
400d26e1:	749090        	extui	a9, a9, 0, 8
400d26e4:	00afb2        	movi	a11, 0xffffff00
400d26e7:	1088b0        	and	a8, a8, a11
400d26ea:	208890        	or	a8, a8, a9
400d26ed:	0020c0        	memw
400d26f0:	0189      	s32i.n	a8, a1, 0
400d26f2:	0020c0        	memw
400d26f5:	0188      	l32i.n	a8, a1, 0
400d26f7:	0020c0        	memw
400d26fa:	da89      	s32i.n	a8, a10, 52
400d26fc:	216357        	bbci	a3, 5, 400d2721 <esp32_pin_apply_config+0x291>
400d26ff:	f6da81        	l32r	a8, 400d0268 <_image_irom_vaddr+0x268> (3ffb15b4 <GPIO_PIN_MUX_REG_OFFSET>)
400d2702:	882a      	add.n	a8, a8, a2
400d2704:	000882        	l8ui	a8, a8, 0
400d2707:	f6d991        	l32r	a9, 400d026c <_image_irom_vaddr+0x26c> (3ff49000 <SENS+0x800>)
400d270a:	889a      	add.n	a8, a8, a9
400d270c:	0020c0        	memw
400d270f:	0898      	l32i.n	a9, a8, 0
400d2711:	00a2a2        	movi	a10, 0x200
400d2714:	2099a0        	or	a9, a9, a10
400d2717:	0020c0        	memw
400d271a:	0899      	s32i.n	a9, a8, 0
400d271c:	020c      	movi.n	a2, 0
400d271e:	000d86        	j	400d2758 <esp32_pin_apply_config+0x2c8>
400d2721:	31e3a7        	bbsi	a3, 10, 400d2756 <esp32_pin_apply_config+0x2c6>
400d2724:	f6d181        	l32r	a8, 400d0268 <_image_irom_vaddr+0x268> (3ffb15b4 <GPIO_PIN_MUX_REG_OFFSET>)
400d2727:	882a      	add.n	a8, a8, a2
400d2729:	000882        	l8ui	a8, a8, 0
400d272c:	f6d091        	l32r	a9, 400d026c <_image_irom_vaddr+0x26c> (3ff49000 <SENS+0x800>)
400d272f:	889a      	add.n	a8, a8, a9
400d2731:	0020c0        	memw
400d2734:	0898      	l32i.n	a9, a8, 0
400d2736:	ffada2        	movi	a10, 0xfffffdff
400d2739:	1099a0        	and	a9, a9, a10
400d273c:	0020c0        	memw
400d273f:	0899      	s32i.n	a9, a8, 0
400d2741:	020c      	movi.n	a2, 0
400d2743:	000446        	j	400d2758 <esp32_pin_apply_config+0x2c8>
400d2746:	a26c      	movi.n	a2, -22
400d2748:	000306        	j	400d2758 <esp32_pin_apply_config+0x2c8>
400d274b:	00          	.byte	00
400d274c:	a26c      	movi.n	a2, -22
400d274e:	000186        	j	400d2758 <esp32_pin_apply_config+0x2c8>
400d2751:	a26c      	movi.n	a2, -22
400d2753:	000046        	j	400d2758 <esp32_pin_apply_config+0x2c8>
400d2756:	020c      	movi.n	a2, 0
400d2758:	f01d      	retw.n
	...

400d275c <esp32_pin_configure>:
400d275c:	004136        	entry	a1, 32
400d275f:	546020        	extui	a6, a2, 0, 6
400d2762:	845620        	extui	a5, a2, 6, 9
400d2765:	844f20        	extui	a4, a2, 15, 9
400d2768:	082c      	movi.n	a8, 32
400d276a:	102280        	and	a2, a2, a8
400d276d:	180c      	movi.n	a8, 1
400d276f:	838220        	moveqz	a8, a2, a2
400d2772:	f6c391        	l32r	a9, 400d0280 <_image_irom_vaddr+0x280> (3f400a68 <esp32_gpio_ports_addrs>)
400d2775:	a08890        	addx4	a8, a8, a9
400d2778:	0888      	l32i.n	a8, a8, 0
400d277a:	13b816        	beqz	a8, 400d28b9 <esp32_pin_configure+0x15d>
400d277d:	147030        	extui	a7, a3, 0, 2
400d2780:	0c2726        	beqi	a7, 2, 400d2790 <esp32_pin_configure+0x34>
400d2783:	073766        	bnei	a7, 3, 400d278e <esp32_pin_configure+0x32>
400d2786:	470c      	movi.n	a7, 4
400d2788:	000106        	j	400d2790 <esp32_pin_configure+0x34>
400d278b:	00          	.byte	00
400d278c:	00          	.byte	00
400d278d:	00          	.byte	00
400d278e:	070c      	movi.n	a7, 0
400d2790:	148230        	extui	a8, a3, 2, 2
400d2793:	051826        	beqi	a8, 1, 400d279c <esp32_pin_configure+0x40>
400d2796:	0a2826        	beqi	a8, 2, 400d27a4 <esp32_pin_configure+0x48>
400d2799:	000306        	j	400d27a9 <esp32_pin_configure+0x4d>
400d279c:	880c      	movi.n	a8, 8
400d279e:	207780        	or	a7, a7, a8
400d27a1:	000106        	j	400d27a9 <esp32_pin_configure+0x4d>
400d27a4:	081c      	movi.n	a8, 16
400d27a6:	207780        	or	a7, a7, a8
400d27a9:	01ae82        	movi	a8, 0xfffffe01
400d27ac:	958a      	add.n	a9, a5, a8
400d27ae:	40f990        	nsau	a9, a9
400d27b1:	419590        	srli	a9, a9, 5
400d27b4:	848a      	add.n	a8, a4, a8
400d27b6:	40f880        	nsau	a8, a8
400d27b9:	418580        	srli	a8, a8, 5
400d27bc:	020987        	bnone	a9, a8, 400d27c2 <esp32_pin_configure+0x66>
400d27bf:	003f46        	j	400d28c0 <esp32_pin_configure+0x164>
400d27c2:	ffa182        	movi	a8, 0x1ff
400d27c5:	041587        	beq	a5, a8, 400d27cd <esp32_pin_configure+0x71>
400d27c8:	082c      	movi.n	a8, 32
400d27ca:	207780        	or	a7, a7, a8
400d27cd:	ffa182        	movi	a8, 0x1ff
400d27d0:	041487        	beq	a4, a8, 400d27d8 <esp32_pin_configure+0x7c>
400d27d3:	084c      	movi.n	a8, 64
400d27d5:	207780        	or	a7, a7, a8
400d27d8:	148430        	extui	a8, a3, 4, 2
400d27db:	051826        	beqi	a8, 1, 400d27e4 <esp32_pin_configure+0x88>
400d27de:	0b2826        	beqi	a8, 2, 400d27ed <esp32_pin_configure+0x91>
400d27e1:	000386        	j	400d27f3 <esp32_pin_configure+0x97>
400d27e4:	80a082        	movi	a8, 128
400d27e7:	207780        	or	a7, a7, a8
400d27ea:	000146        	j	400d27f3 <esp32_pin_configure+0x97>
400d27ed:	00a182        	movi	a8, 0x100
400d27f0:	207780        	or	a7, a7, a8
400d27f3:	148630        	extui	a8, a3, 6, 2
400d27f6:	061826        	beqi	a8, 1, 400d2800 <esp32_pin_configure+0xa4>
400d27f9:	0c2826        	beqi	a8, 2, 400d2809 <esp32_pin_configure+0xad>
400d27fc:	0003c6        	j	400d280f <esp32_pin_configure+0xb3>
400d27ff:	00          	.byte	00
400d2800:	00a282        	movi	a8, 0x200
400d2803:	207780        	or	a7, a7, a8
400d2806:	000146        	j	400d280f <esp32_pin_configure+0xb3>
400d2809:	00a482        	movi	a8, 0x400
400d280c:	207780        	or	a7, a7, a8
400d280f:	056387        	bbci	a3, 8, 400d2818 <esp32_pin_configure+0xbc>
400d2812:	f67a81        	l32r	a8, 400d01fc <_image_irom_vaddr+0x1fc> (800 <CONFIG_ISR_STACK_SIZE>)
400d2815:	207780        	or	a7, a7, a8
400d2818:	356777        	bbci	a7, 7, 400d2851 <esp32_pin_configure+0xf5>
400d281b:	12dc      	bnez.n	a2, 400d2830 <esp32_pin_configure+0xd4>
400d281d:	180c      	movi.n	a8, 1
400d281f:	401600        	ssl	a6
400d2822:	a18800        	sll	a8, a8
400d2825:	f69391        	l32r	a9, 400d0274 <_image_irom_vaddr+0x274> (3ff44000 <GPIO>)
400d2828:	0020c0        	memw
400d282b:	2989      	s32i.n	a8, a9, 8
400d282d:	000806        	j	400d2851 <esp32_pin_configure+0xf5>
400d2830:	190c      	movi.n	a9, 1
400d2832:	401600        	ssl	a6
400d2835:	a19900        	sll	a9, a9
400d2838:	f693a1        	l32r	a10, 400d0284 <_image_irom_vaddr+0x284> (3ff44800 <GPIO+0x800>)
400d283b:	0020c0        	memw
400d283e:	5a88      	l32i.n	a8, a10, 20
400d2840:	749090        	extui	a9, a9, 0, 8
400d2843:	00afb2        	movi	a11, 0xffffff00
400d2846:	1088b0        	and	a8, a8, a11
400d2849:	208890        	or	a8, a8, a9
400d284c:	0020c0        	memw
400d284f:	5a89      	s32i.n	a8, a10, 20
400d2851:	386787        	bbci	a7, 8, 400d288d <esp32_pin_configure+0x131>
400d2854:	12dc      	bnez.n	a2, 400d2869 <esp32_pin_configure+0x10d>
400d2856:	180c      	movi.n	a8, 1
400d2858:	401600        	ssl	a6
400d285b:	a18800        	sll	a8, a8
400d285e:	f68591        	l32r	a9, 400d0274 <_image_irom_vaddr+0x274> (3ff44000 <GPIO>)
400d2861:	0020c0        	memw
400d2864:	3989      	s32i.n	a8, a9, 12
400d2866:	0008c6        	j	400d288d <esp32_pin_configure+0x131>
400d2869:	01a092        	movi	a9, 1
400d286c:	401600        	ssl	a6
400d286f:	a19900        	sll	a9, a9
400d2872:	f684a1        	l32r	a10, 400d0284 <_image_irom_vaddr+0x284> (3ff44800 <GPIO+0x800>)
400d2875:	0020c0        	memw
400d2878:	062a82        	l32i	a8, a10, 24
400d287b:	749090        	extui	a9, a9, 0, 8
400d287e:	00afb2        	movi	a11, 0xffffff00
400d2881:	1088b0        	and	a8, a8, a11
400d2884:	208890        	or	a8, a8, a9
400d2887:	0020c0        	memw
400d288a:	066a82        	s32i	a8, a10, 24
400d288d:	07bd      	mov.n	a11, a7
400d288f:	06ad      	mov.n	a10, a6
400d2891:	ffbfe5        	call8	400d2490 <esp32_pin_apply_config>
400d2894:	0d6767        	bbci	a7, 6, 400d28a5 <esp32_pin_configure+0x149>
400d2897:	0d0c      	movi.n	a13, 0
400d2899:	0dcd      	mov.n	a12, a13
400d289b:	04bd      	mov.n	a11, a4
400d289d:	06ad      	mov.n	a10, a6
400d289f:	f67781        	l32r	a8, 400d027c <_image_irom_vaddr+0x27c> (40009f0c <esp_rom_gpio_matrix_out>)
400d28a2:	0008e0        	callx8	a8
400d28a5:	1d6757        	bbci	a7, 5, 400d28c6 <esp32_pin_configure+0x16a>
400d28a8:	0c0c      	movi.n	a12, 0
400d28aa:	05bd      	mov.n	a11, a5
400d28ac:	06ad      	mov.n	a10, a6
400d28ae:	f67681        	l32r	a8, 400d0288 <_image_irom_vaddr+0x288> (40009edc <esp_rom_gpio_connect_in_signal>)
400d28b1:	0008e0        	callx8	a8
400d28b4:	020c      	movi.n	a2, 0
400d28b6:	000386        	j	400d28c8 <esp32_pin_configure+0x16c>
400d28b9:	a26c      	movi.n	a2, -22
400d28bb:	000246        	j	400d28c8 <esp32_pin_configure+0x16c>
400d28be:	00          	.byte	00
400d28bf:	00          	.byte	00
400d28c0:	7aaf22        	movi	a2, -134
400d28c3:	000046        	j	400d28c8 <esp32_pin_configure+0x16c>
400d28c6:	020c      	movi.n	a2, 0
400d28c8:	f01d      	retw.n
	...

400d28cc <pinctrl_configure_pins>:
400d28cc:	004136        	entry	a1, 32
400d28cf:	743030        	extui	a3, a3, 0, 8
400d28d2:	070c      	movi.n	a7, 0
400d28d4:	000546        	j	400d28ed <pinctrl_configure_pins+0x21>
400d28d7:	00          	.byte	00
400d28d8:	b08720        	addx8	a8, a7, a2
400d28db:	0128b2        	l32i	a11, a8, 4
400d28de:	0028a2        	l32i	a10, a8, 0
400d28e1:	ffe7a5        	call8	400d275c <esp32_pin_configure>
400d28e4:	00aa96        	bltz	a10, 400d28f2 <pinctrl_configure_pins+0x26>
400d28e7:	01c772        	addi	a7, a7, 1
400d28ea:	747070        	extui	a7, a7, 0, 8
400d28ed:	e73737        	bltu	a7, a3, 400d28d8 <pinctrl_configure_pins+0xc>
400d28f0:	0a0c      	movi.n	a10, 0
400d28f2:	0a2d      	mov.n	a2, a10
400d28f4:	f01d      	retw.n
	...

400d28f8 <uart_esp32_get_standard_baud>:
400d28f8:	00c136        	entry	a1, 96
400d28fb:	8c2c      	movi.n	a12, 40
400d28fd:	f663b1        	l32r	a11, 400d028c <_image_irom_vaddr+0x28c> (3ffb0d84 <libc_heap_size+0x4c>)
400d2900:	01ad      	mov.n	a10, a1
400d2902:	f60881        	l32r	a8, 400d0124 <_image_irom_vaddr+0x124> (4000c2c8 <memcpy>)
400d2905:	0008e0        	callx8	a8
400d2908:	070c      	movi.n	a7, 0
400d290a:	000bc6        	j	400d293d <uart_esp32_get_standard_baud+0x45>
400d290d:	a08710        	addx4	a8, a7, a1
400d2910:	002862        	l32i	a6, a8, 0
400d2913:	c08260        	sub	a8, a2, a6
400d2916:	608180        	abs	a8, a8
400d2919:	da0600        	ufloat.s	f0, a6, 0
400d291c:	fab040        	rfr	a11, f0
400d291f:	ca0800        	float.s	f0, a8, 0
400d2922:	faa040        	rfr	a10, f0
400d2925:	013fa5        	call8	400d3d20 <__divsf3>
400d2928:	0c61a2        	s32i	a10, a1, 48
400d292b:	fa0a50        	wfr	f0, a10
400d292e:	f65881        	l32r	a8, 400d0290 <_image_irom_vaddr+0x290> (3a83126f <CONFIG_SOC_MPU_MIN_REGION_SIZE+0x1a83126f>)
400d2931:	fa1850        	wfr	f1, a8
400d2934:	4b0010        	olt.s	b0, f0, f1
400d2937:	0a1076        	bt	b0, 400d2945 <uart_esp32_get_standard_baud+0x4d>
400d293a:	01c772        	addi	a7, a7, 1
400d293d:	980c      	movi.n	a8, 9
400d293f:	caa877        	bge	a8, a7, 400d290d <uart_esp32_get_standard_baud+0x15>
400d2942:	000046        	j	400d2947 <uart_esp32_get_standard_baud+0x4f>
400d2945:	062d      	mov.n	a2, a6
400d2947:	f01d      	retw.n
400d2949:	000000        	ill

400d294c <uart_esp32_config_get>:
400d294c:	008136        	entry	a1, 64
400d294f:	4268      	l32i.n	a6, a2, 16
400d2951:	768b      	addi.n	a7, a6, 8
400d2953:	10c1b2        	addi	a11, a1, 16
400d2956:	20a770        	or	a10, a7, a7
400d2959:	00ede5        	call8	400d3838 <uart_hal_get_sclk>
400d295c:	14c1c2        	addi	a12, a1, 20
400d295f:	0b0c      	movi.n	a11, 0
400d2961:	41a8      	l32i.n	a10, a1, 16
400d2963:	fe3965        	call8	400d0cf8 <esp_clk_tree_src_get_freq_hz>
400d2966:	51c8      	l32i.n	a12, a1, 20
400d2968:	18c1b2        	addi	a11, a1, 24
400d296b:	07ad      	mov.n	a10, a7
400d296d:	00ee65        	call8	400d3854 <uart_hal_get_baudrate>
400d2970:	61a8      	l32i.n	a10, a1, 24
400d2972:	fff865        	call8	400d28f8 <uart_esp32_get_standard_baud>
400d2975:	03a9      	s32i.n	a10, a3, 0
400d2977:	01bd      	mov.n	a11, a1
400d2979:	07ad      	mov.n	a10, a7
400d297b:	010065        	call8	400d3980 <uart_hal_get_parity>
400d297e:	0188      	l32i.n	a8, a1, 0
400d2980:	0c2826        	beqi	a8, 2, 400d2990 <uart_esp32_config_get+0x44>
400d2983:	123826        	beqi	a8, 3, 400d2999 <uart_esp32_config_get+0x4d>
400d2986:	0c2856        	bnez	a8, 400d2a4c <uart_esp32_config_get+0x100>
400d2989:	044382        	s8i	a8, a3, 4
400d298c:	0003c6        	j	400d299f <uart_esp32_config_get+0x53>
400d298f:	00          	.byte	00
400d2990:	280c      	movi.n	a8, 2
400d2992:	044382        	s8i	a8, a3, 4
400d2995:	000186        	j	400d299f <uart_esp32_config_get+0x53>
400d2998:	00          	.byte	00
400d2999:	01a082        	movi	a8, 1
400d299c:	044382        	s8i	a8, a3, 4
400d299f:	04c1b2        	addi	a11, a1, 4
400d29a2:	20a770        	or	a10, a7, a7
400d29a5:	00f425        	call8	400d38e8 <uart_hal_get_stop_bits>
400d29a8:	1188      	l32i.n	a8, a1, 4
400d29aa:	0e2826        	beqi	a8, 2, 400d29bc <uart_esp32_config_get+0x70>
400d29ad:	133826        	beqi	a8, 3, 400d29c4 <uart_esp32_config_get+0x78>
400d29b0:	021826        	beqi	a8, 1, 400d29b6 <uart_esp32_config_get+0x6a>
400d29b3:	002746        	j	400d2a54 <uart_esp32_config_get+0x108>
400d29b6:	054382        	s8i	a8, a3, 5
400d29b9:	000306        	j	400d29c9 <uart_esp32_config_get+0x7d>
400d29bc:	280c      	movi.n	a8, 2
400d29be:	054382        	s8i	a8, a3, 5
400d29c1:	000106        	j	400d29c9 <uart_esp32_config_get+0x7d>
400d29c4:	380c      	movi.n	a8, 3
400d29c6:	054382        	s8i	a8, a3, 5
400d29c9:	b18b      	addi.n	a11, a1, 8
400d29cb:	07ad      	mov.n	a10, a7
400d29cd:	00f665        	call8	400d3934 <uart_hal_get_data_bit_num>
400d29d0:	2188      	l32i.n	a8, a1, 8
400d29d2:	272826        	beqi	a8, 2, 400d29fd <uart_esp32_config_get+0xb1>
400d29d5:	0b38f6        	bgeui	a8, 3, 400d29e4 <uart_esp32_config_get+0x98>
400d29d8:	189c      	beqz.n	a8, 400d29ed <uart_esp32_config_get+0xa1>
400d29da:	171826        	beqi	a8, 1, 400d29f5 <uart_esp32_config_get+0xa9>
400d29dd:	7aaf22        	movi	a2, -134
400d29e0:	001f46        	j	400d2a61 <uart_esp32_config_get+0x115>
400d29e3:	00          	.byte	00
400d29e4:	1d3826        	beqi	a8, 3, 400d2a05 <uart_esp32_config_get+0xb9>
400d29e7:	7aaf22        	movi	a2, -134
400d29ea:	001cc6        	j	400d2a61 <uart_esp32_config_get+0x115>
400d29ed:	080c      	movi.n	a8, 0
400d29ef:	064382        	s8i	a8, a3, 6
400d29f2:	000546        	j	400d2a0b <uart_esp32_config_get+0xbf>
400d29f5:	180c      	movi.n	a8, 1
400d29f7:	064382        	s8i	a8, a3, 6
400d29fa:	000346        	j	400d2a0b <uart_esp32_config_get+0xbf>
400d29fd:	280c      	movi.n	a8, 2
400d29ff:	064382        	s8i	a8, a3, 6
400d2a02:	000146        	j	400d2a0b <uart_esp32_config_get+0xbf>
400d2a05:	03a082        	movi	a8, 3
400d2a08:	064382        	s8i	a8, a3, 6
400d2a0b:	0cc1b2        	addi	a11, a1, 12
400d2a0e:	20a770        	or	a10, a7, a7
400d2a11:	00f965        	call8	400d39a8 <uart_hal_get_hw_flow_ctrl>
400d2a14:	3188      	l32i.n	a8, a1, 12
400d2a16:	788c      	beqz.n	a8, 400d2a21 <uart_esp32_config_get+0xd5>
400d2a18:	0d3826        	beqi	a8, 3, 400d2a29 <uart_esp32_config_get+0xdd>
400d2a1b:	7aaf22        	movi	a2, -134
400d2a1e:	000fc6        	j	400d2a61 <uart_esp32_config_get+0x115>
400d2a21:	080c      	movi.n	a8, 0
400d2a23:	074382        	s8i	a8, a3, 7
400d2a26:	000106        	j	400d2a2e <uart_esp32_config_get+0xe2>
400d2a29:	180c      	movi.n	a8, 1
400d2a2b:	074382        	s8i	a8, a3, 7
400d2a2e:	2688      	l32i.n	a8, a6, 8
400d2a30:	0020c0        	memw
400d2a33:	112892        	l32i	a9, a8, 68
400d2a36:	206907        	bbci	a9, 0, 400d2a5a <uart_esp32_config_get+0x10e>
400d2a39:	0020c0        	memw
400d2a3c:	8888      	l32i.n	a8, a8, 32
400d2a3e:	1d6867        	bbci	a8, 6, 400d2a5f <uart_esp32_config_get+0x113>
400d2a41:	380c      	movi.n	a8, 3
400d2a43:	074382        	s8i	a8, a3, 7
400d2a46:	020c      	movi.n	a2, 0
400d2a48:	000546        	j	400d2a61 <uart_esp32_config_get+0x115>
400d2a4b:	00          	.byte	00
400d2a4c:	7aaf22        	movi	a2, -134
400d2a4f:	000386        	j	400d2a61 <uart_esp32_config_get+0x115>
400d2a52:	00          	.byte	00
400d2a53:	00          	.byte	00
400d2a54:	7aaf22        	movi	a2, -134
400d2a57:	000186        	j	400d2a61 <uart_esp32_config_get+0x115>
400d2a5a:	020c      	movi.n	a2, 0
400d2a5c:	000046        	j	400d2a61 <uart_esp32_config_get+0x115>
400d2a5f:	020c      	movi.n	a2, 0
400d2a61:	f01d      	retw.n
	...

400d2a64 <uart_esp32_configure>:
400d2a64:	006136        	entry	a1, 48
400d2a67:	1268      	l32i.n	a6, a2, 4
400d2a69:	4228      	l32i.n	a2, a2, 16
400d2a6b:	2298      	l32i.n	a9, a2, 8
400d2a6d:	0020c0        	memw
400d2a70:	8988      	l32i.n	a8, a9, 32
400d2a72:	f608a1        	l32r	a10, 400d0294 <_image_irom_vaddr+0x294> (8000000 <CONFIG_TIMER_RANDOM_INITIAL_STATE+0xa432eb>)
400d2a75:	2088a0        	or	a8, a8, a10
400d2a78:	0020c0        	memw
400d2a7b:	8989      	s32i.n	a8, a9, 32
400d2a7d:	728b      	addi.n	a7, a2, 8
400d2a7f:	6b1c      	movi.n	a11, 22
400d2a81:	07ad      	mov.n	a10, a7
400d2a83:	00f4e5        	call8	400d39d0 <uart_hal_set_rxfifo_full_thr>
400d2a86:	1b0c      	movi.n	a11, 1
400d2a88:	07ad      	mov.n	a10, a7
400d2a8a:	fdb665        	call8	400d05f0 <uart_hal_set_txfifo_empty_thr>
400d2a8d:	07ad      	mov.n	a10, a7
400d2a8f:	fdec65        	call8	400d0954 <uart_hal_rxfifo_rst>
400d2a92:	07ad      	mov.n	a10, a7
400d2a94:	fde8e5        	call8	400d0924 <uart_hal_txfifo_rst>
400d2a97:	040382        	l8ui	a8, a3, 4
400d2a9a:	201826        	beqi	a8, 1, 400d2abe <uart_esp32_configure+0x5a>
400d2a9d:	112826        	beqi	a8, 2, 400d2ab2 <uart_esp32_configure+0x4e>
400d2aa0:	159856        	bnez	a8, 400d2bfd <uart_esp32_configure+0x199>
400d2aa3:	00a0b2        	movi	a11, 0
400d2aa6:	20a770        	or	a10, a7, a7
400d2aa9:	00e9e5        	call8	400d3948 <uart_hal_set_parity>
400d2aac:	0005c6        	j	400d2ac7 <uart_esp32_configure+0x63>
400d2aaf:	00          	.byte	00
400d2ab0:	00          	.byte	00
400d2ab1:	00          	.byte	00
400d2ab2:	2b0c      	movi.n	a11, 2
400d2ab4:	07ad      	mov.n	a10, a7
400d2ab6:	00e925        	call8	400d3948 <uart_hal_set_parity>
400d2ab9:	000286        	j	400d2ac7 <uart_esp32_configure+0x63>
400d2abc:	00          	.byte	00
400d2abd:	00          	.byte	00
400d2abe:	03a0b2        	movi	a11, 3
400d2ac1:	20a770        	or	a10, a7, a7
400d2ac4:	00e825        	call8	400d3948 <uart_hal_set_parity>
400d2ac7:	050382        	l8ui	a8, a3, 5
400d2aca:	142826        	beqi	a8, 2, 400d2ae2 <uart_esp32_configure+0x7e>
400d2acd:	1d3826        	beqi	a8, 3, 400d2aee <uart_esp32_configure+0x8a>
400d2ad0:	021826        	beqi	a8, 1, 400d2ad6 <uart_esp32_configure+0x72>
400d2ad3:	004b46        	j	400d2c04 <uart_esp32_configure+0x1a0>
400d2ad6:	1b0c      	movi.n	a11, 1
400d2ad8:	07ad      	mov.n	a10, a7
400d2ada:	00dae5        	call8	400d3888 <uart_hal_set_stop_bits>
400d2add:	000586        	j	400d2af7 <uart_esp32_configure+0x93>
400d2ae0:	00          	.byte	00
400d2ae1:	00          	.byte	00
400d2ae2:	2b0c      	movi.n	a11, 2
400d2ae4:	07ad      	mov.n	a10, a7
400d2ae6:	00da25        	call8	400d3888 <uart_hal_set_stop_bits>
400d2ae9:	000286        	j	400d2af7 <uart_esp32_configure+0x93>
400d2aec:	00          	.byte	00
400d2aed:	00          	.byte	00
400d2aee:	03a0b2        	movi	a11, 3
400d2af1:	20a770        	or	a10, a7, a7
400d2af4:	00d925        	call8	400d3888 <uart_hal_set_stop_bits>
400d2af7:	060382        	l8ui	a8, a3, 6
400d2afa:	302826        	beqi	a8, 2, 400d2b2e <uart_esp32_configure+0xca>
400d2afd:	0b38f6        	bgeui	a8, 3, 400d2b0c <uart_esp32_configure+0xa8>
400d2b00:	012816        	beqz	a8, 400d2b16 <uart_esp32_configure+0xb2>
400d2b03:	1b1826        	beqi	a8, 1, 400d2b22 <uart_esp32_configure+0xbe>
400d2b06:	7aaf22        	movi	a2, -134
400d2b09:	0041c6        	j	400d2c14 <uart_esp32_configure+0x1b0>
400d2b0c:	283826        	beqi	a8, 3, 400d2b38 <uart_esp32_configure+0xd4>
400d2b0f:	7aaf22        	movi	a2, -134
400d2b12:	003f86        	j	400d2c14 <uart_esp32_configure+0x1b0>
400d2b15:	00          	.byte	00
400d2b16:	0b0c      	movi.n	a11, 0
400d2b18:	07ad      	mov.n	a10, a7
400d2b1a:	00dfa5        	call8	400d3914 <uart_hal_set_data_bit_num>
400d2b1d:	0007c6        	j	400d2b40 <uart_esp32_configure+0xdc>
400d2b20:	00          	.byte	00
400d2b21:	00          	.byte	00
400d2b22:	1b0c      	movi.n	a11, 1
400d2b24:	07ad      	mov.n	a10, a7
400d2b26:	00dee5        	call8	400d3914 <uart_hal_set_data_bit_num>
400d2b29:	0004c6        	j	400d2b40 <uart_esp32_configure+0xdc>
400d2b2c:	00          	.byte	00
400d2b2d:	00          	.byte	00
400d2b2e:	2b0c      	movi.n	a11, 2
400d2b30:	07ad      	mov.n	a10, a7
400d2b32:	00de25        	call8	400d3914 <uart_hal_set_data_bit_num>
400d2b35:	0001c6        	j	400d2b40 <uart_esp32_configure+0xdc>
400d2b38:	03a0b2        	movi	a11, 3
400d2b3b:	07ad      	mov.n	a10, a7
400d2b3d:	00dd65        	call8	400d3914 <uart_hal_set_data_bit_num>
400d2b40:	0b0c      	movi.n	a11, 0
400d2b42:	07ad      	mov.n	a10, a7
400d2b44:	fdaca5        	call8	400d0610 <uart_hal_set_mode>
400d2b47:	070382        	l8ui	a8, a3, 7
400d2b4a:	111826        	beqi	a8, 1, 400d2b5f <uart_esp32_configure+0xfb>
400d2b4d:	1b3826        	beqi	a8, 3, 400d2b6c <uart_esp32_configure+0x108>
400d2b50:	0b8856        	bnez	a8, 400d2c0c <uart_esp32_configure+0x1a8>
400d2b53:	0c0c      	movi.n	a12, 0
400d2b55:	0cbd      	mov.n	a11, a12
400d2b57:	07ad      	mov.n	a10, a7
400d2b59:	fda225        	call8	400d057c <uart_hal_set_hw_flow_ctrl>
400d2b5c:	0004c6        	j	400d2b73 <uart_esp32_configure+0x10f>
400d2b5f:	ac0c      	movi.n	a12, 10
400d2b61:	3b0c      	movi.n	a11, 3
400d2b63:	07ad      	mov.n	a10, a7
400d2b65:	fda165        	call8	400d057c <uart_hal_set_hw_flow_ctrl>
400d2b68:	0001c6        	j	400d2b73 <uart_esp32_configure+0x10f>
400d2b6b:	00          	.byte	00
400d2b6c:	1b0c      	movi.n	a11, 1
400d2b6e:	07ad      	mov.n	a10, a7
400d2b70:	fda9e5        	call8	400d0610 <uart_hal_set_mode>
400d2b73:	01bd      	mov.n	a11, a1
400d2b75:	07ad      	mov.n	a10, a7
400d2b77:	00cc25        	call8	400d3838 <uart_hal_get_sclk>
400d2b7a:	c14b      	addi.n	a12, a1, 4
400d2b7c:	0b0c      	movi.n	a11, 0
400d2b7e:	01a8      	l32i.n	a10, a1, 0
400d2b80:	fe1765        	call8	400d0cf8 <esp_clk_tree_src_get_freq_hz>
400d2b83:	22b8      	l32i.n	a11, a2, 8
400d2b85:	0398      	l32i.n	a9, a3, 0
400d2b87:	1188      	l32i.n	a8, a1, 4
400d2b89:	040916        	beqz	a9, 400d2bcd <uart_esp32_configure+0x169>
400d2b8c:	1188c0        	slli	a8, a8, 4
400d2b8f:	c28890        	quou	a8, a8, a9
400d2b92:	419480        	srli	a9, a8, 4
400d2b95:	f5c0a1        	l32r	a10, 400d0298 <_image_irom_vaddr+0x298> (fffff <procpu_iram0_len+0xc7fff>)
400d2b98:	313a97        	bltu	a10, a9, 400d2bcd <uart_esp32_configure+0x169>
400d2b9b:	0020c0        	memw
400d2b9e:	5ba8      	l32i.n	a10, a11, 20
400d2ba0:	119940        	slli	a9, a9, 12
400d2ba3:	419c90        	srli	a9, a9, 12
400d2ba6:	b5a4a0        	extui	a10, a10, 20, 12
400d2ba9:	01aac0        	slli	a10, a10, 20
400d2bac:	20aa90        	or	a10, a10, a9
400d2baf:	0020c0        	memw
400d2bb2:	5ba9      	s32i.n	a10, a11, 20
400d2bb4:	0020c0        	memw
400d2bb7:	5b98      	l32i.n	a9, a11, 20
400d2bb9:	348080        	extui	a8, a8, 0, 4
400d2bbc:	0188c0        	slli	a8, a8, 20
400d2bbf:	f59ca1        	l32r	a10, 400d0230 <_image_irom_vaddr+0x230> (ff0fffff <_rtc_force_slow_end+0xaf0fffd7>)
400d2bc2:	1099a0        	and	a9, a9, a10
400d2bc5:	208980        	or	a8, a9, a8
400d2bc8:	0020c0        	memw
400d2bcb:	5b89      	s32i.n	a8, a11, 20
400d2bcd:	6b1c      	movi.n	a11, 22
400d2bcf:	07ad      	mov.n	a10, a7
400d2bd1:	fdce25        	call8	400d08b4 <uart_hal_set_rx_timeout>
400d2bd4:	180682        	l8ui	a8, a6, 24
400d2bd7:	38cc      	bnez.n	a8, 400d2bde <uart_esp32_configure+0x17a>
400d2bd9:	0b0c      	movi.n	a11, 0
400d2bdb:	000046        	j	400d2be0 <uart_esp32_configure+0x17c>
400d2bde:	0b2c      	movi.n	a11, 32
400d2be0:	190682        	l8ui	a8, a6, 25
400d2be3:	788c      	beqz.n	a8, 400d2bee <uart_esp32_configure+0x18a>
400d2be5:	480c      	movi.n	a8, 4
400d2be7:	20bb80        	or	a11, a11, a8
400d2bea:	0000c6        	j	400d2bf1 <uart_esp32_configure+0x18d>
400d2bed:	00          	.byte	00
400d2bee:	020b16        	beqz	a11, 400d2c12 <uart_esp32_configure+0x1ae>
400d2bf1:	20a770        	or	a10, a7, a7
400d2bf4:	fdbda5        	call8	400d07d0 <uart_hal_inverse_signal>
400d2bf7:	00a022        	movi	a2, 0
400d2bfa:	000586        	j	400d2c14 <uart_esp32_configure+0x1b0>
400d2bfd:	7aaf22        	movi	a2, -134
400d2c00:	000406        	j	400d2c14 <uart_esp32_configure+0x1b0>
400d2c03:	00          	.byte	00
400d2c04:	7aaf22        	movi	a2, -134
400d2c07:	000246        	j	400d2c14 <uart_esp32_configure+0x1b0>
400d2c0a:	00          	.byte	00
400d2c0b:	00          	.byte	00
400d2c0c:	7aaf22        	movi	a2, -134
400d2c0f:	000046        	j	400d2c14 <uart_esp32_configure+0x1b0>
400d2c12:	020c      	movi.n	a2, 0
400d2c14:	f01d      	retw.n
	...

400d2c18 <uart_esp32_poll_out>:
400d2c18:	008136        	entry	a1, 64
400d2c1b:	104132        	s8i	a3, a1, 16
400d2c1e:	42a8      	l32i.n	a10, a2, 16
400d2c20:	022a82        	l32i	a8, a10, 8
400d2c23:	0020c0        	memw
400d2c26:	072882        	l32i	a8, a8, 28
400d2c29:	0020c0        	memw
400d2c2c:	016182        	s32i	a8, a1, 4
400d2c2f:	0020c0        	memw
400d2c32:	1188      	l32i.n	a8, a1, 4
400d2c34:	758080        	extui	a8, a8, 16, 8
400d2c37:	e5e826        	beqi	a8, 128, 400d2c20 <uart_esp32_poll_out+0x8>
400d2c3a:	01dd      	mov.n	a13, a1
400d2c3c:	1c0c      	movi.n	a12, 1
400d2c3e:	10c1b2        	addi	a11, a1, 16
400d2c41:	aa8b      	addi.n	a10, a10, 8
400d2c43:	fdd725        	call8	400d09b4 <uart_hal_write_txfifo>
400d2c46:	f01d      	retw.n

400d2c48 <uart_esp32_poll_in>:
400d2c48:	006136        	entry	a1, 48
400d2c4b:	03bd      	mov.n	a11, a3
400d2c4d:	42a8      	l32i.n	a10, a2, 16
400d2c4f:	180c      	movi.n	a8, 1
400d2c51:	0189      	s32i.n	a8, a1, 0
400d2c53:	2a98      	l32i.n	a9, a10, 8
400d2c55:	0020c0        	memw
400d2c58:	7988      	l32i.n	a8, a9, 28
400d2c5a:	0020c0        	memw
400d2c5d:	1189      	s32i.n	a8, a1, 4
400d2c5f:	0020c0        	memw
400d2c62:	1188      	l32i.n	a8, a1, 4
400d2c64:	74c080        	extui	a12, a8, 0, 8
400d2c67:	0020c0        	memw
400d2c6a:	182982        	l32i	a8, a9, 96
400d2c6d:	0020c0        	memw
400d2c70:	2189      	s32i.n	a8, a1, 8
400d2c72:	0020c0        	memw
400d2c75:	2188      	l32i.n	a8, a1, 8
400d2c77:	a48d80        	extui	a8, a8, 13, 11
400d2c7a:	0020c0        	memw
400d2c7d:	2198      	l32i.n	a9, a1, 8
400d2c7f:	a49290        	extui	a9, a9, 2, 11
400d2c82:	16b987        	bgeu	a9, a8, 400d2c9c <uart_esp32_poll_in+0x54>
400d2c85:	0020c0        	memw
400d2c88:	2188      	l32i.n	a8, a1, 8
400d2c8a:	a48d80        	extui	a8, a8, 13, 11
400d2c8d:	0020c0        	memw
400d2c90:	2198      	l32i.n	a9, a1, 8
400d2c92:	a49290        	extui	a9, a9, 2, 11
400d2c95:	c08890        	sub	a8, a8, a9
400d2c98:	000d86        	j	400d2cd2 <uart_esp32_poll_in+0x8a>
400d2c9b:	00          	.byte	00
400d2c9c:	0020c0        	memw
400d2c9f:	2198      	l32i.n	a9, a1, 8
400d2ca1:	a49d90        	extui	a9, a9, 13, 11
400d2ca4:	0020c0        	memw
400d2ca7:	2188      	l32i.n	a8, a1, 8
400d2ca9:	a48280        	extui	a8, a8, 2, 11
400d2cac:	1ab987        	bgeu	a9, a8, 400d2cca <uart_esp32_poll_in+0x82>
400d2caf:	0020c0        	memw
400d2cb2:	2188      	l32i.n	a8, a1, 8
400d2cb4:	a48d80        	extui	a8, a8, 13, 11
400d2cb7:	80a092        	movi	a9, 128
400d2cba:	889a      	add.n	a8, a8, a9
400d2cbc:	0020c0        	memw
400d2cbf:	2198      	l32i.n	a9, a1, 8
400d2cc1:	a49290        	extui	a9, a9, 2, 11
400d2cc4:	c08890        	sub	a8, a8, a9
400d2cc7:	0001c6        	j	400d2cd2 <uart_esp32_poll_in+0x8a>
400d2cca:	6ccc      	bnez.n	a12, 400d2cd4 <uart_esp32_poll_in+0x8c>
400d2ccc:	f27c      	movi.n	a2, -1
400d2cce:	000506        	j	400d2ce6 <uart_esp32_poll_in+0x9e>
400d2cd1:	00          	.byte	00
400d2cd2:	e88c      	beqz.n	a8, 400d2ce4 <uart_esp32_poll_in+0x9c>
400d2cd4:	20c110        	or	a12, a1, a1
400d2cd7:	08caa2        	addi	a10, a10, 8
400d2cda:	fdd3e5        	call8	400d0a18 <uart_hal_read_rxfifo>
400d2cdd:	00a022        	movi	a2, 0
400d2ce0:	000086        	j	400d2ce6 <uart_esp32_poll_in+0x9e>
400d2ce3:	00          	.byte	00
400d2ce4:	f27c      	movi.n	a2, -1
400d2ce6:	f01d      	retw.n

400d2ce8 <pinctrl_apply_state>:
400d2ce8:	006136        	entry	a1, 48
400d2ceb:	20a220        	or	a10, a2, a2
400d2cee:	20b330        	or	a11, a3, a3
400d2cf1:	20c110        	or	a12, a1, a1
400d2cf4:	00f9a5        	call8	400d3c90 <pinctrl_lookup_state>
400d2cf7:	0a2d      	mov.n	a2, a10
400d2cf9:	00da96        	bltz	a10, 400d2d0a <pinctrl_apply_state+0x22>
400d2cfc:	0188      	l32i.n	a8, a1, 0
400d2cfe:	0c0c      	movi.n	a12, 0
400d2d00:	0408b2        	l8ui	a11, a8, 4
400d2d03:	08a8      	l32i.n	a10, a8, 0
400d2d05:	ffbc65        	call8	400d28cc <pinctrl_configure_pins>
400d2d08:	0a2d      	mov.n	a2, a10
400d2d0a:	f01d      	retw.n

400d2d0c <uart_esp32_pm_action>:
400d2d0c:	004136        	entry	a1, 32
400d2d0f:	012282        	l32i	a8, a2, 4
400d2d12:	1033b6        	bltui	a3, 3, 400d2d26 <uart_esp32_pm_action+0x1a>
400d2d15:	133366        	bnei	a3, 3, 400d2d2c <uart_esp32_pm_action+0x20>
400d2d18:	00a0b2        	movi	a11, 0
400d2d1b:	0128a2        	l32i	a10, a8, 4
400d2d1e:	fffca5        	call8	400d2ce8 <pinctrl_apply_state>
400d2d21:	0a2d      	mov.n	a2, a10
400d2d23:	000206        	j	400d2d2f <uart_esp32_pm_action+0x23>
400d2d26:	020c      	movi.n	a2, 0
400d2d28:	0000c6        	j	400d2d2f <uart_esp32_pm_action+0x23>
400d2d2b:	00          	.byte	00
400d2d2c:	7aaf22        	movi	a2, -134
400d2d2f:	f01d      	retw.n
400d2d31:	000000        	ill

400d2d34 <uart_esp32_init>:
400d2d34:	004136        	entry	a1, 32
400d2d37:	027d      	mov.n	a7, a2
400d2d39:	4258      	l32i.n	a5, a2, 16
400d2d3b:	1268      	l32i.n	a6, a2, 4
400d2d3d:	f557b1        	l32r	a11, 400d029c <_image_irom_vaddr+0x29c> (400d2d0c <uart_esp32_pm_action>)
400d2d40:	20a220        	or	a10, a2, a2
400d2d43:	00f9a5        	call8	400d3cdc <pm_device_driver_init>
400d2d46:	0a2d      	mov.n	a2, a10
400d2d48:	020a96        	bltz	a10, 400d2d6c <uart_esp32_init+0x38>
400d2d4b:	06a8      	l32i.n	a10, a6, 0
400d2d4d:	b0a1e5        	call8	4008376c <z_impl_device_is_ready>
400d2d50:	6a9c      	beqz.n	a10, 400d2d6a <uart_esp32_init+0x36>
400d2d52:	26b8      	l32i.n	a11, a6, 8
400d2d54:	06a8      	l32i.n	a10, a6, 0
400d2d56:	00f6a5        	call8	400d3cc0 <clock_control_on>
400d2d59:	05bd      	mov.n	a11, a5
400d2d5b:	07ad      	mov.n	a10, a7
400d2d5d:	ffd065        	call8	400d2a64 <uart_esp32_configure>
400d2d60:	0a2d      	mov.n	a2, a10
400d2d62:	006a96        	bltz	a10, 400d2d6c <uart_esp32_init+0x38>
400d2d65:	020c      	movi.n	a2, 0
400d2d67:	000046        	j	400d2d6c <uart_esp32_init+0x38>
400d2d6a:	d26c      	movi.n	a2, -19
400d2d6c:	f01d      	retw.n
	...

400d2d70 <fprintf>:
400d2d70:	00a136        	entry	a1, 80
400d2d73:	10c1d2        	addi	a13, a1, 16
400d2d76:	30c1c2        	addi	a12, a1, 48
400d2d79:	8e0c      	movi.n	a14, 8
400d2d7b:	02ad      	mov.n	a10, a2
400d2d7d:	03bd      	mov.n	a11, a3
400d2d7f:	6149      	s32i.n	a4, a1, 24
400d2d81:	7159      	s32i.n	a5, a1, 28
400d2d83:	8169      	s32i.n	a6, a1, 32
400d2d85:	9179      	s32i.n	a7, a1, 36
400d2d87:	11d9      	s32i.n	a13, a1, 4
400d2d89:	01c9      	s32i.n	a12, a1, 0
400d2d8b:	21e9      	s32i.n	a14, a1, 8
400d2d8d:	000325        	call8	400d2dc0 <__l_vfprintf>
400d2d90:	0a2d      	mov.n	a2, a10
400d2d92:	f01d      	retw.n

400d2d94 <printf>:
400d2d94:	00a136        	entry	a1, 80
400d2d97:	f54281        	l32r	a8, 400d02a0 <_image_irom_vaddr+0x2a0> (3f4009f8 <stderr>)
400d2d9a:	10c1d2        	addi	a13, a1, 16
400d2d9d:	0028a2        	l32i	a10, a8, 0
400d2da0:	30c1c2        	addi	a12, a1, 48
400d2da3:	04a0e2        	movi	a14, 4
400d2da6:	20b220        	or	a11, a2, a2
400d2da9:	5139      	s32i.n	a3, a1, 20
400d2dab:	6149      	s32i.n	a4, a1, 24
400d2dad:	7159      	s32i.n	a5, a1, 28
400d2daf:	8169      	s32i.n	a6, a1, 32
400d2db1:	9179      	s32i.n	a7, a1, 36
400d2db3:	11d9      	s32i.n	a13, a1, 4
400d2db5:	01c9      	s32i.n	a12, a1, 0
400d2db7:	21e9      	s32i.n	a14, a1, 8
400d2db9:	000065        	call8	400d2dc0 <__l_vfprintf>
400d2dbc:	0a2d      	mov.n	a2, a10
400d2dbe:	f01d      	retw.n

400d2dc0 <__l_vfprintf>:
400d2dc0:	00e136        	entry	a1, 112
400d2dc3:	049d      	mov.n	a9, a4
400d2dc5:	020282        	l8ui	a8, a2, 2
400d2dc8:	03ad      	mov.n	a10, a3
400d2dca:	8149      	s32i.n	a4, a1, 32
400d2dcc:	b129      	s32i.n	a2, a1, 44
400d2dce:	9159      	s32i.n	a5, a1, 36
400d2dd0:	a169      	s32i.n	a6, a1, 40
400d2dd2:	d199      	s32i.n	a9, a1, 52
400d2dd4:	e159      	s32i.n	a5, a1, 56
400d2dd6:	c169      	s32i.n	a6, a1, 48
400d2dd8:	1238      	l32i.n	a3, a2, 4
400d2dda:	0a4d      	mov.n	a4, a10
400d2ddc:	02e817        	bbsi	a8, 1, 400d2de2 <__l_vfprintf+0x22>
400d2ddf:	020546        	j	400d35f8 <__l_vfprintf+0x838>
400d2de2:	000aa2        	l8ui	a10, a10, 0
400d2de5:	841b      	addi.n	a8, a4, 1
400d2de7:	1acc      	bnez.n	a10, 400d2dec <__l_vfprintf+0x2c>
400d2de9:	020406        	j	400d35fd <__l_vfprintf+0x83d>
400d2dec:	070c      	movi.n	a7, 0
400d2dee:	042d      	mov.n	a2, a4
400d2df0:	000286        	j	400d2dfe <__l_vfprintf+0x3e>
400d2df3:	00          	.byte	00
400d2df4:	0002a2        	l8ui	a10, a2, 0
400d2df7:	821b      	addi.n	a8, a2, 1
400d2df9:	1acc      	bnez.n	a10, 400d2dfe <__l_vfprintf+0x3e>
400d2dfb:	023446        	j	400d36d0 <__l_vfprintf+0x910>
400d2dfe:	592c      	movi.n	a9, 37
400d2e00:	0a9a97        	bne	a10, a9, 400d2e0e <__l_vfprintf+0x4e>
400d2e03:	010262        	l8ui	a6, a2, 1
400d2e06:	222b      	addi.n	a2, a2, 2
400d2e08:	1296a7        	bne	a6, a10, 400d2e1e <__l_vfprintf+0x5e>
400d2e0b:	000046        	j	400d2e10 <__l_vfprintf+0x50>
400d2e0e:	082d      	mov.n	a2, a8
400d2e10:	b1b8      	l32i.n	a11, a1, 44
400d2e12:	01c772        	addi	a7, a7, 1
400d2e15:	0003e0        	callx8	a3
400d2e18:	fd8ad6        	bgez	a10, 400d2df4 <__l_vfprintf+0x34>
400d2e1b:	01f2c6        	j	400d35ea <__l_vfprintf+0x82a>
400d2e1e:	0e0c      	movi.n	a14, 0
400d2e20:	028d      	mov.n	a8, a2
400d2e22:	0e4d      	mov.n	a4, a14
400d2e24:	0e5d      	mov.n	a5, a14
400d2e26:	f91c      	movi.n	a9, 31
400d2e28:	eb2c      	movi.n	a11, 46
400d2e2a:	9f0c      	movi.n	a15, 9
400d2e2c:	f520d1        	l32r	a13, 400d02ac <_image_irom_vaddr+0x2ac> (3f400a70 <esp32_gpio_ports_addrs+0x8>)
400d2e2f:	082d      	mov.n	a2, a8
400d2e31:	0c1c      	movi.n	a12, 16
400d2e33:	05b957        	bgeu	a9, a5, 400d2e3c <__l_vfprintf+0x7c>
400d2e36:	001606        	j	400d2e92 <__l_vfprintf+0xd2>
400d2e39:	00          	.byte	00
400d2e3a:	082d      	mov.n	a2, a8
400d2e3c:	e0c6a2        	addi	a10, a6, -32
400d2e3f:	5d3ca7        	bltu	a12, a10, 400d2ea0 <__l_vfprintf+0xe0>
400d2e42:	a0aad0        	addx4	a10, a10, a13
400d2e45:	0aa8      	l32i.n	a10, a10, 0
400d2e47:	000aa0        	jx	a10
400d2e4a:	000262        	l8ui	a6, a2, 0
400d2e4d:	1a0c      	movi.n	a10, 1
400d2e4f:	2055a0        	or	a5, a5, a10
400d2e52:	88aa      	add.n	a8, a8, a10
400d2e54:	fe2656        	bnez	a6, 400d2e3a <__l_vfprintf+0x7a>
400d2e57:	021846        	j	400d36bc <__l_vfprintf+0x8fc>
400d2e5a:	2a0c      	movi.n	a10, 2
400d2e5c:	2055a0        	or	a5, a5, a10
400d2e5f:	4a0c      	movi.n	a10, 4
400d2e61:	000262        	l8ui	a6, a2, 0
400d2e64:	2055a0        	or	a5, a5, a10
400d2e67:	f45050        	extui	a5, a5, 0, 16
400d2e6a:	881b      	addi.n	a8, a8, 1
400d2e6c:	fca656        	bnez	a6, 400d2e3a <__l_vfprintf+0x7a>
400d2e6f:	021246        	j	400d36bc <__l_vfprintf+0x8fc>
400d2e72:	000262        	l8ui	a6, a2, 0
400d2e75:	8a0c      	movi.n	a10, 8
400d2e77:	2055a0        	or	a5, a5, a10
400d2e7a:	881b      	addi.n	a8, a8, 1
400d2e7c:	fba656        	bnez	a6, 400d2e3a <__l_vfprintf+0x7a>
400d2e7f:	020e46        	j	400d36bc <__l_vfprintf+0x8fc>
400d2e82:	000262        	l8ui	a6, a2, 0
400d2e85:	0a1c      	movi.n	a10, 16
400d2e87:	2055a0        	or	a5, a5, a10
400d2e8a:	881b      	addi.n	a8, a8, 1
400d2e8c:	faa656        	bnez	a6, 400d2e3a <__l_vfprintf+0x7a>
400d2e8f:	020a46        	j	400d36bc <__l_vfprintf+0x8fc>
400d2e92:	7fa0a2        	movi	a10, 127
400d2e95:	02ba57        	bgeu	a10, a5, 400d2e9b <__l_vfprintf+0xdb>
400d2e98:	003806        	j	400d2f7c <__l_vfprintf+0x1bc>
400d2e9b:	000046        	j	400d2ea0 <__l_vfprintf+0xe0>
400d2e9e:	082d      	mov.n	a2, a8
400d2ea0:	d0c6a2        	addi	a10, a6, -48
400d2ea3:	3d3fa7        	bltu	a15, a10, 400d2ee4 <__l_vfprintf+0x124>
400d2ea6:	0c4c      	movi.n	a12, 64
400d2ea8:	2005c7        	bnone	a5, a12, 400d2ecc <__l_vfprintf+0x10c>
400d2eab:	9c0c      	movi.n	a12, 9
400d2ead:	000262        	l8ui	a6, a2, 0
400d2eb0:	a0eee0        	addx4	a14, a14, a14
400d2eb3:	90eea0        	addx2	a14, a14, a10
400d2eb6:	881b      	addi.n	a8, a8, 1
400d2eb8:	16cc      	bnez.n	a6, 400d2ebd <__l_vfprintf+0xfd>
400d2eba:	01ff86        	j	400d36bc <__l_vfprintf+0x8fc>
400d2ebd:	d0c6a2        	addi	a10, a6, -48
400d2ec0:	082d      	mov.n	a2, a8
400d2ec2:	e7bca7        	bgeu	a12, a10, 400d2ead <__l_vfprintf+0xed>
400d2ec5:	0006c6        	j	400d2ee4 <__l_vfprintf+0x124>
400d2ec8:	00          	.byte	00
400d2ec9:	00          	.byte	00
400d2eca:	082d      	mov.n	a2, a8
400d2ecc:	a04440        	addx4	a4, a4, a4
400d2ecf:	000262        	l8ui	a6, a2, 0
400d2ed2:	9044a0        	addx2	a4, a4, a10
400d2ed5:	0a2c      	movi.n	a10, 32
400d2ed7:	2055a0        	or	a5, a5, a10
400d2eda:	881b      	addi.n	a8, a8, 1
400d2edc:	fbe656        	bnez	a6, 400d2e9e <__l_vfprintf+0xde>
400d2edf:	01f646        	j	400d36bc <__l_vfprintf+0x8fc>
400d2ee2:	082d      	mov.n	a2, a8
400d2ee4:	aa2c      	movi.n	a10, 42
400d2ee6:	7296a7        	bne	a6, a10, 400d2f5c <__l_vfprintf+0x19c>
400d2ee9:	c1d8      	l32i.n	a13, a1, 48
400d2eeb:	ad4b      	addi.n	a10, a13, 4
400d2eed:	286567        	bbci	a5, 6, 400d2f19 <__l_vfprintf+0x159>
400d2ef0:	8c1c      	movi.n	a12, 24
400d2ef2:	062ca7        	blt	a12, a10, 400d2efc <__l_vfprintf+0x13c>
400d2ef5:	e1c8      	l32i.n	a12, a1, 56
400d2ef7:	c1a9      	s32i.n	a10, a1, 48
400d2ef9:	000346        	j	400d2f0a <__l_vfprintf+0x14a>
400d2efc:	02acd7        	bge	a12, a13, 400d2f02 <__l_vfprintf+0x142>
400d2eff:	0000c6        	j	400d2f06 <__l_vfprintf+0x146>
400d2f02:	0d2c      	movi.n	a13, 32
400d2f04:	4a2c      	movi.n	a10, 36
400d2f06:	d1c8      	l32i.n	a12, a1, 52
400d2f08:	c1a9      	s32i.n	a10, a1, 48
400d2f0a:	000262        	l8ui	a6, a2, 0
400d2f0d:	acda      	add.n	a10, a12, a13
400d2f0f:	0ae8      	l32i.n	a14, a10, 0
400d2f11:	881b      	addi.n	a8, a8, 1
400d2f13:	0ed656        	bnez	a6, 400d3004 <__l_vfprintf+0x244>
400d2f16:	01e886        	j	400d36bc <__l_vfprintf+0x8fc>
400d2f19:	4c1c      	movi.n	a12, 20
400d2f1b:	062cd7        	blt	a12, a13, 400d2f25 <__l_vfprintf+0x165>
400d2f1e:	e1c8      	l32i.n	a12, a1, 56
400d2f20:	c1a9      	s32i.n	a10, a1, 48
400d2f22:	0003c6        	j	400d2f35 <__l_vfprintf+0x175>
400d2f25:	8c1c      	movi.n	a12, 24
400d2f27:	02acd7        	bge	a12, a13, 400d2f2d <__l_vfprintf+0x16d>
400d2f2a:	0000c6        	j	400d2f31 <__l_vfprintf+0x171>
400d2f2d:	0d2c      	movi.n	a13, 32
400d2f2f:	4a2c      	movi.n	a10, 36
400d2f31:	d1c8      	l32i.n	a12, a1, 52
400d2f33:	c1a9      	s32i.n	a10, a1, 48
400d2f35:	acda      	add.n	a10, a12, a13
400d2f37:	0a48      	l32i.n	a4, a10, 0
400d2f39:	000262        	l8ui	a6, a2, 0
400d2f3c:	00c496        	bltz	a4, 400d2f4c <__l_vfprintf+0x18c>
400d2f3f:	0a2c      	movi.n	a10, 32
400d2f41:	2055a0        	or	a5, a5, a10
400d2f44:	881b      	addi.n	a8, a8, 1
400d2f46:	0a2656        	bnez	a6, 400d2fec <__l_vfprintf+0x22c>
400d2f49:	01dbc6        	j	400d36bc <__l_vfprintf+0x8fc>
400d2f4c:	8a2c      	movi.n	a10, 40
400d2f4e:	604040        	neg	a4, a4
400d2f51:	2055a0        	or	a5, a5, a10
400d2f54:	881b      	addi.n	a8, a8, 1
400d2f56:	092656        	bnez	a6, 400d2fec <__l_vfprintf+0x22c>
400d2f59:	01d7c6        	j	400d36bc <__l_vfprintf+0x8fc>
400d2f5c:	0216b7        	beq	a6, a11, 400d2f62 <__l_vfprintf+0x1a2>
400d2f5f:	01bd46        	j	400d3658 <__l_vfprintf+0x898>
400d2f62:	0a4c      	movi.n	a10, 64
400d2f64:	0205a7        	bnone	a5, a10, 400d2f6a <__l_vfprintf+0x1aa>
400d2f67:	01d946        	j	400d36d0 <__l_vfprintf+0x910>
400d2f6a:	000262        	l8ui	a6, a2, 0
400d2f6d:	20a5a0        	or	a10, a5, a10
400d2f70:	f450a0        	extui	a5, a10, 0, 16
400d2f73:	881b      	addi.n	a8, a8, 1
400d2f75:	f25656        	bnez	a6, 400d2e9e <__l_vfprintf+0xde>
400d2f78:	01d006        	j	400d36bc <__l_vfprintf+0x8fc>
400d2f7b:	00          	.byte	00
400d2f7c:	b4c6a2        	addi	a10, a6, -76
400d2f7f:	02bba7        	bgeu	a11, a10, 400d2f85 <__l_vfprintf+0x1c5>
400d2f82:	01b8c6        	j	400d3669 <__l_vfprintf+0x8a9>
400d2f85:	f4cac1        	l32r	a12, 400d02b0 <_image_irom_vaddr+0x2b0> (3f400ab4 <esp32_gpio_ports_addrs+0x4c>)
400d2f88:	a0aac0        	addx4	a10, a10, a12
400d2f8b:	0aa8      	l32i.n	a10, a10, 0
400d2f8d:	000aa0        	jx	a10
400d2f90:	08ad      	mov.n	a10, a8
400d2f92:	0a6577        	bbci	a5, 7, 400d2fa0 <__l_vfprintf+0x1e0>
400d2f95:	00a2c2        	movi	a12, 0x200
400d2f98:	2055c0        	or	a5, a5, a12
400d2f9b:	000046        	j	400d2fa0 <__l_vfprintf+0x1e0>
400d2f9e:	08ad      	mov.n	a10, a8
400d2fa0:	000a62        	l8ui	a6, a10, 0
400d2fa3:	881b      	addi.n	a8, a8, 1
400d2fa5:	80a0a2        	movi	a10, 128
400d2fa8:	2055a0        	or	a5, a5, a10
400d2fab:	082d      	mov.n	a2, a8
400d2fad:	fcb656        	bnez	a6, 400d2f7c <__l_vfprintf+0x1bc>
400d2fb0:	01c286        	j	400d36be <__l_vfprintf+0x8fe>
400d2fb3:	00          	.byte	00
400d2fb4:	08ad      	mov.n	a10, a8
400d2fb6:	0a6587        	bbci	a5, 8, 400d2fc4 <__l_vfprintf+0x204>
400d2fb9:	00a2c2        	movi	a12, 0x200
400d2fbc:	2055c0        	or	a5, a5, a12
400d2fbf:	000046        	j	400d2fc4 <__l_vfprintf+0x204>
400d2fc2:	08ad      	mov.n	a10, a8
400d2fc4:	000a62        	l8ui	a6, a10, 0
400d2fc7:	881b      	addi.n	a8, a8, 1
400d2fc9:	00a1a2        	movi	a10, 0x100
400d2fcc:	2055a0        	or	a5, a5, a10
400d2fcf:	082d      	mov.n	a2, a8
400d2fd1:	fa7656        	bnez	a6, 400d2f7c <__l_vfprintf+0x1bc>
400d2fd4:	01b986        	j	400d36be <__l_vfprintf+0x8fe>
400d2fd7:	00          	.byte	00
400d2fd8:	00          	.byte	00
400d2fd9:	000862        	l8ui	a6, a8, 0
400d2fdc:	80a2a2        	movi	a10, 0x280
400d2fdf:	881b      	addi.n	a8, a8, 1
400d2fe1:	2055a0        	or	a5, a5, a10
400d2fe4:	082d      	mov.n	a2, a8
400d2fe6:	f92656        	bnez	a6, 400d2f7c <__l_vfprintf+0x1bc>
400d2fe9:	01b446        	j	400d36be <__l_vfprintf+0x8fe>
400d2fec:	d0c6a2        	addi	a10, a6, -48
400d2fef:	9c0c      	movi.n	a12, 9
400d2ff1:	023ca7        	bltu	a12, a10, 400d2ff7 <__l_vfprintf+0x237>
400d2ff4:	ffb486        	j	400d2eca <__l_vfprintf+0x10a>
400d2ff7:	ffb9c6        	j	400d2ee2 <__l_vfprintf+0x122>
400d2ffa:	000262        	l8ui	a6, a2, 0
400d2ffd:	881b      	addi.n	a8, a8, 1
400d2fff:	16cc      	bnez.n	a6, 400d3004 <__l_vfprintf+0x244>
400d3001:	01adc6        	j	400d36bc <__l_vfprintf+0x8fc>
400d3004:	082d      	mov.n	a2, a8
400d3006:	ffa206        	j	400d2e92 <__l_vfprintf+0xd2>
400d3009:	00          	.byte	00
400d300a:	00          	.byte	00
400d300b:	000262        	l8ui	a6, a2, 0
400d300e:	881b      	addi.n	a8, a8, 1
400d3010:	e18656        	bnez	a6, 400d2e2c <__l_vfprintf+0x6c>
400d3013:	01a946        	j	400d36bc <__l_vfprintf+0x8fc>
400d3016:	0b0c      	movi.n	a11, 0
400d3018:	9fca82        	addi	a8, a10, -97
400d301b:	40f880        	nsau	a8, a8
400d301e:	418580        	srli	a8, a8, 5
400d3021:	2088b0        	or	a8, a8, a11
400d3024:	748080        	extui	a8, a8, 0, 8
400d3027:	007ed6        	bgez	a14, 400d3032 <__l_vfprintf+0x272>
400d302a:	bfafb2        	movi	a11, -65
400d302d:	1055b0        	and	a5, a5, a11
400d3030:	0e0c      	movi.n	a14, 0
400d3032:	f89c      	beqz.n	a8, 400d3055 <__l_vfprintf+0x295>
400d3034:	c188      	l32i.n	a8, a1, 48
400d3036:	8a7c      	movi.n	a10, -8
400d3038:	887b      	addi.n	a8, a8, 7
400d303a:	1088a0        	and	a8, a8, a10
400d303d:	988b      	addi.n	a9, a8, 8
400d303f:	c199      	s32i.n	a9, a1, 48
400d3041:	8a1c      	movi.n	a10, 24
400d3043:	06aa97        	bge	a10, a9, 400d304d <__l_vfprintf+0x28d>
400d3046:	032a87        	blt	a10, a8, 400d304d <__l_vfprintf+0x28d>
400d3049:	882c      	movi.n	a8, 40
400d304b:	c189      	s32i.n	a8, a1, 48
400d304d:	f49661        	l32r	a6, 400d02a8 <_image_irom_vaddr+0x2a8> (3f400298 <_image_drom_vaddr+0x298>)
400d3050:	780c      	movi.n	a8, 7
400d3052:	002086        	j	400d30d8 <__l_vfprintf+0x318>
400d3055:	9dc682        	addi	a8, a6, -99
400d3058:	2b1c      	movi.n	a11, 18
400d305a:	02bb87        	bgeu	a11, a8, 400d3060 <__l_vfprintf+0x2a0>
400d305d:	007bc6        	j	400d3250 <__l_vfprintf+0x490>
400d3060:	f495b1        	l32r	a11, 400d02b4 <_image_irom_vaddr+0x2b4> (3f400b70 <esp32_gpio_ports_addrs+0x108>)
400d3063:	a088b0        	addx4	a8, a8, a11
400d3066:	0888      	l32i.n	a8, a8, 0
400d3068:	0008a0        	jx	a8
400d306b:	c1b8      	l32i.n	a11, a1, 48
400d306d:	881c      	movi.n	a8, 24
400d306f:	ab4b      	addi.n	a10, a11, 4
400d3071:	0728a7        	blt	a8, a10, 400d307c <__l_vfprintf+0x2bc>
400d3074:	e188      	l32i.n	a8, a1, 56
400d3076:	c1a9      	s32i.n	a10, a1, 48
400d3078:	000406        	j	400d308c <__l_vfprintf+0x2cc>
400d307b:	00          	.byte	00
400d307c:	04a8b7        	bge	a8, a11, 400d3084 <__l_vfprintf+0x2c4>
400d307f:	c1a9      	s32i.n	a10, a1, 48
400d3081:	000146        	j	400d308a <__l_vfprintf+0x2ca>
400d3084:	482c      	movi.n	a8, 36
400d3086:	0b2c      	movi.n	a11, 32
400d3088:	c189      	s32i.n	a8, a1, 48
400d308a:	d188      	l32i.n	a8, a1, 52
400d308c:	88ba      	add.n	a8, a8, a11
400d308e:	08a8      	l32i.n	a10, a8, 0
400d3090:	016d      	mov.n	a6, a1
400d3092:	180c      	movi.n	a8, 1
400d3094:	0041a2        	s8i	a10, a1, 0
400d3097:	000f46        	j	400d30d8 <__l_vfprintf+0x318>
400d309a:	c1b8      	l32i.n	a11, a1, 48
400d309c:	881c      	movi.n	a8, 24
400d309e:	ab4b      	addi.n	a10, a11, 4
400d30a0:	0828a7        	blt	a8, a10, 400d30ac <__l_vfprintf+0x2ec>
400d30a3:	e188      	l32i.n	a8, a1, 56
400d30a5:	c1a9      	s32i.n	a10, a1, 48
400d30a7:	000446        	j	400d30bc <__l_vfprintf+0x2fc>
400d30aa:	00          	.byte	00
400d30ab:	00          	.byte	00
400d30ac:	04a8b7        	bge	a8, a11, 400d30b4 <__l_vfprintf+0x2f4>
400d30af:	c1a9      	s32i.n	a10, a1, 48
400d30b1:	000146        	j	400d30ba <__l_vfprintf+0x2fa>
400d30b4:	482c      	movi.n	a8, 36
400d30b6:	0b2c      	movi.n	a11, 32
400d30b8:	c189      	s32i.n	a8, a1, 48
400d30ba:	d188      	l32i.n	a8, a1, 52
400d30bc:	88ba      	add.n	a8, a8, a11
400d30be:	0868      	l32i.n	a6, a8, 0
400d30c0:	f479a1        	l32r	a10, 400d02a4 <_image_irom_vaddr+0x2a4> (3f400290 <_image_drom_vaddr+0x290>)
400d30c3:	048650        	extui	a8, a5, 6, 1
400d30c6:	836a60        	moveqz	a6, a10, a6
400d30c9:	fb7c      	movi.n	a11, -1
400d30cb:	93be80        	movnez	a11, a14, a8
400d30ce:	06ad      	mov.n	a10, a6
400d30d0:	f47b81        	l32r	a8, 400d02bc <_image_irom_vaddr+0x2bc> (4000c628 <strnlen>)
400d30d3:	0008e0        	callx8	a8
400d30d6:	0a8d      	mov.n	a8, a10
400d30d8:	04bd      	mov.n	a11, a4
400d30da:	32e537        	bbsi	a5, 3, 400d3110 <__l_vfprintf+0x350>
400d30dd:	2fb847        	bgeu	a8, a4, 400d3110 <__l_vfprintf+0x350>
400d30e0:	f169      	s32i.n	a6, a1, 60
400d30e2:	106172        	s32i	a7, a1, 64
400d30e5:	086d      	mov.n	a6, a8
400d30e7:	b178      	l32i.n	a7, a1, 44
400d30e9:	045d      	mov.n	a5, a4
400d30eb:	000046        	j	400d30f0 <__l_vfprintf+0x330>
400d30ee:	0a4d      	mov.n	a4, a10
400d30f0:	07bd      	mov.n	a11, a7
400d30f2:	20a0a2        	movi	a10, 32
400d30f5:	0003e0        	callx8	a3
400d30f8:	4eea96        	bltz	a10, 400d35ea <__l_vfprintf+0x82a>
400d30fb:	a40b      	addi.n	a10, a4, -1
400d30fd:	ed36a7        	bltu	a6, a10, 400d30ee <__l_vfprintf+0x32e>
400d3100:	102172        	l32i	a7, a1, 64
400d3103:	068d      	mov.n	a8, a6
400d3105:	971b      	addi.n	a9, a7, 1
400d3107:	995a      	add.n	a9, a9, a5
400d3109:	f168      	l32i.n	a6, a1, 60
400d310b:	c07940        	sub	a7, a9, a4
400d310e:	0abd      	mov.n	a11, a10
400d3110:	116122        	s32i	a2, a1, 68
400d3113:	074d      	mov.n	a4, a7
400d3115:	b128      	l32i.n	a2, a1, 44
400d3117:	587a      	add.n	a5, a8, a7
400d3119:	f189      	s32i.n	a8, a1, 60
400d311b:	1061b2        	s32i	a11, a1, 64
400d311e:	000446        	j	400d3133 <__l_vfprintf+0x373>
400d3121:	c08740        	sub	a8, a7, a4
400d3124:	868a      	add.n	a8, a6, a8
400d3126:	0008a2        	l8ui	a10, a8, 0
400d3129:	02bd      	mov.n	a11, a2
400d312b:	771b      	addi.n	a7, a7, 1
400d312d:	0003e0        	callx8	a3
400d3130:	4b6a96        	bltz	a10, 400d35ea <__l_vfprintf+0x82a>
400d3133:	ea9757        	bne	a7, a5, 400d3121 <__l_vfprintf+0x361>
400d3136:	012506        	j	400d35ce <__l_vfprintf+0x80e>
400d3139:	596577        	bbci	a5, 7, 400d3196 <__l_vfprintf+0x3d6>
400d313c:	2c6597        	bbci	a5, 9, 400d316c <__l_vfprintf+0x3ac>
400d313f:	c188      	l32i.n	a8, a1, 48
400d3141:	8a7c      	movi.n	a10, -8
400d3143:	887b      	addi.n	a8, a8, 7
400d3145:	1088a0        	and	a8, a8, a10
400d3148:	988b      	addi.n	a9, a8, 8
400d314a:	c199      	s32i.n	a9, a1, 48
400d314c:	8a1c      	movi.n	a10, 24
400d314e:	062a97        	blt	a10, a9, 400d3158 <__l_vfprintf+0x398>
400d3151:	e1a8      	l32i.n	a10, a1, 56
400d3153:	000306        	j	400d3163 <__l_vfprintf+0x3a3>
400d3156:	00          	.byte	00
400d3157:	00          	.byte	00
400d3158:	052a87        	blt	a10, a8, 400d3161 <__l_vfprintf+0x3a1>
400d315b:	892c      	movi.n	a9, 40
400d315d:	082c      	movi.n	a8, 32
400d315f:	c199      	s32i.n	a9, a1, 48
400d3161:	d1a8      	l32i.n	a10, a1, 52
400d3163:	8a8a      	add.n	a8, a10, a8
400d3165:	08a8      	l32i.n	a10, a8, 0
400d3167:	18b8      	l32i.n	a11, a8, 4
400d3169:	001a46        	j	400d31d6 <__l_vfprintf+0x416>
400d316c:	c1b8      	l32i.n	a11, a1, 48
400d316e:	881c      	movi.n	a8, 24
400d3170:	ab4b      	addi.n	a10, a11, 4
400d3172:	0628a7        	blt	a8, a10, 400d317c <__l_vfprintf+0x3bc>
400d3175:	e188      	l32i.n	a8, a1, 56
400d3177:	c1a9      	s32i.n	a10, a1, 48
400d3179:	0003c6        	j	400d318c <__l_vfprintf+0x3cc>
400d317c:	04a8b7        	bge	a8, a11, 400d3184 <__l_vfprintf+0x3c4>
400d317f:	c1a9      	s32i.n	a10, a1, 48
400d3181:	000146        	j	400d318a <__l_vfprintf+0x3ca>
400d3184:	482c      	movi.n	a8, 36
400d3186:	0b2c      	movi.n	a11, 32
400d3188:	c189      	s32i.n	a8, a1, 48
400d318a:	d188      	l32i.n	a8, a1, 52
400d318c:	88ba      	add.n	a8, a8, a11
400d318e:	08a8      	l32i.n	a10, a8, 0
400d3190:	31bfa0        	srai	a11, a10, 31
400d3193:	000fc6        	j	400d31d6 <__l_vfprintf+0x416>
400d3196:	c1b8      	l32i.n	a11, a1, 48
400d3198:	881c      	movi.n	a8, 24
400d319a:	ab4b      	addi.n	a10, a11, 4
400d319c:	0828a7        	blt	a8, a10, 400d31a8 <__l_vfprintf+0x3e8>
400d319f:	e188      	l32i.n	a8, a1, 56
400d31a1:	c1a9      	s32i.n	a10, a1, 48
400d31a3:	000446        	j	400d31b8 <__l_vfprintf+0x3f8>
400d31a6:	00          	.byte	00
400d31a7:	00          	.byte	00
400d31a8:	04a8b7        	bge	a8, a11, 400d31b0 <__l_vfprintf+0x3f0>
400d31ab:	c1a9      	s32i.n	a10, a1, 48
400d31ad:	000146        	j	400d31b6 <__l_vfprintf+0x3f6>
400d31b0:	482c      	movi.n	a8, 36
400d31b2:	0b2c      	movi.n	a11, 32
400d31b4:	c189      	s32i.n	a8, a1, 48
400d31b6:	d188      	l32i.n	a8, a1, 52
400d31b8:	88ba      	add.n	a8, a8, a11
400d31ba:	08a8      	l32i.n	a10, a8, 0
400d31bc:	04e587        	bbsi	a5, 8, 400d31c4 <__l_vfprintf+0x404>
400d31bf:	000406        	j	400d31d3 <__l_vfprintf+0x413>
400d31c2:	00          	.byte	00
400d31c3:	00          	.byte	00
400d31c4:	086597        	bbci	a5, 9, 400d31d0 <__l_vfprintf+0x410>
400d31c7:	23aa00        	sext	a10, a10, 7
400d31ca:	31bfa0        	srai	a11, a10, 31
400d31cd:	000146        	j	400d31d6 <__l_vfprintf+0x416>
400d31d0:	23aa80        	sext	a10, a10, 15
400d31d3:	31bfa0        	srai	a11, a10, 31
400d31d6:	f86c      	movi.n	a8, -17
400d31d8:	108580        	and	a8, a5, a8
400d31db:	01ebd6        	bgez	a11, 400d31fd <__l_vfprintf+0x43d>
400d31de:	1c0c      	movi.n	a12, 1
400d31e0:	00a4d2        	movi	a13, 0x400
400d31e3:	83caa0        	moveqz	a12, a10, a10
400d31e6:	60b0b0        	neg	a11, a11
400d31e9:	2088d0        	or	a8, a8, a13
400d31ec:	0f4c      	movi.n	a15, 64
400d31ee:	c0bbc0        	sub	a11, a11, a12
400d31f1:	60a0a0        	neg	a10, a10
400d31f4:	f48080        	extui	a8, a8, 0, 16
400d31f7:	10f5f0        	and	a15, a5, a15
400d31fa:	000606        	j	400d3216 <__l_vfprintf+0x456>
400d31fd:	0f4c      	movi.n	a15, 64
400d31ff:	20cab0        	or	a12, a10, a11
400d3202:	10f5f0        	and	a15, a5, a15
400d3205:	dccc      	bnez.n	a12, 400d3216 <__l_vfprintf+0x456>
400d3207:	0a4c      	movi.n	a10, 64
400d3209:	10f5a0        	and	a15, a5, a10
400d320c:	0205a7        	bnone	a5, a10, 400d3212 <__l_vfprintf+0x452>
400d320f:	149e16        	beqz	a14, 400d335c <__l_vfprintf+0x59c>
400d3212:	0a0c      	movi.n	a10, 0
400d3214:	0abd      	mov.n	a11, a10
400d3216:	20c110        	or	a12, a1, a1
400d3219:	0aa0d2        	movi	a13, 10
400d321c:	1161f2        	s32i	a15, a1, 68
400d321f:	1061e2        	s32i	a14, a1, 64
400d3222:	0f6182        	s32i	a8, a1, 60
400d3225:	00b565        	call8	400d3d7c <__ultoa_invert>
400d3228:	1121f2        	l32i	a15, a1, 68
400d322b:	f188      	l32i.n	a8, a1, 60
400d322d:	1021e2        	l32i	a14, a1, 64
400d3230:	c0ca10        	sub	a12, a10, a1
400d3233:	131f56        	bnez	a15, 400d3368 <__l_vfprintf+0x5a8>
400d3236:	0049c6        	j	400d3361 <__l_vfprintf+0x5a1>
400d3239:	f86c      	movi.n	a8, -17
400d323b:	105580        	and	a5, a5, a8
400d323e:	ad0c      	movi.n	a13, 10
400d3240:	000f86        	j	400d3282 <__l_vfprintf+0x4c2>
400d3243:	081c      	movi.n	a8, 16
400d3245:	205580        	or	a5, a5, a8
400d3248:	08dd      	mov.n	a13, a8
400d324a:	78a062        	movi	a6, 120
400d324d:	000c46        	j	400d3282 <__l_vfprintf+0x4c2>
400d3250:	78a082        	movi	a8, 120
400d3253:	0a9a87        	bne	a10, a8, 400d3261 <__l_vfprintf+0x4a1>
400d3256:	c0aa60        	sub	a10, a10, a6
400d3259:	081c      	movi.n	a8, 16
400d325b:	20da80        	or	a13, a10, a8
400d325e:	000806        	j	400d3282 <__l_vfprintf+0x4c2>
400d3261:	b158      	l32i.n	a5, a1, 44
400d3263:	25a0a2        	movi	a10, 37
400d3266:	20b550        	or	a11, a5, a5
400d3269:	0003e0        	callx8	a3
400d326c:	37aa96        	bltz	a10, 400d35ea <__l_vfprintf+0x82a>
400d326f:	05bd      	mov.n	a11, a5
400d3271:	06ad      	mov.n	a10, a6
400d3273:	772b      	addi.n	a7, a7, 2
400d3275:	0003e0        	callx8	a3
400d3278:	b78ad6        	bgez	a10, 400d2df4 <__l_vfprintf+0x34>
400d327b:	00dac6        	j	400d35ea <__l_vfprintf+0x82a>
400d327e:	8d0c      	movi.n	a13, 8
400d3280:	060c      	movi.n	a6, 0
400d3282:	576577        	bbci	a5, 7, 400d32dd <__l_vfprintf+0x51d>
400d3285:	2b6597        	bbci	a5, 9, 400d32b4 <__l_vfprintf+0x4f4>
400d3288:	c188      	l32i.n	a8, a1, 48
400d328a:	8a7c      	movi.n	a10, -8
400d328c:	887b      	addi.n	a8, a8, 7
400d328e:	1088a0        	and	a8, a8, a10
400d3291:	988b      	addi.n	a9, a8, 8
400d3293:	c199      	s32i.n	a9, a1, 48
400d3295:	8a1c      	movi.n	a10, 24
400d3297:	052a97        	blt	a10, a9, 400d32a0 <__l_vfprintf+0x4e0>
400d329a:	e1a8      	l32i.n	a10, a1, 56
400d329c:	0002c6        	j	400d32ab <__l_vfprintf+0x4eb>
400d329f:	00          	.byte	00
400d32a0:	052a87        	blt	a10, a8, 400d32a9 <__l_vfprintf+0x4e9>
400d32a3:	892c      	movi.n	a9, 40
400d32a5:	082c      	movi.n	a8, 32
400d32a7:	c199      	s32i.n	a9, a1, 48
400d32a9:	d1a8      	l32i.n	a10, a1, 52
400d32ab:	8a8a      	add.n	a8, a10, a8
400d32ad:	08a8      	l32i.n	a10, a8, 0
400d32af:	18b8      	l32i.n	a11, a8, 4
400d32b1:	001ac6        	j	400d3320 <__l_vfprintf+0x560>
400d32b4:	c1b8      	l32i.n	a11, a1, 48
400d32b6:	881c      	movi.n	a8, 24
400d32b8:	ab4b      	addi.n	a10, a11, 4
400d32ba:	0628a7        	blt	a8, a10, 400d32c4 <__l_vfprintf+0x504>
400d32bd:	e188      	l32i.n	a8, a1, 56
400d32bf:	c1a9      	s32i.n	a10, a1, 48
400d32c1:	0003c6        	j	400d32d4 <__l_vfprintf+0x514>
400d32c4:	04a8b7        	bge	a8, a11, 400d32cc <__l_vfprintf+0x50c>
400d32c7:	c1a9      	s32i.n	a10, a1, 48
400d32c9:	000146        	j	400d32d2 <__l_vfprintf+0x512>
400d32cc:	482c      	movi.n	a8, 36
400d32ce:	0b2c      	movi.n	a11, 32
400d32d0:	c189      	s32i.n	a8, a1, 48
400d32d2:	d188      	l32i.n	a8, a1, 52
400d32d4:	88ba      	add.n	a8, a8, a11
400d32d6:	08a8      	l32i.n	a10, a8, 0
400d32d8:	0b0c      	movi.n	a11, 0
400d32da:	001086        	j	400d3320 <__l_vfprintf+0x560>
400d32dd:	c1b8      	l32i.n	a11, a1, 48
400d32df:	881c      	movi.n	a8, 24
400d32e1:	ab4b      	addi.n	a10, a11, 4
400d32e3:	0628a7        	blt	a8, a10, 400d32ed <__l_vfprintf+0x52d>
400d32e6:	e188      	l32i.n	a8, a1, 56
400d32e8:	c1a9      	s32i.n	a10, a1, 48
400d32ea:	0003c6        	j	400d32fd <__l_vfprintf+0x53d>
400d32ed:	04a8b7        	bge	a8, a11, 400d32f5 <__l_vfprintf+0x535>
400d32f0:	c1a9      	s32i.n	a10, a1, 48
400d32f2:	000146        	j	400d32fb <__l_vfprintf+0x53b>
400d32f5:	482c      	movi.n	a8, 36
400d32f7:	0b2c      	movi.n	a11, 32
400d32f9:	c189      	s32i.n	a8, a1, 48
400d32fb:	d188      	l32i.n	a8, a1, 52
400d32fd:	88ba      	add.n	a8, a8, a11
400d32ff:	00a1c2        	movi	a12, 0x100
400d3302:	08a8      	l32i.n	a10, a8, 0
400d3304:	10b5c0        	and	a11, a5, a12
400d3307:	1505c7        	bnone	a5, a12, 400d3320 <__l_vfprintf+0x560>
400d330a:	00a282        	movi	a8, 0x200
400d330d:	10b580        	and	a11, a5, a8
400d3310:	090587        	bnone	a5, a8, 400d331d <__l_vfprintf+0x55d>
400d3313:	74a0a0        	extui	a10, a10, 0, 8
400d3316:	0b0c      	movi.n	a11, 0
400d3318:	000106        	j	400d3320 <__l_vfprintf+0x560>
400d331b:	00          	.byte	00
400d331c:	00          	.byte	00
400d331d:	f4a0a0        	extui	a10, a10, 0, 16
400d3320:	084c      	movi.n	a8, 64
400d3322:	20cab0        	or	a12, a10, a11
400d3325:	108580        	and	a8, a5, a8
400d3328:	dccc      	bnez.n	a12, 400d3339 <__l_vfprintf+0x579>
400d332a:	04a680        	extui	a10, a8, 6, 1
400d332d:	02ea07        	bbsi	a10, 0, 400d3333 <__l_vfprintf+0x573>
400d3330:	00c046        	j	400d3635 <__l_vfprintf+0x875>
400d3333:	2fee56        	bnez	a14, 400d3635 <__l_vfprintf+0x875>
400d3336:	000e46        	j	400d3373 <__l_vfprintf+0x5b3>
400d3339:	20c110        	or	a12, a1, a1
400d333c:	106182        	s32i	a8, a1, 64
400d333f:	0f61e2        	s32i	a14, a1, 60
400d3342:	00a3a5        	call8	400d3d7c <__ultoa_invert>
400d3345:	102182        	l32i	a8, a1, 64
400d3348:	0f21e2        	l32i	a14, a1, 60
400d334b:	c0ca10        	sub	a12, a10, a1
400d334e:	f8ec      	bnez.n	a8, 400d3381 <__l_vfprintf+0x5c1>
400d3350:	987c      	movi.n	a8, -7
400d3352:	108580        	and	a8, a5, a8
400d3355:	6fe547        	bbsi	a5, 4, 400d33c8 <__l_vfprintf+0x608>
400d3358:	002386        	j	400d33ea <__l_vfprintf+0x62a>
400d335b:	00          	.byte	00
400d335c:	e86c      	movi.n	a8, -18
400d335e:	108580        	and	a8, a5, a8
400d3361:	0cdd      	mov.n	a13, a12
400d3363:	001c46        	j	400d33d8 <__l_vfprintf+0x618>
400d3366:	00          	.byte	00
400d3367:	00          	.byte	00
400d3368:	e48180        	extui	a8, a8, 1, 15
400d336b:	888a      	add.n	a8, a8, a8
400d336d:	53dec0        	max	a13, a14, a12
400d3370:	001906        	j	400d33d8 <__l_vfprintf+0x618>
400d3373:	880c      	movi.n	a8, 8
400d3375:	10e580        	and	a14, a5, a8
400d3378:	028587        	bany	a5, a8, 400d337e <__l_vfprintf+0x5be>
400d337b:	00c446        	j	400d3690 <__l_vfprintf+0x8d0>
400d337e:	008406        	j	400d3592 <__l_vfprintf+0x7d2>
400d3381:	c48350        	extui	a8, a5, 3, 13
400d3384:	1188d0        	slli	a8, a8, 3
400d3387:	31ace7        	bge	a12, a14, 400d33bc <__l_vfprintf+0x5fc>
400d338a:	a6dc      	bnez.n	a6, 400d33a8 <__l_vfprintf+0x5e8>
400d338c:	886c      	movi.n	a8, -24
400d338e:	108580        	and	a8, a5, a8
400d3391:	686537        	bbci	a5, 3, 400d33fd <__l_vfprintf+0x63d>
400d3394:	000186        	j	400d339e <__l_vfprintf+0x5de>
400d3397:	00          	.byte	00
400d3398:	068656        	bnez	a6, 400d3404 <__l_vfprintf+0x644>
400d339b:	5e6537        	bbci	a5, 3, 400d33fd <__l_vfprintf+0x63d>
400d339e:	c044e0        	sub	a4, a4, a14
400d33a1:	076d      	mov.n	a6, a7
400d33a3:	007306        	j	400d3573 <__l_vfprintf+0x7b3>
400d33a6:	00          	.byte	00
400d33a7:	00          	.byte	00
400d33a8:	586547        	bbci	a5, 4, 400d3404 <__l_vfprintf+0x644>
400d33ab:	de2b      	addi.n	a13, a14, 2
400d33ad:	026537        	bbci	a5, 3, 400d33b3 <__l_vfprintf+0x5f3>
400d33b0:	003106        	j	400d3478 <__l_vfprintf+0x6b8>
400d33b3:	02ad47        	bge	a13, a4, 400d33b9 <__l_vfprintf+0x5f9>
400d33b6:	004286        	j	400d34c4 <__l_vfprintf+0x704>
400d33b9:	009786        	j	400d361b <__l_vfprintf+0x85b>
400d33bc:	08e547        	bbsi	a5, 4, 400d33c8 <__l_vfprintf+0x608>
400d33bf:	00b7c6        	j	400d36a2 <__l_vfprintf+0x8e2>
400d33c2:	0cdd      	mov.n	a13, a12
400d33c4:	00afc6        	j	400d3687 <__l_vfprintf+0x8c7>
400d33c7:	00          	.byte	00
400d33c8:	8a0c      	movi.n	a10, 8
400d33ca:	10a8a0        	and	a10, a8, a10
400d33cd:	04f616        	beqz	a6, 400d3420 <__l_vfprintf+0x660>
400d33d0:	dc2b      	addi.n	a13, a12, 2
400d33d2:	0a2a56        	bnez	a10, 400d3478 <__l_vfprintf+0x6b8>
400d33d5:	002306        	j	400d3465 <__l_vfprintf+0x6a5>
400d33d8:	8a0c      	movi.n	a10, 8
400d33da:	06a4b2        	movi	a11, 0x406
400d33dd:	10a8a0        	and	a10, a8, a10
400d33e0:	2508b7        	bnone	a8, a11, 400d3409 <__l_vfprintf+0x649>
400d33e3:	dd1b      	addi.n	a13, a13, 1
400d33e5:	fabc      	beqz.n	a10, 400d3428 <__l_vfprintf+0x668>
400d33e7:	001606        	j	400d3443 <__l_vfprintf+0x683>
400d33ea:	8a0c      	movi.n	a10, 8
400d33ec:	10b8a0        	and	a11, a8, a10
400d33ef:	0288a7        	bany	a8, a10, 400d33f5 <__l_vfprintf+0x635>
400d33f2:	002886        	j	400d3498 <__l_vfprintf+0x6d8>
400d33f5:	c044c0        	sub	a4, a4, a12
400d33f8:	076d      	mov.n	a6, a7
400d33fa:	005206        	j	400d3546 <__l_vfprintf+0x786>
400d33fd:	0edd      	mov.n	a13, a14
400d33ff:	060c      	movi.n	a6, 0
400d3401:	00a086        	j	400d3687 <__l_vfprintf+0x8c7>
400d3404:	0ead      	mov.n	a10, a14
400d3406:	0000c6        	j	400d340d <__l_vfprintf+0x64d>
400d3409:	0ead      	mov.n	a10, a14
400d340b:	0ded      	mov.n	a14, a13
400d340d:	8b0c      	movi.n	a11, 8
400d340f:	10b8b0        	and	a11, a8, a11
400d3412:	06ab16        	beqz	a11, 400d3480 <__l_vfprintf+0x6c0>
400d3415:	c044e0        	sub	a4, a4, a14
400d3418:	076d      	mov.n	a6, a7
400d341a:	0aed      	mov.n	a14, a10
400d341c:	004986        	j	400d3546 <__l_vfprintf+0x786>
400d341f:	00          	.byte	00
400d3420:	dc1b      	addi.n	a13, a12, 1
400d3422:	3aac      	beqz.n	a10, 400d3449 <__l_vfprintf+0x689>
400d3424:	000dc6        	j	400d345f <__l_vfprintf+0x69f>
400d3427:	00          	.byte	00
400d3428:	116807        	bbci	a8, 0, 400d343d <__l_vfprintf+0x67d>
400d342b:	c0b4d0        	sub	a11, a4, a13
400d342e:	0ced      	mov.n	a14, a12
400d3430:	022d47        	blt	a13, a4, 400d3436 <__l_vfprintf+0x676>
400d3433:	009146        	j	400d367c <__l_vfprintf+0x8bc>
400d3436:	ecba      	add.n	a14, a12, a11
400d3438:	0abd      	mov.n	a11, a10
400d343a:	008f86        	j	400d367c <__l_vfprintf+0x8bc>
400d343d:	02ad47        	bge	a13, a4, 400d3443 <__l_vfprintf+0x683>
400d3440:	002006        	j	400d34c4 <__l_vfprintf+0x704>
400d3443:	c044d0        	sub	a4, a4, a13
400d3446:	004306        	j	400d3556 <__l_vfprintf+0x796>
400d3449:	0f6807        	bbci	a8, 0, 400d345c <__l_vfprintf+0x69c>
400d344c:	c0e4d0        	sub	a14, a4, a13
400d344f:	022d47        	blt	a13, a4, 400d3455 <__l_vfprintf+0x695>
400d3452:	002e86        	j	400d3510 <__l_vfprintf+0x750>
400d3455:	ecea      	add.n	a14, a12, a14
400d3457:	064d      	mov.n	a4, a6
400d3459:	002dc6        	j	400d3514 <__l_vfprintf+0x754>
400d345c:	642d47        	blt	a13, a4, 400d34c4 <__l_vfprintf+0x704>
400d345f:	c044d0        	sub	a4, a4, a13
400d3462:	006706        	j	400d3602 <__l_vfprintf+0x842>
400d3465:	0c6807        	bbci	a8, 0, 400d3475 <__l_vfprintf+0x6b5>
400d3468:	c084d0        	sub	a8, a4, a13
400d346b:	452d47        	blt	a13, a4, 400d34b4 <__l_vfprintf+0x6f4>
400d346e:	084d      	mov.n	a4, a8
400d3470:	0ced      	mov.n	a14, a12
400d3472:	002786        	j	400d3514 <__l_vfprintf+0x754>
400d3475:	4b2d47        	blt	a13, a4, 400d34c4 <__l_vfprintf+0x704>
400d3478:	c044d0        	sub	a4, a4, a13
400d347b:	002546        	j	400d3514 <__l_vfprintf+0x754>
400d347e:	00          	.byte	00
400d347f:	00          	.byte	00
400d3480:	086807        	bbci	a8, 0, 400d348c <__l_vfprintf+0x6cc>
400d3483:	c084e0        	sub	a8, a4, a14
400d3486:	2c2e47        	blt	a14, a4, 400d34b6 <__l_vfprintf+0x6f6>
400d3489:	000886        	j	400d34af <__l_vfprintf+0x6ef>
400d348c:	302e47        	blt	a14, a4, 400d34c0 <__l_vfprintf+0x700>
400d348f:	c044e0        	sub	a4, a4, a14
400d3492:	0aed      	mov.n	a14, a10
400d3494:	001c86        	j	400d350a <__l_vfprintf+0x74a>
400d3497:	00          	.byte	00
400d3498:	086807        	bbci	a8, 0, 400d34a4 <__l_vfprintf+0x6e4>
400d349b:	c084c0        	sub	a8, a4, a12
400d349e:	142c47        	blt	a12, a4, 400d34b6 <__l_vfprintf+0x6f6>
400d34a1:	000286        	j	400d34af <__l_vfprintf+0x6ef>
400d34a4:	0cdd      	mov.n	a13, a12
400d34a6:	1a2c47        	blt	a12, a4, 400d34c4 <__l_vfprintf+0x704>
400d34a9:	c044c0        	sub	a4, a4, a12
400d34ac:	001686        	j	400d350a <__l_vfprintf+0x74a>
400d34af:	084d      	mov.n	a4, a8
400d34b1:	003746        	j	400d3592 <__l_vfprintf+0x7d2>
400d34b4:	0b1c      	movi.n	a11, 16
400d34b6:	ec8a      	add.n	a14, a12, a8
400d34b8:	040c      	movi.n	a4, 0
400d34ba:	056b56        	bnez	a11, 400d3514 <__l_vfprintf+0x754>
400d34bd:	001246        	j	400d350a <__l_vfprintf+0x74a>
400d34c0:	0edd      	mov.n	a13, a14
400d34c2:	0aed      	mov.n	a14, a10
400d34c4:	136172        	s32i	a7, a1, 76
400d34c7:	0d5d      	mov.n	a5, a13
400d34c9:	b178      	l32i.n	a7, a1, 44
400d34cb:	f189      	s32i.n	a8, a1, 60
400d34cd:	1061e2        	s32i	a14, a1, 64
400d34d0:	1161d2        	s32i	a13, a1, 68
400d34d3:	1261c2        	s32i	a12, a1, 72
400d34d6:	000046        	j	400d34db <__l_vfprintf+0x71b>
400d34d9:	0a5d      	mov.n	a5, a10
400d34db:	20b770        	or	a11, a7, a7
400d34de:	20a0a2        	movi	a10, 32
400d34e1:	0003e0        	callx8	a3
400d34e4:	102a96        	bltz	a10, 400d35ea <__l_vfprintf+0x82a>
400d34e7:	a51b      	addi.n	a10, a5, 1
400d34e9:	ec2a47        	blt	a10, a4, 400d34d9 <__l_vfprintf+0x719>
400d34ec:	132172        	l32i	a7, a1, 76
400d34ef:	1121d2        	l32i	a13, a1, 68
400d34f2:	971b      	addi.n	a9, a7, 1
400d34f4:	f188      	l32i.n	a8, a1, 60
400d34f6:	c099d0        	sub	a9, a9, a13
400d34f9:	1021e2        	l32i	a14, a1, 64
400d34fc:	1221c2        	l32i	a12, a1, 72
400d34ff:	795a      	add.n	a7, a9, a5
400d3501:	c044a0        	sub	a4, a4, a10
400d3504:	0ce847        	bbsi	a8, 4, 400d3514 <__l_vfprintf+0x754>
400d3507:	0010c6        	j	400d354e <__l_vfprintf+0x78e>
400d350a:	076d      	mov.n	a6, a7
400d350c:	000d86        	j	400d3546 <__l_vfprintf+0x786>
400d350f:	00          	.byte	00
400d3510:	0e4d      	mov.n	a4, a14
400d3512:	0ced      	mov.n	a14, a12
400d3514:	b1b8      	l32i.n	a11, a1, 44
400d3516:	0a3c      	movi.n	a10, 48
400d3518:	1061c2        	s32i	a12, a1, 64
400d351b:	f1e9      	s32i.n	a14, a1, 60
400d351d:	0003e0        	callx8	a3
400d3520:	0c6a96        	bltz	a10, 400d35ea <__l_vfprintf+0x82a>
400d3523:	f1e8      	l32i.n	a14, a1, 60
400d3525:	1021c2        	l32i	a12, a1, 64
400d3528:	46cc      	bnez.n	a6, 400d3530 <__l_vfprintf+0x770>
400d352a:	671b      	addi.n	a6, a7, 1
400d352c:	000586        	j	400d3546 <__l_vfprintf+0x786>
400d352f:	00          	.byte	00
400d3530:	b1b8      	l32i.n	a11, a1, 44
400d3532:	06ad      	mov.n	a10, a6
400d3534:	1061c2        	s32i	a12, a1, 64
400d3537:	f1e9      	s32i.n	a14, a1, 60
400d3539:	0003e0        	callx8	a3
400d353c:	f1e8      	l32i.n	a14, a1, 60
400d353e:	1021c2        	l32i	a12, a1, 64
400d3541:	672b      	addi.n	a6, a7, 2
400d3543:	0a3a96        	bltz	a10, 400d35ea <__l_vfprintf+0x82a>
400d3546:	067d      	mov.n	a7, a6
400d3548:	46ace7        	bge	a12, a14, 400d3592 <__l_vfprintf+0x7d2>
400d354b:	000906        	j	400d3573 <__l_vfprintf+0x7b3>
400d354e:	06a4a2        	movi	a10, 0x406
400d3551:	076d      	mov.n	a6, a7
400d3553:	ef08a7        	bnone	a8, a10, 400d3546 <__l_vfprintf+0x786>
400d3556:	04b180        	extui	a11, a8, 1, 1
400d3559:	0a2c      	movi.n	a10, 32
400d355b:	bd2c      	movi.n	a13, 43
400d355d:	83dab0        	moveqz	a13, a10, a11
400d3560:	048a80        	extui	a8, a8, 10, 1
400d3563:	da2c      	movi.n	a10, 45
400d3565:	b1b8      	l32i.n	a11, a1, 44
400d3567:	1061c2        	s32i	a12, a1, 64
400d356a:	f1e9      	s32i.n	a14, a1, 60
400d356c:	83ad80        	moveqz	a10, a13, a8
400d356f:	002606        	j	400d360b <__l_vfprintf+0x84b>
400d3572:	00          	.byte	00
400d3573:	ee6a      	add.n	a14, a14, a6
400d3575:	b158      	l32i.n	a5, a1, 44
400d3577:	c07ec0        	sub	a7, a14, a12
400d357a:	f1c9      	s32i.n	a12, a1, 60
400d357c:	05bd      	mov.n	a11, a5
400d357e:	0a3c      	movi.n	a10, 48
400d3580:	661b      	addi.n	a6, a6, 1
400d3582:	0003e0        	callx8	a3
400d3585:	061a96        	bltz	a10, 400d35ea <__l_vfprintf+0x82a>
400d3588:	f09677        	bne	a6, a7, 400d357c <__l_vfprintf+0x7bc>
400d358b:	f1c8      	l32i.n	a12, a1, 60
400d358d:	000046        	j	400d3592 <__l_vfprintf+0x7d2>
400d3590:	0ecd      	mov.n	a12, a14
400d3592:	5c0b      	addi.n	a5, a12, -1
400d3594:	515a      	add.n	a5, a1, a5
400d3596:	106172        	s32i	a7, a1, 64
400d3599:	610b      	addi.n	a6, a1, -1
400d359b:	057d      	mov.n	a7, a5
400d359d:	f1c9      	s32i.n	a12, a1, 60
400d359f:	b158      	l32i.n	a5, a1, 44
400d35a1:	000306        	j	400d35b1 <__l_vfprintf+0x7f1>
400d35a4:	0007a2        	l8ui	a10, a7, 0
400d35a7:	05bd      	mov.n	a11, a5
400d35a9:	0003e0        	callx8	a3
400d35ac:	770b      	addi.n	a7, a7, -1
400d35ae:	038a96        	bltz	a10, 400d35ea <__l_vfprintf+0x82a>
400d35b1:	ef9677        	bne	a6, a7, 400d35a4 <__l_vfprintf+0x7e4>
400d35b4:	f1c8      	l32i.n	a12, a1, 60
400d35b6:	102172        	l32i	a7, a1, 64
400d35b9:	cc7a      	add.n	a12, a12, a7
400d35bb:	000706        	j	400d35db <__l_vfprintf+0x81b>
400d35be:	06bd      	mov.n	a11, a6
400d35c0:	0a2c      	movi.n	a10, 32
400d35c2:	01c772        	addi	a7, a7, 1
400d35c5:	0003e0        	callx8	a3
400d35c8:	015ad6        	bgez	a10, 400d35e1 <__l_vfprintf+0x821>
400d35cb:	0006c6        	j	400d35ea <__l_vfprintf+0x82a>
400d35ce:	f188      	l32i.n	a8, a1, 60
400d35d0:	1021b2        	l32i	a11, a1, 64
400d35d3:	112122        	l32i	a2, a1, 68
400d35d6:	c04b80        	sub	a4, a11, a8
400d35d9:	07cd      	mov.n	a12, a7
400d35db:	b168      	l32i.n	a6, a1, 44
400d35dd:	0c7d      	mov.n	a7, a12
400d35df:	4c4a      	add.n	a4, a12, a4
400d35e1:	c08470        	sub	a8, a4, a7
400d35e4:	d618e6        	bgei	a8, 1, 400d35be <__l_vfprintf+0x7fe>
400d35e7:	fe0246        	j	400d2df4 <__l_vfprintf+0x34>
400d35ea:	b1a8      	l32i.n	a10, a1, 44
400d35ec:	04a092        	movi	a9, 4
400d35ef:	020a82        	l8ui	a8, a10, 2
400d35f2:	208890        	or	a8, a8, a9
400d35f5:	024a82        	s8i	a8, a10, 2
400d35f8:	f27c      	movi.n	a2, -1
400d35fa:	003506        	j	400d36d2 <__l_vfprintf+0x912>
400d35fd:	0a2d      	mov.n	a2, a10
400d35ff:	0033c6        	j	400d36d2 <__l_vfprintf+0x912>
400d3602:	b1b8      	l32i.n	a11, a1, 44
400d3604:	1061c2        	s32i	a12, a1, 64
400d3607:	f1e9      	s32i.n	a14, a1, 60
400d3609:	0a3c      	movi.n	a10, 48
400d360b:	0003e0        	callx8	a3
400d360e:	f1e8      	l32i.n	a14, a1, 60
400d3610:	1021c2        	l32i	a12, a1, 64
400d3613:	671b      	addi.n	a6, a7, 1
400d3615:	f2dad6        	bgez	a10, 400d3546 <__l_vfprintf+0x786>
400d3618:	fff386        	j	400d35ea <__l_vfprintf+0x82a>
400d361b:	b1b8      	l32i.n	a11, a1, 44
400d361d:	0a3c      	movi.n	a10, 48
400d361f:	1061c2        	s32i	a12, a1, 64
400d3622:	f1e9      	s32i.n	a14, a1, 60
400d3624:	c044d0        	sub	a4, a4, a13
400d3627:	0003e0        	callx8	a3
400d362a:	f1e8      	l32i.n	a14, a1, 60
400d362c:	1021c2        	l32i	a12, a1, 64
400d362f:	efdad6        	bgez	a10, 400d3530 <__l_vfprintf+0x770>
400d3632:	ffed06        	j	400d35ea <__l_vfprintf+0x82a>
400d3635:	0a0c      	movi.n	a10, 0
400d3637:	01cd      	mov.n	a12, a1
400d3639:	0abd      	mov.n	a11, a10
400d363b:	106182        	s32i	a8, a1, 64
400d363e:	0f61e2        	s32i	a14, a1, 60
400d3641:	0073a5        	call8	400d3d7c <__ultoa_invert>
400d3644:	102182        	l32i	a8, a1, 64
400d3647:	f1e8      	l32i.n	a14, a1, 60
400d3649:	c0ca10        	sub	a12, a10, a1
400d364c:	05e856        	bnez	a8, 400d36ae <__l_vfprintf+0x8ee>
400d364f:	986c      	movi.n	a8, -23
400d3651:	108580        	and	a8, a5, a8
400d3654:	ff6486        	j	400d33ea <__l_vfprintf+0x62a>
400d3657:	00          	.byte	00
400d3658:	b4c6a2        	addi	a10, a6, -76
400d365b:	0a3ba7        	bltu	a11, a10, 400d3669 <__l_vfprintf+0x8a9>
400d365e:	f316c1        	l32r	a12, 400d02b8 <_image_irom_vaddr+0x2b8> (3f400bbc <esp32_gpio_ports_addrs+0x154>)
400d3661:	a0aac0        	addx4	a10, a10, a12
400d3664:	0aa8      	l32i.n	a10, a10, 0
400d3666:	000aa0        	jx	a10
400d3669:	0a2c      	movi.n	a10, 32
400d366b:	20a6a0        	or	a10, a6, a10
400d366e:	9bca82        	addi	a8, a10, -101
400d3671:	1b0c      	movi.n	a11, 1
400d3673:	0238f6        	bgeui	a8, 3, 400d3679 <__l_vfprintf+0x8b9>
400d3676:	fe6786        	j	400d3018 <__l_vfprintf+0x258>
400d3679:	fe6646        	j	400d3016 <__l_vfprintf+0x256>
400d367c:	0b4d      	mov.n	a4, a11
400d367e:	ffb506        	j	400d3556 <__l_vfprintf+0x796>
400d3681:	c044d0        	sub	a4, a4, a13
400d3684:	ffa086        	j	400d350a <__l_vfprintf+0x74a>
400d3687:	02ad47        	bge	a13, a4, 400d368d <__l_vfprintf+0x8cd>
400d368a:	ff8d86        	j	400d34c4 <__l_vfprintf+0x704>
400d368d:	fffc06        	j	400d3681 <__l_vfprintf+0x8c1>
400d3690:	0214e6        	bgei	a4, 1, 400d3696 <__l_vfprintf+0x8d6>
400d3693:	ffbe46        	j	400d3590 <__l_vfprintf+0x7d0>
400d3696:	886c      	movi.n	a8, -24
400d3698:	108580        	and	a8, a5, a8
400d369b:	0ecd      	mov.n	a12, a14
400d369d:	0edd      	mov.n	a13, a14
400d369f:	ff8846        	j	400d34c4 <__l_vfprintf+0x704>
400d36a2:	02e537        	bbsi	a5, 3, 400d36a8 <__l_vfprintf+0x8e8>
400d36a5:	ff4646        	j	400d33c2 <__l_vfprintf+0x602>
400d36a8:	c044c0        	sub	a4, a4, a12
400d36ab:	ffb8c6        	j	400d3592 <__l_vfprintf+0x7d2>
400d36ae:	886c      	movi.n	a8, -24
400d36b0:	108580        	and	a8, a5, a8
400d36b3:	02ace7        	bge	a12, a14, 400d36b9 <__l_vfprintf+0x8f9>
400d36b6:	ff3786        	j	400d3398 <__l_vfprintf+0x5d8>
400d36b9:	fff946        	j	400d36a2 <__l_vfprintf+0x8e2>
400d36bc:	082d      	mov.n	a2, a8
400d36be:	060c      	movi.n	a6, 0
400d36c0:	b9ded6        	bgez	a14, 400d3261 <__l_vfprintf+0x4a1>
400d36c3:	bfaf82        	movi	a8, -65
400d36c6:	105580        	and	a5, a5, a8
400d36c9:	0a2c      	movi.n	a10, 32
400d36cb:	06ed      	mov.n	a14, a6
400d36cd:	fedfc6        	j	400d3250 <__l_vfprintf+0x490>
400d36d0:	072d      	mov.n	a2, a7
400d36d2:	f01d      	retw.n

400d36d4 <_OffsetAbsSyms>:
400d36d4:	004136        	entry	a1, 32
400d36d7:	f01d      	retw.n
400d36d9:	000000        	ill

400d36dc <chunk_mem>:
400d36dc:	004136        	entry	a1, 32
400d36df:	1133d0        	slli	a3, a3, 3
400d36e2:	334b      	addi.n	a3, a3, 4
400d36e4:	223a      	add.n	a2, a2, a3
400d36e6:	f01d      	retw.n

400d36e8 <free_list_remove_bidx>:
400d36e8:	004136        	entry	a1, 32
400d36eb:	1193d0        	slli	a9, a3, 3
400d36ee:	b08320        	addx8	a8, a3, a2
400d36f1:	031882        	l16ui	a8, a8, 6
400d36f4:	1d9387        	bne	a3, a8, 400d3715 <free_list_remove_bidx+0x2d>
400d36f7:	3298      	l32i.n	a9, a2, 12
400d36f9:	180c      	movi.n	a8, 1
400d36fb:	401400        	ssl	a4
400d36fe:	a18800        	sll	a8, a8
400d3701:	108890        	and	a8, a8, a9
400d3704:	308890        	xor	a8, a8, a9
400d3707:	3289      	s32i.n	a8, a2, 12
400d3709:	444b      	addi.n	a4, a4, 4
400d370b:	a04420        	addx4	a4, a4, a2
400d370e:	080c      	movi.n	a8, 0
400d3710:	0489      	s32i.n	a8, a4, 0
400d3712:	0007c6        	j	400d3735 <free_list_remove_bidx+0x4d>
400d3715:	929a      	add.n	a9, a2, a9
400d3717:	0219a2        	l16ui	a10, a9, 4
400d371a:	444b      	addi.n	a4, a4, 4
400d371c:	a04420        	addx4	a4, a4, a2
400d371f:	0489      	s32i.n	a8, a4, 0
400d3721:	119ad0        	slli	a9, a10, 3
400d3724:	996b      	addi.n	a9, a9, 6
400d3726:	929a      	add.n	a9, a2, a9
400d3728:	005982        	s16i	a8, a9, 0
400d372b:	1188d0        	slli	a8, a8, 3
400d372e:	884b      	addi.n	a8, a8, 4
400d3730:	228a      	add.n	a2, a2, a8
400d3732:	0052a2        	s16i	a10, a2, 0
400d3735:	f01d      	retw.n
	...

400d3738 <free_list_add_bidx>:
400d3738:	004136        	entry	a1, 32
400d373b:	844b      	addi.n	a8, a4, 4
400d373d:	a08820        	addx4	a8, a8, a2
400d3740:	08b8      	l32i.n	a11, a8, 0
400d3742:	bbec      	bnez.n	a11, 400d3771 <free_list_add_bidx+0x39>
400d3744:	3288      	l32i.n	a8, a2, 12
400d3746:	190c      	movi.n	a9, 1
400d3748:	401400        	ssl	a4
400d374b:	a19900        	sll	a9, a9
400d374e:	208890        	or	a8, a8, a9
400d3751:	3289      	s32i.n	a8, a2, 12
400d3753:	444b      	addi.n	a4, a4, 4
400d3755:	a04420        	addx4	a4, a4, a2
400d3758:	0439      	s32i.n	a3, a4, 0
400d375a:	1183d0        	slli	a8, a3, 3
400d375d:	984b      	addi.n	a9, a8, 4
400d375f:	929a      	add.n	a9, a2, a9
400d3761:	f43030        	extui	a3, a3, 0, 16
400d3764:	005932        	s16i	a3, a9, 0
400d3767:	886b      	addi.n	a8, a8, 6
400d3769:	828a      	add.n	a8, a2, a8
400d376b:	005832        	s16i	a3, a8, 0
400d376e:	000a86        	j	400d379c <free_list_add_bidx+0x64>
400d3771:	118bd0        	slli	a8, a11, 3
400d3774:	884b      	addi.n	a8, a8, 4
400d3776:	828a      	add.n	a8, a2, a8
400d3778:	001892        	l16ui	a9, a8, 0
400d377b:	11a3d0        	slli	a10, a3, 3
400d377e:	ca4b      	addi.n	a12, a10, 4
400d3780:	c2ca      	add.n	a12, a2, a12
400d3782:	005c92        	s16i	a9, a12, 0
400d3785:	aa6b      	addi.n	a10, a10, 6
400d3787:	a2aa      	add.n	a10, a2, a10
400d3789:	005ab2        	s16i	a11, a10, 0
400d378c:	1199d0        	slli	a9, a9, 3
400d378f:	996b      	addi.n	a9, a9, 6
400d3791:	229a      	add.n	a2, a2, a9
400d3793:	f43030        	extui	a3, a3, 0, 16
400d3796:	005232        	s16i	a3, a2, 0
400d3799:	005832        	s16i	a3, a8, 0
400d379c:	f01d      	retw.n
	...

400d37a0 <split_chunks>:
400d37a0:	004136        	entry	a1, 32
400d37a3:	1183d0        	slli	a8, a3, 3
400d37a6:	882b      	addi.n	a8, a8, 2
400d37a8:	828a      	add.n	a8, a2, a8
400d37aa:	0018a2        	l16ui	a10, a8, 0
400d37ad:	41a1a0        	srli	a10, a10, 1
400d37b0:	c09430        	sub	a9, a4, a3
400d37b3:	c03340        	sub	a3, a3, a4
400d37b6:	33aa      	add.n	a3, a3, a10
400d37b8:	f49090        	extui	a9, a9, 0, 16
400d37bb:	a99a      	add.n	a10, a9, a9
400d37bd:	0058a2        	s16i	a10, a8, 0
400d37c0:	11a4d0        	slli	a10, a4, 3
400d37c3:	8a2b      	addi.n	a8, a10, 2
400d37c5:	828a      	add.n	a8, a2, a8
400d37c7:	f43030        	extui	a3, a3, 0, 16
400d37ca:	b33a      	add.n	a11, a3, a3
400d37cc:	0058b2        	s16i	a11, a8, 0
400d37cf:	a2aa      	add.n	a10, a2, a10
400d37d1:	005a92        	s16i	a9, a10, 0
400d37d4:	001882        	l16ui	a8, a8, 0
400d37d7:	418180        	srli	a8, a8, 1
400d37da:	448a      	add.n	a4, a4, a8
400d37dc:	b02420        	addx8	a2, a4, a2
400d37df:	005232        	s16i	a3, a2, 0
400d37e2:	f01d      	retw.n

400d37e4 <merge_chunks>:
400d37e4:	004136        	entry	a1, 32
400d37e7:	1183d0        	slli	a8, a3, 3
400d37ea:	882b      	addi.n	a8, a8, 2
400d37ec:	828a      	add.n	a8, a2, a8
400d37ee:	0018b2        	l16ui	a11, a8, 0
400d37f1:	41b1b0        	srli	a11, a11, 1
400d37f4:	11a4d0        	slli	a10, a4, 3
400d37f7:	aa2b      	addi.n	a10, a10, 2
400d37f9:	a2aa      	add.n	a10, a2, a10
400d37fb:	001a92        	l16ui	a9, a10, 0
400d37fe:	419190        	srli	a9, a9, 1
400d3801:	99ba      	add.n	a9, a9, a11
400d3803:	b99a      	add.n	a11, a9, a9
400d3805:	0058b2        	s16i	a11, a8, 0
400d3808:	001a82        	l16ui	a8, a10, 0
400d380b:	418180        	srli	a8, a8, 1
400d380e:	448a      	add.n	a4, a4, a8
400d3810:	b02420        	addx8	a2, a4, a2
400d3813:	005292        	s16i	a9, a2, 0
400d3816:	f01d      	retw.n

400d3818 <mem_to_chunkid>:
400d3818:	004136        	entry	a1, 32
400d381b:	fcc332        	addi	a3, a3, -4
400d381e:	c02320        	sub	a2, a3, a2
400d3821:	412320        	srli	a2, a2, 3
400d3824:	f01d      	retw.n
	...

400d3828 <_ConfigAbsSyms>:
400d3828:	004136        	entry	a1, 32
400d382b:	f01d      	retw.n
400d382d:	000000        	ill

400d3830 <spi_flash_chip_list_check>:
400d3830:	004136        	entry	a1, 32
400d3833:	f01d      	retw.n
400d3835:	000000        	ill

400d3838 <uart_hal_get_sclk>:
400d3838:	004136        	entry	a1, 32
400d383b:	0288      	l32i.n	a8, a2, 0
400d383d:	0020c0        	memw
400d3840:	8888      	l32i.n	a8, a8, 32
400d3842:	06f8b7        	bbsi	a8, 27, 400d384c <uart_hal_get_sclk+0x14>
400d3845:	b80c      	movi.n	a8, 11
400d3847:	0389      	s32i.n	a8, a3, 0
400d3849:	0000c6        	j	400d3850 <uart_hal_get_sclk+0x18>
400d384c:	480c      	movi.n	a8, 4
400d384e:	0389      	s32i.n	a8, a3, 0
400d3850:	f01d      	retw.n
	...

400d3854 <uart_hal_get_baudrate>:
400d3854:	006136        	entry	a1, 48
400d3857:	0288      	l32i.n	a8, a2, 0
400d3859:	0020c0        	memw
400d385c:	5888      	l32i.n	a8, a8, 20
400d385e:	0020c0        	memw
400d3861:	0189      	s32i.n	a8, a1, 0
400d3863:	1144c0        	slli	a4, a4, 4
400d3866:	0020c0        	memw
400d3869:	0188      	l32i.n	a8, a1, 0
400d386b:	118840        	slli	a8, a8, 12
400d386e:	418c80        	srli	a8, a8, 12
400d3871:	1188c0        	slli	a8, a8, 4
400d3874:	0020c0        	memw
400d3877:	0198      	l32i.n	a9, a1, 0
400d3879:	359490        	extui	a9, a9, 20, 4
400d387c:	208890        	or	a8, a8, a9
400d387f:	c24480        	quou	a4, a4, a8
400d3882:	0349      	s32i.n	a4, a3, 0
400d3884:	f01d      	retw.n
	...

400d3888 <uart_hal_set_stop_bits>:
400d3888:	004136        	entry	a1, 32
400d388b:	0288      	l32i.n	a8, a2, 0
400d388d:	283366        	bnei	a3, 3, 400d38b9 <uart_hal_set_stop_bits+0x31>
400d3890:	0020c0        	memw
400d3893:	112892        	l32i	a9, a8, 68
400d3896:	4a0c      	movi.n	a10, 4
400d3898:	2099a0        	or	a9, a9, a10
400d389b:	0020c0        	memw
400d389e:	116892        	s32i	a9, a8, 68
400d38a1:	0020c0        	memw
400d38a4:	8898      	l32i.n	a9, a8, 32
400d38a6:	cfafa2        	movi	a10, -49
400d38a9:	1099a0        	and	a9, a9, a10
400d38ac:	0a1c      	movi.n	a10, 16
400d38ae:	2099a0        	or	a9, a9, a10
400d38b1:	0020c0        	memw
400d38b4:	8899      	s32i.n	a9, a8, 32
400d38b6:	000a46        	j	400d38e3 <uart_hal_set_stop_bits+0x5b>
400d38b9:	0020c0        	memw
400d38bc:	112892        	l32i	a9, a8, 68
400d38bf:	ba7c      	movi.n	a10, -5
400d38c1:	1099a0        	and	a9, a9, a10
400d38c4:	0020c0        	memw
400d38c7:	116892        	s32i	a9, a8, 68
400d38ca:	0020c0        	memw
400d38cd:	8898      	l32i.n	a9, a8, 32
400d38cf:	143030        	extui	a3, a3, 0, 2
400d38d2:	1133c0        	slli	a3, a3, 4
400d38d5:	cfafa2        	movi	a10, -49
400d38d8:	1099a0        	and	a9, a9, a10
400d38db:	209930        	or	a9, a9, a3
400d38de:	0020c0        	memw
400d38e1:	8899      	s32i.n	a9, a8, 32
400d38e3:	f01d      	retw.n
400d38e5:	000000        	ill

400d38e8 <uart_hal_get_stop_bits>:
400d38e8:	004136        	entry	a1, 32
400d38eb:	0288      	l32i.n	a8, a2, 0
400d38ed:	0020c0        	memw
400d38f0:	112892        	l32i	a9, a8, 68
400d38f3:	116927        	bbci	a9, 2, 400d3908 <uart_hal_get_stop_bits+0x20>
400d38f6:	0020c0        	memw
400d38f9:	8898      	l32i.n	a9, a8, 32
400d38fb:	149490        	extui	a9, a9, 4, 2
400d38fe:	061966        	bnei	a9, 1, 400d3908 <uart_hal_get_stop_bits+0x20>
400d3901:	380c      	movi.n	a8, 3
400d3903:	0389      	s32i.n	a8, a3, 0
400d3905:	000246        	j	400d3912 <uart_hal_get_stop_bits+0x2a>
400d3908:	0020c0        	memw
400d390b:	8888      	l32i.n	a8, a8, 32
400d390d:	148480        	extui	a8, a8, 4, 2
400d3910:	0389      	s32i.n	a8, a3, 0
400d3912:	f01d      	retw.n

400d3914 <uart_hal_set_data_bit_num>:
400d3914:	004136        	entry	a1, 32
400d3917:	0298      	l32i.n	a9, a2, 0
400d3919:	0020c0        	memw
400d391c:	8988      	l32i.n	a8, a9, 32
400d391e:	143030        	extui	a3, a3, 0, 2
400d3921:	1133e0        	slli	a3, a3, 2
400d3924:	3a7c      	movi.n	a10, -13
400d3926:	1088a0        	and	a8, a8, a10
400d3929:	208830        	or	a8, a8, a3
400d392c:	0020c0        	memw
400d392f:	8989      	s32i.n	a8, a9, 32
400d3931:	f01d      	retw.n
	...

400d3934 <uart_hal_get_data_bit_num>:
400d3934:	004136        	entry	a1, 32
400d3937:	0288      	l32i.n	a8, a2, 0
400d3939:	0020c0        	memw
400d393c:	8888      	l32i.n	a8, a8, 32
400d393e:	148280        	extui	a8, a8, 2, 2
400d3941:	0389      	s32i.n	a8, a3, 0
400d3943:	f01d      	retw.n
400d3945:	000000        	ill

400d3948 <uart_hal_set_parity>:
400d3948:	004136        	entry	a1, 32
400d394b:	0298      	l32i.n	a9, a2, 0
400d394d:	339c      	beqz.n	a3, 400d3964 <uart_hal_set_parity+0x1c>
400d394f:	0020c0        	memw
400d3952:	8988      	l32i.n	a8, a9, 32
400d3954:	04a030        	extui	a10, a3, 0, 1
400d3957:	eb7c      	movi.n	a11, -2
400d3959:	1088b0        	and	a8, a8, a11
400d395c:	2088a0        	or	a8, a8, a10
400d395f:	0020c0        	memw
400d3962:	8989      	s32i.n	a8, a9, 32
400d3964:	0020c0        	memw
400d3967:	8988      	l32i.n	a8, a9, 32
400d3969:	043130        	extui	a3, a3, 1, 1
400d396c:	333a      	add.n	a3, a3, a3
400d396e:	da7c      	movi.n	a10, -3
400d3970:	1088a0        	and	a8, a8, a10
400d3973:	208830        	or	a8, a8, a3
400d3976:	0020c0        	memw
400d3979:	8989      	s32i.n	a8, a9, 32
400d397b:	f01d      	retw.n
400d397d:	000000        	ill

400d3980 <uart_hal_get_parity>:
400d3980:	004136        	entry	a1, 32
400d3983:	0288      	l32i.n	a8, a2, 0
400d3985:	0020c0        	memw
400d3988:	8898      	l32i.n	a9, a8, 32
400d398a:	116917        	bbci	a9, 1, 400d399f <uart_hal_get_parity+0x1f>
400d398d:	0020c0        	memw
400d3990:	8888      	l32i.n	a8, a8, 32
400d3992:	048080        	extui	a8, a8, 0, 1
400d3995:	290c      	movi.n	a9, 2
400d3997:	208890        	or	a8, a8, a9
400d399a:	0389      	s32i.n	a8, a3, 0
400d399c:	0000c6        	j	400d39a3 <uart_hal_get_parity+0x23>
400d399f:	080c      	movi.n	a8, 0
400d39a1:	0389      	s32i.n	a8, a3, 0
400d39a3:	f01d      	retw.n
400d39a5:	000000        	ill

400d39a8 <uart_hal_get_hw_flow_ctrl>:
400d39a8:	004136        	entry	a1, 32
400d39ab:	0288      	l32i.n	a8, a2, 0
400d39ad:	090c      	movi.n	a9, 0
400d39af:	0399      	s32i.n	a9, a3, 0
400d39b1:	0020c0        	memw
400d39b4:	9898      	l32i.n	a9, a8, 36
400d39b6:	037977        	bbci	a9, 23, 400d39bd <uart_hal_get_hw_flow_ctrl+0x15>
400d39b9:	190c      	movi.n	a9, 1
400d39bb:	0399      	s32i.n	a9, a3, 0
400d39bd:	0020c0        	memw
400d39c0:	8888      	l32i.n	a8, a8, 32
400d39c2:	0868f7        	bbci	a8, 15, 400d39ce <uart_hal_get_hw_flow_ctrl+0x26>
400d39c5:	0388      	l32i.n	a8, a3, 0
400d39c7:	290c      	movi.n	a9, 2
400d39c9:	208890        	or	a8, a8, a9
400d39cc:	0389      	s32i.n	a8, a3, 0
400d39ce:	f01d      	retw.n

400d39d0 <uart_hal_set_rxfifo_full_thr>:
400d39d0:	004136        	entry	a1, 32
400d39d3:	0298      	l32i.n	a9, a2, 0
400d39d5:	0020c0        	memw
400d39d8:	9988      	l32i.n	a8, a9, 36
400d39da:	643030        	extui	a3, a3, 0, 7
400d39dd:	80afa2        	movi	a10, -128
400d39e0:	1088a0        	and	a8, a8, a10
400d39e3:	208830        	or	a8, a8, a3
400d39e6:	0020c0        	memw
400d39e9:	9989      	s32i.n	a8, a9, 36
400d39eb:	f01d      	retw.n
400d39ed:	000000        	ill

400d39f0 <uart_hal_get_symb_len>:
400d39f0:	004136        	entry	a1, 32
400d39f3:	0288      	l32i.n	a8, a2, 0
400d39f5:	0020c0        	memw
400d39f8:	8898      	l32i.n	a9, a8, 32
400d39fa:	149290        	extui	a9, a9, 2, 2
400d39fd:	0020c0        	memw
400d3a00:	1128a2        	l32i	a10, a8, 68
400d3a03:	0a6a27        	bbci	a10, 2, 400d3a11 <uart_hal_get_symb_len+0x21>
400d3a06:	0020c0        	memw
400d3a09:	88a8      	l32i.n	a10, a8, 32
400d3a0b:	14a4a0        	extui	a10, a10, 4, 2
400d3a0e:	0a1a26        	beqi	a10, 1, 400d3a1c <uart_hal_get_symb_len+0x2c>
400d3a11:	0020c0        	memw
400d3a14:	88b8      	l32i.n	a11, a8, 32
400d3a16:	14b4b0        	extui	a11, a11, 4, 2
400d3a19:	000046        	j	400d3a1e <uart_hal_get_symb_len+0x2e>
400d3a1c:	3b0c      	movi.n	a11, 3
400d3a1e:	0020c0        	memw
400d3a21:	88a8      	l32i.n	a10, a8, 32
400d3a23:	0f6a17        	bbci	a10, 1, 400d3a36 <uart_hal_get_symb_len+0x46>
400d3a26:	0020c0        	memw
400d3a29:	88a8      	l32i.n	a10, a8, 32
400d3a2b:	04a0a0        	extui	a10, a10, 0, 1
400d3a2e:	280c      	movi.n	a8, 2
400d3a30:	20aa80        	or	a10, a10, a8
400d3a33:	000046        	j	400d3a38 <uart_hal_get_symb_len+0x48>
400d3a36:	0a0c      	movi.n	a10, 0
400d3a38:	996b      	addi.n	a9, a9, 6
400d3a3a:	042bb6        	bltui	a11, 2, 400d3a42 <uart_hal_get_symb_len+0x52>
400d3a3d:	280c      	movi.n	a8, 2
400d3a3f:	000046        	j	400d3a44 <uart_hal_get_symb_len+0x54>
400d3a42:	180c      	movi.n	a8, 1
400d3a44:	889a      	add.n	a8, a8, a9
400d3a46:	748080        	extui	a8, a8, 0, 8
400d3a49:	120c      	movi.n	a2, 1
400d3a4b:	832aa0        	moveqz	a2, a10, a10
400d3a4e:	228a      	add.n	a2, a2, a8
400d3a50:	742020        	extui	a2, a2, 0, 8
400d3a53:	f01d      	retw.n
400d3a55:	000000        	ill

400d3a58 <sys_slist_remove>:
400d3a58:	004136        	entry	a1, 32
400d3a5b:	e3cc      	bnez.n	a3, 400d3a6d <sys_slist_remove+0x15>
400d3a5d:	0488      	l32i.n	a8, a4, 0
400d3a5f:	0289      	s32i.n	a8, a2, 0
400d3a61:	1298      	l32i.n	a9, a2, 4
400d3a63:	119497        	bne	a4, a9, 400d3a78 <sys_slist_remove+0x20>
400d3a66:	1289      	s32i.n	a8, a2, 4
400d3a68:	000306        	j	400d3a78 <sys_slist_remove+0x20>
400d3a6b:	00          	.byte	00
400d3a6c:	00          	.byte	00
400d3a6d:	0488      	l32i.n	a8, a4, 0
400d3a6f:	0389      	s32i.n	a8, a3, 0
400d3a71:	1288      	l32i.n	a8, a2, 4
400d3a73:	019487        	bne	a4, a8, 400d3a78 <sys_slist_remove+0x20>
400d3a76:	1239      	s32i.n	a3, a2, 4
400d3a78:	080c      	movi.n	a8, 0
400d3a7a:	0489      	s32i.n	a8, a4, 0
400d3a7c:	f01d      	retw.n
	...

400d3a80 <pm_device_driver_init>:
400d3a80:	004136        	entry	a1, 32
400d3a83:	027d      	mov.n	a7, a2
400d3a85:	3b0c      	movi.n	a11, 3
400d3a87:	02ad      	mov.n	a10, a2
400d3a89:	0003e0        	callx8	a3
400d3a8c:	0a2d      	mov.n	a2, a10
400d3a8e:	05afa0        	extui	a10, a10, 31, 1
400d3a91:	86a082        	movi	a8, 134
400d3a94:	828a      	add.n	a8, a2, a8
400d3a96:	190c      	movi.n	a9, 1
400d3a98:	839880        	moveqz	a9, a8, a8
400d3a9b:	0d8a97        	bany	a10, a9, 400d3aac <pm_device_driver_init+0x2c>
400d3a9e:	1b0c      	movi.n	a11, 1
400d3aa0:	07ad      	mov.n	a10, a7
400d3aa2:	0003e0        	callx8	a3
400d3aa5:	0a2d      	mov.n	a2, a10
400d3aa7:	001a96        	bltz	a10, 400d3aac <pm_device_driver_init+0x2c>
400d3aaa:	020c      	movi.n	a2, 0
400d3aac:	f01d      	retw.n
	...

400d3ab0 <gpio_fire_callbacks>:
400d3ab0:	004136        	entry	a1, 32
400d3ab3:	02b8      	l32i.n	a11, a2, 0
400d3ab5:	5bac      	beqz.n	a11, 400d3ade <gpio_fire_callbacks+0x2e>
400d3ab7:	0b78      	l32i.n	a7, a11, 0
400d3ab9:	d7ac      	beqz.n	a7, 400d3aea <gpio_fire_callbacks+0x3a>
400d3abb:	bbec      	bnez.n	a11, 400d3aea <gpio_fire_callbacks+0x3a>
400d3abd:	0b7d      	mov.n	a7, a11
400d3abf:	0009c6        	j	400d3aea <gpio_fire_callbacks+0x3a>
400d3ac2:	2b88      	l32i.n	a8, a11, 8
400d3ac4:	10c840        	and	a12, a8, a4
400d3ac7:	060847        	bnone	a8, a4, 400d3ad1 <gpio_fire_callbacks+0x21>
400d3aca:	1b88      	l32i.n	a8, a11, 4
400d3acc:	03ad      	mov.n	a10, a3
400d3ace:	0008e0        	callx8	a8
400d3ad1:	f78c      	beqz.n	a7, 400d3ae4 <gpio_fire_callbacks+0x34>
400d3ad3:	0788      	l32i.n	a8, a7, 0
400d3ad5:	d88c      	beqz.n	a8, 400d3ae6 <gpio_fire_callbacks+0x36>
400d3ad7:	b7cc      	bnez.n	a7, 400d3ae6 <gpio_fire_callbacks+0x36>
400d3ad9:	078d      	mov.n	a8, a7
400d3adb:	0001c6        	j	400d3ae6 <gpio_fire_callbacks+0x36>
400d3ade:	0b7d      	mov.n	a7, a11
400d3ae0:	000186        	j	400d3aea <gpio_fire_callbacks+0x3a>
400d3ae3:	00          	.byte	00
400d3ae4:	078d      	mov.n	a8, a7
400d3ae6:	07bd      	mov.n	a11, a7
400d3ae8:	087d      	mov.n	a7, a8
400d3aea:	fd4b56        	bnez	a11, 400d3ac2 <gpio_fire_callbacks+0x12>
400d3aed:	f01d      	retw.n
	...

400d3af0 <gpio_esp32_port_get_raw>:
400d3af0:	004136        	entry	a1, 32
400d3af3:	1288      	l32i.n	a8, a2, 4
400d3af5:	3898      	l32i.n	a9, a8, 12
400d3af7:	a9cc      	bnez.n	a9, 400d3b05 <gpio_esp32_port_get_raw+0x15>
400d3af9:	2888      	l32i.n	a8, a8, 8
400d3afb:	0020c0        	memw
400d3afe:	f888      	l32i.n	a8, a8, 60
400d3b00:	0389      	s32i.n	a8, a3, 0
400d3b02:	000306        	j	400d3b12 <gpio_esp32_port_get_raw+0x22>
400d3b05:	2888      	l32i.n	a8, a8, 8
400d3b07:	0020c0        	memw
400d3b0a:	102882        	l32i	a8, a8, 64
400d3b0d:	748080        	extui	a8, a8, 0, 8
400d3b10:	0389      	s32i.n	a8, a3, 0
400d3b12:	020c      	movi.n	a2, 0
400d3b14:	f01d      	retw.n
	...

400d3b18 <gpio_esp32_port_set_masked_raw>:
400d3b18:	004136        	entry	a1, 32
400d3b1b:	1288      	l32i.n	a8, a2, 4
400d3b1d:	0063a0        	rsil	a10, 3
400d3b20:	3898      	l32i.n	a9, a8, 12
400d3b22:	69dc      	bnez.n	a9, 400d3b3c <gpio_esp32_port_set_masked_raw+0x24>
400d3b24:	2888      	l32i.n	a8, a8, 8
400d3b26:	0020c0        	memw
400d3b29:	1898      	l32i.n	a9, a8, 4
400d3b2b:	304940        	xor	a4, a9, a4
400d3b2e:	104430        	and	a4, a4, a3
400d3b31:	304490        	xor	a4, a4, a9
400d3b34:	0020c0        	memw
400d3b37:	1849      	s32i.n	a4, a8, 4
400d3b39:	000ac6        	j	400d3b68 <gpio_esp32_port_set_masked_raw+0x50>
400d3b3c:	28b8      	l32i.n	a11, a8, 8
400d3b3e:	0020c0        	memw
400d3b41:	4b88      	l32i.n	a8, a11, 16
400d3b43:	748080        	extui	a8, a8, 0, 8
400d3b46:	743030        	extui	a3, a3, 0, 8
400d3b49:	109380        	and	a9, a3, a8
400d3b4c:	309980        	xor	a9, a9, a8
400d3b4f:	103340        	and	a3, a3, a4
400d3b52:	0020c0        	memw
400d3b55:	4b88      	l32i.n	a8, a11, 16
400d3b57:	209930        	or	a9, a9, a3
400d3b5a:	00afc2        	movi	a12, 0xffffff00
400d3b5d:	1088c0        	and	a8, a8, a12
400d3b60:	208890        	or	a8, a8, a9
400d3b63:	0020c0        	memw
400d3b66:	4b89      	s32i.n	a8, a11, 16
400d3b68:	13e6a0        	wsr.ps	a10
400d3b6b:	002010        	rsync
400d3b6e:	020c      	movi.n	a2, 0
400d3b70:	f01d      	retw.n
	...

400d3b74 <gpio_esp32_port_set_bits_raw>:
400d3b74:	004136        	entry	a1, 32
400d3b77:	1288      	l32i.n	a8, a2, 4
400d3b79:	3898      	l32i.n	a9, a8, 12
400d3b7b:	99cc      	bnez.n	a9, 400d3b88 <gpio_esp32_port_set_bits_raw+0x14>
400d3b7d:	2888      	l32i.n	a8, a8, 8
400d3b7f:	0020c0        	memw
400d3b82:	2839      	s32i.n	a3, a8, 8
400d3b84:	000606        	j	400d3ba0 <gpio_esp32_port_set_bits_raw+0x2c>
400d3b87:	00          	.byte	00
400d3b88:	2898      	l32i.n	a9, a8, 8
400d3b8a:	0020c0        	memw
400d3b8d:	5988      	l32i.n	a8, a9, 20
400d3b8f:	743030        	extui	a3, a3, 0, 8
400d3b92:	00afa2        	movi	a10, 0xffffff00
400d3b95:	1088a0        	and	a8, a8, a10
400d3b98:	208830        	or	a8, a8, a3
400d3b9b:	0020c0        	memw
400d3b9e:	5989      	s32i.n	a8, a9, 20
400d3ba0:	020c      	movi.n	a2, 0
400d3ba2:	f01d      	retw.n

400d3ba4 <gpio_esp32_port_clear_bits_raw>:
400d3ba4:	004136        	entry	a1, 32
400d3ba7:	1288      	l32i.n	a8, a2, 4
400d3ba9:	3898      	l32i.n	a9, a8, 12
400d3bab:	99cc      	bnez.n	a9, 400d3bb8 <gpio_esp32_port_clear_bits_raw+0x14>
400d3bad:	2888      	l32i.n	a8, a8, 8
400d3baf:	0020c0        	memw
400d3bb2:	3839      	s32i.n	a3, a8, 12
400d3bb4:	000606        	j	400d3bd0 <gpio_esp32_port_clear_bits_raw+0x2c>
400d3bb7:	00          	.byte	00
400d3bb8:	2898      	l32i.n	a9, a8, 8
400d3bba:	0020c0        	memw
400d3bbd:	6988      	l32i.n	a8, a9, 24
400d3bbf:	743030        	extui	a3, a3, 0, 8
400d3bc2:	00afa2        	movi	a10, 0xffffff00
400d3bc5:	1088a0        	and	a8, a8, a10
400d3bc8:	208830        	or	a8, a8, a3
400d3bcb:	0020c0        	memw
400d3bce:	6989      	s32i.n	a8, a9, 24
400d3bd0:	020c      	movi.n	a2, 0
400d3bd2:	f01d      	retw.n

400d3bd4 <gpio_esp32_port_toggle_bits>:
400d3bd4:	004136        	entry	a1, 32
400d3bd7:	1298      	l32i.n	a9, a2, 4
400d3bd9:	006380        	rsil	a8, 3
400d3bdc:	39a8      	l32i.n	a10, a9, 12
400d3bde:	0adc      	bnez.n	a10, 400d3bf2 <gpio_esp32_port_toggle_bits+0x1e>
400d3be0:	29a8      	l32i.n	a10, a9, 8
400d3be2:	0020c0        	memw
400d3be5:	1a98      	l32i.n	a9, a10, 4
400d3be7:	309930        	xor	a9, a9, a3
400d3bea:	0020c0        	memw
400d3bed:	1a99      	s32i.n	a9, a10, 4
400d3bef:	000886        	j	400d3c15 <gpio_esp32_port_toggle_bits+0x41>
400d3bf2:	29b8      	l32i.n	a11, a9, 8
400d3bf4:	0020c0        	memw
400d3bf7:	4b98      	l32i.n	a9, a11, 16
400d3bf9:	749090        	extui	a9, a9, 0, 8
400d3bfc:	309930        	xor	a9, a9, a3
400d3bff:	0020c0        	memw
400d3c02:	4ba8      	l32i.n	a10, a11, 16
400d3c04:	749090        	extui	a9, a9, 0, 8
400d3c07:	00afc2        	movi	a12, 0xffffff00
400d3c0a:	10aac0        	and	a10, a10, a12
400d3c0d:	209a90        	or	a9, a10, a9
400d3c10:	0020c0        	memw
400d3c13:	4b99      	s32i.n	a9, a11, 16
400d3c15:	13e680        	wsr.ps	a8
400d3c18:	002010        	rsync
400d3c1b:	020c      	movi.n	a2, 0
400d3c1d:	f01d      	retw.n
	...

400d3c20 <gpio_esp32_get_pending_int>:
400d3c20:	006136        	entry	a1, 48
400d3c23:	1288      	l32i.n	a8, a2, 4
400d3c25:	03f590        	rsr.misc1	a9
400d3c28:	100992        	l8ui	a9, a9, 16
400d3c2b:	38a8      	l32i.n	a10, a8, 12
400d3c2d:	4adc      	bnez.n	a10, 400d3c45 <gpio_esp32_get_pending_int+0x25>
400d3c2f:	1888      	l32i.n	a8, a8, 4
400d3c31:	79cc      	bnez.n	a9, 400d3c3c <gpio_esp32_get_pending_int+0x1c>
400d3c33:	0020c0        	memw
400d3c36:	1a2822        	l32i	a2, a8, 104
400d3c39:	000d86        	j	400d3c73 <gpio_esp32_get_pending_int+0x53>
400d3c3c:	0020c0        	memw
400d3c3f:	182822        	l32i	a2, a8, 96
400d3c42:	000b46        	j	400d3c73 <gpio_esp32_get_pending_int+0x53>
400d3c45:	1888      	l32i.n	a8, a8, 4
400d3c47:	59dc      	bnez.n	a9, 400d3c60 <gpio_esp32_get_pending_int+0x40>
400d3c49:	0020c0        	memw
400d3c4c:	1f2882        	l32i	a8, a8, 124
400d3c4f:	0020c0        	memw
400d3c52:	1189      	s32i.n	a8, a1, 4
400d3c54:	0020c0        	memw
400d3c57:	1128      	l32i.n	a2, a1, 4
400d3c59:	742020        	extui	a2, a2, 0, 8
400d3c5c:	0004c6        	j	400d3c73 <gpio_esp32_get_pending_int+0x53>
400d3c5f:	00          	.byte	00
400d3c60:	0020c0        	memw
400d3c63:	1d2882        	l32i	a8, a8, 116
400d3c66:	0020c0        	memw
400d3c69:	0189      	s32i.n	a8, a1, 0
400d3c6b:	0020c0        	memw
400d3c6e:	0128      	l32i.n	a2, a1, 0
400d3c70:	742020        	extui	a2, a2, 0, 8
400d3c73:	f01d      	retw.n
400d3c75:	000000        	ill

400d3c78 <gpio_esp32_pm_action>:
400d3c78:	004136        	entry	a1, 32
400d3c7b:	0543b6        	bltui	a3, 4, 400d3c84 <gpio_esp32_pm_action+0xc>
400d3c7e:	7aaf22        	movi	a2, -134
400d3c81:	000046        	j	400d3c86 <gpio_esp32_pm_action+0xe>
400d3c84:	020c      	movi.n	a2, 0
400d3c86:	f01d      	retw.n

400d3c88 <gpio_esp32_sys_init>:
400d3c88:	004136        	entry	a1, 32
400d3c8b:	020c      	movi.n	a2, 0
400d3c8d:	f01d      	retw.n
	...

400d3c90 <pinctrl_lookup_state>:
400d3c90:	004136        	entry	a1, 32
400d3c93:	743030        	extui	a3, a3, 0, 8
400d3c96:	0288      	l32i.n	a8, a2, 0
400d3c98:	0489      	s32i.n	a8, a4, 0
400d3c9a:	000246        	j	400d3ca7 <pinctrl_lookup_state+0x17>
400d3c9d:	050892        	l8ui	a9, a8, 5
400d3ca0:	151937        	beq	a9, a3, 400d3cb9 <pinctrl_lookup_state+0x29>
400d3ca3:	888b      	addi.n	a8, a8, 8
400d3ca5:	0489      	s32i.n	a8, a4, 0
400d3ca7:	0488      	l32i.n	a8, a4, 0
400d3ca9:	02a8      	l32i.n	a10, a2, 0
400d3cab:	040292        	l8ui	a9, a2, 4
400d3cae:	b099a0        	addx8	a9, a9, a10
400d3cb1:	e83897        	bltu	a8, a9, 400d3c9d <pinctrl_lookup_state+0xd>
400d3cb4:	e27c      	movi.n	a2, -2
400d3cb6:	000046        	j	400d3cbb <pinctrl_lookup_state+0x2b>
400d3cb9:	020c      	movi.n	a2, 0
400d3cbb:	f01d      	retw.n
400d3cbd:	000000        	ill

400d3cc0 <clock_control_on>:
400d3cc0:	004136        	entry	a1, 32
400d3cc3:	02ad      	mov.n	a10, a2
400d3cc5:	03bd      	mov.n	a11, a3
400d3cc7:	2288      	l32i.n	a8, a2, 8
400d3cc9:	0888      	l32i.n	a8, a8, 0
400d3ccb:	688c      	beqz.n	a8, 400d3cd5 <clock_control_on+0x15>
400d3ccd:	0008e0        	callx8	a8
400d3cd0:	0a2d      	mov.n	a2, a10
400d3cd2:	000086        	j	400d3cd8 <clock_control_on+0x18>
400d3cd5:	a8af22        	movi	a2, -88
400d3cd8:	f01d      	retw.n
	...

400d3cdc <pm_device_driver_init>:
400d3cdc:	004136        	entry	a1, 32
400d3cdf:	027d      	mov.n	a7, a2
400d3ce1:	3b0c      	movi.n	a11, 3
400d3ce3:	02ad      	mov.n	a10, a2
400d3ce5:	0003e0        	callx8	a3
400d3ce8:	0a2d      	mov.n	a2, a10
400d3cea:	05afa0        	extui	a10, a10, 31, 1
400d3ced:	86a082        	movi	a8, 134
400d3cf0:	828a      	add.n	a8, a2, a8
400d3cf2:	190c      	movi.n	a9, 1
400d3cf4:	839880        	moveqz	a9, a8, a8
400d3cf7:	0d8a97        	bany	a10, a9, 400d3d08 <pm_device_driver_init+0x2c>
400d3cfa:	1b0c      	movi.n	a11, 1
400d3cfc:	07ad      	mov.n	a10, a7
400d3cfe:	0003e0        	callx8	a3
400d3d01:	0a2d      	mov.n	a2, a10
400d3d03:	001a96        	bltz	a10, 400d3d08 <pm_device_driver_init+0x2c>
400d3d06:	020c      	movi.n	a2, 0
400d3d08:	f01d      	retw.n
	...

400d3d0c <uart_esp32_err_check>:
400d3d0c:	004136        	entry	a1, 32
400d3d0f:	4288      	l32i.n	a8, a2, 16
400d3d11:	2888      	l32i.n	a8, a8, 8
400d3d13:	0020c0        	memw
400d3d16:	2828      	l32i.n	a2, a8, 8
400d3d18:	c80c      	movi.n	a8, 12
400d3d1a:	102280        	and	a2, a2, a8
400d3d1d:	f01d      	retw.n
	...

400d3d20 <__divsf3>:
400d3d20:	002136        	entry	a1, 16
400d3d23:	fa1250        	wfr	f1, a2
400d3d26:	fa2350        	wfr	f2, a3
400d3d29:	fa3270        	div0.s	f3, f2
400d3d2c:	fa42b0        	nexp01.s	f4, f2
400d3d2f:	fa5130        	const.s	f5, 1
400d3d32:	6a5430        	maddn.s	f5, f4, f3
400d3d35:	fa6300        	mov.s	f6, f3
400d3d38:	fa7200        	mov.s	f7, f2
400d3d3b:	fa21b0        	nexp01.s	f2, f1
400d3d3e:	6a6560        	maddn.s	f6, f5, f6
400d3d41:	fa5130        	const.s	f5, 1
400d3d44:	fa0030        	const.s	f0, 0
400d3d47:	fa8260        	neg.s	f8, f2
400d3d4a:	6a5460        	maddn.s	f5, f4, f6
400d3d4d:	6a0830        	maddn.s	f0, f8, f3
400d3d50:	fa71d0        	mkdadj.s	f7, f1
400d3d53:	6a6560        	maddn.s	f6, f5, f6
400d3d56:	6a8400        	maddn.s	f8, f4, f0
400d3d59:	fa3130        	const.s	f3, 1
400d3d5c:	6a3460        	maddn.s	f3, f4, f6
400d3d5f:	6a0860        	maddn.s	f0, f8, f6
400d3d62:	fa2260        	neg.s	f2, f2
400d3d65:	6a6360        	maddn.s	f6, f3, f6
400d3d68:	6a2400        	maddn.s	f2, f4, f0
400d3d6b:	fa07f0        	addexpm.s	f0, f7
400d3d6e:	fa67e0        	addexp.s	f6, f7
400d3d71:	7a0260        	divn.s	f0, f2, f6
400d3d74:	fa2040        	rfr	a2, f0
400d3d77:	f01d      	retw.n
400d3d79:	000000        	ill

400d3d7c <__ultoa_invert>:
400d3d7c:	004136        	entry	a1, 32
400d3d7f:	448050        	extui	a8, a5, 0, 5
400d3d82:	028866        	bnei	a8, 8, 400d3d88 <__ultoa_invert+0xc>
400d3d85:	003dc6        	j	400d3e80 <__ultoa_invert+0x104>
400d3d88:	c9c552        	addi	a5, a5, -55
400d3d8b:	605050        	neg	a5, a5
400d3d8e:	749050        	extui	a9, a5, 0, 8
400d3d91:	02b866        	bnei	a8, 16, 400d3d97 <__ultoa_invert+0x1b>
400d3d94:	002f86        	j	400d3e56 <__ultoa_invert+0xda>
400d3d97:	9a0c      	movi.n	a10, 9
400d3d99:	1b0c      	movi.n	a11, 1
400d3d9b:	0c0c      	movi.n	a12, 0
400d3d9d:	404200        	ssai	2
400d3da0:	81d320        	src	a13, a3, a2
400d3da3:	404100        	ssai	1
400d3da6:	81f320        	src	a15, a3, a2
400d3da9:	41e230        	srli	a14, a3, 2
400d3dac:	ddfa      	add.n	a13, a13, a15
400d3dae:	413130        	srli	a3, a3, 1
400d3db1:	748020        	extui	a8, a2, 0, 8
400d3db4:	80ee30        	add	a14, a14, a3
400d3db7:	02bdf7        	bgeu	a13, a15, 400d3dbd <__ultoa_invert+0x41>
400d3dba:	01cee2        	addi	a14, a14, 1
400d3dbd:	404400        	ssai	4
400d3dc0:	81fed0        	src	a15, a14, a13
400d3dc3:	4134e0        	srli	a3, a14, 4
400d3dc6:	ffda      	add.n	a15, a15, a13
400d3dc8:	8033e0        	add	a3, a3, a14
400d3dcb:	02bfd7        	bgeu	a15, a13, 400d3dd1 <__ultoa_invert+0x55>
400d3dce:	01c332        	addi	a3, a3, 1
400d3dd1:	404800        	ssai	8
400d3dd4:	81d3f0        	src	a13, a3, a15
400d3dd7:	41e830        	srli	a14, a3, 8
400d3dda:	ddfa      	add.n	a13, a13, a15
400d3ddc:	80ee30        	add	a14, a14, a3
400d3ddf:	01bdf7        	bgeu	a13, a15, 400d3de4 <__ultoa_invert+0x68>
400d3de2:	ee1b      	addi.n	a14, a14, 1
400d3de4:	404010        	ssai	16
400d3de7:	81fed0        	src	a15, a14, a13
400d3dea:	f530e0        	extui	a3, a14, 16, 16
400d3ded:	ffda      	add.n	a15, a15, a13
400d3def:	33ea      	add.n	a3, a3, a14
400d3df1:	01bfd7        	bgeu	a15, a13, 400d3df6 <__ultoa_invert+0x7a>
400d3df4:	331b      	addi.n	a3, a3, 1
400d3df6:	23fa      	add.n	a2, a3, a15
400d3df8:	01b2f7        	bgeu	a2, a15, 400d3dfd <__ultoa_invert+0x81>
400d3dfb:	331b      	addi.n	a3, a3, 1
400d3dfd:	404300        	ssai	3
400d3e00:	812320        	src	a2, a3, a2
400d3e03:	a0d220        	addx4	a13, a2, a2
400d3e06:	ddda      	add.n	a13, a13, a13
400d3e08:	c088d0        	sub	a8, a8, a13
400d3e0b:	748080        	extui	a8, a8, 0, 8
400d3e0e:	413330        	srli	a3, a3, 3
400d3e11:	2fba87        	bgeu	a10, a8, 400d3e44 <__ultoa_invert+0xc8>
400d3e14:	e21b      	addi.n	a14, a2, 1
400d3e16:	0bfd      	mov.n	a15, a11
400d3e18:	013e27        	bltu	a14, a2, 400d3e1d <__ultoa_invert+0xa1>
400d3e1b:	0cfd      	mov.n	a15, a12
400d3e1d:	f6c8d2        	addi	a13, a8, -10
400d3e20:	74d0d0        	extui	a13, a13, 0, 8
400d3e23:	0e2d      	mov.n	a2, a14
400d3e25:	3f3a      	add.n	a3, a15, a3
400d3e27:	0a3ad7        	bltu	a10, a13, 400d3e35 <__ultoa_invert+0xb9>
400d3e2a:	26c882        	addi	a8, a8, 38
400d3e2d:	004482        	s8i	a8, a4, 0
400d3e30:	441b      	addi.n	a4, a4, 1
400d3e32:	ffd9c6        	j	400d3d9d <__ultoa_invert+0x21>
400d3e35:	d9da      	add.n	a13, a9, a13
400d3e37:	30cdd2        	addi	a13, a13, 48
400d3e3a:	0044d2        	s8i	a13, a4, 0
400d3e3d:	441b      	addi.n	a4, a4, 1
400d3e3f:	ffd686        	j	400d3d9d <__ultoa_invert+0x21>
400d3e42:	00          	.byte	00
400d3e43:	00          	.byte	00
400d3e44:	30c882        	addi	a8, a8, 48
400d3e47:	004482        	s8i	a8, a4, 0
400d3e4a:	208230        	or	a8, a2, a3
400d3e4d:	441b      	addi.n	a4, a4, 1
400d3e4f:	047816        	beqz	a8, 400d3e9a <__ultoa_invert+0x11e>
400d3e52:	ffd1c6        	j	400d3d9d <__ultoa_invert+0x21>
400d3e55:	00          	.byte	00
400d3e56:	9c0c      	movi.n	a12, 9
400d3e58:	348020        	extui	a8, a2, 0, 4
400d3e5b:	404400        	ssai	4
400d3e5e:	812320        	src	a2, a3, a2
400d3e61:	413430        	srli	a3, a3, 4
400d3e64:	20a230        	or	a10, a2, a3
400d3e67:	80b980        	add	a11, a9, a8
400d3e6a:	02bc87        	bgeu	a12, a8, 400d3e70 <__ultoa_invert+0xf4>
400d3e6d:	7480b0        	extui	a8, a11, 0, 8
400d3e70:	30c882        	addi	a8, a8, 48
400d3e73:	004482        	s8i	a8, a4, 0
400d3e76:	441b      	addi.n	a4, a4, 1
400d3e78:	fdca56        	bnez	a10, 400d3e58 <__ultoa_invert+0xdc>
400d3e7b:	0006c6        	j	400d3e9a <__ultoa_invert+0x11e>
400d3e7e:	00          	.byte	00
400d3e7f:	00          	.byte	00
400d3e80:	248020        	extui	a8, a2, 0, 3
400d3e83:	30c882        	addi	a8, a8, 48
400d3e86:	404300        	ssai	3
400d3e89:	812320        	src	a2, a3, a2
400d3e8c:	413330        	srli	a3, a3, 3
400d3e8f:	004482        	s8i	a8, a4, 0
400d3e92:	208230        	or	a8, a2, a3
400d3e95:	441b      	addi.n	a4, a4, 1
400d3e97:	fe5856        	bnez	a8, 400d3e80 <__ultoa_invert+0x104>
400d3e9a:	042d      	mov.n	a2, a4
400d3e9c:	f01d      	retw.n
	...
