:1000000000000000000000000000000000000000F0
:1000100000000000000000000000000000000000E0
:080020000000000000000000D8
:1000280000C54910D54920E54930F549003400009C
:1000380000000000000000000000000000000000B8
:1000480000000000000000000000000000000000A8
:100058000000000000000000000000000000000098
:1000680000C50910D50920E50930F509003500005B
:10007800004803F0804020E6032038344033304005
:10008800F40380331130223020E613102000F77477
:10009800CEF08040E77848F08040863000000000CD
:1000A80000C94900D10910D94920E94930F9494026
:1000B800804950904960A04970B049003400000060
:1000C8000000000000000000000000000000000028
:1000D8000000000000000000000000000000000018
:1000E80000C90910D90920E90970D10930F9094076
:1000F800870950970960A70970B709003500000003
:1001080000000000000000000000000000000000E7
:1001180000000000000000000000000000000000D7
:1001280000CD4900D10910DD4920ED4930FD494095
:1001380040495050496060497070498080499090AA
:1001480049A0A049B0B049003400000000000000F8
:100158000000000000000000000000000000000097
:1001680000CD0910DD0920ED09B0D10930FD0940A5
:100178004B09505B09606B09707B09808B09909B68
:1001880009A0AB09B0BB0900350000000000000061
:100198000000000000000000000000000000000057
:1001A80012C1B409A129C139D100EE03093100C235
:1001B80003098100B20309910602000008200840E3
:1001C8004023084021FFFF01FDFFA00000000000C0
:1001D8000000000000000000000000000000000017
:1001E80012C1B409A129C139D100EE03093100C3F4
:1001F80003098100B3030991060100005C2308404C
:1002080021FFFF01EEFFA000000000000000000039
:1002180000000000000000000000000000000000D6
:1002280012C1B409A129C139D100EE03093100C4B2
:1002380003098100B40309910601000078230840EE
:1002480021FFFF01DEFFA000000000000000000009
:100258000000000000000000000000000000000096
:1002680012C1B409A129C139D100EE03093100C571
:1002780003098100B5030991060100009423084091
:1002880021FFFF01CEFFA0000000000000000000D9
:100298000000000000000000000000000000000056
:1002A80012C1B409A129C139D100EE03093100C630
:1002B80003098100B603099106010000B023084034
:1002C80021FFFF01BEFFA0000000000000000000A9
:1002D8000000000000000000000000000000000016
:1002E80012C1B409A129C139D100EE03093100C7EF
:1002F80003098100B703099106010000CC230840D7
:1003080021FFFF01AEFFA000000000000000000078
:1003180000000000000000000000000000000000D5
:1003280006A9060000000000000000000000000010
:1003380000000000000000000000000000000000B5
:1003480000000000000000000000000000000000A5
:100358000000000000000000000000000000000095
:1003680000F41310200000E8036650030640FF0065
:1003780000F403469406000000000000000000009E
:100388000000000000000000000000000000000065
:100398000000000000000000000000000000000055
:1003A8000000000000000000000000000000000045
:1003B8000000000000000000000000000000000035
:1003C8000000000000000000000000000000000025
:1003D8000000000000000000000000000000000015
:1003E80006FFFF0000000000000000000000000001
:1003F80000000000000000000000000000000000F5
:1004080000000000000000000000000000000000E4
:1004180000000000000000000000000000000000D4
:1004280000920040149A004003600000F013FB3F64
:100438000000FFFFFFFF000070E2FA3F000001002C
:100448007830FB3F849A0040B89A00401C30F43F53
:100458001430F43F1C20F43F1420F43F00A0F53F73
:10046800E001FE3F40420F0000B4C4049030FB3F5F
:100478009430FB3F9415FB3FB080F43FB480F43FC9
:100488000060F63F0460F63F7080F43FFFFFFFE72F
:1004980000F0F53FFF1F00E07C80F43FFFC7FFFF3F
:1004A800A815FB3F0080F43FAC15FB3FB015FB3FA0
:1004B800A430FB3F4C11FD0F2440F43F3040F43F83
:1004C80000E0F63F0000F43F0000F53F7C60F63F97
:1004D8004031FB3F3831FB3F000020000020F43F53
:1004E80000000080FFFF00F000000070FFFFFFBF6A
:1004F80090E2FA3FFFFFFFDFFFFFFFF7FFFFFFEF8D
:10050800000004008020F43FC8C2004000009D00A5
:100518000000C2000040C800801BFB3F9C1CFB3F42
:10052800BC1CFB3F547D0040348500401C680040E3
:100538006431FB3F5C31FB3F6031FB3F740D403F52
:10054800580D403FFFFFFF0E6C15FB3FB415FB3FF6
:100558000090F43FFF8FFFFF002000005809403F44
:10056800000C0000FFF3FFFF0040F43F0C9F004029
:10057800EC08FB3F0009FB3F0809FB3F1C09FB3F58
:100588003009FB3F4409FB3F4C09FB3F5C09FB3F3B
:100598006809FB3F8009FB3F9809FB3FB409FB3F13
:1005A800CC09FB3FE809FB3FF809FB3F0C0AFB3F7E
:1005B800240AFB3F3C0AFB3F500AFB3F6C0AFB3F07
:1005C800840AFB3F940AFB3FA80AFB3FC00AFB3F93
:1005D800D40AFB3FE00AFB3F0401FB3F032008402D
:1005E8002000050068050D404CC400400802FB3F90
:1005F800041DFB3F8831FB3F0080FE3FF40AFB3FB0
:10060800140BFB3F2C0BFB3F4C0BFB3F680BFB3FDA
:10061800800BFB3F900BFB3F9C0BFB3FE40BFB3F2E
:10062800080CFB3F2C0CFB3F500CFB3F740CFB3FB2
:10063800940CFB3FA00CFB3FB40CFB3F931F0840FE
:100648009B1F08404431FB3F4831FB3F00000040FE
:10065800F01F05C0E01F0500D00CFB3FE00CFB3F7E
:10066800F00CFB3F000DFB3F100DFB3FC031FB3F83
:10067800201EFB3F682EFB3F0088FE3FE82808400D
:10068800280DFB3F2402FB3FD02D0840AC0D403F16
:10069800BA31FB3F002FFB3FD82708400008000075
:1006A800008CFE3F300DFB3F982FFB3FD4150040D8
:1006B800A031FB3FAC31FB3F9C31FB3FFFFFFF0FFD
:1006C800CDCCCCCCCCCCCCCCFFFFFF7FF800FB3F13
:1006D800B031FB3F3030FB3FABAAAAAAAC31FB3F9D
:1006E80078320840FC00FB3FB431FB3F4830FB3F09
:1006F800B0040D400C1EFB3F6802403F0C1EFB3F40
:10070800201EFB3FF0FFFBFF7800FB3F78390840D5
:100718006402FB3F4002FB3F5802FB3F4402FB3FA1
:100728004C02FB3F5402FB3F6002FB3F6C02FB3F65
:100738007002FB3F181000007C02FB3F8402FB3F65
:100748000000F3BF0000C0C0FFFF3200FFFF3F0002
:100758000000F8BFFF9F0200002005C0FF1F050032
:10076800000008C0FF1F00000000F4BF000000B038
:10077800B402FB3F5030FB3FE802FB3F0803FB3F5E
:10078800FFFF7F40FFFF3F40FFFF0C40FFFF7F3F21
:100798004400F03F5C00F03FE09500400000084056
:1007A800230004004403FB3F7C00FB3F380DFB3F64
:1007B8006803FB3F7C07FB3F8807FB3FB007FB3F15
:1007C800B807FB3FC007FB3FC807FB3FD007FB3F0D
:1007D800D407FB3FDC07FB3FE007FB3FE807FB3F95
:1007E800F407FB3F0008FB3F0408FB3F0808FB3FFA
:1007F8000C08FB3F1008FB3F1808FB3F2008FB3F95
:100808002808FB3F7C07FB3F3008FB3F0830F43FDC
:100818005008FB3F3C0DFB3F7008FB3F5C0DFB3F66
:1008280000100000383206406090F43F1660C8009F
:100838006490F43F6890F43F5490F43F5890F43F2C
:100848005C90F43F58860040DC9E00402030F43F26
:100858000000006C00401000C5B3A291FFFF0FFF1D
:10086800287D004028900040CC00F03F0080000028
:10087800A880F43F000000202C88F43F2C60F63F4D
:10088800ADADADAD3060F63F3460F63F3860F63F51
:100898000C88F43F00000C000088F43F00000008BA
:1008A8009088F43F000000101060F63F7F80FFFF43
:1008B8001860F63FFFFF00FF00000A00FFFFFFFD82
:1008C800B0F0F43F3FF0FFFF00000004A8F0F43F51
:1008D80008F0F43FDBFFFFFBFFFFF3FF0000080019
:1008E8002404FB3F3004FB3F1F85EB516404FB3FAE
:1008F800A404FB3FE404FB3F0005FB3F2C05FB3F42
:100908004805FB3F7C0DFB3F7C05FB3F9C05FB3FFF
:100918002406FB3F9008FB3F2404FB3F9408FB3F61
:100928004404F03F4804F03F4C04F03F5004F03FCB
:100938005404F03F5804F03F5C04F03F6004F03F7B
:100948006404F03F4004F03FC408FB3FD4810040FA
:10095800A495004044E0006000FF0300FFFFFDFF96
:10096800FFBFFFFF005A62023C80F43F4880F43F1B
:100978008803FB3F9003FB3F7C30FB3FA002403FD6
:100988008C84F43FDFF73FE700000600FFFFCFFF4E
:100998000080F43F9830FB3F3080F43FFFFFFBFFBF
:1009A80000380000FFFFF7FFFFFFF9FF1C80F43F4E
:1009B8003FC0FFFF3C00F03FAC06FB3F4C07FB3F4E
:1009C80001000100000005000860F63F5C8500405A
:1009D8000C60F63F20B3810020A1070083DE1B4393
:1009E8008480F43F8880F43FFFFFFF23FF3F00FF30
:1009F8007880F43F0000000300000060FFFFFFF173
:100A0800FFFF3FFE00000001FFF7FFFF9400F03FEB
:100A1800A000F03FA400F03FAC00F03FFFFFFFFB59
:100A2800FFDFFFFFFFFFBFFFFFFFFEFF000010001B
:100A38000000020000400000FFFFFFFE00008000F1
:100A4800FFFFEFFFBFAAFEFF8080F43FFFDFFEFF3E
:100A5800FFFF55F5FFEFFFFF7480F43F3840F43F88
:100A6800B3810000F0490200FE7F0000FF9FFFFFF6
:100A780068F0F53FFFFF0080FFFFFF01101BFB3F01
:100A88001C1BFB3F6CF0F53FF8CF0040FFEFFF7FEA
:100A9800FF7FFFFF581BFB3F000000128431FB3F24
:100AA800F1197605C05D00000BBB02000CBB02000B
:100AB800BF5D0000900D403F6830FB3F0000F13FF4
:100AC8000020F13F9400FB3F6C30FB3FF003F03F08
:100AD8004000F03FA13AD850FFBF6FFECC0DFB3F5E
:100AE80000000002000000F0000000FF00004000CD
:100AF8000000005C0030F43FC800F03F24B0F53F30
:100B080000B0F53F20B0F53F28B0F53F0560000084
:100B18000083000000600000207108405871084000
:100B2800D873084040740840FFFFFF00640EFB3F85
:100B3800F014FB3FF414FB3F7430FB3FD814FB3F29
:100B4800000FFB3FE003FB3F084B064000CF0000CF
:100B580010740840287408409C10FB3FC803FB3FF2
:100B6800000007C0FF1F13006C14FB3F5815FB3F24
:100B78003015FB3F9C00FB3F0414FB3FA410FB3FD8
:100B88000013FB3FC010FB3F9412FB3F3C13FB3F9D
:100B98002413FB3F000000C0FFFF06000080F8BFE1
:100BA800FF7F000000080300FC15FB3F3416FB3FE5
:100BB800C000F03FD000F03FC400F03F2000F03FFD
:100BC800FFFF7FFF8030FB3F6416FB3FFFFFDFFF27
:100BD8001C00F03F3818FB3FC0410040A4410040D2
:100BE8001020F43F0020F43FB0210640F820F43FE5
:100BF800F830F43F2C20F43F0420F43F2008FD0F88
:100C08000820F43F002000012020F43F0000007C71
:100C18002420F43FEB00007000000050BB0000707F
:100C28006B0000703B0000700B0000700300007048
:100C380070E2FA3F364100E59050A59F50E52B033E
:100C4800A58601003641006692070CDA81F5FDE0C1
:100C5800080020A07481F2FDE008000C021DF000DD
:100C680036410020A22081EFFDE008001DF00000C1
:100C78003661006D02AD02A542075D0A81ECFD8870
:100C8800088808AD02E008002D0A56CA048C558869
:100C980016522818CC95280688025828C600000045
:100CA800002D06BD03AD02E00500BD0A80FA4080B4
:100CB800854147081610B12020A220E00500BD0A92
:100CC800CC8A98038801871902B1D7FD81D8FD889D
:100CD800088818AD06E008002D0A1DF0366100AD41
:100CE800020C0889038901BD016535008C4A0C0294
:100CF800860000000C121DF036610081CDFD805287
:100D0800105022C03A2291CBFD9A628066107D0570
:100D1800460B000081C9FD82280187B71E82A0000A
:100D28008901BD01AD0765FBFF2D0A8C5AA5270572
:100D38000605000081C2FD8A770601000C028601C3
:100D4800006A858737CD0C021DF00000364100810E
:100D5800BCFD29081DF00000364100A2A00081B9A1
:100D6800FDE008000C1A81B7FDE008000C021DF038
:100D7800364100A2A00081B4FDE008000C1A81B23F
:100D8800FDE008000C021DF0364100E545001DF0AD
:100D98003641000C0A25FFFF0C021DF036410065A4
:100DA80042001DF0364100326204A2A000E5FEFFB9
:100DB80022A0001DF000000036410091A4FDC020D3
:100DC8000088093C0DD08820C02000890991A0FD29
:100DD800C020008809C2AF0FC088101C0BB0882043
:100DE800C020008909C0200088097C0AA08810C09A
:100DF800200089099198FDC020008809D08820C06A
:100E0800200089099195FDC020008809C08810B08C
:100E18008820C020008909C020008809A08810C047
:100E2800200089091DF00000364100918CFDC0208A
:100E3800008839808204D08811C0200028392029F0
:100E4800242028201DF000003641008185FD8808F7
:100E58009185FD9088822184FD2028631DF0000083
:100E68003641009182FDC02000822900BD081BC8C0
:100E7800800C13C2E9008D0CB79CF0CC6B9063001A
:100E8800817CFD99081DF0003641009178FDC02055
:100E980000822900BD080BA8CD0A800C13C2E90006
:100EA8008D0CB79CEECC9A8172FD880880E61310F1
:100EB80020001DF03641002692091C488792090C33
:100EC800188601000C084600000C285C0997130BD3
:100ED80092A0A097930A0C19C60100000C094600BD
:100EE800000C298088909A889163FD9088902298B8
:100EF800001DF0003641008160FDC0200028082058
:100F080090F42080F58799100B827CD987390E20C0
:100F180021E42A22CCD24602000C028601000C02EF
:100F28004600000C021DF000364100208C41202CA8
:100F3800F40088118022208151FDC0200029081D5D
:100F4800F0000000366100AD02254350914DFDC010
:100F580020008809A2AC00A088100B3330309430F0
:100F68008820C0200089090B928146FDC020009985
:100F7800089145FDC020008809A144FDA08810C043
:100F880020008909208F052A88A141FDC0200092F0
:100F98002A1CC020009901C0200098018081F430EB
:100FA8008811B13CFDB09910808920C020008901CA
:100FB800C020008801C02000826A1CA12AFDA0A2CE
:100FC8008265F6FFE632040C294600000C49A1327E
:100FD800FDC02000880AB131FDB0881050991190E9
:100FE8008820C02000890A1DF000000036410081D9
:100FF8002CFD8808279824812BFDC02000B8F8A173
:101008002AFD980AB09920990AC0200098F8A127CB
:10101800FDA80AA09910C0200092680F1DF00000DA
:10102800364100811FFD8808279810811FFDA808F8
:10103800911DFDC02000A9F90C0999081DF00000B8
:1010480036410016A3050C0AED0ADD0A860F0000DA
:10105800A08AA09117FD9088B0C8988D0C4608000A
:1010680000C7181BA09AA0B112FDB099B098A99812
:101078001998098719099868973204987897320758
:10108800889856B8FDC60000ED080C1D1BAA8108FB
:10109800FD8808873AB98CDD885E89030C02060250
:1010A8000022A10286000022A1051DF03641008120
:1010B80001FD505074505511404074305520704413
:1010C800118A82E08811405520C0200059081CF878
:1010D80027380D0C1891F8FC0012400088A18602F0
:1010E800000C1891F6FC0012400088A1C02000896D
:1010F800091DF0003661002020748C7266120C8184
:10110800F2FC46020081EFFCC600000081EDFCC045
:1011180020008878C020008911C020008811C020D4
:10112800008901C020008801808075CCD8C02000CB
:1011380088118088358C880C088601000C084600C8
:10114800000C181638FB1DF0364100A1C4FCC02065
:1011580000883A809F04C02000A85A81DCFCC02087
:10116800008808808F05E08811A0A405AAAAA08895
:101178002080892026380A26780D66180F0C12065A
:1011880003000C22C60100000C324600000C021DB0
:10119800F000000036410081B1FCC0200028582032
:1011A80028151DF036410025FAFFA0AAA0A0AAA084
:1011B800E02A1125FEFFA02280900000364100653C
:1011C800B4071DF036410090630081C1FC926800AD
:1011D800A56600B1C0FCA2A00025FEFF1DF000001E
:1011E80036410025B3071DF036410081BAFCB2280C
:1011F80000A2A000A5FEFF256A0081B5FC88088032
:10120800E6131020001DF00036410020987420805D
:1012180074202075002211A1B0FCA7923266D90C67
:1012280082C8ED0CD987B92C0C02460E004C1AA7BF
:10123800990D82C8E90C9987B91F0C02C6090000EC
:101248005C0AA7991A82C8EBB628190C0286050011
:101258000C024604000C120603000C12C601000022
:101268000C024600000C121DF000000036A100AD73
:101278000279415050746060742201508198FCC01A
:10128800200098289951C0200098789961C02000C2
:1012980098889971C02000989899810C09C02000FD
:1012A8009928C020009828B18CFCB09920C0200053
:1012B8009928C020009878B18AFCB09920C02000F5
:1012C8009978C020009821A0A0749090F5009911F9
:1012D800A09920C020009921C020009821A181FC5C
:1012E800A09910C020009921C020009821C0991110
:1012F800909441A17DFCA09920C020009921C02094
:10130800009821C0200099980BA3C02000988860FD
:10131800AA01A09911909641A09920C0200099880F
:10132800C0200098780C1A30A38320AA01B16FFC62
:10133800B09910A09920C0200099781CF937A911FC
:101348008167FCC0200049187CF9C0200099C84674
:1013580008007CF90003409090919C6332C3E03010
:1013680030600013400044A1409920815CFCC020FB
:10137800009268018D058C62815EFC8208018A8575
:101388009157FCC02000A8790C1B80B88330BB01A2
:10139800C159FCC0AA10B0AA20C02000A979C02059
:1013A80000A889C02000A9110B88C02000A81180BE
:1013B8008074B2AF00B0AA10808A20C020008911C2
:1013C800C020008811C020008989C0200088790CBD
:1013D8001A60A68350AA01B148FCB08810A08820E2
:1013E800C0200089798C960B968099119098414677
:1013F80000000C09A13AFCC0200088AA809911902D
:101408009841808875808801908820C0200089AA2A
:101418006063413B363032410C0542C110C60A00B8
:101428000C0889310C47707663CD07BD04CBA181C8
:1014380036FCE0080082C5209129FC9088A09831EC
:10144800C0200099087066C04A471B553725D0A1AF
:1014580023FCC02000887A0C19209283409901B19E
:1014680027FCB08810908820C02000897A8C920BC5
:10147800928099119098414600000C09A118FCC06F
:10148800200088BA809911909841808875808801D9
:10149800908820C0200089BAC02000880A9118FCD2
:1014A800908820C02000890A810DFCC0200078089F
:1014B8005647FF9851C0200099289861C02000998C
:1014C800789871C0200099889881C0200099980C5C
:1014D800088901203341208314CCF8CD03B109FCDD
:1014E800AD018109FCE00800060E00004D035D0116
:1014F800060A00000C4660646382C72091F8FB90DE
:1015080088A0C0200088088931CD06CBB1AD0581FF
:10151800FEFBE008005A566044C01B773B8380827C
:10152800418737CF88011CF927390D7CF900124013
:101538000099A18099108089302D081DF0000000C5
:1015480036610030F32050507452610040E074D28C
:10155800A000CD0DBD0D20A07425D1FF2D0A1DF0D2
:1015680036410071B5FBAD071011202540079807DB
:10157800908075008811A1E5FBA71805A1E5FBA7D8
:101588009821D2A008C2A000C0BC200C5A25FBFF9D
:10159800A070F462AF436067100C830C054D05061C
:1015A8001C0000009088F4808811A1DAFBA798310C
:1015B8009090741C5897B8290C8D0C0CBD0C0C5AC3
:1015C800E5F7FFA070F40C8D0C0CBD0C3C5A25F708
:1015D800FFA040740C255054100C830C06860C0098
:1015E8000000D2A008C2A000C0BC200C5A25F5FFFC
:1015F800A070F40C8D0C0CBD0C3C5A65F4FF808A6D
:10160800118080F480772062A2006067101C030CB0
:10161800054D05671720A188FB2535070C0DCD0D55
:10162800BD0D0C6AA5F1FF0C0DCD03BD060C1A25E6
:10163800F1FF0C184600000C08571420A17FFBE5A9
:1016480032070C0DCD0DBD0D0C6A65EFFF0C0D0CAE
:101658008CBD053C1AA5EEFF060100000016180116
:10166800A176FBA53007D2A000CD0DBD0D0C4A25F3
:10167800EDFF0C021DF0000036610020C220D033BF
:1016880011303074326100F2A000ED0F0C8D1C8B0C
:101698005CAAA5BDFF2D0A1DF00000003641001C04
:1016A8008D0C0CC0BC20A2A09F65E9FF002A112068
:1016B8002075002211A08075802220A0A87480AA1D
:1016C80011A022201DF00000364100815BFBA80814
:1016D80065B3FF56AA070C1B1C0AE5F9FFA0A07406
:1016E80026CA02C61B00B18CFBA18CFB818EFBE0D5
:1016F80008000C0DCD0DBD0DA2A0B965E4FF0C0DC1
:10170800CD0DBD0DA2A079A5E3FF0C0DCD0DBD0D2E
:10171800A2A0FFE5E2FFA2A7D08183FBE008000CAE
:101728000DCD0DBD0DA2A0AB65E1FF1C4A817EFB6E
:10173800E00800A5F6FF8140FBA908E5ACFFDCAA9C
:10174800B176FBA177FB8177FBE008007CF206030A
:10175800000C02C601000C02860000000C021DF0FD
:10176800364100252102622500722609726200783E
:10177800A6790462C64C69031DF0000036410016C4
:10178800520B70630082220116C803921800A2A0AF
:1017980001A099209258008812C808C0C17400BCE2
:1017A8002388029818DC79A5E94F8809808174009C
:1017B800AC23008823879A0582190007681A98596C
:1017C8005669FE0C188604008802B808B0B6750081
:1017D800BB230C18C6000000000C08965B0116A875
:1017E800048802A8080C6CA0A0058150FBE0080042
:1017F800060E000098028809808005A0EB03A0ADC2
:1018080004A7180B70E6131020006CA2860A0000CB
:1018180098099091450C180019400088A190E4039C
:1018280090881090883080E41310200070E6131020
:1018380020000C02860000006CA21DF0364100500A
:10184800630070EB03707D04813AFB8087A06228F7
:10185800008138FB708880820800162800A5E24FB6
:101868008135FB70888092A00192480040E4039083
:10187800E40390861090883080E41310200070A74D
:1018880020A576FF812DFB8077A040661069075060
:10189800E6131020001DF000364100706300A0EB35
:1018A80003A0AD048125FB808AA08228009121FB3A
:1018B800A09980920900562900E5DC4F911EFBA0F3
:1018C8009980B2A000B2490090E40390882080E497
:1018D80013102000A574FF70E6131020009000007C
:1018E8003661008812A84290F503C209109838DCC6
:1018F800D98818CC9CC02000C2281AC60100000054
:10190800C02000C22818C02000C26813C6170000F3
:101918009818DC7CC0200082291FC020008911C0D3
:101928002000C811C0C074C60500000000C0200017
:1019380082291DC02000826100C02000C22100C091
:10194800C074C02000822916C02000826102C02015
:10195800008821C0D074E2AF00E08810D08820C091
:1019680020008921C020008821C020008269168CAF
:101978005CBD024BAAA515521DF00000364100A11E
:10198800EFFAE5F5FFA1EEFA65F5FF1DF00000009E
:101998003681003030742812883266180A1CF837ED
:1019A800B80B0C07460200000C07C600000072A026
:1019B800207073802C0AA0A7107CF880873092A131
:1019C800FE0018400099A181DFFA0007408080914D
:1019D80080892092A0FF000740909091A0899307EA
:1019E800E802C6E200806300894170A720E5180379
:1019F8008CEA81D5FA7A88A208000C1B00AA232554
:101A0800765082A02777B80246D10070907481CFB3
:101A1800FA90888092080081CEFA809980C02000D0
:101A28008809A1CCFAA08810A1CCFAA08820C020EF
:101A3800008909AD07651403CC4A0C15C6000000DF
:101A480052A00062A00160653060607470A720E554
:101A580012038C6A67E4090C08C601000C088600AA
:101A68000082A00182610547642A16750181BBFACC
:101A78008087A09808C020008809A2A100A088201B
:101A8800C0200089098851808620BC28AD076512CE
:101A980003C60A00009CB581ADFA7A8882080091D5
:101AA800ACFA9A88C020009808A2AEFFA09910C08E
:101AB8002000990888518086208C38AD07E51403EA
:101AC80017642027E40286A300981282C720908812
:101AD800A0C0200098280C4AA09920C0200099286E
:101AE800C6050000981282C7209088A0C0200098E0
:101AF800287CBAA09910C02000992857642A9C65B0
:101B08008197FA8087A09808C020008809A2A08041
:101B1800A08820C0200089098851806620BC36AD85
:101B280007651403060B0000009CB58188FA7A88C3
:101B38008208009187FA9A88C020009808A2AF7F8F
:101B4800A09910C02000990888518066208C36AD75
:101B580007E5160317F4024656002C0AA0A3107CCA
:101B6800F88083300C690018400099A18176FA004A
:101B780003408080918089200C3900034090909127
:101B8800A0899307E80206750082A6008094108752
:101B980004078719396CA2C672009CB58170FA8057
:101BA80087A09808C020008809A16DFAA08820C0E5
:101BB80020008909C6110000008163FA7A88A2080A
:101BC800000C3B00AA23A55E50860C000000009C78
:101BD800A58162FA8087A09808C020008809A161C1
:101BE800FAA08810C020008909860400008156FAEE
:101BF800708880A20800B2A00000AA23255B50824A
:101C0800A01F7738120C180017400088A19156FAC7
:101C1800C020008999060D00A154FAC0200088CA86
:101C2800C0200089110C190017400099A1C020009C
:101C38008811909074B2AF00B08810908820C020AE
:101C4800008911C020008811C0200089CA0C0DCD60
:101C58000DB2A100AD078145FAE008003774289855
:101C6800121CF877380F0C180017400088A1C02004
:101C78000089298623000C180017400088A1C0207D
:101C8800008959861F00000027747998121CF8777C
:101C9800380F0C180017400088A1C0200089398629
:101CA80018000C180017400088A1C0200089698618
:101CB80014000000C7E44D1CF87738130C180017FF
:101CC800400088A19129FAC0200089A9460D00008A
:101CD800A126FAC0200088DAC0200089010C19006A
:101CE80017400099A1C020008801909074B2AF00FD
:101CF800B08810908820C020008901C02000880189
:101D0800C0200089DA0774238111FA7A88820800D2
:101D18009110FA9A88C020009808A2A200A09920E1
:101D2800C0200099080C02C60E000000D7E43481D8
:101D380007FA7A888208009106FA9A88C0200098E3
:101D480008A2ADFFA09910C0200099080C02060552
:101D5800006CA2C60300000022AF7AC601006CA284
:101D6800860000000C02884180E61310200046001F
:101D7800006CA21DF00000003641001DF0000000BC
:101D88003641000C021DF0003641000C021DF00027
:101D9800364100781260630086070000821700074A
:101DA800E81588178C98C0200098088227028709B0
:101DB800068837A847E00800785756E7FD60E6131D
:101DC8001020001DF000000012C1B409A129C1397A
:101DD800D100EE03093100E6036C022000100981EE
:101DE80000B1030991C6010008200840E823084013
:101DF80021FFFF01FDFFA000000000003641004C5C
:101E08000827B80206270081F4F98022A08802A0DA
:101E1800080021D7F906250021D8F986230021D703
:101E2800F906220021D7F986200021D6F9061F00DD
:101E380021D6F9861D0021D5F9061C0021D5F98681
:101E48001A0021D4F906190021D4F986170021D3E4
:101E5800F906160021D3F986140021D2F9061300D9
:101E680021D2F986110021D1F906100021D1F98675
:101E78000E0021D0F9060D0021D0F9860B0021CFE4
:101E8800F9060A0021CFF986080021CEF9060700D5
:101E980021CEF9860500000021CDF986030021CC6A
:101EA800F906020021CCF986000021B2F91DF000E4
:101EB80036410016630170630030A320E54000BD81
:101EC80003A2A064656A0070E613102000BD03AD8C
:101ED80002E57E001DF00000C0CC10308040C0CC70
:101EE80010308040C0CC10308040C0CC10308040D2
:101EF800C0CC104080400DF0204903003211302240
:101F0800203048030003402020913D0117E22812A9
:101F1800C1F0490159116921793127E21A12C1F03A
:101F280089019911A921B93137E20C12C1F0C9010F
:101F3800D911E26102F2610312C1FC39010DF0000E
:101F480028014B113D0227112622C2F048025812DF
:101F58006822783227111822C2F088029812A82223
:101F6800B83227110A22C2F0C802D812E822F83281
:101F78001D030DF00085FCFF089100B513088100D2
:101F8800C51308710003130861000013085100010C
:101F9800130841000213082100E8130811000C136C
:101FA80010200008A128C138D112C14C10350000FA
:101FB8003621000000001DF03621000000001DF051
:101FC800362100C0CC10308040C0CC10308040C0DA
:101FD800CC10308040C0CC10308040C0CC10408045
:101FE8004012C1B409A129C139D100030309710004
:101FF8000003096100010309510C00000261094155
:1020080000E8030921000C03091100E60309810116
:1020180073F902610905EEFF280138D2190318C2C5
:1020280046D4FF1DF000000029B100030309710028
:102038000003096100010309510C00000261094114
:1020480000E8030921000C030911C5EAFF2801284B
:10205800B2006F0032AF2F3000100CF33030105642
:10206800530032A00130002000C5130CF3300020CB
:1020780000E61310200030F50308038C701B0009DC
:10208800033D0106020002C0010263003223011071
:10209800B513102000180108A112C14C6D0330B50A
:1020A80003AD03BD029500001D032D068604000044
:1020B8003621001D0220C50320E613D007002D0697
:1020C8001DF000660030F50308030B00090317161E
:1020D80026180108A112C14CC0CC10308040C0CCD9
:1020E80010308040C0CC10308040C0CC10308040D0
:1020F800C0CC104080401D06469EFF00364100803F
:10210800E20380E4030C0B0C1A65DAFF1DF00000F3
:102118003641007CF882622422C3A0C2A0600C0B66
:10212800AD028131F9E00800812EF9826211812D1A
:10213800F9826212598249727922691232C3C4390A
:10214800021DF00036410070E72040B42050C52041
:10215800DD06F881AD02A5FBFFA262221DF000009A
:1021680036410090E20380E4038099100B82A11F9E
:10217800F9A088A06808906610460A006080606030
:10218800881080F84072C8E17070608119F9808702
:10219800B09818A808E009000C180017400088A19A
:1021A80080E3138066305626FD1DF000364100A2FC
:1021B800A001E5FAFF810FF9822800F6280720A27E
:1021C8002025CE002D0A1DF0364100810AF9A828E5
:1021D80080F50398080C18F629010C088090748083
:1021E800FA408085419088208C889103F982D9082B
:1021F80046030000922A1E822A1F9A887C0AA08819
:102208001027B9093A2287320A0C12C601000C12AB
:10221800860000000C021DF036610078028C73A164
:10222800F7F8A57B01460100A1F6F8257B0180F5AA
:10223800035208106827AD0625BCFFDD0ACD06BD90
:1022480005A1F0F86579017CFC4CCBAD07A5F7FF3B
:102258008CDACD02B837A1ECF82578018610000099
:1022680000622708C22703B897A1E8F8E576018C31
:1022780063BD04A1E7F8657601B22708A1E6F8E591
:102288007501608834609015926101890160F205DA
:1022980060E61460D50460C40460B034A1DFF8E5DA
:1022A80073011DF0364100207220C2AFFF3C4BADD8
:1022B8000265F1FF2D0ACCEA7CFC4CCBA807A5F0FF
:1022C800FFCC5A0C124600000C021DF0364100AD3E
:1022D8000225FDFF164A0878024B626067C060520B
:1022E80041606441E8D7D8C7C2C74CB8A7A1CBF8AA
:1022F800A56E01A645150B66C086118A82E848D8E6
:1023080038C828B22801A1C6F8256D01A6162E0BDB
:1023180066C086118A82E848D838C828B818A1C18A
:10232800F8A56B01A616160B66C066116A22E8426C
:10233800D832C22202B22201A1BCF8256A01D227F2
:1023480004C857B22706A1B9F8256901B877A1B81A
:10235800F8A56801B807A1B7F82568011DF00000C5
:10236800364100A2A002A5DFFF81A2F8822800F66C
:10237800280720A220E5B2002D0A1DF0364100A250
:10238800A003E5DDFF819BF8822800F6280720A23C
:102398002025B1002D0A1DF0364100A2A00425DC3D
:1023A800FF8194F8822800F6280720A22065AF0054
:1023B8002D0A1DF0364100A2A00565DAFF818DF8CF
:1023C800822800F6280720A220A5AD002D0A1DF0BE
:1023D800364100A2A006A5D8FF8186F8822800F61B
:1023E800280720A220E5AB002D0A1DF0364100A2E7
:1023F800A007E5D6FF817FF8822800F6280720A2EB
:102408002025AA002D0A1DF0364100780268275DB4
:102418000626160C664623AD0225D9FF2D0A86210D
:1024280000C22709B22708A184F8255B01AD02E59F
:10243800E9FF88973B8889974617007CFC4CCBAD11
:102448000765D8FFECEA8897FC06917CF897980F07
:1024580058C73CF88927663524BD02C60A00000023
:102468009178F897980AB8D74C0889270C3506064A
:10247800006927C601000C05860000000C05C2A0F3
:1024880000BD0CAD0225D9FFBD02AD0525A2FF8018
:1024980063008158F80C1999088156F88808F628BD
:1024A80006AD0225A0002D0A1DF00000364100816E
:1024B80051F80C09990880F513A54200364100D659
:1024C80062028160F898081C48871910E0221120E0
:1024D8002241815DF88808802220C60200E022118E
:1024E800202241815AF880222022C2FD1DF00000DE
:1024F8003641008157F88A829157F8873919208028
:1025080034DC887CFC0C0BAD02E5CBFF0C18802A70
:1025180030202074C60100000C024600000C021D89
:10252800F00000003641007CFC0C0BA22201A5C97A
:10253800FFFC3A88129822990292C8F098099922C9
:1025480082C8F4A22800A2620165FAFF8CDAA80208
:10255800A5F6FFE5B5058C8A0C120603000C02C629
:1025680001000C02860000000C021DF0366100E636
:10257800120286340030A320A5D2FFA05A2016BA32
:102588000C88038828712FF88907DD038BC14BB1AC
:10259800AD01E51CFF98071C4887190C8801808E3F
:1025A800152088019129F88909A12BF8E54201A293
:1025B8002100A5F0FFC22101A0BA20A128F8E54119
:1025C80001A811E5F2FF9C7AA80125EFFF25AE05C9
:1025D800DC2A811CF898081C4887990F0C06460BC2
:1025E800000C16060A000C06C60800000C16460762
:1025F8000010A120E5F2FF562A00506520A2210014
:10260800A5EBFFBD0AC811A115F8253D012D070B43
:1026180072A6120788211628001646FD8C96A1106E
:10262800F8A53B017CF246050082210216D800A1DC
:102638000DF8A53A0122A000C6000000000C02A176
:102648000AF8A539018601007CF24600007CF21DDB
:10265800F00000003641000070001DF036410022F5
:10266800AF7A1DF0364100AD0265040081E1F780C4
:10267800AAB0490A391A1DF0364100BD04CD05AD8E
:102688000225FEFF1DF00000364100AD02BD0340EB
:10269800C42081D5F7E008001DF00000364100A1F4
:1026A800F4F7C1F2F7A0CCC00C0BE5FDFF1DF0005C
:1026B8003641001DF0000000364100AD02650F01F3
:1026C80036410020A22030B32020630081CAF738A9
:1026D8002865FEFF20E61310200030A32065B60011
:1026E8001DF0000036610020A2B0A06A8020AA90E8
:1026F80051E1F7507AB060821120E2A091E1F7929F
:10270800610392A00199210CF999110C0FF901911B
:10271800B9F790EEA0D1D9F7C2A400B1D7F78ABB18
:10272800AD07251F009207102A865088B07CBAA0F2
:1027380099109248101DF00036410081D2F780822E
:10274800A07808460600A8178CDA820A1807E80D50
:10275800250001C60100000000A807E00A008B77E9
:102768001B8291C8F79088A088088737D81DF00089
:1027780036410020A22040C42050D520408520CCDE
:102788005865930046020000B1C0F7A2C21865C898
:10279800001DF00036610071BDF7460A000082276F
:1027A8000982610388878921887789118867890167
:1027B800F857E847D837C827B817A2270065150083
:1027C800880779D872C73081B1F78737D065650037
:1027D80071AFF7C60400C8A7D2270B660C02260DF6
:1027E80005A22700A5F8FF72C73081A8F78737E54B
:1027F800A56500900000000036410081A5F70C197E
:102808009248000C3A25F3FF65ED000C4AA5F2FF4B
:1028180025F8FFE5AC4D919FF78219068081E48A7F
:10282800888259061DF000003641007063008171EE
:10283800F752280292AFF59265216858671512621F
:102848006802AD0625A700B2A088BAB5A22622253F
:1028580077FF70E6131020001DF00000364100A538
:10286800FCFF0000364100AD02A5E7FF2082B02042
:1028780088909180F79088B0A15FF72092A0A099E6
:10288800A08939224910508211915BF79A8882D821
:10289800082022A0A022A089121DF0003661002580
:1028A8006800617CF78153F76958817EF789310C9C
:1028B8001889210C0779117901FD07ED07D176F701
:1028C800C177F7B177F7AD06A504002D0A82061087
:1028D8007CB9908810824610AD06A54A00AD076500
:1028E800F8FF1DF0364100A2A000E5E4FFA16EF755
:1028F800A50A00A2A00125E4FFA2A002A5E3FFE526
:10290800F9FFA5F5FF00000036410080630065D49B
:10291800FF86FDFF36610082C23882620E89F2D8D6
:10292800E10C4CB8D1AD0265ED00CD04BD03AD029C
:10293800A5EA004D0A88C18901FD07ED06DD05CD30
:102948000ABD03AD02E57FFF0C0889D2526210620E
:10295800621172621288C18262139063008125F746
:10296800A888A26214298890E61310200088F19C98
:10297800381CFCBD08A2C254814DF7E008000C08C1
:102988008242730601000C08824254811AF7882893
:102998008228238262232D041DF000003641008224
:1029A800A00182421082A00182520672A0007262C7
:1029B8001E72621FAD02E5D100726222810EF729F4
:1029C800281DF00036410082021000982396590A0B
:1029D80080904456F90992AF8090882082421081F5
:1029E80005F788689133F797983A460D00A2020ECA
:1029F80000AA2392080E009923971A13A099C0A63B
:102A0800190D98189912890229092918060A00002F
:102A1800AD0891F8F6987997180D88088C88CC3A03
:102A28000601000C085648FC81F3F69878A120F7B7
:102A3800A90299122909297881EFF62868811CF7DB
:102A4800871201CC3281EBF6283881EAF698288281
:102A58000910808044DC08821907A2A07F87BA0881
:102A680081E5F6995846030000271904AD02A584AC
:102A78000081E0F629581DF03641008202100098C6
:102A880023D64901808064824210981288028909FD
:102A980099180C08890282620191D6F6882978690A
:102AA8009104F7971701CC3791D3F678392718187E
:102AB800920810909044CCF9921807A2A07F97BA78
:102AC8000791CCF68959060300771804AD07A57E4F
:102AD8000081C8F679581DF0364100AD02A5F9FF0E
:102AE8008202100C2990882082421016D3043922C1
:102AF8008803879338C60C00A2020E00AA23920806
:102B08000E009923971A12A099C0A6190C98189923
:102B180012890229092918460800AD089813971840
:102B28000F88088C78CC5A8D0A4600000C08566825
:102B3800FC88133902891229082263011DF000005C
:102B480036410081ACF662280292AFF59266217890
:102B5800587716117928AD07E57500B2A088BAB67E
:102B6800A22722E545FF30E61310200081A2F6884F
:102B7800282228211DF000003641003093203080A3
:102B88003456B80180F503822800DC28819AF6A81B
:102B9800588828871A09BD03AD0265FAFF46010067
:102BA80090E6131020001DF03641005D0278027790
:102BB800923DC60C00922701822700890999180CBA
:102BC80006690769178207107CD990881082471018
:102BD8006927A2C718E59500626721AD0765DEFF82
:102BE800780277950A460100000C074600000C079A
:102BF8005617FC1DF0000000364100817EF678284B
:102C080082071080951416A90C5768040C89460091
:102C1800001C09906074870902C62D0080862082F6
:102C28004710009823D6390180806482471098178E
:102C38008807890999180C088907891766863E88C4
:102C4800279C9898178807890999180C0889078973
:102C5800179207107CDAA099109247108927A2C70B
:102C680018258D00A2C73825F4FF8162F6882887C9
:102C7800971180F5038808CCE80C044603000C047F
:102C8800060200000C0486000042A001815AF65298
:102C980028068187F68715025645008156F658386A
:102CA8008155F68828571804AD05E560008151F66E
:102CB80052680526B61DAD07259AFFAD07256700A2
:102CC8009C04814CF682280292A001926822A17687
:102CD800F6A5CCFF30E613102000C6020070630092
:102CE800E5AD0070E61310200082021080851456AE
:102CF800A8FE1DF0364100913FF68829987997186B
:102D08000498084600000C09A8188808890AA91818
:102D1800060D00008138F6B828A20B0E00AA2382FF
:102D2800090E008823871A13A088C0A6180D8819D1
:102D3800891B990BB908B91986080000812EF682FB
:102D480028078719059229005689FC912AF68229B5
:102D580002A879B157F6B908A918890A897981258D
:102D6800F678688153F6871701CC378122F67838D0
:102D78008121F68828771804AD07E55300811DF6F0
:102D880079581DF03641000C0870630006060000F3
:102D9800000020A22025A800564A00AD0265C2FF07
:102DA80070E6131020000C181668FE1DF0000000D5
:102DB80036410020A22092021082A02887892D8205
:102DC80022029C9898128802890999180C0889028D
:102DD80089129202107CDBB09910924210892282EB
:102DE8000A107CB9908810824A10A5BDFF1DF0001A
:102DF80036410022C2E80C0870630086030020A256
:102E080020E5FAFF70E61310200082A00116D8FE14
:102E18009000000036410020A22030B320A5D5FF45
:102E2800900000003641000C08A063004605000031
:102E380081F1F5982882090F0B8882490FA0E613C3
:102E48001020000C181678FE1DF0000036410060B6
:102E58006300A1E8F5882A92080F1B9992480F7819
:102E68006A9113F6971701CC3791E2F578399208F1
:102E780010909044DC19921807A2A07F97BA099184
:102E8800DDF589598603000000871704AD07A542C0
:102E98000081D8F5795860B620A106F6A5CDFF9037
:102EA8000000000036410081D3F598282269229855
:102EB8005899282229221DF03641006D025D0278BA
:102EC80002279735060C00009227018227008909FE
:102ED80099180C08890789179207107CDAA09910AD
:102EE8009247108927A2C718A56400AD0765ADFFF2
:102EF800780677950B8601000C070C02C600000CBB
:102F0800070C125617FC1DF036410020A2207063F2
:102F18000065FAFFA02A2070E61310200090000038
:102F2800364100A1E5F5A58F001DF000364100707F
:102F3800630091B0F5882998799718049808460095
:102F4800000C09A8188808890AA918460D0000006D
:102F580081A9F5B828A20B0E00AA2382090E0088C1
:102F680023871A13A088C0A6180D8819891B990BE6
:102F7800B908B91986080000819FF58228078719C2
:102F8800059229005689FC919BF5822902A879B1FE
:102F9800C8F5B908A918890A89798196F5686881F8
:102FA800C4F5871601CC368193F568388192F58887
:102FB80028671804AD06253000818EF56268057013
:102FC800B720A1BCF5A5B7FF90000000364100204E
:102FD8008320CC9865F5FF0C0246150000000060C0
:102FE80063007184F5A22702E5A8FFA827CD02DDBA
:102FF80003B1A5F5A2CA18E541002D0A9827820950
:10300800100C4AA08820824910BD06A1AAF525B354
:10301800FF882798A882280B564901808160F77895
:103028000E256800A022C0E612070C0286000000E8
:103038000C021DF036410020A22030B320E5F8FF35
:1030480066020226036DA08F3192A009BD089AAAD4
:1030580097BA011BB8D199F5D08A10C0CB11A09CA2
:1030680035909C20D099109A88B098759A88919438
:10307800F59098A29092419099A09088C09D0B8756
:10308800BA010B9B80AAC0B18EF5B09982818DF5EB
:10309800808A828A99B08A82B0AAA2AAA9102A0133
:1030A800808141802220A0A141CC4A565A00D622D4
:1030B800002185F51DF00000364100706300820292
:1030C80010276823A2C218E5460082021092AFFBBF
:1030D80090881082421020A220A58EFFBD07A175FE
:1030E800F565A9FF8601000070E6131020001DF0A9
:1030F8003641008140F528281DF000003641007255
:10310800120670700460630052021037650960E6A9
:1031180013102000464A000060362042C23820A220
:1031280020656F00BC0A2C0880852082421080F53B
:103138000388088C98BD06AD02E5ABFF863E00000B
:1031480040B420812CF5A22802E598FFBD06A159BC
:10315800F5E59EFF8638000082A0088085208080E3
:1031680074824210008823D6980150506482A008C7
:1031780080552052421098128802890999180C0823
:103188008902891288229C989812880289099918BC
:103198000C08890289129202107CDAA099109242D6
:1031A800108922A2C218E53800AD04E59FFF8111FD
:1031B800F5882887920B90F5039809CCA90C04068A
:1031C80002000C04C6000000000C14910AF55869AE
:1031D8009138F5971501CC359107F55839571804EA
:1031E800AD05650D008103F55958AD02E546FFAD03
:1031F80002E513008CF481FFF4882892A0019268FC
:1032080022A129F56579FF81FBF48828879224801B
:10321800F503880856C80182120607680B30E613C2
:10322800102000A2A004A5D8FEBD06A122F5259174
:10323800FF46010030E6131020008C370C4A25D7D2
:10324800FE1DF000364100AD0225EBFF1DF0000029
:103258003641008D02920210909044EC799105F568
:10326800971228911AF52809AC82921807A2A07F14
:10327800973A1E82080E0088239115F5980997A899
:10328800120C024603000C02060200000C02860023
:1032980000000C021DF00000364100810EF580820E
:1032A800C0808321910DF5908882910CF58A890C54
:1032B800199248001DF0000036410020A22081CD5F
:1032C800F4620810A5F8FF7D0A6056908102F58027
:1032D80055B0AD05E525008101F56A880C099248CD
:1032E800008CB70BC7C0DF31B1FEF4AD0565120025
:1032F8001DF0000036410070630081BEF4622802B0
:1033080092081081F6F49088808208009C58AD06D7
:10331800E5F3FF8CEA820610808044CC18659DFF97
:10332800AD0665F9FF70E6131020001DF0000000DF
:10333800364100A0630081AFF4888827980D922851
:103348001481ACF49988860400008D098C48922871
:10335800142799F58C48922214926814A0E6131049
:1033680020001DF036410081DFF428088792010C07
:10337800021DF0003641008CD291DAF498199712A8
:103388000428024600000C021DF00000364100AD82
:103398000225FEFF9C4A984A885AB842C852CA88F1
:1033A800BA99B7B90282C801994A895A981288020B
:1033B800890999180C08890289121DF0364100659F
:1033C800FAFFAC2A884A922A0520AF31A099C02773
:1033D800B80292C9FF2028C0E61915CC1996020137
:1033E800D609010C02C6020021B8F446010000000B
:1033F8000021B5F41DF0000036410081BBF482289D
:103408000056880025AF02A02A204600000C021DA5
:10341800F000000036610066040B6605080C088998
:10342800013D0886410039220C08906300991189F2
:10343800013D08C63C0049013D05966503A5FBFF13
:103448007D0A9D051B8466040292C501703F319A6E
:10345800338A8777B8011B3389423952A1A4F4987B
:103468000AA81AAA339A8897B8011B3389010C163F
:10347800460D0000819EF4A80888185A884A9AA721
:10348800B9011B887CEA7CFBB0883097BA01BA88FE
:103498002B99909060E61809CC08CC4992A001823B
:1034A800A00092620489520C06A5EBFFC60F00002B
:1034B800C84AB85A98428852B72805879B1EC7B988
:1034C8001B80BBC097BC010BBB90CCC0C94AB95A82
:1034D800881A8912A9022908291A860800B088C002
:1034E800C7B9010B88C099C09942895265E8FF564F
:1034F800DAFB817CF498188902991229092268015B
:1035080025E6FFA792198178F48808DC18CC36A53F
:10351800EEFF7D0A70A72065EAFFB2A000A596021B
:10352800881180E6131020000C181688F028011D59
:10353800F00000003641007D020C063063006CA2EA
:1035480006150000000082270016780265E1FFA03A
:103558004A20AD0765E3FF0C08894781E1F38957E5
:1035680077942A65E9FF65E5FF0C0BE591022D05C7
:103578000607000098478857661914808160F77815
:103588000E0C08894781D6F38957860000002D065E
:1035980030E6131020000C165D061686FA1DF000A2
:1035A8003641008151F42908A5DBFF7D0A86120007
:1035B80000814EF460AF31B8089818AA996AABB781
:1035C800BA011B99A90899180C0889478957AD07AA
:1035D800A5DBFF0C18894781C2F3895730E6131021
:1035E80020008827AD07E00800306300913FF48889
:1035F800096088C08909E5D6FF7D0A9C3768479825
:10360800578139F4A808A08F319728058799A167B1
:10361800BA9E9CB798478857A134F4A80AA0BF312E
:10362800B088C0A7B90282C8FFA099C0994782672D
:1036380005912EF4812DF4880880CF31B809A81996
:10364800CAAA8A8BB7B8011BAA826900A9190C07F4
:103658008126F47908AD0765D6FFBD07A58202303B
:10366800E613102000E5C8FF1DF000003641000CED
:10367800087063002D083D0846080000A5D7FFA084
:103688003F31911AF48229009229019033808A2AC5
:1036980087B2011B3370E6131020000C1816B8FD12
:1036A8001DF0000036410065FCFF2D0A1DF00000EA
:1036B8003641008C62B2C2FCA80BE506001DF00082
:1036C800364100CD02D10AF40C0BA10AF4E515002D
:1036D8002D0A1DF03641008107F48262231DF00097
:1036E800364100A105F4652F001DF0003641002089
:1036F800A22030B32040C420CB828932894265DEC3
:103708004C1DF00036410071FDF3860300C227020C
:10371800B2270170A72065FDFF72C71481F9F387EE
:1037280037EA0C021DF0000036410030B320306348
:10373800007D03AD0225CE4CCBA2E57CFF8CBA30D0
:10374800B320A2C214E56CFF8601000030E6131016
:1037580020001DF036410088529CB8AD02E00800F8
:103768009C6AD62A00A0A06082A0FFA7A801AD0885
:103778008832A248004600000C0A98328209010CDF
:103788001BB08820824901A020601DF03641009CB2
:10379800B2883292080107690A8208008C980C02E4
:1037A800060300000C028601000C124600000C0201
:1037B8001DF0000036410080630006FFFF00000096
:1037C8003641003DF01DF0003641008D020C022903
:1037D800282938890889181DF0000000364100FBA7
:1037E800847C09908810FB8890881032621E82625F
:1037F8001F0C099262208A231DF000003641000C3C
:1038080008892252520642421032420E82420F89E1
:103818006289721DF00000003641000C021DF000A4
:103828003641004B82891289221DF0003641007D05
:10383800020C084BC447BC010C18DCC80C4880B308
:1038480020406300AD07E005002D0A40E613102074
:10385800008C7A790A4B2A4600000C021DF0000001
:103868002048031B220002403049033020910033D6
:10387800A1D6F30B3030F5302220203060203310F1
:1038880030F34000134020209120491320480322A0
:10389800C21F3032C030481310200020490316A23E
:1038A8000707E20817E21927E23A06230032C9F0AF
:1038B800490359136923793320614110804006F781
:1038C800FF32CDF0490359136923793332C5F438EF
:1038D8000332C3E089039913A923B93320A24120F5
:1038E800804006EEFF108040D2CDF0090D191D2949
:1038F8002D393D32C1F43803D2CD1032C3D049033B
:1039080059136923793389439953A963B973F080AB
:103918004020E341308040C6E0FF00001080402096
:1039280048030012400C120022A120491310200065
:103938000C020DF00C120DF00000F022111B2230C9
:103948004803F7E20A0B33F02211F762F7303034FC
:103958000013400032113022812020F42049133016
:1039680003032C023032C03048131020000C220D03
:10397800F00000003621006163F350E6034D00605B
:1039880025103B2220E61310200045EDFF0D0450C2
:10399800E6131020001DF000364100AD02815AF3F5
:1039A8008808E008002D0A1DF00000003681003963
:1039B80041495159611C0C0C0BAD01810BF3E00816
:1039C800000C288241028151F38911C841D851E87D
:1039D80061BD02AD01A5404F1DF0000036A10039C0
:1039E800514961597169817991AD02C2C110C911FA
:1039F800B2C130B9010C4DD92125FBFF1DF00000E3
:103A080036A10029919803818AF280991099A158CA
:103A180013805510983380991099B1484380441009
:103A28000C068D0669817143F3868E0000D2A001D1
:103A3800C2A008B2C110AD07A543058CFACD07B1E5
:103A48003EF3A13EF381B7F2E00800E5C34DE8413B
:103A5800913CF39A9EA13BF3AAAE82A001B13AF33E
:103A6800973B0282A0000C1BC139F3A73C02B2A00D
:103A780000B0881080807416E8048135F38A8EB10E
:103A880035F387BB438134F38A8EB134F387BB386F
:103A9800BC5EB133F3BABE0C18C132F3B73C010CAB
:103AA80008B131F3BABE0C1CD12FF3B73D02C2A046
:103AB80000C0881080807416E800812CF3808E8006
:103AC800B129F387BB02C66900168E0F0C18B11E08
:103AD800F397BB010C080C1BC11DF3A7BC010C0B11
:103AE800B0882080807456A8048119F38A8EB11991
:103AF800F387BB3F8119F38A8EB118F387BB34B1C2
:103B080018F3B0BE8082A001C117F3B7BC0282A02F
:103B180000B115F3BABE0C1CD113F3B7BD02C2A095
:103B280000C08820808074CC988110F38A8EB10DF3
:103B3800F3873B438109F38A8EB108F387BB408141
:103B480004F38A8EB104F387BB3D81FFF297B83F37
:103B580081FFF2A7B8418104F38A8E9102F387B9F5
:103B68003E81FFF28A8E87B93E8100F38A8E8739BB
:103B78003EC1EFF2C60E0000C1E7F2060D000000DC
:103B8800C1E4F2060B000000C1E4F20609000000DF
:103B9800C1E3F20607000000C1E2F20605000000DA
:103BA800C1E1F20603000000C1E0F20601000000D6
:103BB800C1DFF2F851F9018BD7B1DFF2A1EDF28143
:103BC80059F2E00800884198339798098B47494390
:103BD8004040F500441198039798098B57591350A2
:103BE80050F5005511A1DAF2AAA80C19B1DAF2A71A
:103BF800BB0292A000A1D8F2AAA80C1BC1D8F2A7B8
:103C0800BC02B2A000B09920909074FC19A1D4F223
:103C1800AAA80C19B1D4F2A7BB0292A000A1D2F2B3
:103C2800AAA80C1BC1D0F2A7BC02B2A000B0992070
:103C3800909074CC9991CDF29A8891CAF287390103
:103C48001B6688517A888B7881CBF2820801679845
:103C5800138881CCE87CF88087308080347A881B90
:103C6800780C1889818D021B280CF9873902C66ED9
:103C7800FF80F240808541B2C2F0B0FB40B0B54150
:103C8800B0882016E800B1ACF2A1BBF28126F2E0C0
:103C98000800659F4D0C0AE545FD7891AD0781EA5E
:103CA800F1E00800AD0781DFF1E00800CC17A52A94
:103CB80002F85371E0F17AFFF0F0F54C0EDD04C81C
:103CC800B10C0B4891AD0481B4F2E008006D0AF81C
:103CD800237AFFF0F0F54C0EDD05C8A1B2A0004034
:103CE800A42081ADF2E00800A066208CF6CD06B1D4
:103CF80092F2A1A2F2810BF2E00800E5984D8853F8
:103D0800A8B1AA880B88919EF2A73954919EF2A770
:103D1800B914919BF287B9040C484600000C080CB2
:103D2800299088200610009198F2A8B1A7B924918B
:103D380095F287B90C9192F287B90D0C390C488627
:103D480002000C190C08C600000C390C08908820D9
:103D580006050000818EF298B197B8091C08860103
:103D6800000C484600000C889891ECE98090248A61
:103D7800A81C0BB0AA10A099208081410C8AA088A9
:103D8800108089209183F2C02000A809A08810A083
:103D98008830C020008909060B0000008090248A22
:103DA800A81C0BB0AA10A099208081410C8AA08879
:103DB800108089209178F2C02000A809A08810A05E
:103DC8008830C0200089098823A8A1AA880B889177
:103DD8006CF2A73956916BF2A7B9149169F287B9B9
:103DE800040C484600000C080C2990882086100016
:103DF8009166F2A8A1A7B9259163F287B90D9160E0
:103E0800F287B90F0C390C48060300000C190C088E
:103E1800060100000C390C08908820060500815B1B
:103E2800F298A197B80A1C08C60100000C48460081
:103E3800000C889891ECC98090248AA81C0BB0AA21
:103E480010A099208081410C8AA088108089209137
:103E580050F2C02000A809A08810A08830C0200017
:103E68008909860A008090248AA81C0BB0AA10A091
:103E780099208081410C8AA088108089209145F280
:103E8800C02000A809A08810A08830C02000890997
:103E9800A891816CF1E008001DF000003641008116
:103EA8003FF280E713657FFE813EF280E61381D101
:103EB800F180F513102000A5C40016EA00B11EF227
:103EC800A139F28198F1E00800E57B4DA55C00B1CD
:103ED80036F2A2A000A5B2FFA2A000E5C10081337E
:103EE800F2C22800C0CA41B114F2A131F2818DF1A9
:103EF800E00800657700E5D3FC1DF0003641002599
:103F0800E8FD65E7FD25EBFC252305E51605160A02
:103F180001CD0AB128F2A128F28182F1E00800A5BA
:103F2800764DA52E4D1DF00036410082020380809B
:103F380034262818F6380A9C9866181FC121F246BC
:103F480009000CF997981DC120F2860600C11DF2E0
:103F580006050000C11AF24603000000C11AF24625
:103F68000100000000C117F2B127F2A127F2816D0C
:103F7800F1E008008126F2C02000880887F8114780
:103F8800F81577F81AE7E81FD76825C114F28608EC
:103F980000C10EF206070000C10EF246050000003F
:103FA800C10DF24603000000C10CF24601000000FA
:103FB80000C10BF2B114F2A116F2815AF1E0080027
:103FC800820203808434F688379112F29088A088A0
:103FD80008A00800C104F2460A00000000C103F26C
:103FE800060800C103F2860600C102F2060500C1F8
:103FF80002F2860300C101F2060200C101F2860046
:1040080000C1F9F1B100F2A104F28146F1E0080023
:104018001DF00000366100820203808434F6885D5A
:1040280091FFF19088A08808A008000C18C0200013
:104038008901C613000C28C0200089014611000C14
:1040480048C020008901C60E000C88C020008901E4
:10405800460C001C08C020008901C609002C08C0B5
:104068002000890146070000004C08C02000890193
:1040780046040082A080C0200089018601000C2827
:10408800C0200089010C0A81F0F0E00800C020007F
:10409800B801F1E8F0E2A100D1E2F1C1E8F0C0BB5B
:1040A8000181E5F0A80881DFF1E008000C0A81DD54
:1040B800F0E008000C0A81E3F0E008001DF00000C1
:1040C80036410065D6FC2D0A1DF00000364100E59A
:1040D8005CFD81D9F0A9081DF0000000364100916F
:1040E800DBF0C0200088093C0DD08820C020008962
:1040F8000991D7F0C020008809C2AF0FC088101CF2
:104108000BB08820C020008909C0200088097C0ADB
:10411800A08810C02000890991CFF0C0200088092C
:10412800D08820C02000890991CCF0C020008809DF
:10413800C08810B08820C020008909C020008809E4
:10414800A08810C0200089091DF0000036410082B7
:1041580002038080340CF99718050C27C60000006C
:1041680072A003E5F5FF82CAFE80F840808541927F
:10417800CAFC90F940909541908820565800A2CAF0
:10418800FBF62A4081F2F092080681F1F0809980CE
:10419800C020008809A1EFF0A08810A1A1F1A08893
:1041A80020C02000890991A0F1C020008809A1ED54
:1041B800F0A08810607711707820C0200079094637
:1041C8006200000000819FF1E0080056DA17D2A0D3
:1041D80000D0CD20B2A0050CBA25EDFC0C0DCD0DFC
:1041E8000C1B0C7A65ECFC0C0C0C1B0C7A8196F100
:1041F800E008000C0DCD0D0C2B0C8A25EBFC0C0CEB
:104208000C2B0C8A8191F1E008000C0DCD0D0C4BA4
:104218000CAAA5E9FC0C0C0C4B0CAA818BF1E0084C
:10422800000C0DCD0D0C3B0C9A25E8FC0C0C0C3B3E
:104238000C9A8185F1E00800A1C5F0D20A0791C463
:10424800F09ADDC02000B80D81C3F080BB10C1C258
:10425800F0C0BB20C02000B90DD20A089ADDC020EA
:1042680000B80D80BB10C0BB20C02000B90DD20A19
:10427800099ADDC02000B80D80BB10C0BB20C0204B
:1042880000B90DD20A0A9ADDC02000B80D80BB1013
:10429800C0BB20C02000B90DD20A0B9ADDC0200097
:1042A800B80D80BB10C0BB20C02000B90DA20A0603
:1042B8009AAAC02000980A8089109159F190882004
:1042C800C02000890A9158F1C020008809A1A5F0F2
:1042D800A08810607711708820C020008909815655
:1042E800F098088152F1879962A151F1C020009895
:1042F8000A819BF0809920C02000990AA14EF1C044
:104308002000980A809920C02000990AA14BF1C08A
:104318002000980A809920C02000990AA148F1C07D
:104328002000980A809920C02000990AA145F1C070
:104338002000980A809920C02000990AA13BF1C06A
:104348002000980A808920C02000890A1DF00000FA
:10435800364100812EF1C020008808D7683087F8E0
:104368003277781F913AF1C020008809A08811801F
:104378008641A137F1A08820C0200089090C1B06BE
:10438800060000009134F197880E0C0BC602000C51
:104398000B8601000C3B4600000C7B8202038090D8
:1043A80034808034F63809009923EC799C48860BD0
:1043B800000CF9979829814EF00C299248009248F0
:1043C80001C60600814BF00C19924800924801463C
:1043D80003000000008146F00C0992480092480151
:1043E800A11BF1C02000880A92AF0090881091406C
:1043F800F0920900BA99909074908820C0200089A2
:104408000A1DF000364100A1DBF025D4FFA1D9F048
:10441800E5F3FFA5CCFF90000000000036410065E1
:10442800FEFFE513FDA1D3F0E5AFFFA1D2F065BE15
:10443800FFA5AA040C021DF03641008109F1E0082D
:1044480000A2A0008108F1E00800251301A07A204D
:104458000C0A25CAFCC0A7118100F180AAA2A0906D
:10446800F5A0A4B5B118F0C02000885B8084B5C061
:10447800880180AA20C02000A95BC02000885B902A
:104488009034C09901A1F5F0A08810908820C02030
:1044980000895B1DF000000036410091F3F0C02058
:1044A80000822900A1F2F0A08820C02000826900C3
:1044B80091F0F0C02000822900E08811808241A19B
:1044C80008F0A08820C020008909C020008809A120
:1044D800E9F0A08820C02000890971E7F0C0200019
:1044E80088071C06608820C0200089070C2AA5EED2
:1044F80003C02000880792AEFF908810C020008972
:1045080007C02000880792ADFF908810C02000895E
:104518000781DBF091DAF0C02000890991DAF0C058
:104528002000890991D9F0C02000890991D8F0C0EC
:104538002000890991D7F0C020008809A1D6F0A0F1
:104548008820C02000890991D4F0C020008809A1E2
:10455800D3F0A08820C02000890991D1F0C02000A4
:104568008809A1D0F0A08820C02000890981CEF058
:10457800C0200098080C4AA09920C020009908C0C3
:1045880020009808A1CAF0A09910A2A200A0992022
:10459800C020009908A1C6F0C02000980AB2AF0058
:1045A800B099100C8BB09920C02000990AC0200047
:1045B800980AC1C0F0C09910C1C0F0C09920C020AD
:1045C80000990AC0200098086C7AA09910C02000B1
:1045D8009908C0200098082C0AA09920C0200099AA
:1045E80008C020009808C1B5F0C09910C0200099F3
:1045F80008C1B3F0C02000980CD1B2F0D09910D205
:10460800A500D09920C02000990CC020009808C1AE
:10461800AEF0C09920C02000990881ACF0C02000FD
:1046280098087CECC09910C020009908C020009818
:1046380008A09920C020009908C020009808609917
:1046480020C020009908C020009808B09920C020F8
:10465800009908919FF0C020008809A08820C020F8
:104668000089091DF00000003641008199F0C02042
:10467800009808A2AFDFA09910C020009908C020B8
:104688000098080C27709920C020009908C02000C5
:1046980098087CDBB09910C020009908818CF0C084
:1046A800200098087CEBB09910C020009908C02021
:1046B800009808A09910C020009908C02000980808
:1046C8007C7AA09910C020009908C0200098086C36
:1046D800F6609910C020009908AD0765D303916E64
:1046E800F0C020008809A184EFA08810C0200089AC
:1046F80009916BF0C020008809A180EFA08810C044
:1047080020008909915DF0C020008809608810C0E8
:10471800200089099165F0C020008809A16EF0A0E9
:104728008810C020008909915AF0C020008809A18A
:104738006AF0A08810C020008909915DF0C02000AF
:104748008809A15CF0A08810A165F0A08820C0208D
:10475800008909AD07A5CE039146F0C0200088095D
:10476800A165EFA08810C020008909C02000880931
:104778000017400088A1000740808091C020008970
:10478800091DF0003641007D0282020CD2020D8024
:10479800DD1180DD209C3D0C0CB151F0A152F0815F
:1047A80061EFE008007CB2462B000000659FFCA08A
:1047B8005A20614DF0606AA26065416086A08088D9
:1047C800A0E08811804AC082020FD2021080DD1159
:1047D80080DD20F6237FD7BA2BC143F0C0CDA2C01D
:1047E800C541C08CA08088A0E0881140F42060E614
:1047F8002080DDC0B13BF0A13DF0814AEFE0080028
:104808007CF24600000C0266134D920711820712D3
:104818008088119088209107EF9098C00C1A90A971
:10482800830C19809883970A2E57B82BC12FF0C094
:10483800C8A2C0C541C09CA09099A0E0D911FD04B0
:10484800ED06D0D8C0B126F0A12AF08136EFE008F5
:10485800007CF24600000C021DF000003641007199
:1048680020F070B720A123F0812FEFE00800BD07EA
:10487800A122F0812CEFE00800BD07A120F08129DA
:10488800EFE008001DF000003641000C1D1C8CB143
:10489800B9EFA1E3EFE55D042D0A8CCAB111F0A1CF
:1048A80018F08120EFE008007CB21DF0366100624C
:1048B800A000690181FCEE8911AD01657C01BD068E
:1048C800AD01257E01AD01A58401AD0125820181DF
:1048D8000DF08B71980888189921826103AD07251E
:1048E8007A01BD06AD07E57B01AD076580011DF0C6
:1048F800364100258BFC2D0A71FCEF707AA2707589
:104908004170D7A0D0DDA0E0DD11D0DAC070C7209B
:10491800B1F4EFA1FDEF8103EFE0080082A12B279E
:10492800381A21EFEFCD07BD02A1F8EF81FEEEE0C6
:104938000800BD02A1F7EF81FBEEE00800B2A0007D
:10494800A18DEF25E4FFA02A20161A007CF21DF0A5
:104958003641009C12C1EFEFB1F0EFA1F0EF81F109
:10496800EEE008000612000081EEEFC02000880883
:1049780081EDEFC02000880881ECEFC02000880896
:1049880081EBEFC02000880881EAEFC0200088088A
:1049980081E9EFC02000880881E8EFC0200088087E
:1049A80081E7EFC02000880881E6EFC02000880872
:1049B8001DF0000036410081E3EFC020009808A2F6
:1049C800A101A09920C020009908C0200098087C67
:1049D800EAA09910C0200099081DF000364100A2F5
:1049E800A00081DAEFE0080082CAF780F8408085ED
:1049F8004192CAF990F940909541908820CCC8829C
:104A0800CAF380F840808541268A019C28B1C2EF0C
:104A1800A1CEEF81C4EEE008000C0A10112025F3A6
:104A2800FF25F9FF1DF000003661000C0A8186EEB3
:104A3800E008000C0A817BEEE008000C0A81C4EF54
:104A4800E008000C8C0C0BAD0181E7EEE008000CCF
:104A580018824100AD01254F01914DEFC02000881B
:104A6800096CFAA08810C0200089091DF000000018
:104A7800364100A2A000E567FC8183EEC0200082D9
:104A88002800808B156618129180EEC020008809D6
:104A9800A17FEEA08810C02000890981AEEFC02058
:104AA800009808A1ADEFA09920C020009908C02067
:104AB800009808A1AAEFA09910C020009908C0206A
:104AC800009808A1A7EFA09910C0200099082C8A87
:104AD800E58200A1A4EF2545FC81A3EF0C09C020C5
:104AE80000990881A2EF7CF9C0200099081DF00008
:104AF8003641001DF00000003641001DF0000000A6
:104B08003641000C0880611365FEFF65E400A08152
:104B1800146618201C8880AA2082A06080AA20829F
:104B2800A18080AA200C1880AA2065F1000CAA8117
:104B38007EEEE00800A5F3FFE58FFF25D2FFA5EE86
:104B4800FFA558FF25B8FC2D0A16FA00B189EFA178
:104B580089EF8174EEE0080086070000A5D2FFA067
:104B68002A20564A01A5D8FFA02A20CCBAE58AFFF8
:104B78002D0ACC4A65E6FF65D3FF1DF03641002CAF
:104B8800782728138171EE2A88820800008823D6A6
:104B9800A8000C02C60100000C024600000C121D01
:104BA800F00000003641008168EE2A8822080000E3
:104BB80022231DF036410020622020A220E5FBFFC1
:104BC8000C18802A30202074FC928063007D0891A4
:104BD8006AEF8909AD06E5FCFFA08AF09168EF90BD
:104BE80088B088489C48A0AAF090AAB0980AC0202B
:104BF80000A809A08820C0200082690070E6131070
:104C0800200086000022A1021DF000003641006D40
:104C180002AD02A5F6FF0C18802A3020207456E257
:104C2800038063007D089154EF8909AD0665F7FF9D
:104C3800A08AF09152EF9088B088489C68A0AAF0AA
:104C480090AAB0980AC02000A809A08810A08830AF
:104C5800C02000890970E61310200006010000003A
:104C680022A1021DF000000036410020622020A28F
:104C780020A5F0FF0C18802A30202074FC92806355
:104C8800007D08913DEF8909AD06A5F1FFA08AF0E6
:104C9800913BEF9088B088589C48A0AAF090AAB0A1
:104CA800980AC02000A809A08820C02000826900B6
:104CB80070E61310200086000022A1021DF00000FB
:104CC8003641006D02AD0265EBFF0C18802A3020DA
:104CD800207456E2038063007D089127EF8909ADAF
:104CE8000625ECFFA08AF09125EF9088B088589CA3
:104CF80068A0AAF090AAB0980AC02000A809A088C5
:104D080010A08830C02000890970E6131020000622
:104D18000100000022A1021DF000000036410081C0
:104D280018EFC020009808A117EFA09910C0200024
:104D38009908C020009808A114EFA09920C020006D
:104D4800990826120A26220C0C020C1A46020000A8
:104D58000C2AC600000C020C3A8109EFC02000980A
:104D680008B10AEFB09910C0AA01A09920C020008C
:104D78009908C0200098081C8AA09920C020009992
:104D880008C0200098087C9AA099102A220C6AA0D2
:104D98002210209920C020009908C020009808A15E
:104DA800CFEEA09920C0200099081DF0364100914F
:104DB800F8EEC020008809A2A540A08820C02000E5
:104DC800890981F4EE0C09990881F3EEC020008866
:104DD8000877781391EFEEC020008809A1C9EDA0EB
:104DE8008820C020008269001DF000003641008143
:104DF800E8EEC020009808A1E9EEA09910C02000B4
:104E08009908C020009808A2AABFA09910C0200045
:104E180099081C8D0C0C0C4BA2A066E5AC032C0D5C
:104E28000C1C0C4BA2A06625AC03D2A09A0C4CC05B
:104E3800BC20A2A06625AB030C0D0CAC0C4BA2A0A9
:104E48006665AA030C0D0CCC0C4BA2A066A5A903A1
:104E58001DF0000036610082A14087931B918EED02
:104E6800C020008809A18DEDA08810A1BBEDA08805
:104E780020C0200089098606009187EDC02000889F
:104E880009A1C7EEA08820C0200089090C3A81A694
:104E9800EDE0080082A1408793751CA887121C2C9E
:104EA800888712291C888792380C160C047D060CFA
:104EB8004582A0E089010CB2C60D00000C160C0456
:104EC8007D060C4582A0E089010CC20609000C365B
:104ED8000C640C075D072C0889012D07C604000027
:104EE800000062A0006046207D060C4582A0E08993
:104EF800010CC24C3D0CBC0C4BA2A066A59E03D273
:104F0800A0840C9C0C4BA2A066E59D03861B0000A8
:104F18001CA887121B2C888712291C888792350C9D
:104F2800160C047D060C4582A09089010CB2860CF3
:104F3800000C160C047D060C4582A09089010CC259
:104F4800060800000C360C640C075D071CC88901B4
:104F58002D078603000C064D067D060C4582A0E051
:104F680089010CC2D2A0C30CBC0C4BA2A066A597A9
:104F780003D2A0740C9C0C4BA2A066E5960390D7B4
:104F880011C0551150DD20A0661160642020DD207D
:104F9800C2A002B2A004A2A066E59403D8010C3C0A
:104FA8000C4BA2A066259403DD060C5C0C4BA2A05A
:104FB800666593038135EDC020008808808E15262C
:104FC800180926280EDC385C0A860400A2A0A00670
:104FD80003000000A2A0A00601000000A2A0A0817A
:104FE80052EDE00800816BEE39081DF036410020D3
:104FF80020748C620C0A65D2FF8608008161EEC0BD
:1050080020009808A168EEA09910C020009908C057
:1050180020009808A165EEA09910C0200099081DED
:10502800F00000003641000C1A25CFFF1DF00000EB
:105038003641002020743030741632069113EDC0CA
:1050480020008809A2AFBFA08810C020008909915C
:1050580057EEC020008809A156EEA08810A2A140F2
:10506800A08820C0200089099C539107EDC020002A
:105078008809A2AF7FA08810C020008909C6040053
:10508800009101EDC020008809A2A080A08820C05E
:10509800200089093C2A8124EDE00800C60A0000A6
:1050A80091FAECC0200088094C0AA08820C0200092
:1050B8008909913EEEC020008809A13DEEA0881024
:1050C800A2A500A08820C0200089091DF0000000CA
:1050D800364100662215A2A00025FA4B822A005606
:1050E800D8040C1B0C0A65EF4B460100A2A0002552
:1050F800F64B26121E26223756020591E3ECC020F5
:1051080000822900E08811808241C0200082690065
:10511800C60E000091DDECC020008809E0881180EF
:105128008241A14AEDA08820C02000890986070095
:1051380091D6ECC020008809E08811808241A1E85E
:10514800ECA08820C020008909860000A5534C6681
:10515800121591CDECC020008809A2A100A08820DA
:10516800C02000890986040091C8ECC02000880985
:10517800A2AEFFA08810C020008909A2A12C81EA54
:10518800ECE008001DF0000036410081BFECC020B3
:10519800002808202E152612062622038C020C321F
:1051A8001DF000003641008C5226121B860B0000B1
:1051B80091B6ECC020008809A1CFECA08810C020CF
:1051C800008909860600000091B0ECC0200088091B
:1051D800A1A9EDA08820C020008909860000A54A61
:1051E8004C0C3A81D1ECE008001DF0003641006516
:1051F800D0FB82C2FFA7B816209AC2908141A0882E
:10520800809088C28792408028200C08C60A005CDB
:105218000887121582A0A087121982A0F087922C05
:105228000C290C18A2A1E00604000C490C18A2A134
:10523800408601000C290C18A2A1408903A91399E2
:105248002329330C128601000C024600000C021DB3
:10525800F0000000364100818CECC0200078087016
:105268007B1526171E2627695677058185ECC020F1
:1052780000680860609462C601A5C7FB608AC286A0
:105288001C00000081CCEDC0200088088080142616
:10529800180A26280F1648040C0886020082A0A0C7
:1052A800060100000082A0F092A0A097183992A0F1
:1052B800F097183BB1C1EDA1C1ED819AECE008006F
:1052C800653C4CB1BDEDA1BDED8196ECE00800A5B3
:1052D8003B4C82A00862A001AD08C605005C080C22
:1052E80046A2A140460300000C26A2A140060100E8
:1052F8000C26A2A1E07902A912692289321DF000C8
:10530800364100815DECC0200092280081ADED8718
:10531800C90582A0018022202080F4002211208863
:10532800209155ECC0200089091DF000366100B1BC
:105338005AECC189EC919AEDA2A0F0A0A2C0C020BD
:1053480000880BA09C93A155EC0C16A0881090889F
:1053580020C02000890B819DEDE00800BD025D0A98
:1053680025B5FB2C887D0A57B8010C06606074F7D8
:10537800E701DC2682A0A087125A82A0F087126378
:105388005C08871242861A009142ECA142ECC020C8
:105398000082291CC020008911C020008811A08823
:1053A80010A188EDA08820C020008911C0200088A5
:1053B80011C0200082691C1697FB8D073DF00B88F1
:1053C8005688FF46EBFF0000817BED0C09C02000EA
:1053D80099080608008177ED0C19C020009908C6C5
:1053E800040000008174ED0C29C020009908060112
:1053F80000000065294C8174ED9123ECA2A04FC0F8
:105408002000A908C020008809A120ECA08810A1CC
:1054180023EDA08820A114ECC020008909A5B0FBC9
:10542800AD02A5F54BF76742BCF67080600C1970A9
:1054380089B33DF082C8FF5678FF9115ECA115ECB1
:10544800C0200082291CC02000826100C020008288
:105458002100A08810A15BEDA08820C02000890150
:10546800C020008801C0200082691CE58F001CEA6A
:10547800812EECE008001DF03661000C8AE5EF4B48
:105488009106ECC020008809A105ECA08810A13283
:10549800ECA08820C02000890991F9EBC020008881
:1054A80009A2AC00A08810C0200089098149ED0C30
:1054B80079C02000990891F4EBC020008809A1F375
:1054C800EBA08810A1F8ECA08820C020008909A1D1
:1054D800F0EBC02000822A1CC020008901C02000F7
:1054E800980181ECEB80991081E1EC808920C02043
:1054F800008901C020008801C02000826A1CA135F3
:10550800ED65A2FB1DF00000364100A59EFB81DE83
:10551800EBC020007808707B15262719F637089C01
:10552800B72617118601000026370A0601000C4726
:1055380086000072A0040C1BA5A0FBE5820066177C
:1055480002A586FF82220056D800B22202B62B2975
:10555800A832259FFB4608006618182589FFA580F4
:10556800002599FBB812E58EFFA83225DCFF06025C
:105578000000000066280225F0FF1DF0364100817A
:10558800BFEBC020008808408811808CF440881147
:105598009112ED9A889111ED9098A29092D521B12F
:1055A800EB2029821DF00000364100910DEDC0204E
:1055B800008809A1EAECA08810C020008909910997
:1055C800EDC020008809A1CDEBA08810C02000897B
:1055D8000991F1ECC020008809A103EDA08810C052
:1055E8002000890991F2ECC0200088098088118088
:1055F800884120A07580AA01A08820C020008909C0
:10560800C020008809A1F9ECA0881020A87420AA5D
:1056180011A08820C020008909C020008809A1E4C1
:10562800ECA0881020A074A0AA11A08820C0200097
:10563800890981EFECC020009808A1EEECA0992020
:10564800C020009908C020009808A1EBECA0992080
:10565800C0200099089190EBC020008809A1E7ECD0
:10566800A08810A18EECA08820C020008909C02045
:10567800008809A1E3ECA08810A1E2ECA08820C072
:1056880020008909A782028624009141ECC02000ED
:105698008809A1DDECA08810C020008909913DECA3
:1056A800C020008809A08810C02000890981D7EC93
:1056B800C020009808A2AF03A09910C02000990844
:1056C800C0200098087CDAA09910C020009908C072
:1056D800200098087CEAA09910C02000990881CC85
:1056E800ECC0200098080C09C02000990891C9EC6A
:1056F800C020008809A08810C02000890981C6EC54
:10570800C020009808B2AEFFB09910C020009908D8
:10571800C020009808A09910C02000990897F202AC
:10572800467A009159EBC020008809A1BCECA088FA
:1057380010C0200089098196ECC020009808A1B803
:10574800ECA09910C020009908C020009808A1B5C5
:10575800ECA09910C020009908C020009808A191D9
:10576800ECA09910C020009908C020009808A1AEAC
:10577800ECA09910C020009908C020009808A1AB9F
:10578800ECA09920C020009908C020009808A1A882
:10579800ECA09920C020009908C020009808A1A575
:1057A800ECA09920C020009908917BECC02000A8AB
:1057B80009B1A1ECB0AA10C02000A909C02000A816
:1057C80009B19EECB0AA20C02000A909C020009809
:1057D80008A18DECA09910C020009908C02000985D
:1057E80008A2ADFFA09910C020009908912BEBC02A
:1057F800200088098A88808141C020008909C0204A
:10580800008809A13CEBA08810C020008909A77274
:1058180012C020008809A123ECA08820C02000899C
:1058280009860400911DEBC020008809A134EBA073
:105838008810C020008909816AECC0200098086C93
:10584800FAA09910C020009908C020009808A17CEF
:10585800ECA09910C020009908C020009808A14F1A
:10586800ECA09910C020009908C020009808A175E4
:10587800ECA09910C0200099089173ECC020008812
:1058880009A172ECA08810C020008909C0200088F6
:1058980009A144ECA08810C0200089098152ECC0FD
:1058A8002000A808AAAAA0A141C02000A908C020D9
:1058B80000A808B110EBB0AA10C02000A908C020A9
:1058C80000A808B163ECB0AA10C02000A908C02045
:1058D80000A8097CABB0AA10C02000A909C020000C
:1058E800A809B2AFDFB0AA10C02000A909C02000E3
:1058F8009808A11BECA09910C020009908C02000AE
:105908009808A154ECA09910C0200099089135EC92
:10591800C02000822900A1E3EBA08820C0200082DB
:105928006900912FECC02000822900A141ECA088D9
:1059380020C020008909810CEC0C09C020009908BE
:10594800810BEC7CF9C020009908654F4B1DF000D5
:105958003641008141ECC020008808802D1580ABBD
:1059680015B0AA11D02211809915909911A0222062
:1059780090222067781D809F059A990C1AA0A22072
:10598800902A20808705E088117CB99092108029A0
:1059980020C6290081B2EAC0200088480778747CB4
:1059A800E880221091AEEAC020008849808E048ADF
:1059B800887CDAA0A210802A20C020008849808F25
:1059C80004E088117CBAA0A210802A20C020008898
:1059D80039E7E867C020008849808814D088116CAE
:1059E8007AA0A210802A20C020008849808A14B09A
:1059F8008811A2AF9FA0A210802A20C02000884949
:105A0800808C1490881192AE7F9092108029204645
:105A18000A0000008112ECC0200088087CE990226E
:105A2800102C0990881080F840808541E088117C0E
:105A3800B99092108029200C288022201DF00000A7
:105A4800364100208004A08801209104109901901B
:105A5800982020831430880190882020951450992C
:105A680001809920208714708801908820202204C2
:105A78009022018022208198EA80222081F7EBC0C1
:105A8800200029081DF0000036410081F7EB37B8E7
:105A980002E5BA4B817DEAC02000A80882C2FE80D8
:105AA800F840808541A0A8040C19A09930804910BD
:105AB8008709129175EAC020008809A2A100A08870
:105AC80020C0200089098170EAC0200068084C09BC
:105AD80090661060F640606541C02000580882A0BA
:105AE8008080551050F54050554166121A0C1BB075
:105AF800AB20E553FF9164EAC020008809A2A20008
:105B0800A08820C02000890926121D262239567235
:105B180005915FEAC0200082291AA1D4EBA0881061
:105B2800C0200082691A8610009159EAC0200082BC
:105B3800291AA1CEEBA08810A188EAA08820C0204D
:105B48000082691A060900009152EAC020008229E1
:105B58001AA1C6EBA08810A1B7EBA08820C020002E
:105B680082691A460100000000E5B14BA1C1EBC0F3
:105B78002000822A0091B7EB908810C02000826A2A
:105B880000C02000880A91BBEB9088100093119008
:105B980090E5009911908820C02000890AA55EFF31
:105BA80026222590F2409095410B8A80F840808506
:105BB8004187891B261220A2CAFEA0FA40A0A5414F
:105BC800A7091CC1A7EB460600C128EBC6040000C4
:105BD800C127EB0603000000C1A2EB06010000008C
:105BE800C1A1EBA120EAA0B3A20C0DA0A38281A6BB
:105BF800EBE008007D0AA03A20A52FFBCC0A2C8AEE
:105C0800819EEBA088C2873312B19CEBA19DEB81EA
:105C180045EAE008000C02C6230000009195EBC09D
:105C2800200088098A88808141C020008909C02015
:105C3800008809A12BEAA08820C020008269007092
:105C4800A7208139EAE008000603000000000B776E
:105C58000C1A8135EAE008008186EBC0200088082C
:105C6800F7E802E617E79C149108EAC020008809C3
:105C7800A2AEFFA08810C0200089096612199102FF
:105C8800EAC020008809A2ADFFA08810C0200089C2
:105C980009BD05AD06A539FF8CC7817AEBC0200088
:105CA80028082027414600000C021DF03641005606
:105CB8005300101120A5984BA523FB6D0ABD03AD19
:105CC8000265DCFF7D0A0C05662256308682302686
:105CD800A291E4E99022829048829088A28A22F0D8
:105CE8008201404F41404820202F41C2A7D0DD0506
:105CF800AD04BD028165EBE008009D0AB082C0A733
:105D0800B4010B88A0C4C0873551579802C7374BD8
:105D1800BAB2AA4497B4011BBB573B44B795027764
:105D2800343E30C68230D6A2708D41D0A70110BD56
:105D380001C09141909B20D0B141BA8890AA809728
:105D4800BA0282C8017CF99AB89AAA97BA01BD0822
:105D5800814EEBE008002D0AC60100000C02460047
:105D6800000C021DF00000003641008141EBC0200C
:105D7800009808A146EBA09910C020009908C020FF
:105D8800009808A143EBA09910C020009908C020F2
:105D9800009808A136EBA09910C020009908C020EF
:105DA800009808A134EBA09910C020009908C020E1
:105DB800009808A1CBE9A09920C02000926800A211
:105DC800A00181D9E9E0080072A3E84609000C1A8D
:105DD80081D6E9E008009CA70B77DC6781ABE9C0B6
:105DE800200082280087680BB125EBA12AEB81CD22
:105DF800E9E00800811FEBC020008808F768CE1D85
:105E0800F00000003641009C12CD02D2A000A12271
:105E1800EBB2A07A811DEBE008002D0A1DF000000E
:105E280036410070EA03E50E007A2A1DF0000000F2
:105E3800364100A11AEB880A8022C09119EB902202
:105E4800A22029419118EB9092829A88890A1DF024
:105E5800364100E5FCFF8113EB80AA80E50B00804A
:105E6800E40392A04090882080E4131020000C02E4
:105E78001DF0000036410070630065FAFF25FBFF46
:105E880070B720E571FD1DF0364100260206E622B6
:105E980006C60300002104EB8105EB8022430B2298
:105EA800C600000022A000A5F7FF81FEEA8022823A
:105EB80081FBEA822800809AC0B1FDEAB099807C13
:105EC800FBB0B930273B069A22C6000000007CF2DE
:105ED80091F4EA9022A220294191F2EA9022822AA2
:105EE80028A0A2C082A3E7A73802902280650200FA
:105EF800A0A2C0A502001DF036410065F2FF81E7AF
:105F0800EA8808802AC081E6EA8022A22029411D69
:105F1800F00000003641000C021DF0003641002060
:105F2800F0131DF036410066920DA1E2EA822A02C2
:105F38008818B2A00DE00800A1DFEA882A88182096
:105F4800B074E008001DF00036410092020081DACA
:105F5800EA9248001DF000003641000C0A460C0089
:105F6800DC0A91D6EA9098A0B2A100C02000B90935
:105F78008603000091D3EA9098A0B2A100C0200047
:105F8800B9091B88860000000C0892A17F87A9CF59
:105F98001BAA81C9EA820800872AEC1DF0000000CC
:105FA8003641001DF000000036410081C6EA88181D
:105FB8008C18E0080081C3EA8808A2A000E0080065
:105FC8001DF0000036410081F2E9C0200098080762
:105FD800E9050C18860000000C0817E9040C2A468D
:105FE80000000C0AA0882027E9050C4A860000005A
:105FF8000C0AA0882047E9040C8A4600000C0AA075
:10600800882037E9041C094600000C099088209173
:10601800AEEA890981AEEAC0200088088087B466A4
:1060280018F191ABEAC0200088097C7AA08810C0DA
:10603800200089091DF0000036410091A5EAC02022
:106048000088090C8BB08820C020008909819EEA4D
:1060580098089080249AA91C0CC0AA10A0882090A7
:106068009141B0991090882091CAE9C02000A809F0
:10607800A08810A08830C0200089091DF000000009
:106088003641008802CCC888129192EAC02000925A
:1060980068298602008812918FEAC0200092681948
:1060A8001DF000003641003080749802DCE9A81227
:1060B800C02000922A23808004608811B2ABFFB010
:1060C8009910808920C02000826A23060700A81240
:1060D800C02000922A12808004208811B121EAB0E1
:1060E8009910808920C02000826A121DF0000000EB
:1060F8003641008802CCB888120C09C0200092688A
:106108002946020088120C09C020009268191DF067
:106118003641008802DC489812C020008229238A70
:1061280088808141C020008269238604009812C0BB
:1061380020008229128A88808141C0200082691249
:106148001DF00000366100C020008822C0200089B0
:1061580001C0200088019160EA908810C020008961
:1061680001C02000880191FCE8908820C0200089A7
:1061780001F6636B815AEA8033A08803A00800C047
:10618800200088019120EA908820C020008901061B
:106198001400C0200088019125EA908820C02000C2
:1061A8008901460F00C0200088019124EA908820C8
:1061B800C020008901860A00C020008801911DEADC
:1061C800908820C020008901C605000000C020007A
:1061D80088019113EA908810C02000890186000088
:1061E800654A4BC02000822100C0200082620290D4
:1061F80000000000366100C02000887291BEE8905F
:106208008810C0200089723B545052410C06860AFF
:10621800000C0889010C47707463CD0730B3201057
:10622800A12081B9E8E0080082C6202088A0980152
:10623800C0200099087044C03A371B665726D1C061
:10624800200088029127EA908820C0200089021D3A
:10625800F0000000366100A81260B0F4D64601666E
:106268003B060C29C6000000000C497CC89088D267
:106278008A554B4482A0FF37B852C02000887A91D3
:1062880098E8908820C02000897AC02000882130B2
:1062980030748080F5008811308820C02000892162
:1062A800C020008821918FE8908810C020008921A3
:1062B800C020008821910BEA908820C02000892105
:1062C800C020008821C02000899A061600C020003E
:1062D800822A079183E8908820C02000826A07C03C
:1062E80020008221013030748080F50088113088C8
:1062F80020C020008911C020008811917AE8908878
:1063080010C020008911C020008811C08811808425
:10631800419175E8908820C020008911C02000882C
:1063280011C02000899A0B94C02000888A609901C6
:10633800A08811808641908820C02000898AC020CA
:1063480000887A0C19409483209901C168E8C088B4
:1063580010908820C02000897A82020C5A58C020E8
:1063680000887A0C19509583309901C162E8C08879
:1063780010908820C02000897AC02000888AC02018
:106388000089010B55C02000880150507492AF005D
:10639800908810508820C020008901C02000880102
:1063A800C02000898AC02000887A9154E89088101B
:1063B800C02000897AC0200088BA91CBE990881063
:1063C800C0200089BAC02000887AC14BE8C0881074
:1063D800C02000897AC0200088AA908810C02000B8
:1063E80089AA25D6FF0C021DF0000000368100297D
:1063F800514812E852B2130A72031688431768010B
:10640800E863A851880A88F8DD07C20303E008009A
:10641800A8138203031CF987A90FC02000A9147CC4
:10642800F8C0200089C4860700007CF90008409065
:1064380090919C2882C8E080806000184000AAA142
:10644800A09920C020009914820302566804C02035
:106458000088740C19709783309901A126E8A088E8
:1064680010908820C020008974C020008884C02033
:106478000089010B77C02000880170707492AF000A
:10648800908810708820C020008901C020008801F1
:10649800C020008984A20301D08A11C0200098740A
:1064A8000C1BA0BA8350BB01C114E8C09910B09965
:1064B80020C0200099748CAA0B888088118088419C
:1064C800860000000C08C0200098A48088118088ED
:1064D80041909875809901809920C0200099A4283E
:1064E800235203013B8580824189410C06060A003C
:1064F8000C0889110C47707563CD07BD024BA1814B
:1065080002E8E0080082C6204088A09811C0200058
:1065180099087055C02A271B6688418726D1A2038F
:1065280002D08A11C0200098740C1BA0BA8340BB0B
:1065380001C1F2E7C09910B09920C0200099748C6D
:106548009A0B888088118088414600000C08C0207A
:106558000098B4808811808841909875809901804E
:106568009920C0200099B4C02000880491E5E790E4
:106578008820C020008904A851880A822810E008D1
:10658800002203021652055833508014DC882080FC
:1065980014DC38CD02B2A080B0B48050A52081DAD6
:1065A800E7E00800460D00003D020C064609000021
:1065B8000C4770736382C6204088A0C020008808FA
:1065C8008911CD074BB1AD0581D0E7E008005A57D6
:1065D8007033C01B663B828082418736D20C021D15
:1065E800F0000000366100AD022D05581AC02000E9
:1065F8008875E77822C020008885808A551B887CAA
:10660800899088101CF987A910C0200049157CF8CA
:10661800C0200089C5C607000C087CF90008409016
:1066280090919C2882C8E08080600018400044A1B6
:10663800409920C020009915D08211C0200098757B
:106648000C1B80B88340BB01C1ADE7C09910B0995D
:1066580020C0200099758CB80B88808811808841EB
:10666800C6000000000C08C0200098B58088118082
:106678008841909875809901809920C0200099B52B
:10668800C020008805919EE7908820C020008905D9
:10669800880A822810E00800161205308014DC6889
:1066A800208014DC18CD02B2A080BAB5AD03819663
:1066B800E7E00800460D00004D020C064609000000
:1066C8000C4770746382C6205088A0C020008808D8
:1066D8008901CD07BD01AD03818CE7E008003A3799
:1066E8007044C01B663B828082418736D20C021DF3
:1066F800F0000000364100AD029812C02000880961
:10670800B1FBE8B08820C0200089098222008228D5
:1067180010E008001DF00000364100AD028812C0EC
:1067280020009888A09911909641B1F1E8B099207D
:10673800C020009988C020009878B1C4E7B099209B
:10674800C020009978803311303841C020003918B2
:106758000C09C020009928C020009808B1AAE8B008
:106768009920C020009908822200822810E00800A1
:106778001DF00000364100AD028812C02000988844
:10678800A09911909641B1DAE8B09920C0200099FB
:1067980088C020009878B1ADE7B09920C020009952
:1067A80078803311303841C020003918C020009853
:1067B80008B1A2E8B09920C0200099088802822870
:1067C80010E008001DF0000036410030B32050C52D
:1067D80020A22201C02000888AA0881180864191C9
:1067E800C4E8908820C02000898AC02000887A9157
:1067F80097E7908820C02000897A8044114048415A
:10680800808501804420C02000491AA59EFF880287
:10681800822810AD02E008001DF00000364100ADEE
:106828000230307488129C23C020009808B111E807
:10683800B09920C02000990806040000C0200098E4
:1068480008B182E7B09920C020009908880A8228F8
:1068580010E008000C021DF0364100922201C02011
:106868000082293E80802420F840202541A11BE792
:10687800A7991491A0E8C0200092293E90902490F6
:10688800882020F8402025411DF00000364100A551
:10689800DF4A000036410025DF4A00003641008803
:1068A80012C0200088085658FF1DF0003641009D90
:1068B8000288120C02C020002978C020002928A8CC
:1068C80029C02000B8D80C1CA0CA837CEDD0BB100E
:1068D800C0BB20C02000B9D80BDAC02000B8D80C43
:1068E8001CD0CD83CACC7CDDD0BB10C0BB20C0205F
:1068F80000B9D8B2CAFEC02000A8D80C1CB0CB83FF
:10690800E0BC117CBCC0AA10B0AA20C02000A9D845
:10691800C02000A849C02000A968C2090FC02000F3
:10692800A858C0B034C0BB11D2AF0FD0AA10B0AABB
:1069380020C02000A958C02000A8780C1BC0BC8328
:10694800C0BB116CFCC0AA10B0AA20C02000A97856
:1069580092090EC02000A8780C1B90B983B0BB1117
:10696800C2AFDFC0AA10B0AA20C02000A9780B9936
:10697800C02000A8589090347C0BB0AA10909A20A0
:10698800C0200099581DF0003641000C021DF0008F
:106998003641009159E8C020008809A2A101A088C9
:1069A80020C0200089091DF03641009153E8C0201D
:1069B800008809A2AEFEA08810C0200089091DF039
:1069C800364100814EE8C0200029080C0846040022
:1069D800914CE89098A030A8A0A80AC02000A90966
:1069E8001B88A688EA8147E80C19C0200099081D71
:1069F800F00000003641008144E8C0200088080704
:106A080068F41DF03641001DF000000036410020FA
:106A1800203420F2402025411DF00000364100C8F6
:106A2800620C0BB903C090F40C18AD0B90A883D17D
:106A380081E6D099C0908B93808A20CCD80C18001E
:106A48001C400088A189032D0B8600002130E81D19
:106A5800F00000003641003090F582A0C887992FD9
:106A680030387480331182D3C00C19809883A2D334
:106A7800A00C18A08A8387091C8125E892D3BD0C35
:106A88001A90A983871301DC1A0C0206040000007F
:106A980022A1050602000C02C600000022A1051D65
:106AA800F00000003661000C8CB2A000AD0181CE70
:106AB800E6E0080082A08489013C5882410482A053
:106AC8007582410582A07A824106A802880A822836
:106AD80015BD01E008002D0A1DF00000364100AD8B
:106AE800028862809874809911B10AE8B719088001
:106AF800807492A015873911D2A200C107E8B107A6
:106B0800E86597002D0AC6030000D2A002C104E878
:106B1800B105E8659600A02A2090000036610020A3
:106B2800A22010B120258D00A02A20CC9A88018AA5
:106B3800880C4990881089031DF0000036410082B6
:106B480002181C898739040C024600000C220C48E4
:106B58008022201DF000000036410088620C0CC91C
:106B68000380A0F40C19BD0CA0B983D132E6D0AAD9
:106B7800C0A09C93909B20DC998080741C9987B955
:106B88000282C8FA0C190018400089A189030C0276
:106B9800C600000021DEE71DF00000003681001C61
:106BA800CC0C0B10A1208190E6E008005241012C8A
:106BB80008824103491139210C8889411C288251D6
:106BC8000AA802880A8818BD01E008002D0A1DF0ED
:106BD8003681001CCC0C0B10A1208183E6E0080054
:106BE8002C0882410339110C8889412C1882510ADA
:106BF800A802880A881810B120E008002D0A1DF0A4
:106C08003681001CCC0C0B10A1208177E6E008002F
:106C18002C0882410339110C88894182A0DC8251F9
:106C28000AA802880A8818BD01E008002D0A1DF08C
:106C38003681001CCC0C0B10A120816BE6E008000B
:106C480082A06682510AA802880A881810B120E03A
:106C58000800ECBA1CCC0C0BAD018163E6E008001F
:106C680082A09982510AA802880A8818BD01E00802
:106C780000CCCA88129228158818B808AD02E00915
:106C8800002D0A1DF00000003641007D02881288A0
:106C9800B80C0BAD02E008002D0ACCEA8817922840
:106CA800158818B808AD07E009002D0A90F2409041
:106CB800954182AEFA8A8280F84080854180992089
:106CC80016490688278898165800A2A001E00800EF
:106CD8008196E737B80BBD03AD0765EFFF460300A4
:106CE8000000A807880A884830B320E008008877A1
:106CF8000C19908820897788179228158818B83831
:106D080070A720E009002D0A88278898165800A245
:106D1800A000E0080082A10687920C881788B80CAA
:106D28001BAD07E008002D0A1DF000003641007D6C
:106D380002881288B80C0BAD02E008002D0ACCEAD4
:106D480088179228158818B808AD07E009002D0A99
:106D580090F24090954182AEFA8A8280F840808510
:106D68004180992016490688278898165800A2A0BD
:106D780001E00800816DE737B80CBD03AD0725E8D1
:106D8800FF460300000000A807880A8858BD03E0F2
:106D9800080088770C199088208977881792281519
:106DA8008818B828AD07E009002D0A882782280925
:106DB8008C48A2A000E0080082A10687920D8817DF
:106DC80088B80C1B70A720E008002D0A1DF00000F1
:106DD8003641007D0288129228158818B22800AD25
:106DE80002E009002D0A90FA4090954182AEFA8A95
:106DF8008A80F840808541809920166905814AE794
:106E080047B812DD05CD0430B32070A720E5D8FFC0
:106E1800860400000000A807880A8888DD05CD04DC
:106E280030B320E0080088770C199088208977888B
:106E3800179228158818B84870A720E009002D0A6D
:106E480082A106879A0D881788B80C1B70A720E0C6
:106E580008002D0A1DF00000364100E842303004D9
:106E6800E080F4B66802864A009130E79088A088EE
:106E780008A00800887217680A812DE78808D208D8
:106E880001C60100812CE78808D2080156830B0C43
:106E980013B2A0EB1C8C863800887217680A81240C
:106EA800E78808D20802C601008122E78808D208CC
:106EB8000256B309B2A06B1C8CC62F0088721768E3
:106EC8000A811BE78808D20800C60100811AE788F2
:106ED80008D208005643080C13B2A0BB1C8C8626A7
:106EE80000887217680A8112E78808D20803C60169
:106EF800008110E78808D208035673063CBB1C8C37
:106F0800061E00887217680A810AE78808D20804F2
:106F1800C601008108E78808D2080456E3040CBBC0
:106F28001C8C861500887217680A8101E78808D2C8
:106F38000805C6010081FFE68808D20805FC530C45
:106F48003B1C8C460D000000B2A0EC2C0CC60A00BD
:106F58000C03B2A06C2C0C4608000000B2A0BC2C9C
:106F68000CC605000C033CCB2C0C8603000C030C50
:106F7800CB2C0C4601000C031C3B2C0C8C43815879
:106F8800E580EE20A802880A88F8E008002D0A06A5
:106F9800010000002125E51DF00000003641007DBC
:106FA8000281E5E68808271802C62B0081E4E688F6
:106FB80058BD0540A420E00800168A0A81E0E6884A
:106FC80008E008000C02862000408054CC4882A0CB
:106FD8003F57380F408044CCE81CF857380F1C0640
:106FE800060300004C068601001C064600002C061D
:106FF80081D3E68828CD06BD03AD04E008008817D4
:1070080088B80C0BAD07E008002D0A569A0581CB0D
:10701800E68838E008008817822811DD05CD04BD10
:1070280003AD07E008002D0AFCCA881792281588C6
:1070380018B848AD07E009002D0AECAA81C0E68817
:1070480048E008006055C06A336044805695F7816F
:10705800BBE6822801E008000603000022A10646DC
:10706800010000000022A1061DF000003681008208
:10707800120D4C699718040C074600000C3766C8B7
:10708800420C0882411C1CCC0C0BAD018157E5E079
:1070980008000C188241021C888241033C2889118F
:1070A80082C11C89315CA882510A0C86624116A8EB
:1070B80002880A82280110B120E0080082011C67BA
:1070C80008010C3792120D82A0A18799040C188030
:1070D80077200C422027201DF00000003681000C8C
:1070E8000BB9014B71C2A01CAD07813FE5E0080058
:1070F800404341424106194132510CA802880A888E
:1071080018BD07E00800880189052D0A1DF0000058
:1071180036A10059811CCC0C0BAD018133E5E00888
:107128000040434142410182C120892132510AA8CD
:1071380002880A8818BD01E008002D0A1DF0000029
:10714800366100207220D2C1040C8CB2A035AD0289
:10715800A5F8FF2D0ADCDADD010C8C0C5BAD07E528
:10716800F7FF2D0ACCEA92010088118088118080EF
:10717800F480892089031DF036410020A22030D3F5
:1071880020C2A0100C1BA5F8FF2D0A1DF00000005E
:107198003661000C8CB2A000AD018113E5E0080057
:1071A80082A08089013C5882410482A075824105F1
:1071B80082A07A824106A802880A822815BD01E0C9
:1071C80008002D0A1DF000003601018812922813CC
:1071D8009261175A94A10BE6973A060C0BC6000069
:1071E80000000C1B82281EAD02E00800A261158277
:1071F800A106879A66061C00004B614C0CB2A0FFE2
:10720800AD0681F9E4E00800A802880A88D8E221DE
:1072180017DD01CD05BD04E00800DD0AC801C08402
:10722800C08261165A74AA8C8077634087C08261D5
:1072380014A802880A88B860B620E00800A2611580
:10724800C221149221169AB6AD0381AFE4E008007A
:107258008221148A337044C04A554D070C18508552
:1072680083922115CC1956F8F82221151DF000003B
:107278003601016D02326114881282281382611569
:107288000C0A061F004B214C0CB2A0FFAD0281D6A0
:10729800E4E00800A806880A88A8E22115DD01CDE7
:1072A80005BD04E008009D0AA26116880180A4C0FB
:1072B8005A749A888077634087C0826117CD08B274
:1072C8002114AAA28191E4E00800881688B80C0B62
:1072D800AD06E0080080FA4080854137082388160B
:1072E800822812D22116C80120B220AD06E008007B
:1072F8008221149221179A888261147044C04A55D9
:107308004D070C13503583CC1A5683F72D0A1DF000
:10731800366100AD02CC13A5324A8812822819CDF5
:10732800010C1BE008002D0ACCEA0C289801908873
:107338001080F8408085418243001DF03661007D51
:10734800020C1B30B38388228868BC084BC1A22278
:1073580003E008002D0ADC3A88110768228827888C
:1073680078BD01A837E008002D0A86040082A1072D
:10737800871A0265314A0C020601000000000C025F
:107388001DF0000036A1000C08890189118B711CC1
:10739800CCBD0870A7208194E4E008000C888241E5
:1073A8000A19514CB882510E2C0882411EA8028835
:1073B8000A8818BD07E008002D0AA801B8117CFC4E
:1073C800CA8BCA9AC7B9018D0B66081F7CD897B8B3
:1073D8001AB1DBE5A1DCE58153E4E00800880198F7
:1073E800118903991322A1068602000081D7E5E0DE
:1073F8000800A903B9131DF036410020A22030D39C
:1074080020C2A0083C5B65CDFF2D0A1DF0000000DE
:1074180036610020A22010B120E5FDFFA02A20CC73
:107428009A88018A880C4990881089031DF0000009
:1074380036410020A22030D320C2A0080C5BE5C949
:10744800FF2D0A1DF000000036410020A22030D395
:1074580020C2A0080C1BA5CBFF2D0A1DF0000000C0
:1074680036410020A22030D320C2A0083C1B25CAE8
:10747800FF2D0A1DF00000003661007D02AD02E517
:10748800A500164A08BD01AD02E004002D0A56AA5F
:10749800078801506820574872881788B80C0B7005
:1074A800A720E00800BD0670A720E003002D0A8C85
:1074B800DA881788B80C1BAD07E00800061300002F
:1074C80088179228158818B808AD07E009002D0A12
:1074D80082A106879A0A881788B80C1BAD07E008AE
:1074E800000C1820828392AEFA9A920C1A90A98303
:1074F800A78818BD01AD07E004002D0ACCCA880191
:1075080067180822A108860000000C021DF0000080
:1075180036410020A220D2A200C17FE5B180E5A5B6
:10752800F5FFA02A209000003641000C021DF00053
:107538003641007D02881288B80C0BAD02E00800C5
:107548002D0ACCEA88179228158818B808AD07E0E4
:1075580009002D0A90F24090954182AEFA8A828005
:10756800F840808541809920160905882788988CDD
:10757800380C1AE00800A807822A008838E00800BA
:1075880088770C199088208977881792281582287F
:1075980001B2280170A720E009002D0A88278898E1
:1075A800165800A2A000E0080082A10687920C8865
:1075B8001788B80C1BAD07E008002D0A1DF0000065
:1075C80036610030307488129228158818B808ADD2
:1075D80002E0090090FA4090954182AEFA8A8A80CA
:1075E800F8408085418099208C99A802880A88787B
:1075F800BD03E00800881288A8BD01AD02E00800BC
:107608002D0ACC7A82010037180222A1051DF0004C
:10761800364100BD04A802880A8868E008002D0ADF
:107628001DF000003661002603057D03860000007A
:107638000C071B77461C000000B627130C15505783
:107648006388228838BD05A22203E008005077C06D
:10765800A802880A88E8E00800CC1A56A7FD881214
:10766800822819CD010C1BAD02E00800566A048877
:107678000107E81198720769327CEAA0991099729B
:107688001768280607009CF71C455057638822880E
:1076980038BD05A832E0080026030D5077C0C601A2
:1076A800000000A2A1060603005637FA8C370C0A20
:1076B800860000A2A1072D0A1DF000003641002215
:1076C800A1061DF03641003090F582A09D879910E3
:1076D800811FE580331081D7E487930B0C024602A3
:1076E8000022A105C600000022A1051DF00000002F
:1076F800364100AD024C0DC116E5B116E5A5D7FF20
:107708002D0A1DF036610020A22010B12025D2FFDD
:10771800A02A20CCAA88018084410C49908810892D
:10772800031DF0003641000C421DF0003641008870
:10773800620C0CC90380A0F40C19BD0CA0B983D14C
:107748003DE3D0AAC0A09C93909B20DC99808074D4
:107758003C0987B90282C8E00C190018400089A1C9
:1077680089030C02C600000021E9E41DF0000000B6
:107778003641003030F582A0C287930B88420CF95D
:1077880087390C0C0286020022A1050601000000C0
:1077980022A1051DF00000003641000C021DF0007A
:1077A8003661000C8CB2A000AD01818FE3E00800C7
:1077B80082A08089013C5882410482A075824105DB
:1077C80082A07A824106A802880A822815BD01E0B3
:1077D80008002D0A1DF000003681001CCC0C0B108F
:1077E800A1208181E3E0080052410181CFE447B83C
:1077F800042C084600001C88824103491139210CD9
:1078080088894181C9E447B8041C284600000C282F
:1078180082510AA802880A8818BD01E008002D0ACA
:107828001DF000003641007D028812922815881844
:10783800B808AD02E009002D0A90FA4090954182FF
:10784800AEFA8A8A80F840808541809920BC99DD0B
:1078580005CD04BD03AD0725F8FF2D0AECAA8877EE
:107868000C19908820897788179228158818B848A5
:10787800AD07E009002D0A82A106879A0C881788AF
:10788800B80C1BAD07E008002D0A1DF03681001C5E
:10789800CC0C0B10A1208154E3E0080081A3E4374D
:1078A800B8052C08860000001C8882410339110C99
:1078B800888941819DE437B8042C184600002C08BB
:1078C80082510AA802880A8818BD01E008002D0A1A
:1078D8001DF000003641007D02881288B80C0BADFF
:1078E80002E008002D0ACCEA88179228158818B8F3
:1078F80008AD07E009002D0A90F24090954182AE4C
:10790800FA8A8280F8408085418099201689068805
:107918002788988C380C1AE0080030B32070A7200C
:10792800A5F6FFA02A2056EA0488770C199088202B
:107938008977A807880A8228118CB89817C889BD42
:1079480003E008002D0AECEA88179228158818B871
:1079580038AD07E009002D0A882788988C48A2A02E
:1079680000E0080082A10687920D881788B80C1BD2
:1079780070A720E008002D0A1DF000003681001CC9
:10798800CC0C0B10A1208118E3E008008167E437D4
:10799800B8052C08860000001C8882410339110CA8
:1079A8008889418161E437B80682A0DCC6000000FE
:1079B80082A0D882510AA802880A8818BD01E00866
:1079C800002D0A1DF00000003641007D0288128853
:1079D800B80C0BAD02E008002D0ACCEA88179228F3
:1079E800158818B808AD07E009002D0A90F24090F4
:1079F800954182AEFA8A8280F8408085418099203C
:107A0800168906882788988C380C1AE0080030B345
:107A18002070A72065F6FFA02A2056EA0488770C74
:107A2800199088208977A807880A8228118CB89825
:107A380017C899BD03E008002D0AECEA88179228B8
:107A4800158818B828AD07E009002D0A88278898F6
:107A58008C48A2A000E0080082A10687920D881732
:107A680088B80C1B70A720E008002D0A1DF0000044
:107A780036010188129228139261175A94A1E1E302
:107A8800973A060C0BC6000000000C1B82281EAD9E
:107A980002E00800A2611582A106879A66061C000A
:107AA800004B614C0CB2A0FFAD0681CFE2E00800AC
:107AB800A802880A88D8E22117DD01CD05BD04E0B7
:107AC8000800DD0AC801C084C08261165A74AA8CF5
:107AD8008077634087C0826114A802880A88B860EA
:107AE800B620E00800A26115C221149221169AB6A8
:107AF800AD038185E2E008008221148A337044C016
:107B08004A554D070C18508583922115CC1956F803
:107B1800F82221151DF000003641003030F582A012
:107B2800EF8793040C0286000022A1051DF00000D7
:107B38003641008202181C898739040C024600006D
:107B48000C220C488022201DF00000003681000C19
:107B58000BB9014B711CCC70A72081A3E2E008008F
:107B68000C1882410619410C5882510C8802881859
:107B7800BD0720A220E008002D0ACC3A88018243E4
:107B8800001DF0003681000C0BB9014B711CCC7044
:107B9800A7208195E2E008000C388241061941824D
:107BA800A09F82510C88028818BD07AD02E008002A
:107BB800980181DDE38089C080F840808541A0F983
:107BC80040A0A541A088209C18B1E3E3A1E4E3818B
:107BD80055E2E0080022A108060700009080F5A2FF
:107BE800AF00A0A910A0A0F4A088209090740099DC
:107BF8001190882089030C021DF000003641009284
:107C080022018136E287990840B42030A320A50ECE
:107C1800F90C021DF0000000364100AD02BD0391D1
:107C2800D0E39A9282A001C1CFE397BC0282A00060
:107C3800808074C1CEE2C0CA8092A001D1CAE2C7D6
:107C4800BD0292A000909074CC58CC39822B078C3E
:107C5800E881C5E3890AA530012D0A460100000024
:107C68000022A1021DF00000364100889207681822
:107C78000763100764060B331B44C602000B332B43
:107C8800440601000764011B446083E28066C04C1F
:107C98000880666339056024631DF000364100885A
:107CA800920768180763100764060B331B44C60263
:107CB800000B332B440601000764011B4439054CB3
:107CC800022024631DF0000036410032C30382AF56
:107CD800FC80331030A320A59EFB2D0ACC0A0C0390
:107CE80039041DF03641000C020CAABD026534FBB4
:107CF8001DF000003641001623006594498C340CB1
:107D08000882640022A1071DF0000000364100AD82
:107D180003E599FB1DF0000036410030A3208102E5
:107D2800E2E008000C021DF03641007190E31C4CA3
:107D3800B2A00070A720812CE2E00800818DE389C1
:107D48002279320C021DF0003641000C021DF000B1
:107D580036410030A32081F4E1E008000C021DF058
:107D6800364100404074DC6481B1E188088808AD80
:107D780002E008008C8ACC033D0A2D0306090000A6
:107D8800A802880A8228118C98CD06BD05E0080053
:107D9800CC033D0A81A6E188088818BD03AD02E03E
:107DA80008002D0A1DF0000036410020A220B2A0D4
:107DB80000652800A02A201DF0000000364100A21E
:107DC8002200569A00815CE3A22800A9028C3A2579
:107DD8002D00CC4A2195E14600000C021DF0000060
:107DE8003641006D0248628163E35808060E0000C0
:107DF8002916818EE188088808AD06E008002D0A5A
:107E0800564A0588168828BD04AD06E008008C2A65
:107E18000C0889164B558185E188088818BD02AD84
:107E280006E008002D0AECEA28058C62AD06252735
:107E38000016BAFB60A620A52600167A0182260144
:107E4800C808B14DE3A14DE381B7E1E008000C0299
:107E5800060100000022A1051DF00000364100AD1A
:107E680002BD030C1CA5E0F82D0A1DF0368100297F
:107E780041816EE188088828A2C110E008002D0A17
:107E8800564A05A841881A884816080416530481DA
:107E980067E18808822800E008002D0AFC8AA841CA
:107EA800881A884810B120E00800BD0ACCCA884169
:107EB8009858CC299801995888018903815CE188F0
:107EC800088818A841E008002D0A860200210FE35F
:107ED800060100000022A1021DF00000364100CC7E
:107EE800328115E32808884282C8FC22A001B628FE
:107EF8000222A0002020041DF00000003661006D61
:107F080002163211880216681198081699118818F5
:107F180016D81148420C0889010CF847B80981465F
:107F2800E1880889018607000CA5860000005D0825
:107F3800BD01AD0665F2FF2D0A813BE1879A040B6E
:107F480085E615E956C20E8801896660A6202515C2
:107F580000CC9AAD06A5E8FFA02A20565A0DB2C15A
:107F68000460A62065F0FFA02A208CDAB103E3A103
:107F780004E3816CE1E00800062E00881682281DC3
:107F8800CCD8B1FDE2A1FFE28167E1E00800060874
:107F980000AD06E0080017EA188811919AE287B93F
:107FA80010B1F5E2A1F9E2815FE1E008008195E214
:107FB8008911C22604C0CCA081F5E280CC90B1EE34
:107FC800E2A1F3E28158E1E008008118E18228008B
:107FD800822800AD06E008002D0A566A050CF8470D
:107FE80038218816822816AD06E008005D0A82A1AD
:107FF80008879A0DAD0665EEFF8C7A2D05C6000040
:1080080000002D0A810AE188088818BD02AD06E043
:1080180008002D0A0607000022A1024605000000FC
:1080280022A102460300000022A10246010000002E
:108038000022A1021DF000003681007D0129473988
:108048005788478828AC388847882888089CB88883
:10805800478828880898479839B857AD09E0080034
:10806800A90788078C488807C6040000884788083D
:108078008808880898479809AD09E008000C082D79
:10808800081DF0003641008D022D0398288CB99800
:10809800198C79A838E00900CC032D0A1DF00000DE
:1080A80036410088128C380C124600000C021DF074
:1080B80036410091A3E19A9282A001A1A3E197BA67
:1080C8000282A000808074A1A2E1AAA292A001B1BC
:1080D800A1E1A7BB0292A000909074908820EC4880
:1080E80081ADE28A8291ACE287B92081ACE28A82D2
:1080F80091ACE287B91A819CE18A22819AE12738FA
:10810800140C124604000C12060300000C1286011F
:10811800000C124600000C021DF000003641000C55
:10812800D827385481A1E28022A08802A008002C18
:10813800020613001C02C611002107E146100021A7
:10814800CBE1C60E0022A100460D000C22060C0051
:108158004C02C60A0021B9E046090021C4E1C6075D
:108168000022A406460600218FE2C6040022A3C905
:10817800460300214AE1C601000C02860000212FB7
:10818800E21DF0003641000CB82738418188E280B2
:1081980022A08802A008000C42460E002C02060D00
:1081A800002126E2860B001C02460A0021EBE0C6ED
:1081B800080021AEE146070022A100C605000C22F6
:1081C8008604004C02460300219DE0C601000C0213
:1081D80086000022A6181DF036410062C2F7F65646
:1081E8000651A1E1C60000005172E2C020007225CC
:1081F8000020A22065F2FFA07720C0200072650051
:10820800F65605716CE2860000716BE2C0200068CA
:10821800070C1BAD02E5F6FF60AA1060AA30C0206B
:1082280000A9071DF000000036410072C2F7F6579A
:1082380005618DE1860000615EE2C020005806AD50
:1082480002A5EDFF50AA1050AA30C02000A906F6DA
:1082580057056158E28600006158E2C020007806A0
:108268000C0B20A220E5F1FFA07720C020007906A2
:108278001DF00000364100AD0282C2F7F6580571C4
:108288004DE2860000714CE2C02000222700B2A017
:108298000025EFFFA02220C02000226700C0200098
:1082A800880780AA1080AA30C02000A9071DF00006
:1082B8003641008142E2C0200098080C2AA099208B
:1082C800C020009908C0200098087CDAA09910C046
:1082D80020009908C0200098087C7AA09910C02036
:1082E8000099081DF00000003641008134E2C020EA
:1082F8000098080C1AA09920C020009908C02000F6
:1083080098087CEAA09910C020009908C02000981D
:10831800086CFAA09910C020009908C0200098089D
:108328007C7AA09910C0200099081DF036410026DB
:10833800122926224B56F2068120E2C02000980816
:108348000C4AA09920C020009908C0200098087CF9
:10835800BAA09910C0200099088613008117E2C0BE
:10836800200098082C0AA09920C020009908C02055
:10837800009808A2AFDFA09910C020009908460A0B
:1083880000810DE2C020009808A1ACE1A09920C0AE
:1083980020009908C020009808A109E2A09910C0FF
:1083A80020009908C6000000E52D491DF0000000D6
:1083B800364100E5AAF88103E22A282202001DF0CE
:1083C80036410030307481FFE120888032C30132A9
:1083D800480065ABF890000036410082A00E27B82F
:1083E80002E52549A5A7F881F7E1208880820800E1
:1083F80056580020A22025DEFF81F2E120888092D5
:10840800080092C901924800E5A7F8900000000012
:1084180036410082A00E27B80265224925A4F891AA
:10842800E9E12A998209000B888080748249005604
:10843800580020A22025DFFFE5A4F81DF000000069
:108448003641000CE827B802651F4965A1F8AD025E
:1084580025E2FF65A3F81DF036410065A0F882A06B
:108468007427B80206B40081D8E18022A08802A04F
:10847800080000000091CEE1C020008809A187E033
:10848800A08820C02000890991CCE1C0200088097B
:10849800A15EE1A08810C02000890946A60091C409
:1084A800E1C02000822900A2A004A08820C02000EA
:1084B8008269000C0A65E7FF069F00A1BDE1C020A4
:1084C80000880A92A080908820C02000890A81BA7A
:1084D800E1C0200099080C09C020009908C6950041
:1084E800A1B4E1C02000880A9106E0908820C0204D
:1084F80000890A81B1E1C0200099080C09C0200058
:108508009908868C0091AAE1C0200088090C2AA04D
:108518008820C02000890981A8E1C020009808A00F
:108528009920C020009908C0200098087CDAA099FA
:1085380010C020009908867F00A19DE1C020008816
:108548000A91E6E0908820C02000890A819BE1C05A
:10855800200099080C09C0200099084676009194DB
:10856800E1C020008809A161E1A08820C02000891D
:10857800098191E1C020009808A09920C0200099A5
:1085880008C020009808A127E1A09910C0200099F0
:1085980008C668009187E1C020008809A2A400A04D
:1085A8008820C0200089098184E1C020009808A0A3
:1085B8009920C020009908C020009808A2ABFFA00D
:1085C8009910C020009908465B00A179E1C02000FD
:1085D800880A9117E1908820C02000890A8176E1F5
:1085E800C0200099080C09C020009908065200A173
:1085F80070E1C02000880A910DE1908820C0200019
:10860800890A816DE1C0200099080C09C0200099F1
:1086180008C648009167E1C0200088091C0AA088A4
:1086280020C0200089098164E1C020009808A09931
:1086380020C020009908C0200098086CFAA0991062
:10864800C020009908C63B00915AE1C02000880963
:10865800A1A2DFA08820C0200089098157E1C0209D
:10866800009808A09920C020009908C02000980808
:10867800A157E1A09910C020009908462E000000DB
:108688009154E1C02000822900A2A001A08820C046
:10869800200082690025C5FF062700914DE1C02012
:1086A8000088090C2AA08820C02000890925C0FF5D
:1086B800062100916DE0C020008809A1A7DFA088ED
:1086C80020C020008909813BE1C0200098084C0A9D
:1086D800A09920C020009908C020009808A2AFBF28
:1086E800A09910C020009908061300915FE0C020EF
:1086F800008809A1D0E0A08820C020008909812D28
:10870800E192A080C0200099080C09C020009908B7
:108718000609009155E0C0200088091C0AA088209D
:10872800C0200089098123E12C09C0200099089202
:10873800A000C02000926800E574F81DF000000059
:10874800364100E571F822C2FA82A06E27B80246C7
:1087580059008120E18022A08802A00800000000C2
:108768009114E1C020008809A1A8E0A08810C020C9
:10877800008909465000910EE1C0200088097CBAA2
:10878800A08810C020008909064B009109E1C0208B
:10879800008809A2AF7FA08810C0200089098645FB
:1087A800009103E1C020008809A17CE0A08810C0E6
:1087B8002000890906400091FEE0C0200088097C5D
:1087C800DAA08810C020008909C63A0091F9E0C0F3
:1087D80020008809A174E0A08810C02000890946FB
:1087E800350091F3E0C020008809A18EE0A0881030
:1087F800C020008909C62F0091EEE0C0200088093A
:10880800A2ABFFA08810C020008909462A0091E881
:10881800E0C020008809A151E0A08810C02000898C
:1088280009C6240091E3E0C020008809A185E0A0E2
:108838008810C020008909461F0091DDE0C0200093
:108848008809A1E2E0A08810C020008909C61900A3
:1088580091E0E0C0200088097CEAA08810C02000D0
:10886800890986140091DAE0C0200088097CDAA022
:108878008810C020008909460F0091FBDFC0200046
:108888008809A167E0A08810C020008909C60900EE
:1088980091F6DFC020008809A132E0A08810C0202E
:1088A80000890946040091F0DFC0200088096CFAAD
:1088B800A08810C020008909E55CF81DF0000000C0
:1088C80036410020A07430B07440C07450D0746039
:1088D800E07440630081C0E0E008002D0A40E61320
:1088E8001020001DF000000036410020A07430B0B8
:1088F8007440C07450D07450630081B8E0E0080040
:1089080050E6131020001DF03661000C1889018113
:10891800F8DE820801BC38C61000000081B1E00C06
:1089280009C02000990881AFE091DCDFC0200099E0
:108938000881ACE0C0200088085648FF81A9E0C043
:10894800200088089852908810826100880107E802
:10895800CA8603000C5BAD0181A4E0E00800880131
:1089680007E8F0880189030C021DF000366100ADAC
:1089780002819EE0C020008228008080245608FFE3
:10898800819CE0C020008228008080245608FF10C7
:10899800B12065F7FFA02A208C0A0C121DF00000F8
:1089A80036410030858092220187B90206340020C2
:1089B800A220A5FBFFC62E0000003CF857A8548152
:1089C8008DE092A1FFC020009908808311918AE070
:1089D800C0200089098183E091CADEC0200099087F
:1089E8008181E0C0200088085648FFC605000000C5
:1089F8009183E09A98E09911C02000980999041B86
:108A0800888080744B440CF987B9E452C5C032C3DE
:108A180040C617008083119178E0C0200089098141
:108A280075E092A1FFC020009908816EE091B4DE44
:108A3800C020009908816BE0C0200088085648FFD4
:108A4800508014CC58505274060200005052741BC7
:108A5800555050740C084605009168E09A98E099C2
:108A680011C02000980999041B888080744B4457D2
:108A780038E60C05A61502C6CFFF0C0286000000DA
:108A88000C121DF0364100BD02CD03DD04815CE00F
:108A9800C020008808915BE097C868816EDEC0201E
:108AA800009808A195DEA09910C020009908C02060
:108AB800009808A18DDEA09920C020009908A15235
:108AC800E0C02000880AA088118086419150E0907B
:108AD8008820C02000890AC02000880A92AF009030
:108AE80088109183DE9209013B99909074908820B8
:108AF800C02000890A8146E09147E0C0200099081B
:108B0800867C0000D7E8024653009152DEC0200060
:108B1800A809E179DEE0AA10C02000A909C0200058
:108B2800A809E13DE0E0AA20C02000A90977F802E1
:108B3800062A00816FDE820801FC78C020008809BF
:108B4800A16DDEA08810C020008909912FE0C02007
:108B5800008809A08811808641A12CE0A08820C047
:108B680020008909812BE0912DE0C020009908C6DA
:108B7800600000009138DEC020008809A13EDFA017
:108B88008820C020008909A120E0C02000880AA010
:108B98008811808641911DE0908820C02000890AB4
:108BA800C02000880A92AF009088109151DE920987
:108BB800010B99909074908820C02000890A911424
:108BC800E0C0200088098080F5008811A2A0BBA021
:108BD8008820C020008909C64600000047780D811A
:108BE8000CE0910FE0C020009908C60600E7680D68
:108BF8008108E0910CE0C0200099088602008104F9
:108C0800E09109E0C0200099089112DEC020008898
:108C180009A118DFA08820C020008909A1FBDFC0B6
:108C28002000880AA0881180864191B1DF908820B1
:108C3800C02000890AC02000880A92AF00908810DE
:108C4800912CDE9209017B99909074908820C02025
:108C580000890AC62700000091FFDDC020008809AE
:108C6800A126DEA08810C0200089098121DE8208A3
:108C780001DC38C020008809A11FDEA08810C020B0
:108C8800008909060E00000091F3DDC0200082294A
:108C980000A1F8DEA08820C02000826900A1DADFE8
:108CA800C02000822A0092AF009088109111DE92B5
:108CB80009010B99909074908820C02000890A912E
:108CC800E5DDC020008809A1D4DFA08820C02000ED
:108CD800890991CDDFC020008809A08811808641CC
:108CE800A184DFA08820C02000890981C9DF91CF35
:108CF800DFC020009908A1CEDF65CAFF2D0A8C0AC3
:108D08000C121DF0364100B2A002A2A001652BFD95
:108D180090000000364100B2A002A2A001A531FDDA
:048D280090000000B7
:108D2C000160000002600000B800FB3F0000723FD1
:108D3C00B89A0040149A0040E0950040849A004094
:108D4C00801BFB3FE41BFB3F241CFB3F601CFB3FD9
:108D5C00547D0040000000800040F63F0020F43FAE
:108D6C000050F63F00B4C404D34D62104CC4004014
:108D7C0070E2FA3F1014FB3F3414FB3FF81CFB3F2E
:108D8C00F419FB3F5C1AFB3F00000001DC1CFB3FAD
:108D9C00DC1AFB3F7430FB3F6414FB3F364100266A
:108DAC00120926220EDC12460400000021DDFF46CB
:108DBC000200000021DCFF4600007CF21DF00000E8
:108DCC0036610039010C05061800000000E0351171
:108DDC002075A07060F500661181D3FF82280067B2
:108DEC001836A2A00081D2FFE00800A2A00081D119
:108DFC00FFE008000C1F4C0EDD06C1CCFF0C0BADC8
:108E0C000B81CDFFE008008C1A25834881C7FF69D0
:108E1C00080C0A81CAFFE008006077C081C4FF8A91
:108E2C007788013A38880789031B5540824187357A
:108E3C009B81BDFF7CF999080C021DF0364100A204
:108E4C00A00081BBFFE00800A2A00081BAFFE008EF
:108E5C000040C420BD03AD0265C2FF7D0A0C0A812F
:108E6C00B7FFE00800AD0765F3FF2D0A1DF0000009
:108E7C00364100AD02BD03CD045050742080149CCB
:108E8C002820C220B1AFFFA1AFFF81B1FFE00800E5
:108E9C007CF2C60F004080149C18B1A9FFA1AAFF58
:108EAC0081ACFFE008007CF2460A00000030801420
:108EBC009C18CD03B1A3FFA1A5FF81A5FFE008007D
:108ECC007CF2C603008C75A5EFFF2D0A460100004D
:108EDC00A5F6FF2D0A1DF000364100D2A000D0CD22
:108EEC0020D0BD200C4A6565F81DF00036410026E7
:108EFC0013210B833031410B33A03311303674A066
:108F0C003311302820408811808C744088118022C5
:108F1C00208600002190FF1DF000000036410088E3
:108F2C00C298B297A802E57548A2C9E6B62A0C9A6F
:108F3C00280B229022D20601000000000C321DF0FA
:108F4C0036410020A22022220725FDFFA0B074206C
:108F5C00A074A5F9FF2D0A1DF00000003661007207
:108F6C002308A63702C635004222008223078C78DC
:108F7C0026180C262811E570485178FFC60200000F
:108F8C005176FF06010000005176FF62030C82232C
:108F9C000282610092230A9911A8B3A9213C0C0CFE
:108FAC000BAD028172FFE00800490259127922626E
:108FBC00420E880182420F98119952A821A9A262EF
:108FCC0003147863AD0365F5FF8166FFA0A8C2A00A
:108FDC00A8D2CC361C994600000C091B879A8880B5
:108FEC0088A0C088119160FF9098B290962180BFA4
:108FFC0031B099C0B2AC19B7A8010C09A099D292A2
:10900C00420CAD03A5F3FFC02000A9428203249CAF
:10901C00980C1889620C3882620682033482422CC6
:10902C0082033582422D82033682422E8203379C84
:10903C003888627CD990881089620C020602000084
:10904C0022A1024600000C021DF00000364100284F
:10905C00128142FF8022C00C182028931DF00000C2
:10906C003641002812813DFF8022C00C1820289325
:10907C001DF0000036C1003C8C0C0BAD01813BFF98
:10908C00E008000C1882410C2C8889B18139FFB89A
:10909C0008A138FF657B4A5C0889C1BD01A136FF78
:1090AC0025B7FE2D0A56CA08A133FFE5E4FE2D0AAA
:1090BC00561A088130FFC22805812DFFD22801D70E
:1090CC00BC15D0DA41C0CA41B12DFFA12DFF8120C2
:1090DC00FFE00800860A0000C7BD20D0DA41C0CAF4
:1090EC0041B126FFA128FF811AFFE008008120FF73
:1090FC0098188120FF9958C601000000811EFFD2EC
:10910C006805811CFF8228059120FF87B91E65C761
:10911C00F8A07A209C5AD2A24EC11CFFB118FFA114
:10912C001CFF810BFFE008002D07C601008119FF11
:10913C009111FF99081DF00036410025E6FCA1169F
:10914C00FF65C0F7A10CFFE5BDFEA02A201DF000B5
:10915C000000000000000000000000000000000003
:0C916C00000000000000000000000000F7
:1091780002000000000000000200000000000000E3
:1091880002000000000000000200000000000000D3
:1091980002000000000000000200000000000000C3
:1091A80002000000000000000000000000000000B5
:1091B80000000000000000000000000000000000A7
:1091C800000000000000000000000000DC010000BA
:1091D8000000000000000000000000000000000087
:1091E8000100000000000000240C084000000D40B1
:1091F80000000400A03E00000000403F0000030003
:10920800500E0000400C084000000000A000FB3F8A
:10921800100FFB3FE40DFB3F940FFB3F1810FB3F83
:109228007C0EFB3F00000000FFFFFFFF0000000076
:109238003C160D4000000000000000009F000000E8
:109248000040F43F0048F43F010000003FF0EC0EFE
:109258000040F43F0040F43F0000000000C201005D
:10926800000103000000F43FC8000000FC00FB3FC1
:10927800FC00FB3FF21D08408A1E0840F81D08400C
:10928800FE1D0840041E08400A1E0840101E084023
:10929800841E0840161E08401C1E0840841E0840F4
:1092A800841E0840221E0840281E08402E1E084022
:1092B800341E08403A1E0840401E0840461E08401A
:1092C800841E08404C1E0840841E0840841E084026
:1092D800841E0840521E0840581E08405E1E084062
:1092E800841E0840641E08406A1E0840841E084008
:1092F800841E0840701E0840701E0840701E0840FA
:10930800701E0840701E0840701E0840701E0840FD
:10931800701E0840841E0840841E0840841E0840B1
:10932800841E0840841E0840841E0840841E08408D
:10933800841E0840841E0840841E0840841E08407D
:10934800841E0840841E0840841E0840841E08406D
:10935800841E0840841E0840841E0840841E08405D
:10936800841E0840841E0840841E0840841E08404D
:10937800781E08407E1E0840FF37060000003800AF
:109388000088C0280000005300000184000000008D
:1093980000400000F40C403FF40C403F240D403FD7
:1093A8002C0D403F3C0D403F3C0D403F000000006D
:1093B8002D2D2D0049524F4D0000000044524F4DB5
:1093C800000000005254435F4952414D0000000024
:1093D8005254435F4452414D000000003F3F3F005C
:1093E8005254435F4441544100000000626F6F745F
:1093F800000000004520282573293A204661696C41
:10940800656420746F2072656164207365676D659B
:109418006E74206865616465722061742025780A1D
:10942800000000004920282573293A202573093AAD
:10943800206C6D613D253038786820766D613D255A
:10944800303878682073697A653D2530357868202A
:1094580028253664290A00004520282573293A2042
:109468004572726F722070617273696E67207365DE
:10947800676D656E74730A004520282573293A20A4
:109488004661696C656420746F207365747570201B
:10949800666C6173682063616368652028653D3088
:1094A800782558292E2041626F7274696E67210AE7
:1094B800000000004520282573293A2048572069D4
:1094C8006E6974206661696C65642C2061626F72D4
:1094D80074696E670A0000004920282573293A201C
:1094E8006C69626320686561702073697A652025FC
:1094F80064206B422E0A000068775F696E69740009
:109508004520282573293A206661696C65642077AF
:1095180068656E2072756E6E696E6720584D4320BF
:109528007374617274757020666C6F772C20726525
:10953800626F6F74210A00004520282573293A209C
:109548006E6F20726573706F6E73650A0A00000093
:109558004520282573293A204E6F20726573706F55
:109568006E73652066726F6D206465766963652029
:109578007768656E20747279696E6720746F2072DF
:109588006574726965766520556E697175652049DF
:10959800440A0A00736F635F696E69740000000013
:1095A8004520282573293A206D69736D61746368B5
:1095B80020636869702049442C206578706563745D
:1095C80065642025642C20666F756E642025640A06
:1095D800000000004520282573293A20496D61675D
:1095E800652072657175697265732063686970209A
:1095F800726576203E3D207625642E25642C2062F7
:1096080075742063686970206973207625642E2537
:10961800640A00004520282573293A20496D6167AE
:109628006520726571756972657320636869702059
:10963800726576203C3D207625642E25642C2062B8
:1096480075742063686970206973207625642E25F7
:10965800640A00004920282573293A2045535020E0
:1096680053696D706C6520626F6F740A00000000AA
:109678004920282573293A20636F6D70696C65202D
:1096880074696D652053657020313220323032366E
:109698002031333A30343A32320A00005720282534
:1096A80073293A20556E69636F726520626F6F7413
:1096B8006C6F616465720A004520282573293A2079
:1096C8006661696C656420746F206C6F61642062E8
:1096D8006F6F746C6F6164657220696D6167652076
:1096E800686561646572210A000000004920282528
:1096F80073293A2063686970207265766973696FA7
:109708006E3A207625642E25640A00004520282517
:1097180073293A20596F7520617265207573696ED7
:10972800672045535033322063686970207265762C
:109738006973696F6E202825642920746861742014
:10974800697320756E737570706F727465642E20FE
:109758005768696C65206974206D617920776F722C
:109768006B2C20697420636F756C6420636175735A
:109778006520756E657870656374656420626568D8
:109788006176696F72206F72206973737565732EC5
:109798000A0000004520282573293A2050726F637B
:1097A800656564696E672077697468207468697391
:1097B800204553503332206368697020726576699A
:1097C80073696F6E206973206E6F74207265636FA2
:1097D8006D6D656E64656420756E6C657373207954
:1097E8006F752066756C6C7920756E64657273741C
:1097F800616E642074686520706F74656E74696149
:109808006C207269736B20616E64206C696D697479
:109818006174696F6E732E0A000000007274635FD2
:10982800636C6B004520282573293A20476574200E
:109838007874616C20636C6F636B206672657175F8
:10984800656E6379206661696C65642C2069742093
:10985800686173206E6F74206265656E207365742D
:10986800207965740A0000004520282573293A20CC
:109878004578706563746564206672657175656E98
:10988800637920697320746F6F20736D616C6C0A43
:10989800000000004520282573293A204578706586
:1098A80063746564206672657175656E6379206995
:1098B8007320746F6F206269670A000045202825AD
:1098C80073293A20756E737570706F7274656420B1
:1098D8006672657175656E637920636F6E66696718
:1098E80075726174696F6E0A00000000666C6173BE
:1098F800685F696E697400004520282573293A203D
:109908004661696C656420746F20696E69742066AD
:109918006C61736820636869703A2025640A0000E6
:1099280034304D487A00000032362E374D487A00E0
:1099380032304D487A00000038304D487A00000037
:1099480051494F00514F55540000000044494F0001
:10995800444F55540000000046415354205245419D
:1099680044000000534C4F5720524541440000002A
:10997800314D4200324D4200344D4200384D4200D4
:1099880031364D420000000033324D4200000000E5
:1099980036344D42000000003132384D420000009C
:1099A8004920282573293A2053504920537065656A
:1099B800642020202020203A2025730A000000007F
:1099C8004920282573293A20535049204D6F646552
:1099D800202020202020203A2025730A00000000A3
:1099E8004920282573293A2053504920466C617331
:1099F800682053697A65203A2025730A0000000020
:109A0800415050004520282573293A2057445420B6
:109A1800726573657420696E666F3A2025732043FA
:109A28005055206E6F7420737570706F7274210AB0
:109A38000A0000005720282573293A2050524F2049
:109A480043505520686173206265656E20726573A6
:109A58006574206279205744542E0A00696C6C653D
:109A680067616C20696E737472756374696F6E00D8
:109A780073797363616C6C00696E737472206665C8
:109A8800746368206572726F720000006C6F6164A5
:109A98002F73746F7265206572726F720000000018
:109AA8006C6576656C2D3120696E7465727275709F
:109AB80074000000616C6C6F636100006469766912
:109AC8006465206279207A65726F00007072697629
:109AD800696C6567656400006C6F61642F73746FEF
:109AE800726520616C69676E6D656E7400000000B8
:109AF800696E7374722050494620646174612065F0
:109B080072726F72000000006C6F61642F73746F63
:109B18007265205049462064617461206572726FD5
:109B280072000000696E73747220504946206164A7
:109B38006472206572726F72000000006C6F61645D
:109B48002F73746F726520504946206164647220D7
:109B58006572726F72000000696E73747220544CE3
:109B680042206D6973730000696E73747220544CDF
:109B780042206D756C74692068697400696E73742D
:109B8800722066657463682070726976696C6567AF
:109B980065000000696E73742066657463682070E0
:109BA800726F686962697465640000006C6F616453
:109BB8002F73746F726520544C42206D6973730063
:109BC8006C6F61642F73746F726520544C42206D02
:109BD800756C746920686974000000006C6F6164BA
:109BE8002F73746F72652070726976696C6567652A
:109BF800000000006C6F61642070726F68696269B0
:109C08007465640073746F72652070726F6869623E
:109C18006974656400000000636F70726F63657338
:109C2800736F722064697361626C65640000000080
:109C38007A657068797220657863657074696F6E8B
:109C4800000000006B65726E656C206F6F707300AA
:109C5800756E6B6E6F776E2F72657365727665645D
:109C680000000000202A2A20464154414C20455833
:109C780043455054494F4E2028444F55424C45299E
:109C88000A000000202A2A20464154414C20455809
:109C980043455054494F4E0A00000000202A2A200C
:109CA800435055202564204558434341555345208A
:109CB800257520282573290A00000000202A2A205B
:109CC800564144445220257020496E76616C69647F
:109CD8002053502025700A00202A2A202050432093
:109CE80025702056414444522025700A0000000087
:109CF800202A2A2020444550432025700A000000CD
:109D0800202A2A202050532025700A00202A2A20A1
:109D180020202028494E544C4556454C3A2564206D
:109D28004558434D3A20256420554D3A2564205224
:109D3800494E473A256420574F453A2564204F57E6
:109D4800423A25642043414C4C494E433A25642904
:109D58000A000000202A2A202041302025702020D7
:109D68005350202570202041322025702020413377
:109D78002025700A00000000202A2A2020413420D3
:109D8800257020204135202570202041362025705F
:109D9800202041372025700A00000000202A2A20B0
:109DA800204138202570202041392025702041315C
:109DB80030202570204131312025700A0000000034
:109DC800202A2A2041313220257020413133202594
:109DD8007020413134202570204131352025700A0A
:109DE80000000000202A2A204C42454720257020E8
:109DF8004C454E44202570204C434F554E54202549
:109E0800700A0000202A2A205341522025700A0097
:109E1800202A2A2020544852454144505452202593
:109E2800700A0000202A2A2053595343414C4C20E1
:109E380050532025702050432025700A0000000050
:109E48000D0A0D0A4261636B74726163653A000022
:109E58003078253038783A30782530387820000046
:109E6800207C3C2D434F525255505445440000002D
:109E7800207C3C2D434F4E54494E5545530000001D
:109E88000D0A0D0A000000007561727440336666A1
:109E9800343030303000000069646C650000000028
:109EA8006D61696E0000000040CE0200B43F0840BA
:109EB800E13F0840BD3F0840C33F0840C93F084054
:109EC800CF3F0840D53F0840DB3F08400B400840E3
:109ED800154008401F4008402940084033400840CA
:109EE8003D400840494008405340084001000000F8
:109EF80000F0F53F8025000040380000004B0000CE
:109F08000096000000E100008024010000C201006A
:109F1800008403000008070000100E00B40DFB3F8A
:109F280001000000BC0DFB3F02000000C17F0700DC
:109F3800100000008383FF0002000000AD610840AC
:109F4800C361084098610840856108407261084013
:109F58005F610840600EFB3FC414FB3F346A084051
:109F6800106C0840FC69084010750840B478084037
:109F7800A87908400010000000000100F0720840B5
:109F8800A07508400000000000000000000000006C
:109F980000000000507A08405072084004780840D9
:109FA800000100007C6F084004760840BC6A084045
:109FB800FC6A084000000000F07508401C73084067
:109FC800846A0840647308401C6B0840386E084077
:109FD80067640000056F0840E36E0840C16E0840E2
:109FE8009C6E0840796E0840546E0840F80EFB3F9E
:109FF800C414FB3F08750840106C0840386B0840D3
:10A0080010750840686C08400C6D0840001000008E
:10A0180000000100F0720840A07508400000000030
:10A02800000000000000000000000000A8710840C7
:10A0380050720840B06D0840000100007C6F084075
:10A0480004760840F0740840F073084000000000EF
:10A05800F07508401C73084070710840647308402C
:10A068004C700840386E084067656E657269630019
:10A07800636869705F67656E6572696300000000F8
:10A088008C0FFB3FC414FB3FA4760840106C0840BB
:10A09800386B084010750840686C08400C6D084023
:10A0A8000010000000000100F0720840A075084090
:10A0B8000000000000000000000000000000000098
:10A0C800A871084050720840B06D084000010000B7
:10A0D8007C6F084004760840D0760840E476084053
:10A0E80000000000F07508401C73084070710840BB
:10A0F8006473084004770840386E084069737369D0
:10A10800000000001010FB3FC414FB3F50770840CC
:10A11800106C08400C77084010750840686C0840BF
:10A128000C6D08400010000000000100F0720840AB
:10A13800A0750840000000000000000000000000BA
:10A1480000000000A871084050720840B06D084037
:10A15800000100007C6F084004760840D076084073
:10A16800E476084000000000F07508401C730840C1
:10A17800707108409C76084078770840386E08402F
:10A188006D786963000000009410FB3FC414FB3F26
:10A19800F87A0840106C0840386B08401075084081
:10A1A800B4780840A87908400010000000000100B9
:10A1B800F0720840A0750840000000000000000090
:10A1C8000000000000000000507A0840507208406B
:10A1D80004780840000100007C6F084004760840BD
:10A1E800F0740840F073084000000000F075084063
:10A1F8001C7308408077084064730840107B08404F
:10A20800386E084077696E626F6E64006D656D73B5
:10A21800706900004920282573293A20646574650F
:10A228006374656420636869703A2025730A0000C6
:10A238005720282573293A206765745F6368697019
:10A248005F636170732066756E6374696F6E2070EA
:10A258006F696E746572206861736E277420626519
:10A26800656E20696E697469616C697A65640A0053
:10A278004520282573293A206368697020257320B2
:10A28800646F65736E277420737570706F727420B5
:10A2980072656164696E6720756E6971756520699C
:10A2A800640A0000453A20726573746F7265206312
:10A2B80061636865206661696C0A0A00453A206630
:10A2C8006C61736820656E63727970746564207759
:10A2D800726974652061646472657373206D757347
:10A2E8007420626520313620627974657320616C50
:10A2F80069676E65640A0000453A20666C61736898
:10A3080020656E637279707465642077726974650C
:10A31800206C656E677468206D75737420626520A3
:10A328006D756C7469706C65206F662031360A0033
:10A33800453A20666C61736820616371756972655E
:10A34800206C6F636B206661696C65640A000000AD
:10A358005720282573293A20466C61736820737545
:10A368007370656E642066656174757265206973C3
:10A3780020656E61626C65640A000000452028252E
:10A3880073293A206765745F636869705F636170F9
:10A39800732066756E6374696F6E20706F696E7472
:10A3A8006572206861736E2774206265656E206926
:10A3B8006E697469616C697A65640A0045202825AC
:10A3C80073293A2053757370656E6420616E64203A
:10A3D800726573756D65206D6179206E6F74207379
:10A3E8007570706F7274656420666F722074686926
:10A3F8007320666C617368206D6F64656C20796585
:10A40800742E0A005720282573293A20446574655C
:10A418006374656420666C6173682073697A65206B
:10A428003E203136204D422C2062757420616363D2
:10A43800657373206265796F6E64203136204D42F2
:10A44800206973206E6F7420737570706F727465F5
:10A458006420666F72207468697320666C61736823
:10A46800206D6F64656C207965742E0A0000000009
:10A478004520282573293A206661696C6564207433
:10A488006F2067657420636869702073697A650A4C
:10A49800000000004920282573293A20666C617362
:10A4A8006820696F3A2025730A000000736C6F7783
:10A4B800726400000000666173747264000000003A
:10A4C800646F757400000000000064696F0000008C
:10A4D80000000000716F75740000000000007169D1
:10A4E8006F000000000000006E6F742075736564D3
:10A4F80000006E6F74207573656400006E6F7420C1
:10A508007573656400006E6F742075736564000070
:10A518006E6F74207573656400006E6F74207573B8
:10A52800656400006E6F74207573656400006E6F5B
:10A5380074207573656400006E6F742075736564AC
:10A5480000006E6F74207573656400006F70695F3A
:10A558007374720000006F70695F647472000000A9
:10A56800F413FB3F887D0840648008409C7D0840C8
:10A57800407D08407370695F666C61736800000015
:10A588003414FB3F000000000815FB3F00000000EA
:10A5980003000000000000000000000000000000B0
:10A5A80000000000000000000000000000000000A3
:10A5B8000000000000000000000000000000000093
:10A5C8000000000000000000000000000000000083
:10A5D80000000000A4110840C81108408C68084019
:10A5E800CC630840647B0840D4660840F86608409D
:10A5F800546708402C7B0840FC670840A86708405F
:10A6080030900840487C0840C465084044900840A1
:10A618007C7C084038680840346208407C68084000
:10A62800DC7B0840000000006C6808407468084043
:10A6380068690840400D030000093D00A08F3E00F6
:10A64800C027090020A107007069084088690840F0
:10A65800A0690840D4690840E4690840EC690840EA
:10A66800F814FB3F0015FB3F080A08080800000023
:10A678000406080808000000500D0840380D08407E
:10A6880000000000307D08400000000000000000CD
:10A6980000000000000000000000000000000000B2
:10A6A800840D0840700D0840287D0840F87C08405B
:10A6B800A87C0840EC7C0840D47C0840C47C084056
:10A6C8000000000000000000000000000000000082
:10A6D8000000000000000000000000000BFF0CFF5D
:10A6E8000AFFFFFFFFFFFFFF0F0E100DFFFFFFFF29
:10A6F800FFFFFFFFFF060711FFFFFFFF0908040523
:10A70800000102034E00AC00FFFF02006900A6FF33
:10A7180042FFEEFF8CFE0000FFFFFFFF000000007D
:10A728000000000044884084486C60646854585CA9
:10A738003438303C4C507074787C808CFF24282C42
:10A74800FFFFFFFF1C20141804080C103C0D403FAD
:10A75800AC0DFB3F65000000220000000000000077
:08A768000000000000000000E9
:10A77000141414070F8108405E81084014810840BA
:10A78000198108401F810840258108402B8108401D
:10A7900030810840358108403B81084041810840B4
:10A7A000478108404D810840538108407C81084022
:10A7B00081810840878108408C810840928108404F
:10A7C000988108409E810840A3810840A8810840E4
:10A7D000AE81084077810840B3810840188708405F
:10A7E00018870840F48508401887084018870840F3
:10A7F00018870840E58408401887084018870840F3
:10A8000018870840188708401887084018870840AC
:10A81000188708401887084018870840188708409C
:10A82000188708401887084018870840188708408C
:10A83000188708401887084018870840188708407C
:10A84000188708401887084018870840188708406C
:10A85000188708401887084018870840188708405C
:10A86000188708401887084018870840188708404C
:10A87000188708401887084018870840188708403C
:10A88000188708401887084018870840188708402C
:10A89000188708401887084018870840188708401C
:10A8A000188708401887084018870840188708400C
:10A8B00018870840188708401887084018870840FC
:10A8C00018870840188708401887084018870840EC
:10A8D00018870840188708401887084018870840DC
:10A8E00018870840188708401887084018870840CC
:10A8F00018870840188708401887084018870840BC
:10A9000018870840188708401887084018870840AB
:10A91000188708401887084018870840188708409B
:10A92000188708401887084018870840188708408B
:10A93000188708401887084018870840188708407B
:10A94000188708401887084018870840188708406B
:10A95000188708401887084018870840188708405B
:10A960001887084018870840188708405584084011
:10A970007E8408409B840840C084084028860840A4
:10A98000AA850840CF8508401887084018870840E6
:10A99000748508403E85084093860840F386084049
:10A9A00019850840CB860840608608407B860840B1
:10A9B00097870840988808409888084098880840F9
:10A9C00098880840988808409888084098880840E7
:10A9D00098880840988808409888084098880840D7
:10A9E00098880840988808409888084098880840C7
:10A9F00098880840988808409888084098880840B7
:10AA000098880840988808409888084098880840A6
:10AA10009888084098880840988808409888084096
:10AA20009888084098880840988808409888084086
:10AA30009888084098880840988808409888084076
:10AA40009888084098880840988808409888084066
:10AA50009888084098880840988808409888084056
:10AA60009888084098880840988808409888084046
:10AA70009888084098880840988808409888084036
:10AA80009888084098880840988808409888084026
:10AA90009888084098880840988808409888084016
:10AAA0009888084098880840988808409888084006
:10AAB00098880840988808409888084098880840F6
:10AAC00098880840988808409888084098880840E6
:10AAD00098880840988808409888084098880840D6
:10AAE00098880840988808409888084098880840C6
:10AAF00098880840988808409888084098880840B6
:10AB000098880840988808409888084098880840A5
:10AB10009888084098880840988808409888084095
:10AB20009888084098880840408708405687084021
:10AB30006B870840818708401A880840EE870840E4
:10AB4000048808409888084098880840D8870840BA
:10AB5000C28708405A88084086880840AC87084069
:10AB600070880840308808404588084057202825CC
:10AB700073293A2044657465637465642073697A47
:10AB8000652825646B2920736D616C6C6572207477
:10AB900068616E207468652073697A6520696E202B
:10ABA0007468652062696E61727920696D6167659C
:10ABB000206865616465722825646B292E205573B1
:10ABC000696E672064657465637465642073697A6F
:10ABD000652E0A005720282573293A20446574659C
:10ABE000637465642073697A652825646B29206C19
:10ABF0006172676572207468616E20746865207385
:10AC0000697A6520696E207468652062696E617278
:10AC10007920696D616765206865616465722825C2
:10AC2000646B292E205573696E67207468652073E4
:10AC3000697A6520696E207468652062696E617248
:10AC40007920696D616765206865616465722E0AA7
:10AC5000000000004520282573293A202573282567
:10AC600064293A20333262697420616464726573C6
:10AC700073206665617475726520636865636B2017
:10AC80006661696C65640A007274635F74696D65FE
:10AC9000000000004520282573293A20736C6F7747
:10ACA000636C6B5F6379636C65732076616C75654B
:10ACB00020746F6F206C617267652C20706F7373E6
:10ACC00069626C65206F766572666C6F770A00004A
:10ACD0004520282573293A2033326B487A2078742E
:10ACE000616C20686173206265656E2073746F709B
:10ACF0007065640A00000000626F6F746C6F6164BD
:10AD000065725F666C61736800000000452028254D
:10AD100073293A20747269656420746F20626F6FC2
:10AD2000746C6F616465725F6D6D617020747769BA
:10AD300063650A004520282573293A207370695FEE
:10AD4000666C6173685F6D6D6170206661696C65CA
:10AD5000643A20307825780A000000004520282534
:10AD600073293A20626F6F746C6F616465725F66FD
:10AD70006C6173685F72656164207372635F6164A4
:10AD800064722030782578206E6F7420342D6279BB
:10AD9000746520616C69676E65640A00452028252A
:10ADA00073293A20626F6F746C6F616465725F66BD
:10ADB0006C6173685F726561642073697A652030C5
:10ADC000782578206E6F7420342D62797465206147
:10ADD0006C69676E65640A004520282573293A204E
:10ADE000626F6F746C6F616465725F666C617368CB
:10ADF0005F72656164206465737420307825782003
:10AE00006E6F7420342D6279746520616C69676E91
:10AE100065640A004920282573293A20584D3235A7
:10AE20005148787843207374617274757020666C31
:10AE30006F770A004520282573293A20584D432072
:10AE4000666C6173682073746172747570206661DA
:10AE5000696C0A006573705F666C6173685F696E28
:10AE600069745F64656661756C745F6368697000BE
:0CAE70007370695F666C6173680000001D
:10AE7C0000000000DC20084000000000DC2008403E
:10AE8C0000000000DC20084000000000DC2008402E
:10AE9C0000000000DC20084000000000DC2008401E
:10AEAC0000000000545E084000000000DC20084058
:10AEBC0000000000DC20084000000000DC200840FE
:10AECC0000000000DC20084000000000DC200840EE
:10AEDC0000000000DC20084000000000DC200840DE
:10AEEC0000000000DC20084000000000DC200840CE
:10AEFC0000000000DC20084000000000DC200840BE
:10AF0C0000000000DC20084000000000DC200840AD
:10AF1C0000000000DC20084000000000DC2008409D
:10AF2C0000000000DC20084000000000DC2008408D
:10AF3C0000000000DC20084000000000DC2008407D
:10AF4C0000000000DC20084000000000DC2008406D
:10AF5C0000000000DC20084000000000DC2008405D
:10AF6C0000000000DC20084000000000DC2008404D
:08AF7C000000000000000000CD
:10AF840000000000201EFB3F4410000000000000F1
:04AF940000000000B9
:020000021000EC
:1000000065737033325F6465766B6974632F6573F3
:100010007033322F70726F637075000048656C6CBE
:100020006F20576F726C64212025730A0000000056
:10003000736C6565700000004520282573293A20FF
:100040004465657020736C656570207265717565B7
:1000500073742069732072656A65637465640A004D
:100060004553505F534C4545505F5254435F555381
:10007000455F52435F464153545F4D4F4445000036
:100080004553505F534C4545505F4449475F555376
:10009000455F52435F464153545F4D4F4445000016
:1000A0004553505F534C4545505F5553455F414460
:1000B000435F5453454E5F4D4F4E49544F525F4D31
:1000C0004F4445004553505F534C4545505F554C98
:1000D0005452415F4C4F575F4D4F44450000000064
:1000E0004553505F534C4545505F5254435F464122
:1000F00053545F5553455F5854414C5F4D4F4445F1
:10010000000000004553505F534C4545505F444943
:10011000475F5553455F5854414C5F4D4F44450030
:100120004553505F534C4545505F4C505F555345C8
:100130005F5854414C5F4D4F444500004553505F5C
:10014000534C4545505F4C505F5553455F52435F9C
:10015000464153545F4D4F44450000004553505FA6
:10016000534C4545505F564241545F504F5745529E
:100170005F44454550534C4545505F4D4F44450005
:100180004553505F534C4545505F414E414C4F479E
:100190005F4C4F575F504F5745525F4D4F4445009E
:1001A0005720282573293A202573206469736162DA
:1001B0006C6564206D756C7469706C652074696D14
:1001C00065732121202849662074686973206C6F4B
:1001D000672061707065617273206F6E6C79206F3B
:1001E0006E6365206166746572204F54412075709E
:1001F00067726164652C2069742063616E2062659A
:100200002069676E6F7265642E290A00454E41426F
:100210004C45440044495341424C454400000000D1
:100220002573203A2025732028636E74203D2025F5
:1002300064290A0061626F727428290A00000000B4
:10024000636C6F636B0000006770696F40336666B4
:1002500034343830300000006770696F40336666B0
:1002600034343030300000002A2A2A20426F6F7464
:10027000696E67205A6570687972204F53206275E5
:10028000696C642076342E342E32202A2A2A0A0001
:10029000286E756C6C2900002A666C6F61742A00E8
:1002A0007C84F43F000000081600000000000800F5
:1002B000000000000000000000002000000010000E
:1002C000000000000000008010000000000000009E
:1002D00000000000240000007C84F43F00000004C3
:1002E00011000000004000000000000000000000BD
:1002F000000001000080000000000000000000403D
:1003000020000000000000000000000025000000A8
:100310007C84F43F000000020C000000000200009A
:1003200000000000000000000008000000040000C1
:10033000000000000000002040000000000000005D
:1003400000000000260000007C84F43F0000000153
:100350000700000010000000000000000000000086
:10036000400000002000000000000000000000101D
:1003700080000000000000000000000027000000D6
:100380008084F43F000000201A000000000080007C
:10039000000000000000000000000002000000015A
:1003A00000000000000000800100000000000000CC
:1003B00000000000220000008084F43F00000010D4
:1003C0001500000000000400000000000000000014
:1003D00000001000000008000000000000000040C5
:1003E00002000000000000000000000023000000E8
:1003F0008484F43F000002000F00000000080000A9
:100400000000000800000010004000000020000074
:1004100000000000000000200400000003000000B5
:100420001E000000190000008884F43F0000020054
:100430000F0000000008000000000008000000108D
:10044000004000000020000000000000000000202C
:1004500008000000030000001E0000001A00000059
:100460008C84F43F000004000F000000000800002E
:100470000000000800000010004000000020000004
:100480000000000000000020000002000300000047
:100490001E000000210000008C84F43F00000200D8
:1004A0000900000020000000000040000000800063
:1004B00000010000800000000000000000000001BA
:1004C00000000100030000001900000020000000EF
:1004D0009484F43F00000800110000000020000098
:1004E0000000000800000010000001000080000073
:1004F0000000000000000080000100000300000078
:100500001D000000040000009884F43F0000080073
:100510001100000000200000000000080000001092
:1005200000000100008000000000000000000080CA
:1005300000020000030000001D0000000000000099
:100540009C84F43F0000080011000000002000001F
:100550000000000800000010000001000080000002
:100560000000000000000080000400000300000004
:100570001D00000002000000A084F43F00000800FD
:100580001100000000200000000000080000001022
:10059000000001000080000000000000000000805A
:1005A00000080000030000001D0000000F00000014
:1005B000A484F43F000008001100000000200000A7
:1005C0000000000800000010000001000080000092
:1005D0000000000000000080001000000300000088
:1005E0001D0000000D000000A884F43F000008007A
:1005F00011000000002000000000000800000010B2
:1006000000000100008000000000000000000080E9
:1006100000200000030000001D0000000C0000008E
:10062000AC84F43F0000080011000000002000002E
:100630000000000800000010000001000080000021
:1006400000000000000000800040000003000000E7
:100650001D0000000E000000B084F43F0000080000
:100660001100000000200000000000080000001041
:100670000000010000800000000000000000008079
:1006800000800000030000001D0000001B000000AF
:10069000B50D0D40370D0D408C0D0D40840D0D40F6
:1006A0003E0D0D40560D0D40C30D0D40A70D0D40E4
:1006B000940D0D409C0D0D40470D0D40BD0D0D409E
:1006C000B00D0D400100000000000000020000001D
:1006D0000200000001000000000000000000000017
:1006E0000000000001000000000000000000000009
:1006F00000000000010000000000000000000000F9
:1007000000000000010000000000000002000000E6
:1007100000000000010000000000000000000000D8
:1007200000000000010000000200000001000000C5
:1007300001000000010000000200000001000000B4
:1007400001000000010000000000000000000000A7
:100750000000000001000000000000000000000098
:100760000000000001000000010000000000000087
:100770000000000003000000020000000100000073
:100780000100000001000000000000000000000067
:100790000000000001000000000000000000000058
:1007A0000000000007000000000000000000000042
:1007B0000000000003000000020000000100000033
:1007C0000100000005000000020000000100000020
:1007D0000100000001000000000000000000000017
:1007E0000000000001000000000000000000000008
:1007F00000000000020000000000000000000000F7
:1008000000000000020000000000000000000000E6
:1008100000000000020000000000000000000000D6
:1008200000000000030000000100000000000000C4
:1008300000000000030000000000000000000000B5
:1008400000000000040000000000000000000000A4
:100850000000000004000000000000000200000092
:100860000200000005000000000000000000000081
:100870000000000003000000000000000000000075
:100880000000000004000000010000000200000061
:100890000200000003000000020000000100000050
:1008A0000100000004000000010000000000000042
:1008B0000000000005000000000000000000000033
:1008C000000000006000403F8000403FA000403F2B
:1008D000C400403FE000403F0401403F2001403F52
:1008E0003C01403F5C01403F8001403F00000D0063
:1008F0000000400000003300010000000100000083
:1009000009000000000040010000800100004000DC
:1009100008000000010000001A0000000000800133
:100920000000C001000040001000000002000000B4
:100930001E00000086140D40E8140D4086140D4082
:100940009C140D4086140D40D7140D40C8140D4062
:10095000BE140D40C3140D404490F43F8890F43F02
:100960004090F43F8490F43F4890F43F6C90F43F03
:100970006090F43F6490F43F6890F43F5490F43FEB
:100980005890F43F5C90F43F3490F43F3890F43F3B
:100990003090F43F3C90F43F4C90F43F5090F43F43
:1009A0007090F43F7490F43F7890F43F7C90F43F63
:1009B0008090F43F8C90F43F000000002490F43FBE
:1009C0002890F43F2C90F43F00000000000000004D
:1009D00000000000000000001C90F43F2090F43F55
:1009E0001490F43F1890F43F0490F43F0890F43FC3
:1009F0000C90F43F1090F43FBC00FB3F8E1A0D406A
:100A0000891A0D40841A0D407F1A0D407A1A0D4044
:100A1000931A0D40C31C0D40121D0D40C81C0D4003
:100A2000CD1C0D40D31C0D40D91C0D40DF1C0D40CA
:100A3000E41C0D40E91C0D40EF1C0D40F51C0D4061
:100A4000FB1C0D40011D0D40071D0D4028500400EA
:100A5000FFAC000001000000F000000028000000D2
:100A600001000000000000000040F43F0048F43F97
:100A70005F2E0D40A02E0D40A02E0D40822E0D4069
:100A8000A02E0D40A02E0D40A02E0D400B300D408D
:100A9000A02E0D40A02E0D40A02E0D405A2E0D4030
:100AA000A02E0D40722E0D40A02E0D40A02E0D4008
:100AB0004A2E0D40D92F0D4069360D4069360D4044
:100AC00069360D4069360D4069360D4069360D4076
:100AD00069360D4069360D4069360D4069360D4066
:100AE00069360D4069360D4069360D4069360D4056
:100AF00069360D4069360D4069360D4069360D4046
:100B000069360D4069360D4069360D4069360D4035
:100B100069360D4069360D4069360D4069360D4025
:100B200069360D40B42F0D4069360D40D92F0D4068
:100B300069360D40902F0D4069360D4069360D40E5
:100B400069360D4069360D4069360D4069360D40F5
:100B500069360D40FA2F0D4069360D4069360D405B
:100B600069360D4069360D4069360D40FA2F0D404B
:100B70006B300D4039310D4050320D4050320D4038
:100B800050320D4050320D4039310D4050320D4041
:100B900050320D4050320D4050320D4050320D4019
:100BA0007E320D4043320D4050320D4050320D40E8
:100BB0009A300D4050320D4039320D40D92F0D4042
:100BC00069360D4069360D4069360D4069360D4075
:100BD00069360D4069360D4069360D4069360D4065
:100BE00069360D4069360D4069360D4069360D4055
:100BF00069360D4069360D4069360D4069360D4045
:100C000069360D4069360D4069360D4069360D4034
:100C100069360D4069360D4069360D4069360D4024
:100C200069360D4069360D4069360D40C22F0D40C2
:100C300069360D40D92F0D4069360D409E2F0D406D
:100C400069360D4069360D4069360D4069360D40F4
:100C500069360D4069360D4069360D400B300D4048
:100C600069360D4069360D4069360D4069360D40D4
:100C700069360D400B300D400C00000000000000F4
:100C80000300017C000C01001400000014000000AF
:100C9000000000000000000004000000000E200022
:100CA0000C000000000000000300017C000C0100AB
:100CB000140000001400000000000000000000000C
:100CC00004000000000E20000C00000000000000E6
:100CD0000300017C000C010014000000140000005F
:100CE000000000000000000004000000000E2000D2
:040CF0000000000000
:100CF400000000003C0D403FE436084000000000C6
:100D040000000000740D403F00000000580D403FFB
:100D140000000000900D403FEC200D40000000005A
:100D2400305E08400000000078160D40000000000E
:080D3400883C0D4000000000A6
:100D3C004002403F540A403FD00D403F041EFB3F51
:100D4C000000000078200D40000000004802403FE9
:100D5C00CC00FB3FAC0D403F061EFB3F6C31FB3F14
:100D6C00D4230D40000000005802403FDC00FB3F44
:100D7C00AC0D403F081EFB3F7831FB3FD4230D40A8
:100D8C0000000000180DFB3FDC15FB3FEC0D403F55
:100D9C000A1EFB3FEC00FB3F342D0D400000000011
:100DAC0070190840F03A0D40183B0D40743B0D4053
:100DBC00A43B0D40D43B0D4098220D40BC230D406C
:040DCC00203C0D407A
:100DD00050200D4028200D4000000000CC1F0D4089
:0C0DE000181D0D4000000000681F0D40B1
:100DEC00482C0D40182C0D400C3D0D40642A0D4034
:040DFC004C290D4031
:100E0000040000000F0000000100000008000000C6
:100E10002000000040000000500000001000000012
:100E20000C0000000E0000008800000054000000CC
:100E300090000000FFFFFFFFFFFFFFFFFFFFFFFF2E
:040E4000FFFFFFFFB2
:100E50000000000000000000000000000000000092
:100E60000000000000000000000000000000000082
:100E70000000000000000000000000000000000072
:100E80000000000000000000000000000000000062
:100E90000000000000000000000000000000000052
:100EA0000000000000000000000000000000000042
:100EB0000000000000000000000000000000000032
:100EC0000000000000000000000000000000000022
:100ED0000000000000000000000000000000000012
:100EE0000000000000000000000000000000000002
:100EF00000000000000000000000000000000000F2
:100F000000000000000000000000000000000000E1
:100F100000000000000000000000000000000000D1
:100F200000000000000000000000000000000000C1
:100F300000000000000000000000000000000000B1
:100F400000000000000000000000000000000000A1
:100F50000000000000000000000000000000000091
:100F60000000000000000000000000000000000081
:100F70000000000000000000000000000000000071
:100F80000000000000000000000000000000000061
:100F90000000000000000000000000000000000051
:100FA0000000000000000000000000000000000041
:100FB0000000000000000000000000000000000031
:100FC0000000000000000000000000000000000021
:100FD0000000000000000000000000000000000011
:100FE0000000000000000000000000000000000001
:100FF00000000000000000000000000000000000F1
:1010000000000000000000000000000000000000E0
:1010100000000000000000000000000000000000D0
:1010200000000000000000000000000000000000C0
:1010300000000000000000000000000000000000B0
:1010400000000000000000000000000000000000A0
:101050000000000000000000000000000000000090
:101060000000000000000000000000000000000080
:101070000000000000000000000000000000000070
:101080000000000000000000000000000000000060
:101090000000000000000000000000000000000050
:1010A0000000000000000000000000000000000040
:1010B0000000000000000000000000000000000030
:1010C0000000000000000000000000000000000020
:1010D0000000000000000000000000000000000010
:1010E0000000000000000000000000000000000000
:1010F00000000000000000000000000000000000F0
:1011000000000000000000000000000000000000DF
:1011100000000000000000000000000000000000CF
:1011200000000000000000000000000000000000BF
:1011300000000000000000000000000000000000AF
:10114000000000000000000000000000000000009F
:10115000000000000000000000000000000000008F
:10116000000000000000000000000000000000007F
:10117000000000000000000000000000000000006F
:10118000000000000000000000000000000000005F
:10119000000000000000000000000000000000004F
:1011A000000000000000000000000000000000003F
:1011B000000000000000000000000000000000002F
:1011C000000000000000000000000000000000001F
:1011D000000000000000000000000000000000000F
:1011E00000000000000000000000000000000000FF
:1011F00000000000000000000000000000000000EF
:1012000000000000000000000000000000000000DE
:1012100000000000000000000000000000000000CE
:1012200000000000000000000000000000000000BE
:1012300000000000000000000000000000000000AE
:10124000000000000000000000000000000000009E
:10125000000000000000000000000000000000008E
:10126000000000000000000000000000000000007E
:10127000000000000000000000000000000000006E
:10128000000000000000000000000000000000005E
:10129000000000000000000000000000000000004E
:1012A000000000000000000000000000000000003E
:1012B000000000000000000000000000000000002E
:1012C000000000000000000000000000000000001E
:1012D000000000000000000000000000000000000E
:1012E00000000000000000000000000000000000FE
:1012F00000000000000000000000000000000000EE
:1013000000000000000000000000000000000000DD
:1013100000000000000000000000000000000000CD
:1013200000000000000000000000000000000000BD
:1013300000000000000000000000000000000000AD
:10134000000000000000000000000000000000009D
:10135000000000000000000000000000000000008D
:10136000000000000000000000000000000000007D
:10137000000000000000000000000000000000006D
:10138000000000000000000000000000000000005D
:10139000000000000000000000000000000000004D
:1013A000000000000000000000000000000000003D
:1013B000000000000000000000000000000000002D
:1013C000000000000000000000000000000000001D
:1013D000000000000000000000000000000000000D
:1013E00000000000000000000000000000000000FD
:1013F00000000000000000000000000000000000ED
:1014000000000000000000000000000000000000DC
:1014100000000000000000000000000000000000CC
:1014200000000000000000000000000000000000BC
:1014300000000000000000000000000000000000AC
:10144000000000000000000000000000000000009C
:10145000000000000000000000000000000000008C
:10146000000000000000000000000000000000007C
:10147000000000000000000000000000000000006C
:10148000000000000000000000000000000000005C
:10149000000000000000000000000000000000004C
:1014A000000000000000000000000000000000003C
:1014B000000000000000000000000000000000002C
:1014C000000000000000000000000000000000001C
:1014D000000000000000000000000000000000000C
:1014E00000000000000000000000000000000000FC
:1014F00000000000000000000000000000000000EC
:1015000000000000000000000000000000000000DB
:1015100000000000000000000000000000000000CB
:1015200000000000000000000000000000000000BB
:1015300000000000000000000000000000000000AB
:10154000000000000000000000000000000000009B
:10155000000000000000000000000000000000008B
:10156000000000000000000000000000000000007B
:10157000000000000000000000000000000000006B
:10158000000000000000000000000000000000005B
:10159000000000000000000000000000000000004B
:1015A000000000000000000000000000000000003B
:1015B000000000000000000000000000000000002B
:1015C000000000000000000000000000000000001B
:1015D000000000000000000000000000000000000B
:1015E00000000000000000000000000000000000FB
:1015F00000000000000000000000000000000000EB
:1016000000000000000000000000000000000000DA
:1016100000000000000000000000000000000000CA
:1016200000000000000000000000000000000000BA
:1016300000000000000000000000000000000000AA
:10164000000000000000000000000000000000009A
:10165000000000000000000000000000000000008A
:10166000000000000000000000000000000000007A
:10167000000000000000000000000000000000006A
:10168000000000000000000000000000000000005A
:10169000000000000000000000000000000000004A
:1016A000000000000000000000000000000000003A
:1016B000000000000000000000000000000000002A
:1016C000000000000000000000000000000000001A
:1016D000000000000000000000000000000000000A
:1016E00000000000000000000000000000000000FA
:1016F00000000000000000000000000000000000EA
:1017000000000000000000000000000000000000D9
:1017100000000000000000000000000000000000C9
:1017200000000000000000000000000000000000B9
:1017300000000000000000000000000000000000A9
:101740000000000000000000000000000000000099
:101750000000000000000000000000000000000089
:101760000000000000000000000000000000000079
:101770000000000000000000000000000000000069
:101780000000000000000000000000000000000059
:101790000000000000000000000000000000000049
:1017A0000000000000000000000000000000000039
:1017B0000000000000000000000000000000000029
:1017C0000000000000000000000000000000000019
:1017D0000000000000000000000000000000000009
:1017E00000000000000000000000000000000000F9
:1017F00000000000000000000000000000000000E9
:1018000000000000000000000000000000000000D8
:1018100000000000000000000000000000000000C8
:1018200000000000000000000000000000000000B8
:1018300000000000000000000000000000000000A8
:101840000000000000000000000000000000000098
:101850000000000000000000000000000000000088
:101860000000000000000000000000000000000078
:101870000000000000000000000000000000000068
:101880000000000000000000000000000000000058
:101890000000000000000000000000000000000048
:1018A0000000000000000000000000000000000038
:1018B0000000000000000000000000000000000028
:1018C0000000000000000000000000000000000018
:1018D0000000000000000000000000000000000008
:1018E00000000000000000000000000000000000F8
:1018F00000000000000000000000000000000000E8
:1019000000000000000000000000000000000000D7
:1019100000000000000000000000000000000000C7
:1019200000000000000000000000000000000000B7
:1019300000000000000000000000000000000000A7
:101940000000000000000000000000000000000097
:101950000000000000000000000000000000000087
:101960000000000000000000000000000000000077
:101970000000000000000000000000000000000067
:101980000000000000000000000000000000000057
:101990000000000000000000000000000000000047
:1019A0000000000000000000000000000000000037
:1019B0000000000000000000000000000000000027
:1019C0000000000000000000000000000000000017
:1019D0000000000000000000000000000000000007
:1019E00000000000000000000000000000000000F7
:1019F00000000000000000000000000000000000E7
:101A000000000000000000000000000000000000D6
:101A100000000000000000000000000000000000C6
:101A200000000000000000000000000000000000B6
:101A300000000000000000000000000000000000A6
:101A40000000000000000000000000000000000096
:101A50000000000000000000000000000000000086
:101A60000000000000000000000000000000000076
:101A70000000000000000000000000000000000066
:101A80000000000000000000000000000000000056
:101A90000000000000000000000000000000000046
:101AA0000000000000000000000000000000000036
:101AB0000000000000000000000000000000000026
:101AC0000000000000000000000000000000000016
:101AD0000000000000000000000000000000000006
:101AE00000000000000000000000000000000000F6
:101AF00000000000000000000000000000000000E6
:101B000000000000000000000000000000000000D5
:101B100000000000000000000000000000000000C5
:101B200000000000000000000000000000000000B5
:101B300000000000000000000000000000000000A5
:101B40000000000000000000000000000000000095
:101B50000000000000000000000000000000000085
:101B60000000000000000000000000000000000075
:101B70000000000000000000000000000000000065
:101B80000000000000000000000000000000000055
:101B90000000000000000000000000000000000045
:101BA0000000000000000000000000000000000035
:101BB0000000000000000000000000000000000025
:101BC0000000000000000000000000000000000015
:101BD0000000000000000000000000000000000005
:101BE00000000000000000000000000000000000F5
:101BF00000000000000000000000000000000000E5
:101C000000000000000000000000000000000000D4
:101C100000000000000000000000000000000000C4
:101C200000000000000000000000000000000000B4
:101C300000000000000000000000000000000000A4
:101C40000000000000000000000000000000000094
:101C50000000000000000000000000000000000084
:101C60000000000000000000000000000000000074
:101C70000000000000000000000000000000000064
:101C80000000000000000000000000000000000054
:101C90000000000000000000000000000000000044
:101CA0000000000000000000000000000000000034
:101CB0000000000000000000000000000000000024
:101CC0000000000000000000000000000000000014
:101CD0000000000000000000000000000000000004
:101CE00000000000000000000000000000000000F4
:101CF00000000000000000000000000000000000E4
:101D000000000000000000000000000000000000D3
:101D100000000000000000000000000000000000C3
:101D200000000000000000000000000000000000B3
:101D300000000000000000000000000000000000A3
:101D40000000000000000000000000000000000093
:101D50000000000000000000000000000000000083
:101D60000000000000000000000000000000000073
:101D70000000000000000000000000000000000063
:101D80000000000000000000000000000000000053
:101D90000000000000000000000000000000000043
:101DA0000000000000000000000000000000000033
:101DB0000000000000000000000000000000000023
:101DC0000000000000000000000000000000000013
:101DD0000000000000000000000000000000000003
:101DE00000000000000000000000000000000000F3
:101DF00000000000000000000000000000000000E3
:101E000000000000000000000000000000000000D2
:101E100000000000000000000000000000000000C2
:101E200000000000000000000000000000000000B2
:101E300000000000000000000000000000000000A2
:101E40000000000000000000000000000000000092
:101E50000000000000000000000000000000000082
:101E60000000000000000000000000000000000072
:101E70000000000000000000000000000000000062
:101E80000000000000000000000000000000000052
:101E90000000000000000000000000000000000042
:101EA0000000000000000000000000000000000032
:101EB0000000000000000000000000000000000022
:101EC0000000000000000000000000000000000012
:101ED0000000000000000000000000000000000002
:101EE00000000000000000000000000000000000F2
:101EF00000000000000000000000000000000000E2
:101F000000000000000000000000000000000000D1
:101F100000000000000000000000000000000000C1
:101F200000000000000000000000000000000000B1
:101F300000000000000000000000000000000000A1
:101F40000000000000000000000000000000000091
:101F50000000000000000000000000000000000081
:101F60000000000000000000000000000000000071
:101F70000000000000000000000000000000000061
:101F80000000000000000000000000000000000051
:101F90000000000000000000000000000000000041
:101FA0000000000000000000000000000000000031
:101FB0000000000000000000000000000000000021
:101FC0000000000000000000000000000000000011
:101FD0000000000000000000000000000000000001
:101FE00000000000000000000000000000000000F1
:101FF00000000000000000000000000000000000E1
:1020000000000000000000000000000000000000D0
:1020100000000000000000000000000000000000C0
:1020200000000000000000000000000000000000B0
:1020300000000000000000000000000000000000A0
:102040000000000000000000000000000000000090
:102050000000000000000000000000000000000080
:102060000000000000000000000000000000000070
:102070000000000000000000000000000000000060
:102080000000000000000000000000000000000050
:102090000000000000000000000000000000000040
:1020A0000000000000000000000000000000000030
:1020B0000000000000000000000000000000000020
:1020C0000000000000000000000000000000000010
:1020D0000000000000000000000000000000000000
:1020E00000000000000000000000000000000000F0
:1020F00000000000000000000000000000000000E0
:1021000000000000000000000000000000000000CF
:1021100000000000000000000000000000000000BF
:1021200000000000000000000000000000000000AF
:10213000000000000000000000000000000000009F
:10214000000000000000000000000000000000008F
:10215000000000000000000000000000000000007F
:10216000000000000000000000000000000000006F
:10217000000000000000000000000000000000005F
:10218000000000000000000000000000000000004F
:10219000000000000000000000000000000000003F
:1021A000000000000000000000000000000000002F
:1021B000000000000000000000000000000000001F
:1021C000000000000000000000000000000000000F
:1021D00000000000000000000000000000000000FF
:1021E00000000000000000000000000000000000EF
:1021F00000000000000000000000000000000000DF
:1022000000000000000000000000000000000000CE
:1022100000000000000000000000000000000000BE
:1022200000000000000000000000000000000000AE
:10223000000000000000000000000000000000009E
:10224000000000000000000000000000000000008E
:10225000000000000000000000000000000000007E
:10226000000000000000000000000000000000006E
:10227000000000000000000000000000000000005E
:10228000000000000000000000000000000000004E
:10229000000000000000000000000000000000003E
:1022A000000000000000000000000000000000002E
:1022B000000000000000000000000000000000001E
:1022C000000000000000000000000000000000000E
:1022D00000000000000000000000000000000000FE
:1022E00000000000000000000000000000000000EE
:1022F00000000000000000000000000000000000DE
:1023000000000000000000000000000000000000CD
:1023100000000000000000000000000000000000BD
:1023200000000000000000000000000000000000AD
:10233000000000000000000000000000000000009D
:10234000000000000000000000000000000000008D
:10235000000000000000000000000000000000007D
:10236000000000000000000000000000000000006D
:10237000000000000000000000000000000000005D
:10238000000000000000000000000000000000004D
:10239000000000000000000000000000000000003D
:1023A000000000000000000000000000000000002D
:1023B000000000000000000000000000000000001D
:1023C000000000000000000000000000000000000D
:1023D00000000000000000000000000000000000FD
:1023E00000000000000000000000000000000000ED
:1023F00000000000000000000000000000000000DD
:1024000000000000000000000000000000000000CC
:1024100000000000000000000000000000000000BC
:1024200000000000000000000000000000000000AC
:10243000000000000000000000000000000000009C
:10244000000000000000000000000000000000008C
:10245000000000000000000000000000000000007C
:10246000000000000000000000000000000000006C
:10247000000000000000000000000000000000005C
:10248000000000000000000000000000000000004C
:10249000000000000000000000000000000000003C
:1024A000000000000000000000000000000000002C
:1024B000000000000000000000000000000000001C
:1024C000000000000000000000000000000000000C
:1024D00000000000000000000000000000000000FC
:1024E00000000000000000000000000000000000EC
:1024F00000000000000000000000000000000000DC
:1025000000000000000000000000000000000000CB
:1025100000000000000000000000000000000000BB
:1025200000000000000000000000000000000000AB
:10253000000000000000000000000000000000009B
:10254000000000000000000000000000000000008B
:10255000000000000000000000000000000000007B
:10256000000000000000000000000000000000006B
:10257000000000000000000000000000000000005B
:10258000000000000000000000000000000000004B
:10259000000000000000000000000000000000003B
:1025A000000000000000000000000000000000002B
:1025B000000000000000000000000000000000001B
:1025C000000000000000000000000000000000000B
:1025D00000000000000000000000000000000000FB
:1025E00000000000000000000000000000000000EB
:1025F00000000000000000000000000000000000DB
:1026000000000000000000000000000000000000CA
:1026100000000000000000000000000000000000BA
:1026200000000000000000000000000000000000AA
:10263000000000000000000000000000000000009A
:10264000000000000000000000000000000000008A
:10265000000000000000000000000000000000007A
:10266000000000000000000000000000000000006A
:10267000000000000000000000000000000000005A
:10268000000000000000000000000000000000004A
:10269000000000000000000000000000000000003A
:1026A000000000000000000000000000000000002A
:1026B000000000000000000000000000000000001A
:1026C000000000000000000000000000000000000A
:1026D00000000000000000000000000000000000FA
:1026E00000000000000000000000000000000000EA
:1026F00000000000000000000000000000000000DA
:1027000000000000000000000000000000000000C9
:1027100000000000000000000000000000000000B9
:1027200000000000000000000000000000000000A9
:102730000000000000000000000000000000000099
:102740000000000000000000000000000000000089
:102750000000000000000000000000000000000079
:102760000000000000000000000000000000000069
:102770000000000000000000000000000000000059
:102780000000000000000000000000000000000049
:102790000000000000000000000000000000000039
:1027A0000000000000000000000000000000000029
:1027B0000000000000000000000000000000000019
:1027C0000000000000000000000000000000000009
:1027D00000000000000000000000000000000000F9
:1027E00000000000000000000000000000000000E9
:1027F00000000000000000000000000000000000D9
:1028000000000000000000000000000000000000C8
:1028100000000000000000000000000000000000B8
:1028200000000000000000000000000000000000A8
:102830000000000000000000000000000000000098
:102840000000000000000000000000000000000088
:102850000000000000000000000000000000000078
:102860000000000000000000000000000000000068
:102870000000000000000000000000000000000058
:102880000000000000000000000000000000000048
:102890000000000000000000000000000000000038
:1028A0000000000000000000000000000000000028
:1028B0000000000000000000000000000000000018
:1028C0000000000000000000000000000000000008
:1028D00000000000000000000000000000000000F8
:1028E00000000000000000000000000000000000E8
:1028F00000000000000000000000000000000000D8
:1029000000000000000000000000000000000000C7
:1029100000000000000000000000000000000000B7
:1029200000000000000000000000000000000000A7
:102930000000000000000000000000000000000097
:102940000000000000000000000000000000000087
:102950000000000000000000000000000000000077
:102960000000000000000000000000000000000067
:102970000000000000000000000000000000000057
:102980000000000000000000000000000000000047
:102990000000000000000000000000000000000037
:1029A0000000000000000000000000000000000027
:1029B0000000000000000000000000000000000017
:1029C0000000000000000000000000000000000007
:1029D00000000000000000000000000000000000F7
:1029E00000000000000000000000000000000000E7
:1029F00000000000000000000000000000000000D7
:102A000000000000000000000000000000000000C6
:102A100000000000000000000000000000000000B6
:102A200000000000000000000000000000000000A6
:102A30000000000000000000000000000000000096
:102A40000000000000000000000000000000000086
:102A50000000000000000000000000000000000076
:102A60000000000000000000000000000000000066
:102A70000000000000000000000000000000000056
:102A80000000000000000000000000000000000046
:102A90000000000000000000000000000000000036
:102AA0000000000000000000000000000000000026
:102AB0000000000000000000000000000000000016
:102AC0000000000000000000000000000000000006
:102AD00000000000000000000000000000000000F6
:102AE00000000000000000000000000000000000E6
:102AF00000000000000000000000000000000000D6
:102B000000000000000000000000000000000000C5
:102B100000000000000000000000000000000000B5
:102B200000000000000000000000000000000000A5
:102B30000000000000000000000000000000000095
:102B40000000000000000000000000000000000085
:102B50000000000000000000000000000000000075
:102B60000000000000000000000000000000000065
:102B70000000000000000000000000000000000055
:102B80000000000000000000000000000000000045
:102B90000000000000000000000000000000000035
:102BA0000000000000000000000000000000000025
:102BB0000000000000000000000000000000000015
:102BC0000000000000000000000000000000000005
:102BD00000000000000000000000000000000000F5
:102BE00000000000000000000000000000000000E5
:102BF00000000000000000000000000000000000D5
:102C000000000000000000000000000000000000C4
:102C100000000000000000000000000000000000B4
:102C200000000000000000000000000000000000A4
:102C30000000000000000000000000000000000094
:102C40000000000000000000000000000000000084
:102C50000000000000000000000000000000000074
:102C60000000000000000000000000000000000064
:102C70000000000000000000000000000000000054
:102C80000000000000000000000000000000000044
:102C90000000000000000000000000000000000034
:102CA0000000000000000000000000000000000024
:102CB0000000000000000000000000000000000014
:102CC0000000000000000000000000000000000004
:102CD00000000000000000000000000000000000F4
:102CE00000000000000000000000000000000000E4
:102CF00000000000000000000000000000000000D4
:102D000000000000000000000000000000000000C3
:102D100000000000000000000000000000000000B3
:102D200000000000000000000000000000000000A3
:102D30000000000000000000000000000000000093
:102D40000000000000000000000000000000000083
:102D50000000000000000000000000000000000073
:102D60000000000000000000000000000000000063
:102D70000000000000000000000000000000000053
:102D80000000000000000000000000000000000043
:102D90000000000000000000000000000000000033
:102DA0000000000000000000000000000000000023
:102DB0000000000000000000000000000000000013
:102DC0000000000000000000000000000000000003
:102DD00000000000000000000000000000000000F3
:102DE00000000000000000000000000000000000E3
:102DF00000000000000000000000000000000000D3
:102E000000000000000000000000000000000000C2
:102E100000000000000000000000000000000000B2
:102E200000000000000000000000000000000000A2
:102E30000000000000000000000000000000000092
:102E40000000000000000000000000000000000082
:102E50000000000000000000000000000000000072
:102E60000000000000000000000000000000000062
:102E70000000000000000000000000000000000052
:102E80000000000000000000000000000000000042
:102E90000000000000000000000000000000000032
:102EA0000000000000000000000000000000000022
:102EB0000000000000000000000000000000000012
:102EC0000000000000000000000000000000000002
:102ED00000000000000000000000000000000000F2
:102EE00000000000000000000000000000000000E2
:102EF00000000000000000000000000000000000D2
:102F000000000000000000000000000000000000C1
:102F100000000000000000000000000000000000B1
:102F200000000000000000000000000000000000A1
:102F30000000000000000000000000000000000091
:102F40000000000000000000000000000000000081
:102F50000000000000000000000000000000000071
:102F60000000000000000000000000000000000061
:102F70000000000000000000000000000000000051
:102F80000000000000000000000000000000000041
:102F90000000000000000000000000000000000031
:102FA0000000000000000000000000000000000021
:102FB0000000000000000000000000000000000011
:102FC0000000000000000000000000000000000001
:102FD00000000000000000000000000000000000F1
:102FE00000000000000000000000000000000000E1
:102FF00000000000000000000000000000000000D1
:1030000000000000000000000000000000000000C0
:1030100000000000000000000000000000000000B0
:1030200000000000000000000000000000000000A0
:103030000000000000000000000000000000000090
:103040000000000000000000000000000000000080
:103050000000000000000000000000000000000070
:103060000000000000000000000000000000000060
:103070000000000000000000000000000000000050
:103080000000000000000000000000000000000040
:103090000000000000000000000000000000000030
:1030A0000000000000000000000000000000000020
:1030B0000000000000000000000000000000000010
:1030C0000000000000000000000000000000000000
:1030D00000000000000000000000000000000000F0
:1030E00000000000000000000000000000000000E0
:1030F00000000000000000000000000000000000D0
:1031000000000000000000000000000000000000BF
:1031100000000000000000000000000000000000AF
:10312000000000000000000000000000000000009F
:10313000000000000000000000000000000000008F
:10314000000000000000000000000000000000007F
:10315000000000000000000000000000000000006F
:10316000000000000000000000000000000000005F
:10317000000000000000000000000000000000004F
:10318000000000000000000000000000000000003F
:10319000000000000000000000000000000000002F
:1031A000000000000000000000000000000000001F
:1031B000000000000000000000000000000000000F
:1031C00000000000000000000000000000000000FF
:1031D00000000000000000000000000000000000EF
:1031E00000000000000000000000000000000000DF
:1031F00000000000000000000000000000000000CF
:1032000000000000000000000000000000000000BE
:1032100000000000000000000000000000000000AE
:10322000000000000000000000000000000000009E
:10323000000000000000000000000000000000008E
:10324000000000000000000000000000000000007E
:10325000000000000000000000000000000000006E
:10326000000000000000000000000000000000005E
:10327000000000000000000000000000000000004E
:10328000000000000000000000000000000000003E
:10329000000000000000000000000000000000002E
:1032A000000000000000000000000000000000001E
:1032B000000000000000000000000000000000000E
:1032C00000000000000000000000000000000000FE
:1032D00000000000000000000000000000000000EE
:1032E00000000000000000000000000000000000DE
:1032F00000000000000000000000000000000000CE
:1033000000000000000000000000000000000000BD
:1033100000000000000000000000000000000000AD
:10332000000000000000000000000000000000009D
:10333000000000000000000000000000000000008D
:10334000000000000000000000000000000000007D
:10335000000000000000000000000000000000006D
:10336000000000000000000000000000000000005D
:10337000000000000000000000000000000000004D
:10338000000000000000000000000000000000003D
:10339000000000000000000000000000000000002D
:1033A000000000000000000000000000000000001D
:1033B000000000000000000000000000000000000D
:1033C00000000000000000000000000000000000FD
:1033D00000000000000000000000000000000000ED
:1033E00000000000000000000000000000000000DD
:1033F00000000000000000000000000000000000CD
:1034000000000000000000000000000000000000BC
:1034100000000000000000000000000000000000AC
:10342000000000000000000000000000000000009C
:10343000000000000000000000000000000000008C
:10344000000000000000000000000000000000007C
:10345000000000000000000000000000000000006C
:10346000000000000000000000000000000000005C
:10347000000000000000000000000000000000004C
:10348000000000000000000000000000000000003C
:10349000000000000000000000000000000000002C
:1034A000000000000000000000000000000000001C
:1034B000000000000000000000000000000000000C
:1034C00000000000000000000000000000000000FC
:1034D00000000000000000000000000000000000EC
:1034E00000000000000000000000000000000000DC
:1034F00000000000000000000000000000000000CC
:1035000000000000000000000000000000000000BB
:1035100000000000000000000000000000000000AB
:10352000000000000000000000000000000000009B
:10353000000000000000000000000000000000008B
:10354000000000000000000000000000000000007B
:10355000000000000000000000000000000000006B
:10356000000000000000000000000000000000005B
:10357000000000000000000000000000000000004B
:10358000000000000000000000000000000000003B
:10359000000000000000000000000000000000002B
:1035A000000000000000000000000000000000001B
:1035B000000000000000000000000000000000000B
:1035C00000000000000000000000000000000000FB
:1035D00000000000000000000000000000000000EB
:1035E00000000000000000000000000000000000DB
:1035F00000000000000000000000000000000000CB
:1036000000000000000000000000000000000000BA
:1036100000000000000000000000000000000000AA
:10362000000000000000000000000000000000009A
:10363000000000000000000000000000000000008A
:10364000000000000000000000000000000000007A
:10365000000000000000000000000000000000006A
:10366000000000000000000000000000000000005A
:10367000000000000000000000000000000000004A
:10368000000000000000000000000000000000003A
:10369000000000000000000000000000000000002A
:1036A000000000000000000000000000000000001A
:1036B000000000000000000000000000000000000A
:1036C00000000000000000000000000000000000FA
:1036D00000000000000000000000000000000000EA
:1036E00000000000000000000000000000000000DA
:1036F00000000000000000000000000000000000CA
:1037000000000000000000000000000000000000B9
:1037100000000000000000000000000000000000A9
:103720000000000000000000000000000000000099
:103730000000000000000000000000000000000089
:103740000000000000000000000000000000000079
:103750000000000000000000000000000000000069
:103760000000000000000000000000000000000059
:103770000000000000000000000000000000000049
:103780000000000000000000000000000000000039
:103790000000000000000000000000000000000029
:1037A0000000000000000000000000000000000019
:1037B0000000000000000000000000000000000009
:1037C00000000000000000000000000000000000F9
:1037D00000000000000000000000000000000000E9
:1037E00000000000000000000000000000000000D9
:1037F00000000000000000000000000000000000C9
:1038000000000000000000000000000000000000B8
:1038100000000000000000000000000000000000A8
:103820000000000000000000000000000000000098
:103830000000000000000000000000000000000088
:103840000000000000000000000000000000000078
:103850000000000000000000000000000000000068
:103860000000000000000000000000000000000058
:103870000000000000000000000000000000000048
:103880000000000000000000000000000000000038
:103890000000000000000000000000000000000028
:1038A0000000000000000000000000000000000018
:1038B0000000000000000000000000000000000008
:1038C00000000000000000000000000000000000F8
:1038D00000000000000000000000000000000000E8
:1038E00000000000000000000000000000000000D8
:1038F00000000000000000000000000000000000C8
:1039000000000000000000000000000000000000B7
:1039100000000000000000000000000000000000A7
:103920000000000000000000000000000000000097
:103930000000000000000000000000000000000087
:103940000000000000000000000000000000000077
:103950000000000000000000000000000000000067
:103960000000000000000000000000000000000057
:103970000000000000000000000000000000000047
:103980000000000000000000000000000000000037
:103990000000000000000000000000000000000027
:1039A0000000000000000000000000000000000017
:1039B0000000000000000000000000000000000007
:1039C00000000000000000000000000000000000F7
:1039D00000000000000000000000000000000000E7
:1039E00000000000000000000000000000000000D7
:1039F00000000000000000000000000000000000C7
:103A000000000000000000000000000000000000B6
:103A100000000000000000000000000000000000A6
:103A20000000000000000000000000000000000096
:103A30000000000000000000000000000000000086
:103A40000000000000000000000000000000000076
:103A50000000000000000000000000000000000066
:103A60000000000000000000000000000000000056
:103A70000000000000000000000000000000000046
:103A80000000000000000000000000000000000036
:103A90000000000000000000000000000000000026
:103AA0000000000000000000000000000000000016
:103AB0000000000000000000000000000000000006
:103AC00000000000000000000000000000000000F6
:103AD00000000000000000000000000000000000E6
:103AE00000000000000000000000000000000000D6
:103AF00000000000000000000000000000000000C6
:103B000000000000000000000000000000000000B5
:103B100000000000000000000000000000000000A5
:103B20000000000000000000000000000000000095
:103B30000000000000000000000000000000000085
:103B40000000000000000000000000000000000075
:103B50000000000000000000000000000000000065
:103B60000000000000000000000000000000000055
:103B70000000000000000000000000000000000045
:103B80000000000000000000000000000000000035
:103B90000000000000000000000000000000000025
:103BA0000000000000000000000000000000000015
:103BB0000000000000000000000000000000000005
:103BC00000000000000000000000000000000000F5
:103BD00000000000000000000000000000000000E5
:103BE00000000000000000000000000000000000D5
:103BF00000000000000000000000000000000000C5
:103C000000000000000000000000000000000000B4
:103C100000000000000000000000000000000000A4
:103C20000000000000000000000000000000000094
:103C30000000000000000000000000000000000084
:103C40000000000000000000000000000000000074
:103C50000000000000000000000000000000000064
:103C60000000000000000000000000000000000054
:103C70000000000000000000000000000000000044
:103C80000000000000000000000000000000000034
:103C90000000000000000000000000000000000024
:103CA0000000000000000000000000000000000014
:103CB0000000000000000000000000000000000004
:103CC00000000000000000000000000000000000F4
:103CD00000000000000000000000000000000000E4
:103CE00000000000000000000000000000000000D4
:103CF00000000000000000000000000000000000C4
:103D000000000000000000000000000000000000B3
:103D100000000000000000000000000000000000A3
:103D20000000000000000000000000000000000093
:103D30000000000000000000000000000000000083
:103D40000000000000000000000000000000000073
:103D50000000000000000000000000000000000063
:103D60000000000000000000000000000000000053
:103D70000000000000000000000000000000000043
:103D80000000000000000000000000000000000033
:103D90000000000000000000000000000000000023
:103DA0000000000000000000000000000000000013
:103DB0000000000000000000000000000000000003
:103DC00000000000000000000000000000000000F3
:103DD00000000000000000000000000000000000E3
:103DE00000000000000000000000000000000000D3
:103DF00000000000000000000000000000000000C3
:103E000000000000000000000000000000000000B2
:103E100000000000000000000000000000000000A2
:103E20000000000000000000000000000000000092
:103E30000000000000000000000000000000000082
:103E40000000000000000000000000000000000072
:103E50000000000000000000000000000000000062
:103E60000000000000000000000000000000000052
:103E70000000000000000000000000000000000042
:103E80000000000000000000000000000000000032
:103E90000000000000000000000000000000000022
:103EA0000000000000000000000000000000000012
:103EB0000000000000000000000000000000000002
:103EC00000000000000000000000000000000000F2
:103ED00000000000000000000000000000000000E2
:103EE00000000000000000000000000000000000D2
:103EF00000000000000000000000000000000000C2
:103F000000000000000000000000000000000000B1
:103F100000000000000000000000000000000000A1
:103F20000000000000000000000000000000000091
:103F30000000000000000000000000000000000081
:103F40000000000000000000000000000000000071
:103F50000000000000000000000000000000000061
:103F60000000000000000000000000000000000051
:103F70000000000000000000000000000000000041
:103F80000000000000000000000000000000000031
:103F90000000000000000000000000000000000021
:103FA0000000000000000000000000000000000011
:103FB0000000000000000000000000000000000001
:103FC00000000000000000000000000000000000F1
:103FD00000000000000000000000000000000000E1
:103FE00000000000000000000000000000000000D1
:103FF00000000000000000000000000000000000C1
:1040000000000000000000000000000000000000B0
:1040100000000000000000000000000000000000A0
:104020000000000000000000000000000000000090
:104030000000000000000000000000000000000080
:104040000000000000000000000000000000000070
:104050000000000000000000000000000000000060
:104060000000000000000000000000000000000050
:104070000000000000000000000000000000000040
:104080000000000000000000000000000000000030
:104090000000000000000000000000000000000020
:1040A0000000000000000000000000000000000010
:1040B0000000000000000000000000000000000000
:1040C00000000000000000000000000000000000F0
:1040D00000000000000000000000000000000000E0
:1040E00000000000000000000000000000000000D0
:1040F00000000000000000000000000000000000C0
:1041000000000000000000000000000000000000AF
:10411000000000000000000000000000000000009F
:10412000000000000000000000000000000000008F
:10413000000000000000000000000000000000007F
:10414000000000000000000000000000000000006F
:10415000000000000000000000000000000000005F
:10416000000000000000000000000000000000004F
:10417000000000000000000000000000000000003F
:10418000000000000000000000000000000000002F
:10419000000000000000000000000000000000001F
:1041A000000000000000000000000000000000000F
:1041B00000000000000000000000000000000000FF
:1041C00000000000000000000000000000000000EF
:1041D00000000000000000000000000000000000DF
:1041E00000000000000000000000000000000000CF
:1041F00000000000000000000000000000000000BF
:1042000000000000000000000000000000000000AE
:10421000000000000000000000000000000000009E
:10422000000000000000000000000000000000008E
:10423000000000000000000000000000000000007E
:10424000000000000000000000000000000000006E
:10425000000000000000000000000000000000005E
:10426000000000000000000000000000000000004E
:10427000000000000000000000000000000000003E
:10428000000000000000000000000000000000002E
:10429000000000000000000000000000000000001E
:1042A000000000000000000000000000000000000E
:1042B00000000000000000000000000000000000FE
:1042C00000000000000000000000000000000000EE
:1042D00000000000000000000000000000000000DE
:1042E00000000000000000000000000000000000CE
:1042F00000000000000000000000000000000000BE
:1043000000000000000000000000000000000000AD
:10431000000000000000000000000000000000009D
:10432000000000000000000000000000000000008D
:10433000000000000000000000000000000000007D
:10434000000000000000000000000000000000006D
:10435000000000000000000000000000000000005D
:10436000000000000000000000000000000000004D
:10437000000000000000000000000000000000003D
:10438000000000000000000000000000000000002D
:10439000000000000000000000000000000000001D
:1043A000000000000000000000000000000000000D
:1043B00000000000000000000000000000000000FD
:1043C00000000000000000000000000000000000ED
:1043D00000000000000000000000000000000000DD
:1043E00000000000000000000000000000000000CD
:1043F00000000000000000000000000000000000BD
:1044000000000000000000000000000000000000AC
:10441000000000000000000000000000000000009C
:10442000000000000000000000000000000000008C
:10443000000000000000000000000000000000007C
:10444000000000000000000000000000000000006C
:10445000000000000000000000000000000000005C
:10446000000000000000000000000000000000004C
:10447000000000000000000000000000000000003C
:10448000000000000000000000000000000000002C
:10449000000000000000000000000000000000001C
:1044A000000000000000000000000000000000000C
:1044B00000000000000000000000000000000000FC
:1044C00000000000000000000000000000000000EC
:1044D00000000000000000000000000000000000DC
:1044E00000000000000000000000000000000000CC
:1044F00000000000000000000000000000000000BC
:1045000000000000000000000000000000000000AB
:10451000000000000000000000000000000000009B
:10452000000000000000000000000000000000008B
:10453000000000000000000000000000000000007B
:10454000000000000000000000000000000000006B
:10455000000000000000000000000000000000005B
:10456000000000000000000000000000000000004B
:10457000000000000000000000000000000000003B
:10458000000000000000000000000000000000002B
:10459000000000000000000000000000000000001B
:1045A000000000000000000000000000000000000B
:1045B00000000000000000000000000000000000FB
:1045C00000000000000000000000000000000000EB
:1045D00000000000000000000000000000000000DB
:1045E00000000000000000000000000000000000CB
:1045F00000000000000000000000000000000000BB
:1046000000000000000000000000000000000000AA
:10461000000000000000000000000000000000009A
:10462000000000000000000000000000000000008A
:10463000000000000000000000000000000000007A
:10464000000000000000000000000000000000006A
:10465000000000000000000000000000000000005A
:10466000000000000000000000000000000000004A
:10467000000000000000000000000000000000003A
:10468000000000000000000000000000000000002A
:10469000000000000000000000000000000000001A
:1046A000000000000000000000000000000000000A
:1046B00000000000000000000000000000000000FA
:1046C00000000000000000000000000000000000EA
:1046D00000000000000000000000000000000000DA
:1046E00000000000000000000000000000000000CA
:1046F00000000000000000000000000000000000BA
:1047000000000000000000000000000000000000A9
:104710000000000000000000000000000000000099
:104720000000000000000000000000000000000089
:104730000000000000000000000000000000000079
:104740000000000000000000000000000000000069
:104750000000000000000000000000000000000059
:104760000000000000000000000000000000000049
:104770000000000000000000000000000000000039
:104780000000000000000000000000000000000029
:104790000000000000000000000000000000000019
:1047A0000000000000000000000000000000000009
:1047B00000000000000000000000000000000000F9
:1047C00000000000000000000000000000000000E9
:1047D00000000000000000000000000000000000D9
:1047E00000000000000000000000000000000000C9
:1047F00000000000000000000000000000000000B9
:1048000000000000000000000000000000000000A8
:104810000000000000000000000000000000000098
:104820000000000000000000000000000000000088
:104830000000000000000000000000000000000078
:104840000000000000000000000000000000000068
:104850000000000000000000000000000000000058
:104860000000000000000000000000000000000048
:104870000000000000000000000000000000000038
:104880000000000000000000000000000000000028
:104890000000000000000000000000000000000018
:1048A0000000000000000000000000000000000008
:1048B00000000000000000000000000000000000F8
:1048C00000000000000000000000000000000000E8
:1048D00000000000000000000000000000000000D8
:1048E00000000000000000000000000000000000C8
:1048F00000000000000000000000000000000000B8
:1049000000000000000000000000000000000000A7
:104910000000000000000000000000000000000097
:104920000000000000000000000000000000000087
:104930000000000000000000000000000000000077
:104940000000000000000000000000000000000067
:104950000000000000000000000000000000000057
:104960000000000000000000000000000000000047
:104970000000000000000000000000000000000037
:104980000000000000000000000000000000000027
:104990000000000000000000000000000000000017
:1049A0000000000000000000000000000000000007
:1049B00000000000000000000000000000000000F7
:1049C00000000000000000000000000000000000E7
:1049D00000000000000000000000000000000000D7
:1049E00000000000000000000000000000000000C7
:1049F00000000000000000000000000000000000B7
:104A000000000000000000000000000000000000A6
:104A10000000000000000000000000000000000096
:104A20000000000000000000000000000000000086
:104A30000000000000000000000000000000000076
:104A40000000000000000000000000000000000066
:104A50000000000000000000000000000000000056
:104A60000000000000000000000000000000000046
:104A70000000000000000000000000000000000036
:104A80000000000000000000000000000000000026
:104A90000000000000000000000000000000000016
:104AA0000000000000000000000000000000000006
:104AB00000000000000000000000000000000000F6
:104AC00000000000000000000000000000000000E6
:104AD00000000000000000000000000000000000D6
:104AE00000000000000000000000000000000000C6
:104AF00000000000000000000000000000000000B6
:104B000000000000000000000000000000000000A5
:104B10000000000000000000000000000000000095
:104B20000000000000000000000000000000000085
:104B30000000000000000000000000000000000075
:104B40000000000000000000000000000000000065
:104B50000000000000000000000000000000000055
:104B60000000000000000000000000000000000045
:104B70000000000000000000000000000000000035
:104B80000000000000000000000000000000000025
:104B90000000000000000000000000000000000015
:104BA0000000000000000000000000000000000005
:104BB00000000000000000000000000000000000F5
:104BC00000000000000000000000000000000000E5
:104BD00000000000000000000000000000000000D5
:104BE00000000000000000000000000000000000C5
:104BF00000000000000000000000000000000000B5
:104C000000000000000000000000000000000000A4
:104C10000000000000000000000000000000000094
:104C20000000000000000000000000000000000084
:104C30000000000000000000000000000000000074
:104C40000000000000000000000000000000000064
:104C50000000000000000000000000000000000054
:104C60000000000000000000000000000000000044
:104C70000000000000000000000000000000000034
:104C80000000000000000000000000000000000024
:104C90000000000000000000000000000000000014
:104CA0000000000000000000000000000000000004
:104CB00000000000000000000000000000000000F4
:104CC00000000000000000000000000000000000E4
:104CD00000000000000000000000000000000000D4
:104CE00000000000000000000000000000000000C4
:104CF00000000000000000000000000000000000B4
:104D000000000000000000000000000000000000A3
:104D10000000000000000000000000000000000093
:104D20000000000000000000000000000000000083
:104D30000000000000000000000000000000000073
:104D40000000000000000000000000000000000063
:104D50000000000000000000000000000000000053
:104D60000000000000000000000000000000000043
:104D70000000000000000000000000000000000033
:104D80000000000000000000000000000000000023
:104D90000000000000000000000000000000000013
:104DA0000000000000000000000000000000000003
:104DB00000000000000000000000000000000000F3
:104DC00000000000000000000000000000000000E3
:104DD00000000000000000000000000000000000D3
:104DE00000000000000000000000000000000000C3
:104DF00000000000000000000000000000000000B3
:104E000000000000000000000000000000000000A2
:104E10000000000000000000000000000000000092
:104E20000000000000000000000000000000000082
:104E30000000000000000000000000000000000072
:104E40000000000000000000000000000000000062
:104E50000000000000000000000000000000000052
:104E60000000000000000000000000000000000042
:104E70000000000000000000000000000000000032
:104E80000000000000000000000000000000000022
:104E90000000000000000000000000000000000012
:104EA0000000000000000000000000000000000002
:104EB00000000000000000000000000000000000F2
:104EC00000000000000000000000000000000000E2
:104ED00000000000000000000000000000000000D2
:104EE00000000000000000000000000000000000C2
:104EF00000000000000000000000000000000000B2
:104F000000000000000000000000000000000000A1
:104F10000000000000000000000000000000000091
:104F20000000000000000000000000000000000081
:104F30000000000000000000000000000000000071
:104F40000000000000000000000000000000000061
:104F50000000000000000000000000000000000051
:104F60000000000000000000000000000000000041
:104F70000000000000000000000000000000000031
:104F80000000000000000000000000000000000021
:104F90000000000000000000000000000000000011
:104FA0000000000000000000000000000000000001
:104FB00000000000000000000000000000000000F1
:104FC00000000000000000000000000000000000E1
:104FD00000000000000000000000000000000000D1
:104FE00000000000000000000000000000000000C1
:104FF00000000000000000000000000000000000B1
:1050000000000000000000000000000000000000A0
:105010000000000000000000000000000000000090
:105020000000000000000000000000000000000080
:105030000000000000000000000000000000000070
:105040000000000000000000000000000000000060
:105050000000000000000000000000000000000050
:105060000000000000000000000000000000000040
:105070000000000000000000000000000000000030
:105080000000000000000000000000000000000020
:105090000000000000000000000000000000000010
:1050A0000000000000000000000000000000000000
:1050B00000000000000000000000000000000000F0
:1050C00000000000000000000000000000000000E0
:1050D00000000000000000000000000000000000D0
:1050E00000000000000000000000000000000000C0
:1050F00000000000000000000000000000000000B0
:10510000000000000000000000000000000000009F
:10511000000000000000000000000000000000008F
:10512000000000000000000000000000000000007F
:10513000000000000000000000000000000000006F
:10514000000000000000000000000000000000005F
:10515000000000000000000000000000000000004F
:10516000000000000000000000000000000000003F
:10517000000000000000000000000000000000002F
:10518000000000000000000000000000000000001F
:10519000000000000000000000000000000000000F
:1051A00000000000000000000000000000000000FF
:1051B00000000000000000000000000000000000EF
:1051C00000000000000000000000000000000000DF
:1051D00000000000000000000000000000000000CF
:1051E00000000000000000000000000000000000BF
:1051F00000000000000000000000000000000000AF
:10520000000000000000000000000000000000009E
:10521000000000000000000000000000000000008E
:10522000000000000000000000000000000000007E
:10523000000000000000000000000000000000006E
:10524000000000000000000000000000000000005E
:10525000000000000000000000000000000000004E
:10526000000000000000000000000000000000003E
:10527000000000000000000000000000000000002E
:10528000000000000000000000000000000000001E
:10529000000000000000000000000000000000000E
:1052A00000000000000000000000000000000000FE
:1052B00000000000000000000000000000000000EE
:1052C00000000000000000000000000000000000DE
:1052D00000000000000000000000000000000000CE
:1052E00000000000000000000000000000000000BE
:1052F00000000000000000000000000000000000AE
:10530000000000000000000000000000000000009D
:10531000000000000000000000000000000000008D
:10532000000000000000000000000000000000007D
:10533000000000000000000000000000000000006D
:10534000000000000000000000000000000000005D
:10535000000000000000000000000000000000004D
:10536000000000000000000000000000000000003D
:10537000000000000000000000000000000000002D
:10538000000000000000000000000000000000001D
:10539000000000000000000000000000000000000D
:1053A00000000000000000000000000000000000FD
:1053B00000000000000000000000000000000000ED
:1053C00000000000000000000000000000000000DD
:1053D00000000000000000000000000000000000CD
:1053E00000000000000000000000000000000000BD
:1053F00000000000000000000000000000000000AD
:10540000000000000000000000000000000000009C
:10541000000000000000000000000000000000008C
:10542000000000000000000000000000000000007C
:10543000000000000000000000000000000000006C
:10544000000000000000000000000000000000005C
:10545000000000000000000000000000000000004C
:10546000000000000000000000000000000000003C
:10547000000000000000000000000000000000002C
:10548000000000000000000000000000000000001C
:10549000000000000000000000000000000000000C
:1054A00000000000000000000000000000000000FC
:1054B00000000000000000000000000000000000EC
:1054C00000000000000000000000000000000000DC
:1054D00000000000000000000000000000000000CC
:1054E00000000000000000000000000000000000BC
:1054F00000000000000000000000000000000000AC
:10550000000000000000000000000000000000009B
:10551000000000000000000000000000000000008B
:10552000000000000000000000000000000000007B
:10553000000000000000000000000000000000006B
:10554000000000000000000000000000000000005B
:10555000000000000000000000000000000000004B
:10556000000000000000000000000000000000003B
:10557000000000000000000000000000000000002B
:10558000000000000000000000000000000000001B
:10559000000000000000000000000000000000000B
:1055A00000000000000000000000000000000000FB
:1055B00000000000000000000000000000000000EB
:1055C00000000000000000000000000000000000DB
:1055D00000000000000000000000000000000000CB
:1055E00000000000000000000000000000000000BB
:1055F00000000000000000000000000000000000AB
:10560000000000000000000000000000000000009A
:10561000000000000000000000000000000000008A
:10562000000000000000000000000000000000007A
:10563000000000000000000000000000000000006A
:10564000000000000000000000000000000000005A
:10565000000000000000000000000000000000004A
:10566000000000000000000000000000000000003A
:10567000000000000000000000000000000000002A
:10568000000000000000000000000000000000001A
:10569000000000000000000000000000000000000A
:1056A00000000000000000000000000000000000FA
:1056B00000000000000000000000000000000000EA
:1056C00000000000000000000000000000000000DA
:1056D00000000000000000000000000000000000CA
:1056E00000000000000000000000000000000000BA
:1056F00000000000000000000000000000000000AA
:105700000000000000000000000000000000000099
:105710000000000000000000000000000000000089
:105720000000000000000000000000000000000079
:105730000000000000000000000000000000000069
:105740000000000000000000000000000000000059
:105750000000000000000000000000000000000049
:105760000000000000000000000000000000000039
:105770000000000000000000000000000000000029
:105780000000000000000000000000000000000019
:105790000000000000000000000000000000000009
:1057A00000000000000000000000000000000000F9
:1057B00000000000000000000000000000000000E9
:1057C00000000000000000000000000000000000D9
:1057D00000000000000000000000000000000000C9
:1057E00000000000000000000000000000000000B9
:1057F00000000000000000000000000000000000A9
:105800000000000000000000000000000000000098
:105810000000000000000000000000000000000088
:105820000000000000000000000000000000000078
:105830000000000000000000000000000000000068
:105840000000000000000000000000000000000058
:105850000000000000000000000000000000000048
:105860000000000000000000000000000000000038
:105870000000000000000000000000000000000028
:105880000000000000000000000000000000000018
:105890000000000000000000000000000000000008
:1058A00000000000000000000000000000000000F8
:1058B00000000000000000000000000000000000E8
:1058C00000000000000000000000000000000000D8
:1058D00000000000000000000000000000000000C8
:1058E00000000000000000000000000000000000B8
:1058F00000000000000000000000000000000000A8
:105900000000000000000000000000000000000097
:105910000000000000000000000000000000000087
:105920000000000000000000000000000000000077
:105930000000000000000000000000000000000067
:105940000000000000000000000000000000000057
:105950000000000000000000000000000000000047
:105960000000000000000000000000000000000037
:105970000000000000000000000000000000000027
:105980000000000000000000000000000000000017
:105990000000000000000000000000000000000007
:1059A00000000000000000000000000000000000F7
:1059B00000000000000000000000000000000000E7
:1059C00000000000000000000000000000000000D7
:1059D00000000000000000000000000000000000C7
:1059E00000000000000000000000000000000000B7
:1059F00000000000000000000000000000000000A7
:105A00000000000000000000000000000000000096
:105A10000000000000000000000000000000000086
:105A20000000000000000000000000000000000076
:105A30000000000000000000000000000000000066
:105A40000000000000000000000000000000000056
:105A50000000000000000000000000000000000046
:105A60000000000000000000000000000000000036
:105A70000000000000000000000000000000000026
:105A80000000000000000000000000000000000016
:105A90000000000000000000000000000000000006
:105AA00000000000000000000000000000000000F6
:105AB00000000000000000000000000000000000E6
:105AC00000000000000000000000000000000000D6
:105AD00000000000000000000000000000000000C6
:105AE00000000000000000000000000000000000B6
:105AF00000000000000000000000000000000000A6
:105B00000000000000000000000000000000000095
:105B10000000000000000000000000000000000085
:105B20000000000000000000000000000000000075
:105B30000000000000000000000000000000000065
:105B40000000000000000000000000000000000055
:105B50000000000000000000000000000000000045
:105B60000000000000000000000000000000000035
:105B70000000000000000000000000000000000025
:105B80000000000000000000000000000000000015
:105B90000000000000000000000000000000000005
:105BA00000000000000000000000000000000000F5
:105BB00000000000000000000000000000000000E5
:105BC00000000000000000000000000000000000D5
:105BD00000000000000000000000000000000000C5
:105BE00000000000000000000000000000000000B5
:105BF00000000000000000000000000000000000A5
:105C00000000000000000000000000000000000094
:105C10000000000000000000000000000000000084
:105C20000000000000000000000000000000000074
:105C30000000000000000000000000000000000064
:105C40000000000000000000000000000000000054
:105C50000000000000000000000000000000000044
:105C60000000000000000000000000000000000034
:105C70000000000000000000000000000000000024
:105C80000000000000000000000000000000000014
:105C90000000000000000000000000000000000004
:105CA00000000000000000000000000000000000F4
:105CB00000000000000000000000000000000000E4
:105CC00000000000000000000000000000000000D4
:105CD00000000000000000000000000000000000C4
:105CE00000000000000000000000000000000000B4
:105CF00000000000000000000000000000000000A4
:105D00000000000000000000000000000000000093
:105D10000000000000000000000000000000000083
:105D20000000000000000000000000000000000073
:105D30000000000000000000000000000000000063
:105D40000000000000000000000000000000000053
:105D50000000000000000000000000000000000043
:105D60000000000000000000000000000000000033
:105D70000000000000000000000000000000000023
:105D80000000000000000000000000000000000013
:105D90000000000000000000000000000000000003
:105DA00000000000000000000000000000000000F3
:105DB00000000000000000000000000000000000E3
:105DC00000000000000000000000000000000000D3
:105DD00000000000000000000000000000000000C3
:105DE00000000000000000000000000000000000B3
:105DF00000000000000000000000000000000000A3
:105E00000000000000000000000000000000000092
:105E10000000000000000000000000000000000082
:105E20000000000000000000000000000000000072
:105E30000000000000000000000000000000000062
:105E40000000000000000000000000000000000052
:105E50000000000000000000000000000000000042
:105E60000000000000000000000000000000000032
:105E70000000000000000000000000000000000022
:105E80000000000000000000000000000000000012
:105E90000000000000000000000000000000000002
:105EA00000000000000000000000000000000000F2
:105EB00000000000000000000000000000000000E2
:105EC00000000000000000000000000000000000D2
:105ED00000000000000000000000000000000000C2
:105EE00000000000000000000000000000000000B2
:105EF00000000000000000000000000000000000A2
:105F00000000000000000000000000000000000091
:105F10000000000000000000000000000000000081
:105F20000000000000000000000000000000000071
:105F30000000000000000000000000000000000061
:105F40000000000000000000000000000000000051
:105F50000000000000000000000000000000000041
:105F60000000000000000000000000000000000031
:105F70000000000000000000000000000000000021
:105F80000000000000000000000000000000000011
:105F90000000000000000000000000000000000001
:105FA00000000000000000000000000000000000F1
:105FB00000000000000000000000000000000000E1
:105FC00000000000000000000000000000000000D1
:105FD00000000000000000000000000000000000C1
:105FE00000000000000000000000000000000000B1
:105FF00000000000000000000000000000000000A1
:106000000000000000000000000000000000000090
:106010000000000000000000000000000000000080
:106020000000000000000000000000000000000070
:106030000000000000000000000000000000000060
:106040000000000000000000000000000000000050
:106050000000000000000000000000000000000040
:106060000000000000000000000000000000000030
:106070000000000000000000000000000000000020
:106080000000000000000000000000000000000010
:106090000000000000000000000000000000000000
:1060A00000000000000000000000000000000000F0
:1060B00000000000000000000000000000000000E0
:1060C00000000000000000000000000000000000D0
:1060D00000000000000000000000000000000000C0
:1060E00000000000000000000000000000000000B0
:1060F00000000000000000000000000000000000A0
:10610000000000000000000000000000000000008F
:10611000000000000000000000000000000000007F
:10612000000000000000000000000000000000006F
:10613000000000000000000000000000000000005F
:10614000000000000000000000000000000000004F
:10615000000000000000000000000000000000003F
:10616000000000000000000000000000000000002F
:10617000000000000000000000000000000000001F
:10618000000000000000000000000000000000000F
:1061900000000000000000000000000000000000FF
:1061A00000000000000000000000000000000000EF
:1061B00000000000000000000000000000000000DF
:1061C00000000000000000000000000000000000CF
:1061D00000000000000000000000000000000000BF
:1061E00000000000000000000000000000000000AF
:1061F000000000000000000000000000000000009F
:10620000000000000000000000000000000000008E
:10621000000000000000000000000000000000007E
:10622000000000000000000000000000000000006E
:10623000000000000000000000000000000000005E
:10624000000000000000000000000000000000004E
:10625000000000000000000000000000000000003E
:10626000000000000000000000000000000000002E
:10627000000000000000000000000000000000001E
:10628000000000000000000000000000000000000E
:1062900000000000000000000000000000000000FE
:1062A00000000000000000000000000000000000EE
:1062B00000000000000000000000000000000000DE
:1062C00000000000000000000000000000000000CE
:1062D00000000000000000000000000000000000BE
:1062E00000000000000000000000000000000000AE
:1062F000000000000000000000000000000000009E
:10630000000000000000000000000000000000008D
:10631000000000000000000000000000000000007D
:10632000000000000000000000000000000000006D
:10633000000000000000000000000000000000005D
:10634000000000000000000000000000000000004D
:10635000000000000000000000000000000000003D
:10636000000000000000000000000000000000002D
:10637000000000000000000000000000000000001D
:10638000000000000000000000000000000000000D
:1063900000000000000000000000000000000000FD
:1063A00000000000000000000000000000000000ED
:1063B00000000000000000000000000000000000DD
:1063C00000000000000000000000000000000000CD
:1063D00000000000000000000000000000000000BD
:1063E00000000000000000000000000000000000AD
:1063F000000000000000000000000000000000009D
:10640000000000000000000000000000000000008C
:10641000000000000000000000000000000000007C
:10642000000000000000000000000000000000006C
:10643000000000000000000000000000000000005C
:10644000000000000000000000000000000000004C
:10645000000000000000000000000000000000003C
:10646000000000000000000000000000000000002C
:10647000000000000000000000000000000000001C
:10648000000000000000000000000000000000000C
:1064900000000000000000000000000000000000FC
:1064A00000000000000000000000000000000000EC
:1064B00000000000000000000000000000000000DC
:1064C00000000000000000000000000000000000CC
:1064D00000000000000000000000000000000000BC
:1064E00000000000000000000000000000000000AC
:1064F000000000000000000000000000000000009C
:10650000000000000000000000000000000000008B
:10651000000000000000000000000000000000007B
:10652000000000000000000000000000000000006B
:10653000000000000000000000000000000000005B
:10654000000000000000000000000000000000004B
:10655000000000000000000000000000000000003B
:10656000000000000000000000000000000000002B
:10657000000000000000000000000000000000001B
:10658000000000000000000000000000000000000B
:1065900000000000000000000000000000000000FB
:1065A00000000000000000000000000000000000EB
:1065B00000000000000000000000000000000000DB
:1065C00000000000000000000000000000000000CB
:1065D00000000000000000000000000000000000BB
:1065E00000000000000000000000000000000000AB
:1065F000000000000000000000000000000000009B
:10660000000000000000000000000000000000008A
:10661000000000000000000000000000000000007A
:10662000000000000000000000000000000000006A
:10663000000000000000000000000000000000005A
:10664000000000000000000000000000000000004A
:10665000000000000000000000000000000000003A
:10666000000000000000000000000000000000002A
:10667000000000000000000000000000000000001A
:10668000000000000000000000000000000000000A
:1066900000000000000000000000000000000000FA
:1066A00000000000000000000000000000000000EA
:1066B00000000000000000000000000000000000DA
:1066C00000000000000000000000000000000000CA
:1066D00000000000000000000000000000000000BA
:1066E00000000000000000000000000000000000AA
:1066F000000000000000000000000000000000009A
:106700000000000000000000000000000000000089
:106710000000000000000000000000000000000079
:106720000000000000000000000000000000000069
:106730000000000000000000000000000000000059
:106740000000000000000000000000000000000049
:106750000000000000000000000000000000000039
:106760000000000000000000000000000000000029
:106770000000000000000000000000000000000019
:106780000000000000000000000000000000000009
:1067900000000000000000000000000000000000F9
:1067A00000000000000000000000000000000000E9
:1067B00000000000000000000000000000000000D9
:1067C00000000000000000000000000000000000C9
:1067D00000000000000000000000000000000000B9
:1067E00000000000000000000000000000000000A9
:1067F0000000000000000000000000000000000099
:106800000000000000000000000000000000000088
:106810000000000000000000000000000000000078
:106820000000000000000000000000000000000068
:106830000000000000000000000000000000000058
:106840000000000000000000000000000000000048
:106850000000000000000000000000000000000038
:106860000000000000000000000000000000000028
:106870000000000000000000000000000000000018
:106880000000000000000000000000000000000008
:1068900000000000000000000000000000000000F8
:1068A00000000000000000000000000000000000E8
:1068B00000000000000000000000000000000000D8
:1068C00000000000000000000000000000000000C8
:1068D00000000000000000000000000000000000B8
:1068E00000000000000000000000000000000000A8
:1068F0000000000000000000000000000000000098
:106900000000000000000000000000000000000087
:106910000000000000000000000000000000000077
:106920000000000000000000000000000000000067
:106930000000000000000000000000000000000057
:106940000000000000000000000000000000000047
:106950000000000000000000000000000000000037
:106960000000000000000000000000000000000027
:106970000000000000000000000000000000000017
:106980000000000000000000000000000000000007
:1069900000000000000000000000000000000000F7
:1069A00000000000000000000000000000000000E7
:1069B00000000000000000000000000000000000D7
:1069C00000000000000000000000000000000000C7
:1069D00000000000000000000000000000000000B7
:1069E00000000000000000000000000000000000A7
:1069F0000000000000000000000000000000000097
:106A00000000000000000000000000000000000086
:106A10000000000000000000000000000000000076
:106A20000000000000000000000000000000000066
:106A30000000000000000000000000000000000056
:106A40000000000000000000000000000000000046
:106A50000000000000000000000000000000000036
:106A60000000000000000000000000000000000026
:106A70000000000000000000000000000000000016
:106A80000000000000000000000000000000000006
:106A900000000000000000000000000000000000F6
:106AA00000000000000000000000000000000000E6
:106AB00000000000000000000000000000000000D6
:106AC00000000000000000000000000000000000C6
:106AD00000000000000000000000000000000000B6
:106AE00000000000000000000000000000000000A6
:106AF0000000000000000000000000000000000096
:106B00000000000000000000000000000000000085
:106B10000000000000000000000000000000000075
:106B20000000000000000000000000000000000065
:106B30000000000000000000000000000000000055
:106B40000000000000000000000000000000000045
:106B50000000000000000000000000000000000035
:106B60000000000000000000000000000000000025
:106B70000000000000000000000000000000000015
:106B80000000000000000000000000000000000005
:106B900000000000000000000000000000000000F5
:106BA00000000000000000000000000000000000E5
:106BB00000000000000000000000000000000000D5
:106BC00000000000000000000000000000000000C5
:106BD00000000000000000000000000000000000B5
:106BE00000000000000000000000000000000000A5
:106BF0000000000000000000000000000000000095
:106C00000000000000000000000000000000000084
:106C10000000000000000000000000000000000074
:106C20000000000000000000000000000000000064
:106C30000000000000000000000000000000000054
:106C40000000000000000000000000000000000044
:106C50000000000000000000000000000000000034
:106C60000000000000000000000000000000000024
:106C70000000000000000000000000000000000014
:106C80000000000000000000000000000000000004
:106C900000000000000000000000000000000000F4
:106CA00000000000000000000000000000000000E4
:106CB00000000000000000000000000000000000D4
:106CC00000000000000000000000000000000000C4
:106CD00000000000000000000000000000000000B4
:106CE00000000000000000000000000000000000A4
:106CF0000000000000000000000000000000000094
:106D00000000000000000000000000000000000083
:106D10000000000000000000000000000000000073
:106D20000000000000000000000000000000000063
:106D30000000000000000000000000000000000053
:106D40000000000000000000000000000000000043
:106D50000000000000000000000000000000000033
:106D60000000000000000000000000000000000023
:106D70000000000000000000000000000000000013
:106D80000000000000000000000000000000000003
:106D900000000000000000000000000000000000F3
:106DA00000000000000000000000000000000000E3
:106DB00000000000000000000000000000000000D3
:106DC00000000000000000000000000000000000C3
:106DD00000000000000000000000000000000000B3
:106DE00000000000000000000000000000000000A3
:106DF0000000000000000000000000000000000093
:106E00000000000000000000000000000000000082
:106E10000000000000000000000000000000000072
:106E20000000000000000000000000000000000062
:106E30000000000000000000000000000000000052
:106E40000000000000000000000000000000000042
:106E50000000000000000000000000000000000032
:106E60000000000000000000000000000000000022
:106E70000000000000000000000000000000000012
:106E80000000000000000000000000000000000002
:106E900000000000000000000000000000000000F2
:106EA00000000000000000000000000000000000E2
:106EB00000000000000000000000000000000000D2
:106EC00000000000000000000000000000000000C2
:106ED00000000000000000000000000000000000B2
:106EE00000000000000000000000000000000000A2
:106EF0000000000000000000000000000000000092
:106F00000000000000000000000000000000000081
:106F10000000000000000000000000000000000071
:106F20000000000000000000000000000000000061
:106F30000000000000000000000000000000000051
:106F40000000000000000000000000000000000041
:106F50000000000000000000000000000000000031
:106F60000000000000000000000000000000000021
:106F70000000000000000000000000000000000011
:106F80000000000000000000000000000000000001
:106F900000000000000000000000000000000000F1
:106FA00000000000000000000000000000000000E1
:106FB00000000000000000000000000000000000D1
:106FC00000000000000000000000000000000000C1
:106FD00000000000000000000000000000000000B1
:106FE00000000000000000000000000000000000A1
:106FF0000000000000000000000000000000000091
:107000000000000000000000000000000000000080
:107010000000000000000000000000000000000070
:107020000000000000000000000000000000000060
:107030000000000000000000000000000000000050
:107040000000000000000000000000000000000040
:107050000000000000000000000000000000000030
:107060000000000000000000000000000000000020
:107070000000000000000000000000000000000010
:107080000000000000000000000000000000000000
:1070900000000000000000000000000000000000F0
:1070A00000000000000000000000000000000000E0
:1070B00000000000000000000000000000000000D0
:1070C00000000000000000000000000000000000C0
:1070D00000000000000000000000000000000000B0
:1070E00000000000000000000000000000000000A0
:1070F0000000000000000000000000000000000090
:10710000000000000000000000000000000000007F
:10711000000000000000000000000000000000006F
:10712000000000000000000000000000000000005F
:10713000000000000000000000000000000000004F
:10714000000000000000000000000000000000003F
:10715000000000000000000000000000000000002F
:10716000000000000000000000000000000000001F
:10717000000000000000000000000000000000000F
:1071800000000000000000000000000000000000FF
:1071900000000000000000000000000000000000EF
:1071A00000000000000000000000000000000000DF
:1071B00000000000000000000000000000000000CF
:1071C00000000000000000000000000000000000BF
:1071D00000000000000000000000000000000000AF
:1071E000000000000000000000000000000000009F
:1071F000000000000000000000000000000000008F
:10720000000000000000000000000000000000007E
:10721000000000000000000000000000000000006E
:10722000000000000000000000000000000000005E
:10723000000000000000000000000000000000004E
:10724000000000000000000000000000000000003E
:10725000000000000000000000000000000000002E
:10726000000000000000000000000000000000001E
:10727000000000000000000000000000000000000E
:1072800000000000000000000000000000000000FE
:1072900000000000000000000000000000000000EE
:1072A00000000000000000000000000000000000DE
:1072B00000000000000000000000000000000000CE
:1072C00000000000000000000000000000000000BE
:1072D00000000000000000000000000000000000AE
:1072E000000000000000000000000000000000009E
:1072F000000000000000000000000000000000008E
:10730000000000000000000000000000000000007D
:10731000000000000000000000000000000000006D
:10732000000000000000000000000000000000005D
:10733000000000000000000000000000000000004D
:10734000000000000000000000000000000000003D
:10735000000000000000000000000000000000002D
:10736000000000000000000000000000000000001D
:10737000000000000000000000000000000000000D
:1073800000000000000000000000000000000000FD
:1073900000000000000000000000000000000000ED
:1073A00000000000000000000000000000000000DD
:1073B00000000000000000000000000000000000CD
:1073C00000000000000000000000000000000000BD
:1073D00000000000000000000000000000000000AD
:1073E000000000000000000000000000000000009D
:1073F000000000000000000000000000000000008D
:10740000000000000000000000000000000000007C
:10741000000000000000000000000000000000006C
:10742000000000000000000000000000000000005C
:10743000000000000000000000000000000000004C
:10744000000000000000000000000000000000003C
:10745000000000000000000000000000000000002C
:10746000000000000000000000000000000000001C
:10747000000000000000000000000000000000000C
:1074800000000000000000000000000000000000FC
:1074900000000000000000000000000000000000EC
:1074A00000000000000000000000000000000000DC
:1074B00000000000000000000000000000000000CC
:1074C00000000000000000000000000000000000BC
:1074D00000000000000000000000000000000000AC
:1074E000000000000000000000000000000000009C
:1074F000000000000000000000000000000000008C
:10750000000000000000000000000000000000007B
:10751000000000000000000000000000000000006B
:10752000000000000000000000000000000000005B
:10753000000000000000000000000000000000004B
:10754000000000000000000000000000000000003B
:10755000000000000000000000000000000000002B
:10756000000000000000000000000000000000001B
:10757000000000000000000000000000000000000B
:1075800000000000000000000000000000000000FB
:1075900000000000000000000000000000000000EB
:1075A00000000000000000000000000000000000DB
:1075B00000000000000000000000000000000000CB
:1075C00000000000000000000000000000000000BB
:1075D00000000000000000000000000000000000AB
:1075E000000000000000000000000000000000009B
:1075F000000000000000000000000000000000008B
:10760000000000000000000000000000000000007A
:10761000000000000000000000000000000000006A
:10762000000000000000000000000000000000005A
:10763000000000000000000000000000000000004A
:10764000000000000000000000000000000000003A
:10765000000000000000000000000000000000002A
:10766000000000000000000000000000000000001A
:10767000000000000000000000000000000000000A
:1076800000000000000000000000000000000000FA
:1076900000000000000000000000000000000000EA
:1076A00000000000000000000000000000000000DA
:1076B00000000000000000000000000000000000CA
:1076C00000000000000000000000000000000000BA
:1076D00000000000000000000000000000000000AA
:1076E000000000000000000000000000000000009A
:1076F000000000000000000000000000000000008A
:107700000000000000000000000000000000000079
:107710000000000000000000000000000000000069
:107720000000000000000000000000000000000059
:107730000000000000000000000000000000000049
:107740000000000000000000000000000000000039
:107750000000000000000000000000000000000029
:107760000000000000000000000000000000000019
:107770000000000000000000000000000000000009
:1077800000000000000000000000000000000000F9
:1077900000000000000000000000000000000000E9
:1077A00000000000000000000000000000000000D9
:1077B00000000000000000000000000000000000C9
:1077C00000000000000000000000000000000000B9
:1077D00000000000000000000000000000000000A9
:1077E0000000000000000000000000000000000099
:1077F0000000000000000000000000000000000089
:107800000000000000000000000000000000000078
:107810000000000000000000000000000000000068
:107820000000000000000000000000000000000058
:107830000000000000000000000000000000000048
:107840000000000000000000000000000000000038
:107850000000000000000000000000000000000028
:107860000000000000000000000000000000000018
:107870000000000000000000000000000000000008
:1078800000000000000000000000000000000000F8
:1078900000000000000000000000000000000000E8
:1078A00000000000000000000000000000000000D8
:1078B00000000000000000000000000000000000C8
:1078C00000000000000000000000000000000000B8
:1078D00000000000000000000000000000000000A8
:1078E0000000000000000000000000000000000098
:1078F0000000000000000000000000000000000088
:107900000000000000000000000000000000000077
:107910000000000000000000000000000000000067
:107920000000000000000000000000000000000057
:107930000000000000000000000000000000000047
:107940000000000000000000000000000000000037
:107950000000000000000000000000000000000027
:107960000000000000000000000000000000000017
:107970000000000000000000000000000000000007
:1079800000000000000000000000000000000000F7
:1079900000000000000000000000000000000000E7
:1079A00000000000000000000000000000000000D7
:1079B00000000000000000000000000000000000C7
:1079C00000000000000000000000000000000000B7
:1079D00000000000000000000000000000000000A7
:1079E0000000000000000000000000000000000097
:1079F0000000000000000000000000000000000087
:107A00000000000000000000000000000000000076
:107A10000000000000000000000000000000000066
:107A20000000000000000000000000000000000056
:107A30000000000000000000000000000000000046
:107A40000000000000000000000000000000000036
:107A50000000000000000000000000000000000026
:107A60000000000000000000000000000000000016
:107A70000000000000000000000000000000000006
:107A800000000000000000000000000000000000F6
:107A900000000000000000000000000000000000E6
:107AA00000000000000000000000000000000000D6
:107AB00000000000000000000000000000000000C6
:107AC00000000000000000000000000000000000B6
:107AD00000000000000000000000000000000000A6
:107AE0000000000000000000000000000000000096
:107AF0000000000000000000000000000000000086
:107B00000000000000000000000000000000000075
:107B10000000000000000000000000000000000065
:107B20000000000000000000000000000000000055
:107B30000000000000000000000000000000000045
:107B40000000000000000000000000000000000035
:107B50000000000000000000000000000000000025
:107B60000000000000000000000000000000000015
:107B70000000000000000000000000000000000005
:107B800000000000000000000000000000000000F5
:107B900000000000000000000000000000000000E5
:107BA00000000000000000000000000000000000D5
:107BB00000000000000000000000000000000000C5
:107BC00000000000000000000000000000000000B5
:107BD00000000000000000000000000000000000A5
:107BE0000000000000000000000000000000000095
:107BF0000000000000000000000000000000000085
:107C00000000000000000000000000000000000074
:107C10000000000000000000000000000000000064
:107C20000000000000000000000000000000000054
:107C30000000000000000000000000000000000044
:107C40000000000000000000000000000000000034
:107C50000000000000000000000000000000000024
:107C60000000000000000000000000000000000014
:107C70000000000000000000000000000000000004
:107C800000000000000000000000000000000000F4
:107C900000000000000000000000000000000000E4
:107CA00000000000000000000000000000000000D4
:107CB00000000000000000000000000000000000C4
:107CC00000000000000000000000000000000000B4
:107CD00000000000000000000000000000000000A4
:107CE0000000000000000000000000000000000094
:107CF0000000000000000000000000000000000084
:107D00000000000000000000000000000000000073
:107D10000000000000000000000000000000000063
:107D20000000000000000000000000000000000053
:107D30000000000000000000000000000000000043
:107D40000000000000000000000000000000000033
:107D50000000000000000000000000000000000023
:107D60000000000000000000000000000000000013
:107D70000000000000000000000000000000000003
:107D800000000000000000000000000000000000F3
:107D900000000000000000000000000000000000E3
:107DA00000000000000000000000000000000000D3
:107DB00000000000000000000000000000000000C3
:107DC00000000000000000000000000000000000B3
:107DD00000000000000000000000000000000000A3
:107DE0000000000000000000000000000000000093
:107DF0000000000000000000000000000000000083
:107E00000000000000000000000000000000000072
:107E10000000000000000000000000000000000062
:107E20000000000000000000000000000000000052
:107E30000000000000000000000000000000000042
:107E40000000000000000000000000000000000032
:107E50000000000000000000000000000000000022
:107E60000000000000000000000000000000000012
:107E70000000000000000000000000000000000002
:107E800000000000000000000000000000000000F2
:107E900000000000000000000000000000000000E2
:107EA00000000000000000000000000000000000D2
:107EB00000000000000000000000000000000000C2
:107EC00000000000000000000000000000000000B2
:107ED00000000000000000000000000000000000A2
:107EE0000000000000000000000000000000000092
:107EF0000000000000000000000000000000000082
:107F00000000000000000000000000000000000071
:107F10000000000000000000000000000000000061
:107F20000000000000000000000000000000000051
:107F30000000000000000000000000000000000041
:107F40000000000000000000000000000000000031
:107F50000000000000000000000000000000000021
:107F60000000000000000000000000000000000011
:107F70000000000000000000000000000000000001
:107F800000000000000000000000000000000000F1
:107F900000000000000000000000000000000000E1
:107FA00000000000000000000000000000000000D1
:107FB00000000000000000000000000000000000C1
:107FC00000000000000000000000000000000000B1
:107FD00000000000000000000000000000000000A1
:107FE0000000000000000000000000000000000091
:107FF0000000000000000000000000000000000081
:108000000000000000000000000000000000000070
:108010000000000000000000000000000000000060
:108020000000000000000000000000000000000050
:108030000000000000000000000000000000000040
:108040000000000000000000000000000000000030
:108050000000000000000000000000000000000020
:108060000000000000000000000000000000000010
:108070000000000000000000000000000000000000
:1080800000000000000000000000000000000000F0
:1080900000000000000000000000000000000000E0
:1080A00000000000000000000000000000000000D0
:1080B00000000000000000000000000000000000C0
:1080C00000000000000000000000000000000000B0
:1080D00000000000000000000000000000000000A0
:1080E0000000000000000000000000000000000090
:1080F0000000000000000000000000000000000080
:10810000000000000000000000000000000000006F
:10811000000000000000000000000000000000005F
:10812000000000000000000000000000000000004F
:10813000000000000000000000000000000000003F
:10814000000000000000000000000000000000002F
:10815000000000000000000000000000000000001F
:10816000000000000000000000000000000000000F
:1081700000000000000000000000000000000000FF
:1081800000000000000000000000000000000000EF
:1081900000000000000000000000000000000000DF
:1081A00000000000000000000000000000000000CF
:1081B00000000000000000000000000000000000BF
:1081C00000000000000000000000000000000000AF
:1081D000000000000000000000000000000000009F
:1081E000000000000000000000000000000000008F
:1081F000000000000000000000000000000000007F
:10820000000000000000000000000000000000006E
:10821000000000000000000000000000000000005E
:10822000000000000000000000000000000000004E
:10823000000000000000000000000000000000003E
:10824000000000000000000000000000000000002E
:10825000000000000000000000000000000000001E
:10826000000000000000000000000000000000000E
:1082700000000000000000000000000000000000FE
:1082800000000000000000000000000000000000EE
:1082900000000000000000000000000000000000DE
:1082A00000000000000000000000000000000000CE
:1082B00000000000000000000000000000000000BE
:1082C00000000000000000000000000000000000AE
:1082D000000000000000000000000000000000009E
:1082E000000000000000000000000000000000008E
:1082F000000000000000000000000000000000007E
:10830000000000000000000000000000000000006D
:10831000000000000000000000000000000000005D
:10832000000000000000000000000000000000004D
:10833000000000000000000000000000000000003D
:10834000000000000000000000000000000000002D
:10835000000000000000000000000000000000001D
:10836000000000000000000000000000000000000D
:1083700000000000000000000000000000000000FD
:1083800000000000000000000000000000000000ED
:1083900000000000000000000000000000000000DD
:1083A00000000000000000000000000000000000CD
:1083B00000000000000000000000000000000000BD
:1083C00000000000000000000000000000000000AD
:1083D000000000000000000000000000000000009D
:1083E000000000000000000000000000000000008D
:1083F000000000000000000000000000000000007D
:10840000000000000000000000000000000000006C
:10841000000000000000000000000000000000005C
:10842000000000000000000000000000000000004C
:10843000000000000000000000000000000000003C
:10844000000000000000000000000000000000002C
:10845000000000000000000000000000000000001C
:10846000000000000000000000000000000000000C
:1084700000000000000000000000000000000000FC
:1084800000000000000000000000000000000000EC
:1084900000000000000000000000000000000000DC
:1084A00000000000000000000000000000000000CC
:1084B00000000000000000000000000000000000BC
:1084C00000000000000000000000000000000000AC
:1084D000000000000000000000000000000000009C
:1084E000000000000000000000000000000000008C
:1084F000000000000000000000000000000000007C
:10850000000000000000000000000000000000006B
:10851000000000000000000000000000000000005B
:10852000000000000000000000000000000000004B
:10853000000000000000000000000000000000003B
:10854000000000000000000000000000000000002B
:10855000000000000000000000000000000000001B
:10856000000000000000000000000000000000000B
:1085700000000000000000000000000000000000FB
:1085800000000000000000000000000000000000EB
:1085900000000000000000000000000000000000DB
:1085A00000000000000000000000000000000000CB
:1085B00000000000000000000000000000000000BB
:1085C00000000000000000000000000000000000AB
:1085D000000000000000000000000000000000009B
:1085E000000000000000000000000000000000008B
:1085F000000000000000000000000000000000007B
:10860000000000000000000000000000000000006A
:10861000000000000000000000000000000000005A
:10862000000000000000000000000000000000004A
:10863000000000000000000000000000000000003A
:10864000000000000000000000000000000000002A
:10865000000000000000000000000000000000001A
:10866000000000000000000000000000000000000A
:1086700000000000000000000000000000000000FA
:1086800000000000000000000000000000000000EA
:1086900000000000000000000000000000000000DA
:1086A00000000000000000000000000000000000CA
:1086B00000000000000000000000000000000000BA
:1086C00000000000000000000000000000000000AA
:1086D000000000000000000000000000000000009A
:1086E000000000000000000000000000000000008A
:1086F000000000000000000000000000000000007A
:108700000000000000000000000000000000000069
:108710000000000000000000000000000000000059
:108720000000000000000000000000000000000049
:108730000000000000000000000000000000000039
:108740000000000000000000000000000000000029
:108750000000000000000000000000000000000019
:108760000000000000000000000000000000000009
:1087700000000000000000000000000000000000F9
:1087800000000000000000000000000000000000E9
:1087900000000000000000000000000000000000D9
:1087A00000000000000000000000000000000000C9
:1087B00000000000000000000000000000000000B9
:1087C00000000000000000000000000000000000A9
:1087D0000000000000000000000000000000000099
:1087E0000000000000000000000000000000000089
:1087F0000000000000000000000000000000000079
:108800000000000000000000000000000000000068
:108810000000000000000000000000000000000058
:108820000000000000000000000000000000000048
:108830000000000000000000000000000000000038
:108840000000000000000000000000000000000028
:108850000000000000000000000000000000000018
:108860000000000000000000000000000000000008
:1088700000000000000000000000000000000000F8
:1088800000000000000000000000000000000000E8
:1088900000000000000000000000000000000000D8
:1088A00000000000000000000000000000000000C8
:1088B00000000000000000000000000000000000B8
:1088C00000000000000000000000000000000000A8
:1088D0000000000000000000000000000000000098
:1088E0000000000000000000000000000000000088
:1088F0000000000000000000000000000000000078
:108900000000000000000000000000000000000067
:108910000000000000000000000000000000000057
:108920000000000000000000000000000000000047
:108930000000000000000000000000000000000037
:108940000000000000000000000000000000000027
:108950000000000000000000000000000000000017
:108960000000000000000000000000000000000007
:1089700000000000000000000000000000000000F7
:1089800000000000000000000000000000000000E7
:1089900000000000000000000000000000000000D7
:1089A00000000000000000000000000000000000C7
:1089B00000000000000000000000000000000000B7
:1089C00000000000000000000000000000000000A7
:1089D0000000000000000000000000000000000097
:1089E0000000000000000000000000000000000087
:1089F0000000000000000000000000000000000077
:108A00000000000000000000000000000000000066
:108A10000000000000000000000000000000000056
:108A20000000000000000000000000000000000046
:108A30000000000000000000000000000000000036
:108A40000000000000000000000000000000000026
:108A50000000000000000000000000000000000016
:108A60000000000000000000000000000000000006
:108A700000000000000000000000000000000000F6
:108A800000000000000000000000000000000000E6
:108A900000000000000000000000000000000000D6
:108AA00000000000000000000000000000000000C6
:108AB00000000000000000000000000000000000B6
:108AC00000000000000000000000000000000000A6
:108AD0000000000000000000000000000000000096
:108AE0000000000000000000000000000000000086
:108AF0000000000000000000000000000000000076
:108B00000000000000000000000000000000000065
:108B10000000000000000000000000000000000055
:108B20000000000000000000000000000000000045
:108B30000000000000000000000000000000000035
:108B40000000000000000000000000000000000025
:108B50000000000000000000000000000000000015
:108B60000000000000000000000000000000000005
:108B700000000000000000000000000000000000F5
:108B800000000000000000000000000000000000E5
:108B900000000000000000000000000000000000D5
:108BA00000000000000000000000000000000000C5
:108BB00000000000000000000000000000000000B5
:108BC00000000000000000000000000000000000A5
:108BD0000000000000000000000000000000000095
:108BE0000000000000000000000000000000000085
:108BF0000000000000000000000000000000000075
:108C00000000000000000000000000000000000064
:108C10000000000000000000000000000000000054
:108C20000000000000000000000000000000000044
:108C30000000000000000000000000000000000034
:108C40000000000000000000000000000000000024
:108C50000000000000000000000000000000000014
:108C60000000000000000000000000000000000004
:108C700000000000000000000000000000000000F4
:108C800000000000000000000000000000000000E4
:108C900000000000000000000000000000000000D4
:108CA00000000000000000000000000000000000C4
:108CB00000000000000000000000000000000000B4
:108CC00000000000000000000000000000000000A4
:108CD0000000000000000000000000000000000094
:108CE0000000000000000000000000000000000084
:108CF0000000000000000000000000000000000074
:108D00000000000000000000000000000000000063
:108D10000000000000000000000000000000000053
:108D20000000000000000000000000000000000043
:108D30000000000000000000000000000000000033
:108D40000000000000000000000000000000000023
:108D50000000000000000000000000000000000013
:108D60000000000000000000000000000000000003
:108D700000000000000000000000000000000000F3
:108D800000000000000000000000000000000000E3
:108D900000000000000000000000000000000000D3
:108DA00000000000000000000000000000000000C3
:108DB00000000000000000000000000000000000B3
:108DC00000000000000000000000000000000000A3
:108DD0000000000000000000000000000000000093
:108DE0000000000000000000000000000000000083
:108DF0000000000000000000000000000000000073
:108E00000000000000000000000000000000000062
:108E10000000000000000000000000000000000052
:108E20000000000000000000000000000000000042
:108E30000000000000000000000000000000000032
:108E40000000000000000000000000000000000022
:108E50000000000000000000000000000000000012
:108E60000000000000000000000000000000000002
:108E700000000000000000000000000000000000F2
:108E800000000000000000000000000000000000E2
:108E900000000000000000000000000000000000D2
:108EA00000000000000000000000000000000000C2
:108EB00000000000000000000000000000000000B2
:108EC00000000000000000000000000000000000A2
:108ED0000000000000000000000000000000000092
:108EE0000000000000000000000000000000000082
:108EF0000000000000000000000000000000000072
:108F00000000000000000000000000000000000061
:108F10000000000000000000000000000000000051
:108F20000000000000000000000000000000000041
:108F30000000000000000000000000000000000031
:108F40000000000000000000000000000000000021
:108F50000000000000000000000000000000000011
:108F60000000000000000000000000000000000001
:108F700000000000000000000000000000000000F1
:108F800000000000000000000000000000000000E1
:108F900000000000000000000000000000000000D1
:108FA00000000000000000000000000000000000C1
:108FB00000000000000000000000000000000000B1
:108FC00000000000000000000000000000000000A1
:108FD0000000000000000000000000000000000091
:108FE0000000000000000000000000000000000081
:108FF0000000000000000000000000000000000071
:109000000000000000000000000000000000000060
:109010000000000000000000000000000000000050
:109020000000000000000000000000000000000040
:109030000000000000000000000000000000000030
:109040000000000000000000000000000000000020
:109050000000000000000000000000000000000010
:109060000000000000000000000000000000000000
:1090700000000000000000000000000000000000F0
:1090800000000000000000000000000000000000E0
:1090900000000000000000000000000000000000D0
:1090A00000000000000000000000000000000000C0
:1090B00000000000000000000000000000000000B0
:1090C00000000000000000000000000000000000A0
:1090D0000000000000000000000000000000000090
:1090E0000000000000000000000000000000000080
:1090F0000000000000000000000000000000000070
:10910000000000000000000000000000000000005F
:10911000000000000000000000000000000000004F
:10912000000000000000000000000000000000003F
:10913000000000000000000000000000000000002F
:10914000000000000000000000000000000000001F
:10915000000000000000000000000000000000000F
:1091600000000000000000000000000000000000FF
:1091700000000000000000000000000000000000EF
:1091800000000000000000000000000000000000DF
:1091900000000000000000000000000000000000CF
:1091A00000000000000000000000000000000000BF
:1091B00000000000000000000000000000000000AF
:1091C000000000000000000000000000000000009F
:1091D000000000000000000000000000000000008F
:1091E000000000000000000000000000000000007F
:1091F000000000000000000000000000000000006F
:10920000000000000000000000000000000000005E
:10921000000000000000000000000000000000004E
:10922000000000000000000000000000000000003E
:10923000000000000000000000000000000000002E
:10924000000000000000000000000000000000001E
:10925000000000000000000000000000000000000E
:1092600000000000000000000000000000000000FE
:1092700000000000000000000000000000000000EE
:1092800000000000000000000000000000000000DE
:1092900000000000000000000000000000000000CE
:1092A00000000000000000000000000000000000BE
:1092B00000000000000000000000000000000000AE
:1092C000000000000000000000000000000000009E
:1092D000000000000000000000000000000000008E
:1092E000000000000000000000000000000000007E
:1092F000000000000000000000000000000000006E
:10930000000000000000000000000000000000005D
:10931000000000000000000000000000000000004D
:10932000000000000000000000000000000000003D
:10933000000000000000000000000000000000002D
:10934000000000000000000000000000000000001D
:10935000000000000000000000000000000000000D
:1093600000000000000000000000000000000000FD
:1093700000000000000000000000000000000000ED
:1093800000000000000000000000000000000000DD
:1093900000000000000000000000000000000000CD
:1093A00000000000000000000000000000000000BD
:1093B00000000000000000000000000000000000AD
:1093C000000000000000000000000000000000009D
:1093D000000000000000000000000000000000008D
:1093E000000000000000000000000000000000007D
:1093F000000000000000000000000000000000006D
:10940000000000000000000000000000000000005C
:10941000000000000000000000000000000000004C
:10942000000000000000000000000000000000003C
:10943000000000000000000000000000000000002C
:10944000000000000000000000000000000000001C
:10945000000000000000000000000000000000000C
:1094600000000000000000000000000000000000FC
:1094700000000000000000000000000000000000EC
:1094800000000000000000000000000000000000DC
:1094900000000000000000000000000000000000CC
:1094A00000000000000000000000000000000000BC
:1094B00000000000000000000000000000000000AC
:1094C000000000000000000000000000000000009C
:1094D000000000000000000000000000000000008C
:1094E000000000000000000000000000000000007C
:1094F000000000000000000000000000000000006C
:10950000000000000000000000000000000000005B
:10951000000000000000000000000000000000004B
:10952000000000000000000000000000000000003B
:10953000000000000000000000000000000000002B
:10954000000000000000000000000000000000001B
:10955000000000000000000000000000000000000B
:1095600000000000000000000000000000000000FB
:1095700000000000000000000000000000000000EB
:1095800000000000000000000000000000000000DB
:1095900000000000000000000000000000000000CB
:1095A00000000000000000000000000000000000BB
:1095B00000000000000000000000000000000000AB
:1095C000000000000000000000000000000000009B
:1095D000000000000000000000000000000000008B
:1095E000000000000000000000000000000000007B
:1095F000000000000000000000000000000000006B
:10960000000000000000000000000000000000005A
:10961000000000000000000000000000000000004A
:10962000000000000000000000000000000000003A
:10963000000000000000000000000000000000002A
:10964000000000000000000000000000000000001A
:10965000000000000000000000000000000000000A
:1096600000000000000000000000000000000000FA
:1096700000000000000000000000000000000000EA
:1096800000000000000000000000000000000000DA
:1096900000000000000000000000000000000000CA
:1096A00000000000000000000000000000000000BA
:1096B00000000000000000000000000000000000AA
:1096C000000000000000000000000000000000009A
:1096D000000000000000000000000000000000008A
:1096E000000000000000000000000000000000007A
:1096F000000000000000000000000000000000006A
:109700000000000000000000000000000000000059
:109710000000000000000000000000000000000049
:109720000000000000000000000000000000000039
:109730000000000000000000000000000000000029
:109740000000000000000000000000000000000019
:109750000000000000000000000000000000000009
:1097600000000000000000000000000000000000F9
:1097700000000000000000000000000000000000E9
:1097800000000000000000000000000000000000D9
:1097900000000000000000000000000000000000C9
:1097A00000000000000000000000000000000000B9
:1097B00000000000000000000000000000000000A9
:1097C0000000000000000000000000000000000099
:1097D0000000000000000000000000000000000089
:1097E0000000000000000000000000000000000079
:1097F0000000000000000000000000000000000069
:109800000000000000000000000000000000000058
:109810000000000000000000000000000000000048
:109820000000000000000000000000000000000038
:109830000000000000000000000000000000000028
:109840000000000000000000000000000000000018
:109850000000000000000000000000000000000008
:1098600000000000000000000000000000000000F8
:1098700000000000000000000000000000000000E8
:1098800000000000000000000000000000000000D8
:1098900000000000000000000000000000000000C8
:1098A00000000000000000000000000000000000B8
:1098B00000000000000000000000000000000000A8
:1098C0000000000000000000000000000000000098
:1098D0000000000000000000000000000000000088
:1098E0000000000000000000000000000000000078
:1098F0000000000000000000000000000000000068
:109900000000000000000000000000000000000057
:109910000000000000000000000000000000000047
:109920000000000000000000000000000000000037
:109930000000000000000000000000000000000027
:109940000000000000000000000000000000000017
:109950000000000000000000000000000000000007
:1099600000000000000000000000000000000000F7
:1099700000000000000000000000000000000000E7
:1099800000000000000000000000000000000000D7
:1099900000000000000000000000000000000000C7
:1099A00000000000000000000000000000000000B7
:1099B00000000000000000000000000000000000A7
:1099C0000000000000000000000000000000000097
:1099D0000000000000000000000000000000000087
:1099E0000000000000000000000000000000000077
:1099F0000000000000000000000000000000000067
:109A00000000000000000000000000000000000056
:109A10000000000000000000000000000000000046
:109A20000000000000000000000000000000000036
:109A30000000000000000000000000000000000026
:109A40000000000000000000000000000000000016
:109A50000000000000000000000000000000000006
:109A600000000000000000000000000000000000F6
:109A700000000000000000000000000000000000E6
:109A800000000000000000000000000000000000D6
:109A900000000000000000000000000000000000C6
:109AA00000000000000000000000000000000000B6
:109AB00000000000000000000000000000000000A6
:109AC0000000000000000000000000000000000096
:109AD0000000000000000000000000000000000086
:109AE0000000000000000000000000000000000076
:109AF0000000000000000000000000000000000066
:109B00000000000000000000000000000000000055
:109B10000000000000000000000000000000000045
:109B20000000000000000000000000000000000035
:109B30000000000000000000000000000000000025
:109B40000000000000000000000000000000000015
:109B50000000000000000000000000000000000005
:109B600000000000000000000000000000000000F5
:109B700000000000000000000000000000000000E5
:109B800000000000000000000000000000000000D5
:109B900000000000000000000000000000000000C5
:109BA00000000000000000000000000000000000B5
:109BB00000000000000000000000000000000000A5
:109BC0000000000000000000000000000000000095
:109BD0000000000000000000000000000000000085
:109BE0000000000000000000000000000000000075
:109BF0000000000000000000000000000000000065
:109C00000000000000000000000000000000000054
:109C10000000000000000000000000000000000044
:109C20000000000000000000000000000000000034
:109C30000000000000000000000000000000000024
:109C40000000000000000000000000000000000014
:109C50000000000000000000000000000000000004
:109C600000000000000000000000000000000000F4
:109C700000000000000000000000000000000000E4
:109C800000000000000000000000000000000000D4
:109C900000000000000000000000000000000000C4
:109CA00000000000000000000000000000000000B4
:109CB00000000000000000000000000000000000A4
:109CC0000000000000000000000000000000000094
:109CD0000000000000000000000000000000000084
:109CE0000000000000000000000000000000000074
:109CF0000000000000000000000000000000000064
:109D00000000000000000000000000000000000053
:109D10000000000000000000000000000000000043
:109D20000000000000000000000000000000000033
:109D30000000000000000000000000000000000023
:109D40000000000000000000000000000000000013
:109D50000000000000000000000000000000000003
:109D600000000000000000000000000000000000F3
:109D700000000000000000000000000000000000E3
:109D800000000000000000000000000000000000D3
:109D900000000000000000000000000000000000C3
:109DA00000000000000000000000000000000000B3
:109DB00000000000000000000000000000000000A3
:109DC0000000000000000000000000000000000093
:109DD0000000000000000000000000000000000083
:109DE0000000000000000000000000000000000073
:109DF0000000000000000000000000000000000063
:109E00000000000000000000000000000000000052
:109E10000000000000000000000000000000000042
:109E20000000000000000000000000000000000032
:109E30000000000000000000000000000000000022
:109E40000000000000000000000000000000000012
:109E50000000000000000000000000000000000002
:109E600000000000000000000000000000000000F2
:109E700000000000000000000000000000000000E2
:109E800000000000000000000000000000000000D2
:109E900000000000000000000000000000000000C2
:109EA00000000000000000000000000000000000B2
:109EB00000000000000000000000000000000000A2
:109EC0000000000000000000000000000000000092
:109ED0000000000000000000000000000000000082
:109EE0000000000000000000000000000000000072
:109EF0000000000000000000000000000000000062
:109F00000000000000000000000000000000000051
:109F10000000000000000000000000000000000041
:109F20000000000000000000000000000000000031
:109F30000000000000000000000000000000000021
:109F40000000000000000000000000000000000011
:109F50000000000000000000000000000000000001
:109F600000000000000000000000000000000000F1
:109F700000000000000000000000000000000000E1
:109F800000000000000000000000000000000000D1
:109F900000000000000000000000000000000000C1
:109FA00000000000000000000000000000000000B1
:109FB00000000000000000000000000000000000A1
:109FC0000000000000000000000000000000000091
:109FD0000000000000000000000000000000000081
:109FE0000000000000000000000000000000000071
:109FF0000000000000000000000000000000000061
:10A000000000000000000000000000000000000050
:10A010000000000000000000000000000000000040
:10A020000000000000000000000000000000000030
:10A030000000000000000000000000000000000020
:10A040000000000000000000000000000000000010
:10A050000000000000000000000000000000000000
:10A0600000000000000000000000000000000000F0
:10A0700000000000000000000000000000000000E0
:10A0800000000000000000000000000000000000D0
:10A0900000000000000000000000000000000000C0
:10A0A00000000000000000000000000000000000B0
:10A0B00000000000000000000000000000000000A0
:10A0C0000000000000000000000000000000000090
:10A0D0000000000000000000000000000000000080
:10A0E0000000000000000000000000000000000070
:10A0F0000000000000000000000000000000000060
:10A10000000000000000000000000000000000004F
:10A11000000000000000000000000000000000003F
:10A12000000000000000000000000000000000002F
:10A13000000000000000000000000000000000001F
:10A14000000000000000000000000000000000000F
:10A1500000000000000000000000000000000000FF
:10A1600000000000000000000000000000000000EF
:10A1700000000000000000000000000000000000DF
:10A1800000000000000000000000000000000000CF
:10A1900000000000000000000000000000000000BF
:10A1A00000000000000000000000000000000000AF
:10A1B000000000000000000000000000000000009F
:10A1C000000000000000000000000000000000008F
:10A1D000000000000000000000000000000000007F
:10A1E000000000000000000000000000000000006F
:10A1F000000000000000000000000000000000005F
:10A20000000000000000000000000000000000004E
:10A21000000000000000000000000000000000003E
:10A22000000000000000000000000000000000002E
:10A23000000000000000000000000000000000001E
:10A24000000000000000000000000000000000000E
:10A2500000000000000000000000000000000000FE
:10A2600000000000000000000000000000000000EE
:10A2700000000000000000000000000000000000DE
:10A2800000000000000000000000000000000000CE
:10A2900000000000000000000000000000000000BE
:10A2A00000000000000000000000000000000000AE
:10A2B000000000000000000000000000000000009E
:10A2C000000000000000000000000000000000008E
:10A2D000000000000000000000000000000000007E
:10A2E000000000000000000000000000000000006E
:10A2F000000000000000000000000000000000005E
:10A30000000000000000000000000000000000004D
:10A31000000000000000000000000000000000003D
:10A32000000000000000000000000000000000002D
:10A33000000000000000000000000000000000001D
:10A34000000000000000000000000000000000000D
:10A3500000000000000000000000000000000000FD
:10A3600000000000000000000000000000000000ED
:10A3700000000000000000000000000000000000DD
:10A3800000000000000000000000000000000000CD
:10A3900000000000000000000000000000000000BD
:10A3A00000000000000000000000000000000000AD
:10A3B000000000000000000000000000000000009D
:10A3C000000000000000000000000000000000008D
:10A3D000000000000000000000000000000000007D
:10A3E000000000000000000000000000000000006D
:10A3F000000000000000000000000000000000005D
:10A40000000000000000000000000000000000004C
:10A41000000000000000000000000000000000003C
:10A42000000000000000000000000000000000002C
:10A43000000000000000000000000000000000001C
:10A44000000000000000000000000000000000000C
:10A4500000000000000000000000000000000000FC
:10A4600000000000000000000000000000000000EC
:10A4700000000000000000000000000000000000DC
:10A4800000000000000000000000000000000000CC
:10A4900000000000000000000000000000000000BC
:10A4A00000000000000000000000000000000000AC
:10A4B000000000000000000000000000000000009C
:10A4C000000000000000000000000000000000008C
:10A4D000000000000000000000000000000000007C
:10A4E000000000000000000000000000000000006C
:10A4F000000000000000000000000000000000005C
:10A50000000000000000000000000000000000004B
:10A51000000000000000000000000000000000003B
:10A52000000000000000000000000000000000002B
:10A53000000000000000000000000000000000001B
:10A54000000000000000000000000000000000000B
:10A5500000000000000000000000000000000000FB
:10A5600000000000000000000000000000000000EB
:10A5700000000000000000000000000000000000DB
:10A5800000000000000000000000000000000000CB
:10A5900000000000000000000000000000000000BB
:10A5A00000000000000000000000000000000000AB
:10A5B000000000000000000000000000000000009B
:10A5C000000000000000000000000000000000008B
:10A5D000000000000000000000000000000000007B
:10A5E000000000000000000000000000000000006B
:10A5F000000000000000000000000000000000005B
:10A60000000000000000000000000000000000004A
:10A61000000000000000000000000000000000003A
:10A62000000000000000000000000000000000002A
:10A63000000000000000000000000000000000001A
:10A64000000000000000000000000000000000000A
:10A6500000000000000000000000000000000000FA
:10A6600000000000000000000000000000000000EA
:10A6700000000000000000000000000000000000DA
:10A6800000000000000000000000000000000000CA
:10A6900000000000000000000000000000000000BA
:10A6A00000000000000000000000000000000000AA
:10A6B000000000000000000000000000000000009A
:10A6C000000000000000000000000000000000008A
:10A6D000000000000000000000000000000000007A
:10A6E000000000000000000000000000000000006A
:10A6F000000000000000000000000000000000005A
:10A700000000000000000000000000000000000049
:10A710000000000000000000000000000000000039
:10A720000000000000000000000000000000000029
:10A730000000000000000000000000000000000019
:10A740000000000000000000000000000000000009
:10A7500000000000000000000000000000000000F9
:10A7600000000000000000000000000000000000E9
:10A7700000000000000000000000000000000000D9
:10A7800000000000000000000000000000000000C9
:10A7900000000000000000000000000000000000B9
:10A7A00000000000000000000000000000000000A9
:10A7B0000000000000000000000000000000000099
:10A7C0000000000000000000000000000000000089
:10A7D0000000000000000000000000000000000079
:10A7E0000000000000000000000000000000000069
:10A7F0000000000000000000000000000000000059
:10A800000000000000000000000000000000000048
:10A810000000000000000000000000000000000038
:10A820000000000000000000000000000000000028
:10A830000000000000000000000000000000000018
:10A840000000000000000000000000000000000008
:10A8500000000000000000000000000000000000F8
:10A8600000000000000000000000000000000000E8
:10A8700000000000000000000000000000000000D8
:10A8800000000000000000000000000000000000C8
:10A8900000000000000000000000000000000000B8
:10A8A00000000000000000000000000000000000A8
:10A8B0000000000000000000000000000000000098
:10A8C0000000000000000000000000000000000088
:10A8D0000000000000000000000000000000000078
:10A8E0000000000000000000000000000000000068
:10A8F0000000000000000000000000000000000058
:10A900000000000000000000000000000000000047
:10A910000000000000000000000000000000000037
:10A920000000000000000000000000000000000027
:10A930000000000000000000000000000000000017
:10A940000000000000000000000000000000000007
:10A9500000000000000000000000000000000000F7
:10A9600000000000000000000000000000000000E7
:10A9700000000000000000000000000000000000D7
:10A9800000000000000000000000000000000000C7
:10A9900000000000000000000000000000000000B7
:10A9A00000000000000000000000000000000000A7
:10A9B0000000000000000000000000000000000097
:10A9C0000000000000000000000000000000000087
:10A9D0000000000000000000000000000000000077
:10A9E0000000000000000000000000000000000067
:10A9F0000000000000000000000000000000000057
:10AA00000000000000000000000000000000000046
:10AA10000000000000000000000000000000000036
:10AA20000000000000000000000000000000000026
:10AA30000000000000000000000000000000000016
:10AA40000000000000000000000000000000000006
:10AA500000000000000000000000000000000000F6
:10AA600000000000000000000000000000000000E6
:10AA700000000000000000000000000000000000D6
:10AA800000000000000000000000000000000000C6
:10AA900000000000000000000000000000000000B6
:10AAA00000000000000000000000000000000000A6
:10AAB0000000000000000000000000000000000096
:10AAC0000000000000000000000000000000000086
:10AAD0000000000000000000000000000000000076
:10AAE0000000000000000000000000000000000066
:10AAF0000000000000000000000000000000000056
:10AB00000000000000000000000000000000000045
:10AB10000000000000000000000000000000000035
:10AB20000000000000000000000000000000000025
:10AB30000000000000000000000000000000000015
:10AB40000000000000000000000000000000000005
:10AB500000000000000000000000000000000000F5
:10AB600000000000000000000000000000000000E5
:10AB700000000000000000000000000000000000D5
:10AB800000000000000000000000000000000000C5
:10AB900000000000000000000000000000000000B5
:10ABA00000000000000000000000000000000000A5
:10ABB0000000000000000000000000000000000095
:10ABC0000000000000000000000000000000000085
:10ABD0000000000000000000000000000000000075
:10ABE0000000000000000000000000000000000065
:10ABF0000000000000000000000000000000000055
:10AC00000000000000000000000000000000000044
:10AC10000000000000000000000000000000000034
:10AC20000000000000000000000000000000000024
:10AC30000000000000000000000000000000000014
:10AC40000000000000000000000000000000000004
:10AC500000000000000000000000000000000000F4
:10AC600000000000000000000000000000000000E4
:10AC700000000000000000000000000000000000D4
:10AC800000000000000000000000000000000000C4
:10AC900000000000000000000000000000000000B4
:10ACA00000000000000000000000000000000000A4
:10ACB0000000000000000000000000000000000094
:10ACC0000000000000000000000000000000000084
:10ACD0000000000000000000000000000000000074
:10ACE0000000000000000000000000000000000064
:10ACF0000000000000000000000000000000000054
:10AD00000000000000000000000000000000000043
:10AD10000000000000000000000000000000000033
:10AD20000000000000000000000000000000000023
:10AD30000000000000000000000000000000000013
:10AD40000000000000000000000000000000000003
:10AD500000000000000000000000000000000000F3
:10AD600000000000000000000000000000000000E3
:10AD700000000000000000000000000000000000D3
:10AD800000000000000000000000000000000000C3
:10AD900000000000000000000000000000000000B3
:10ADA00000000000000000000000000000000000A3
:10ADB0000000000000000000000000000000000093
:10ADC0000000000000000000000000000000000083
:10ADD0000000000000000000000000000000000073
:10ADE0000000000000000000000000000000000063
:10ADF0000000000000000000000000000000000053
:10AE00000000000000000000000000000000000042
:10AE10000000000000000000000000000000000032
:10AE20000000000000000000000000000000000022
:10AE30000000000000000000000000000000000012
:10AE40000000000000000000000000000000000002
:10AE500000000000000000000000000000000000F2
:10AE600000000000000000000000000000000000E2
:10AE700000000000000000000000000000000000D2
:10AE800000000000000000000000000000000000C2
:10AE900000000000000000000000000000000000B2
:10AEA00000000000000000000000000000000000A2
:10AEB0000000000000000000000000000000000092
:10AEC0000000000000000000000000000000000082
:10AED0000000000000000000000000000000000072
:10AEE0000000000000000000000000000000000062
:10AEF0000000000000000000000000000000000052
:10AF00000000000000000000000000000000000041
:10AF10000000000000000000000000000000000031
:10AF20000000000000000000000000000000000021
:10AF30000000000000000000000000000000000011
:10AF40000000000000000000000000000000000001
:10AF500000000000000000000000000000000000F1
:10AF600000000000000000000000000000000000E1
:10AF700000000000000000000000000000000000D1
:10AF800000000000000000000000000000000000C1
:10AF900000000000000000000000000000000000B1
:10AFA00000000000000000000000000000000000A1
:10AFB0000000000000000000000000000000000091
:10AFC0000000000000000000000000000000000081
:10AFD0000000000000000000000000000000000071
:10AFE0000000000000000000000000000000000061
:10AFF0000000000000000000000000000000000051
:10B000000000000000000000000000000000000040
:10B010000000000000000000000000000000000030
:10B020000000000000000000000000000000000020
:10B030000000000000000000000000000000000010
:10B040000000000000000000000000000000000000
:10B0500000000000000000000000000000000000F0
:10B0600000000000000000000000000000000000E0
:10B0700000000000000000000000000000000000D0
:10B0800000000000000000000000000000000000C0
:10B0900000000000000000000000000000000000B0
:10B0A00000000000000000000000000000000000A0
:10B0B0000000000000000000000000000000000090
:10B0C0000000000000000000000000000000000080
:10B0D0000000000000000000000000000000000070
:10B0E0000000000000000000000000000000000060
:10B0F0000000000000000000000000000000000050
:10B10000000000000000000000000000000000003F
:10B11000000000000000000000000000000000002F
:10B12000000000000000000000000000000000001F
:10B13000000000000000000000000000000000000F
:10B1400000000000000000000000000000000000FF
:10B1500000000000000000000000000000000000EF
:10B1600000000000000000000000000000000000DF
:10B1700000000000000000000000000000000000CF
:10B1800000000000000000000000000000000000BF
:10B1900000000000000000000000000000000000AF
:10B1A000000000000000000000000000000000009F
:10B1B000000000000000000000000000000000008F
:10B1C000000000000000000000000000000000007F
:10B1D000000000000000000000000000000000006F
:10B1E000000000000000000000000000000000005F
:10B1F000000000000000000000000000000000004F
:10B20000000000000000000000000000000000003E
:10B21000000000000000000000000000000000002E
:10B22000000000000000000000000000000000001E
:10B23000000000000000000000000000000000000E
:10B2400000000000000000000000000000000000FE
:10B2500000000000000000000000000000000000EE
:10B2600000000000000000000000000000000000DE
:10B2700000000000000000000000000000000000CE
:10B2800000000000000000000000000000000000BE
:10B2900000000000000000000000000000000000AE
:10B2A000000000000000000000000000000000009E
:10B2B000000000000000000000000000000000008E
:10B2C000000000000000000000000000000000007E
:10B2D000000000000000000000000000000000006E
:10B2E000000000000000000000000000000000005E
:10B2F000000000000000000000000000000000004E
:10B30000000000000000000000000000000000003D
:10B31000000000000000000000000000000000002D
:10B32000000000000000000000000000000000001D
:10B33000000000000000000000000000000000000D
:10B3400000000000000000000000000000000000FD
:10B3500000000000000000000000000000000000ED
:10B3600000000000000000000000000000000000DD
:10B3700000000000000000000000000000000000CD
:10B3800000000000000000000000000000000000BD
:10B3900000000000000000000000000000000000AD
:10B3A000000000000000000000000000000000009D
:10B3B000000000000000000000000000000000008D
:10B3C000000000000000000000000000000000007D
:10B3D000000000000000000000000000000000006D
:10B3E000000000000000000000000000000000005D
:10B3F000000000000000000000000000000000004D
:10B40000000000000000000000000000000000003C
:10B41000000000000000000000000000000000002C
:10B42000000000000000000000000000000000001C
:10B43000000000000000000000000000000000000C
:10B4400000000000000000000000000000000000FC
:10B4500000000000000000000000000000000000EC
:10B4600000000000000000000000000000000000DC
:10B4700000000000000000000000000000000000CC
:10B4800000000000000000000000000000000000BC
:10B4900000000000000000000000000000000000AC
:10B4A000000000000000000000000000000000009C
:10B4B000000000000000000000000000000000008C
:10B4C000000000000000000000000000000000007C
:10B4D000000000000000000000000000000000006C
:10B4E000000000000000000000000000000000005C
:10B4F000000000000000000000000000000000004C
:10B50000000000000000000000000000000000003B
:10B51000000000000000000000000000000000002B
:10B52000000000000000000000000000000000001B
:10B53000000000000000000000000000000000000B
:10B5400000000000000000000000000000000000FB
:10B5500000000000000000000000000000000000EB
:10B5600000000000000000000000000000000000DB
:10B5700000000000000000000000000000000000CB
:10B5800000000000000000000000000000000000BB
:10B5900000000000000000000000000000000000AB
:10B5A000000000000000000000000000000000009B
:10B5B000000000000000000000000000000000008B
:10B5C000000000000000000000000000000000007B
:10B5D000000000000000000000000000000000006B
:10B5E000000000000000000000000000000000005B
:10B5F000000000000000000000000000000000004B
:10B60000000000000000000000000000000000003A
:10B61000000000000000000000000000000000002A
:10B62000000000000000000000000000000000001A
:10B63000000000000000000000000000000000000A
:10B6400000000000000000000000000000000000FA
:10B6500000000000000000000000000000000000EA
:10B6600000000000000000000000000000000000DA
:10B6700000000000000000000000000000000000CA
:10B6800000000000000000000000000000000000BA
:10B6900000000000000000000000000000000000AA
:10B6A000000000000000000000000000000000009A
:10B6B000000000000000000000000000000000008A
:10B6C000000000000000000000000000000000007A
:10B6D000000000000000000000000000000000006A
:10B6E000000000000000000000000000000000005A
:10B6F000000000000000000000000000000000004A
:10B700000000000000000000000000000000000039
:10B710000000000000000000000000000000000029
:10B720000000000000000000000000000000000019
:10B730000000000000000000000000000000000009
:10B7400000000000000000000000000000000000F9
:10B7500000000000000000000000000000000000E9
:10B7600000000000000000000000000000000000D9
:10B7700000000000000000000000000000000000C9
:10B7800000000000000000000000000000000000B9
:10B7900000000000000000000000000000000000A9
:10B7A0000000000000000000000000000000000099
:10B7B0000000000000000000000000000000000089
:10B7C0000000000000000000000000000000000079
:10B7D0000000000000000000000000000000000069
:10B7E0000000000000000000000000000000000059
:10B7F0000000000000000000000000000000000049
:10B800000000000000000000000000000000000038
:10B810000000000000000000000000000000000028
:10B820000000000000000000000000000000000018
:10B830000000000000000000000000000000000008
:10B8400000000000000000000000000000000000F8
:10B8500000000000000000000000000000000000E8
:10B8600000000000000000000000000000000000D8
:10B8700000000000000000000000000000000000C8
:10B8800000000000000000000000000000000000B8
:10B8900000000000000000000000000000000000A8
:10B8A0000000000000000000000000000000000098
:10B8B0000000000000000000000000000000000088
:10B8C0000000000000000000000000000000000078
:10B8D0000000000000000000000000000000000068
:10B8E0000000000000000000000000000000000058
:10B8F0000000000000000000000000000000000048
:10B900000000000000000000000000000000000037
:10B910000000000000000000000000000000000027
:10B920000000000000000000000000000000000017
:10B930000000000000000000000000000000000007
:10B9400000000000000000000000000000000000F7
:10B9500000000000000000000000000000000000E7
:10B9600000000000000000000000000000000000D7
:10B9700000000000000000000000000000000000C7
:10B9800000000000000000000000000000000000B7
:10B9900000000000000000000000000000000000A7
:10B9A0000000000000000000000000000000000097
:10B9B0000000000000000000000000000000000087
:10B9C0000000000000000000000000000000000077
:10B9D0000000000000000000000000000000000067
:10B9E0000000000000000000000000000000000057
:10B9F0000000000000000000000000000000000047
:10BA00000000000000000000000000000000000036
:10BA10000000000000000000000000000000000026
:10BA20000000000000000000000000000000000016
:10BA30000000000000000000000000000000000006
:10BA400000000000000000000000000000000000F6
:10BA500000000000000000000000000000000000E6
:10BA600000000000000000000000000000000000D6
:10BA700000000000000000000000000000000000C6
:10BA800000000000000000000000000000000000B6
:10BA900000000000000000000000000000000000A6
:10BAA0000000000000000000000000000000000096
:10BAB0000000000000000000000000000000000086
:10BAC0000000000000000000000000000000000076
:10BAD0000000000000000000000000000000000066
:10BAE0000000000000000000000000000000000056
:10BAF0000000000000000000000000000000000046
:10BB00000000000000000000000000000000000035
:10BB10000000000000000000000000000000000025
:10BB20000000000000000000000000000000000015
:10BB30000000000000000000000000000000000005
:10BB400000000000000000000000000000000000F5
:10BB500000000000000000000000000000000000E5
:10BB600000000000000000000000000000000000D5
:10BB700000000000000000000000000000000000C5
:10BB800000000000000000000000000000000000B5
:10BB900000000000000000000000000000000000A5
:10BBA0000000000000000000000000000000000095
:10BBB0000000000000000000000000000000000085
:10BBC0000000000000000000000000000000000075
:10BBD0000000000000000000000000000000000065
:10BBE0000000000000000000000000000000000055
:10BBF0000000000000000000000000000000000045
:10BC00000000000000000000000000000000000034
:10BC10000000000000000000000000000000000024
:10BC20000000000000000000000000000000000014
:10BC30000000000000000000000000000000000004
:10BC400000000000000000000000000000000000F4
:10BC500000000000000000000000000000000000E4
:10BC600000000000000000000000000000000000D4
:10BC700000000000000000000000000000000000C4
:10BC800000000000000000000000000000000000B4
:10BC900000000000000000000000000000000000A4
:10BCA0000000000000000000000000000000000094
:10BCB0000000000000000000000000000000000084
:10BCC0000000000000000000000000000000000074
:10BCD0000000000000000000000000000000000064
:10BCE0000000000000000000000000000000000054
:10BCF0000000000000000000000000000000000044
:10BD00000000000000000000000000000000000033
:10BD10000000000000000000000000000000000023
:10BD20000000000000000000000000000000000013
:10BD30000000000000000000000000000000000003
:10BD400000000000000000000000000000000000F3
:10BD500000000000000000000000000000000000E3
:10BD600000000000000000000000000000000000D3
:10BD700000000000000000000000000000000000C3
:10BD800000000000000000000000000000000000B3
:10BD900000000000000000000000000000000000A3
:10BDA0000000000000000000000000000000000093
:10BDB0000000000000000000000000000000000083
:10BDC0000000000000000000000000000000000073
:10BDD0000000000000000000000000000000000063
:10BDE0000000000000000000000000000000000053
:10BDF0000000000000000000000000000000000043
:10BE00000000000000000000000000000000000032
:10BE10000000000000000000000000000000000022
:10BE20000000000000000000000000000000000012
:10BE30000000000000000000000000000000000002
:10BE400000000000000000000000000000000000F2
:10BE500000000000000000000000000000000000E2
:10BE600000000000000000000000000000000000D2
:10BE700000000000000000000000000000000000C2
:10BE800000000000000000000000000000000000B2
:10BE900000000000000000000000000000000000A2
:10BEA0000000000000000000000000000000000092
:10BEB0000000000000000000000000000000000082
:10BEC0000000000000000000000000000000000072
:10BED0000000000000000000000000000000000062
:10BEE0000000000000000000000000000000000052
:10BEF0000000000000000000000000000000000042
:10BF00000000000000000000000000000000000031
:10BF10000000000000000000000000000000000021
:10BF20000000000000000000000000000000000011
:10BF30000000000000000000000000000000000001
:10BF400000000000000000000000000000000000F1
:10BF500000000000000000000000000000000000E1
:10BF600000000000000000000000000000000000D1
:10BF700000000000000000000000000000000000C1
:10BF800000000000000000000000000000000000B1
:10BF900000000000000000000000000000000000A1
:10BFA0000000000000000000000000000000000091
:10BFB0000000000000000000000000000000000081
:10BFC0000000000000000000000000000000000071
:10BFD0000000000000000000000000000000000061
:10BFE0000000000000000000000000000000000051
:10BFF0000000000000000000000000000000000041
:10C000000000000000000000000000000000000030
:10C010000000000000000000000000000000000020
:10C020000000000000000000000000000000000010
:10C030000000000000000000000000000000000000
:10C0400000000000000000000000000000000000F0
:10C0500000000000000000000000000000000000E0
:10C0600000000000000000000000000000000000D0
:10C0700000000000000000000000000000000000C0
:10C0800000000000000000000000000000000000B0
:10C0900000000000000000000000000000000000A0
:10C0A0000000000000000000000000000000000090
:10C0B0000000000000000000000000000000000080
:10C0C0000000000000000000000000000000000070
:10C0D0000000000000000000000000000000000060
:10C0E0000000000000000000000000000000000050
:10C0F0000000000000000000000000000000000040
:10C10000000000000000000000000000000000002F
:10C11000000000000000000000000000000000001F
:10C12000000000000000000000000000000000000F
:10C1300000000000000000000000000000000000FF
:10C1400000000000000000000000000000000000EF
:10C1500000000000000000000000000000000000DF
:10C1600000000000000000000000000000000000CF
:10C1700000000000000000000000000000000000BF
:10C1800000000000000000000000000000000000AF
:10C19000000000000000000000000000000000009F
:10C1A000000000000000000000000000000000008F
:10C1B000000000000000000000000000000000007F
:10C1C000000000000000000000000000000000006F
:10C1D000000000000000000000000000000000005F
:10C1E000000000000000000000000000000000004F
:10C1F000000000000000000000000000000000003F
:10C20000000000000000000000000000000000002E
:10C21000000000000000000000000000000000001E
:10C22000000000000000000000000000000000000E
:10C2300000000000000000000000000000000000FE
:10C2400000000000000000000000000000000000EE
:10C2500000000000000000000000000000000000DE
:10C2600000000000000000000000000000000000CE
:10C2700000000000000000000000000000000000BE
:10C2800000000000000000000000000000000000AE
:10C29000000000000000000000000000000000009E
:10C2A000000000000000000000000000000000008E
:10C2B000000000000000000000000000000000007E
:10C2C000000000000000000000000000000000006E
:10C2D000000000000000000000000000000000005E
:10C2E000000000000000000000000000000000004E
:10C2F000000000000000000000000000000000003E
:10C30000000000000000000000000000000000002D
:10C31000000000000000000000000000000000001D
:10C32000000000000000000000000000000000000D
:10C3300000000000000000000000000000000000FD
:10C3400000000000000000000000000000000000ED
:10C3500000000000000000000000000000000000DD
:10C3600000000000000000000000000000000000CD
:10C3700000000000000000000000000000000000BD
:10C3800000000000000000000000000000000000AD
:10C39000000000000000000000000000000000009D
:10C3A000000000000000000000000000000000008D
:10C3B000000000000000000000000000000000007D
:10C3C000000000000000000000000000000000006D
:10C3D000000000000000000000000000000000005D
:10C3E000000000000000000000000000000000004D
:10C3F000000000000000000000000000000000003D
:10C40000000000000000000000000000000000002C
:10C41000000000000000000000000000000000001C
:10C42000000000000000000000000000000000000C
:10C4300000000000000000000000000000000000FC
:10C4400000000000000000000000000000000000EC
:10C4500000000000000000000000000000000000DC
:10C4600000000000000000000000000000000000CC
:10C4700000000000000000000000000000000000BC
:10C4800000000000000000000000000000000000AC
:10C49000000000000000000000000000000000009C
:10C4A000000000000000000000000000000000008C
:10C4B000000000000000000000000000000000007C
:10C4C000000000000000000000000000000000006C
:10C4D000000000000000000000000000000000005C
:10C4E000000000000000000000000000000000004C
:10C4F000000000000000000000000000000000003C
:10C50000000000000000000000000000000000002B
:10C51000000000000000000000000000000000001B
:10C52000000000000000000000000000000000000B
:10C5300000000000000000000000000000000000FB
:10C5400000000000000000000000000000000000EB
:10C5500000000000000000000000000000000000DB
:10C5600000000000000000000000000000000000CB
:10C5700000000000000000000000000000000000BB
:10C5800000000000000000000000000000000000AB
:10C59000000000000000000000000000000000009B
:10C5A000000000000000000000000000000000008B
:10C5B000000000000000000000000000000000007B
:10C5C000000000000000000000000000000000006B
:10C5D000000000000000000000000000000000005B
:10C5E000000000000000000000000000000000004B
:10C5F000000000000000000000000000000000003B
:10C60000000000000000000000000000000000002A
:10C61000000000000000000000000000000000001A
:10C62000000000000000000000000000000000000A
:10C6300000000000000000000000000000000000FA
:10C6400000000000000000000000000000000000EA
:10C6500000000000000000000000000000000000DA
:10C6600000000000000000000000000000000000CA
:10C6700000000000000000000000000000000000BA
:10C6800000000000000000000000000000000000AA
:10C69000000000000000000000000000000000009A
:10C6A000000000000000000000000000000000008A
:10C6B000000000000000000000000000000000007A
:10C6C000000000000000000000000000000000006A
:10C6D000000000000000000000000000000000005A
:10C6E000000000000000000000000000000000004A
:10C6F000000000000000000000000000000000003A
:10C700000000000000000000000000000000000029
:10C710000000000000000000000000000000000019
:10C720000000000000000000000000000000000009
:10C7300000000000000000000000000000000000F9
:10C7400000000000000000000000000000000000E9
:10C7500000000000000000000000000000000000D9
:10C7600000000000000000000000000000000000C9
:10C7700000000000000000000000000000000000B9
:10C7800000000000000000000000000000000000A9
:10C790000000000000000000000000000000000099
:10C7A0000000000000000000000000000000000089
:10C7B0000000000000000000000000000000000079
:10C7C0000000000000000000000000000000000069
:10C7D0000000000000000000000000000000000059
:10C7E0000000000000000000000000000000000049
:10C7F0000000000000000000000000000000000039
:10C800000000000000000000000000000000000028
:10C810000000000000000000000000000000000018
:10C820000000000000000000000000000000000008
:10C8300000000000000000000000000000000000F8
:10C8400000000000000000000000000000000000E8
:10C8500000000000000000000000000000000000D8
:10C8600000000000000000000000000000000000C8
:10C8700000000000000000000000000000000000B8
:10C8800000000000000000000000000000000000A8
:10C890000000000000000000000000000000000098
:10C8A0000000000000000000000000000000000088
:10C8B0000000000000000000000000000000000078
:10C8C0000000000000000000000000000000000068
:10C8D0000000000000000000000000000000000058
:10C8E0000000000000000000000000000000000048
:10C8F0000000000000000000000000000000000038
:10C900000000000000000000000000000000000027
:10C910000000000000000000000000000000000017
:10C920000000000000000000000000000000000007
:10C9300000000000000000000000000000000000F7
:10C9400000000000000000000000000000000000E7
:10C9500000000000000000000000000000000000D7
:10C9600000000000000000000000000000000000C7
:10C9700000000000000000000000000000000000B7
:10C9800000000000000000000000000000000000A7
:10C990000000000000000000000000000000000097
:10C9A0000000000000000000000000000000000087
:10C9B0000000000000000000000000000000000077
:10C9C0000000000000000000000000000000000067
:10C9D0000000000000000000000000000000000057
:10C9E0000000000000000000000000000000000047
:10C9F0000000000000000000000000000000000037
:10CA00000000000000000000000000000000000026
:10CA10000000000000000000000000000000000016
:10CA20000000000000000000000000000000000006
:10CA300000000000000000000000000000000000F6
:10CA400000000000000000000000000000000000E6
:10CA500000000000000000000000000000000000D6
:10CA600000000000000000000000000000000000C6
:10CA700000000000000000000000000000000000B6
:10CA800000000000000000000000000000000000A6
:10CA90000000000000000000000000000000000096
:10CAA0000000000000000000000000000000000086
:10CAB0000000000000000000000000000000000076
:10CAC0000000000000000000000000000000000066
:10CAD0000000000000000000000000000000000056
:10CAE0000000000000000000000000000000000046
:10CAF0000000000000000000000000000000000036
:10CB00000000000000000000000000000000000025
:10CB10000000000000000000000000000000000015
:10CB20000000000000000000000000000000000005
:10CB300000000000000000000000000000000000F5
:10CB400000000000000000000000000000000000E5
:10CB500000000000000000000000000000000000D5
:10CB600000000000000000000000000000000000C5
:10CB700000000000000000000000000000000000B5
:10CB800000000000000000000000000000000000A5
:10CB90000000000000000000000000000000000095
:10CBA0000000000000000000000000000000000085
:10CBB0000000000000000000000000000000000075
:10CBC0000000000000000000000000000000000065
:10CBD0000000000000000000000000000000000055
:10CBE0000000000000000000000000000000000045
:10CBF0000000000000000000000000000000000035
:10CC00000000000000000000000000000000000024
:10CC10000000000000000000000000000000000014
:10CC20000000000000000000000000000000000004
:10CC300000000000000000000000000000000000F4
:10CC400000000000000000000000000000000000E4
:10CC500000000000000000000000000000000000D4
:10CC600000000000000000000000000000000000C4
:10CC700000000000000000000000000000000000B4
:10CC800000000000000000000000000000000000A4
:10CC90000000000000000000000000000000000094
:10CCA0000000000000000000000000000000000084
:10CCB0000000000000000000000000000000000074
:10CCC0000000000000000000000000000000000064
:10CCD0000000000000000000000000000000000054
:10CCE0000000000000000000000000000000000044
:10CCF0000000000000000000000000000000000034
:10CD00000000000000000000000000000000000023
:10CD10000000000000000000000000000000000013
:10CD20000000000000000000000000000000000003
:10CD300000000000000000000000000000000000F3
:10CD400000000000000000000000000000000000E3
:10CD500000000000000000000000000000000000D3
:10CD600000000000000000000000000000000000C3
:10CD700000000000000000000000000000000000B3
:10CD800000000000000000000000000000000000A3
:10CD90000000000000000000000000000000000093
:10CDA0000000000000000000000000000000000083
:10CDB0000000000000000000000000000000000073
:10CDC0000000000000000000000000000000000063
:10CDD0000000000000000000000000000000000053
:10CDE0000000000000000000000000000000000043
:10CDF0000000000000000000000000000000000033
:10CE00000000000000000000000000000000000022
:10CE10000000000000000000000000000000000012
:10CE20000000000000000000000000000000000002
:10CE300000000000000000000000000000000000F2
:10CE400000000000000000000000000000000000E2
:10CE500000000000000000000000000000000000D2
:10CE600000000000000000000000000000000000C2
:10CE700000000000000000000000000000000000B2
:10CE800000000000000000000000000000000000A2
:10CE90000000000000000000000000000000000092
:10CEA0000000000000000000000000000000000082
:10CEB0000000000000000000000000000000000072
:10CEC0000000000000000000000000000000000062
:10CED0000000000000000000000000000000000052
:10CEE0000000000000000000000000000000000042
:10CEF0000000000000000000000000000000000032
:10CF00000000000000000000000000000000000021
:10CF10000000000000000000000000000000000011
:10CF20000000000000000000000000000000000001
:10CF300000000000000000000000000000000000F1
:10CF400000000000000000000000000000000000E1
:10CF500000000000000000000000000000000000D1
:10CF600000000000000000000000000000000000C1
:10CF700000000000000000000000000000000000B1
:10CF800000000000000000000000000000000000A1
:10CF90000000000000000000000000000000000091
:10CFA0000000000000000000000000000000000081
:10CFB0000000000000000000000000000000000071
:10CFC0000000000000000000000000000000000061
:10CFD0000000000000000000000000000000000051
:10CFE0000000000000000000000000000000000041
:10CFF0000000000000000000000000000000000031
:10D000000000000000000000000000000000000020
:10D010000000000000000000000000000000000010
:10D020000000000000000000000000000000000000
:10D0300000000000000000000000000000000000F0
:10D0400000000000000000000000000000000000E0
:10D0500000000000000000000000000000000000D0
:10D0600000000000000000000000000000000000C0
:10D0700000000000000000000000000000000000B0
:10D0800000000000000000000000000000000000A0
:10D090000000000000000000000000000000000090
:10D0A0000000000000000000000000000000000080
:10D0B0000000000000000000000000000000000070
:10D0C0000000000000000000000000000000000060
:10D0D0000000000000000000000000000000000050
:10D0E0000000000000000000000000000000000040
:10D0F0000000000000000000000000000000000030
:10D10000000000000000000000000000000000001F
:10D11000000000000000000000000000000000000F
:10D1200000000000000000000000000000000000FF
:10D1300000000000000000000000000000000000EF
:10D1400000000000000000000000000000000000DF
:10D1500000000000000000000000000000000000CF
:10D1600000000000000000000000000000000000BF
:10D1700000000000000000000000000000000000AF
:10D18000000000000000000000000000000000009F
:10D19000000000000000000000000000000000008F
:10D1A000000000000000000000000000000000007F
:10D1B000000000000000000000000000000000006F
:10D1C000000000000000000000000000000000005F
:10D1D000000000000000000000000000000000004F
:10D1E000000000000000000000000000000000003F
:10D1F000000000000000000000000000000000002F
:10D20000000000000000000000000000000000001E
:10D21000000000000000000000000000000000000E
:10D2200000000000000000000000000000000000FE
:10D2300000000000000000000000000000000000EE
:10D2400000000000000000000000000000000000DE
:10D2500000000000000000000000000000000000CE
:10D2600000000000000000000000000000000000BE
:10D2700000000000000000000000000000000000AE
:10D28000000000000000000000000000000000009E
:10D29000000000000000000000000000000000008E
:10D2A000000000000000000000000000000000007E
:10D2B000000000000000000000000000000000006E
:10D2C000000000000000000000000000000000005E
:10D2D000000000000000000000000000000000004E
:10D2E000000000000000000000000000000000003E
:10D2F000000000000000000000000000000000002E
:10D30000000000000000000000000000000000001D
:10D31000000000000000000000000000000000000D
:10D3200000000000000000000000000000000000FD
:10D3300000000000000000000000000000000000ED
:10D3400000000000000000000000000000000000DD
:10D3500000000000000000000000000000000000CD
:10D3600000000000000000000000000000000000BD
:10D3700000000000000000000000000000000000AD
:10D38000000000000000000000000000000000009D
:10D39000000000000000000000000000000000008D
:10D3A000000000000000000000000000000000007D
:10D3B000000000000000000000000000000000006D
:10D3C000000000000000000000000000000000005D
:10D3D000000000000000000000000000000000004D
:10D3E000000000000000000000000000000000003D
:10D3F000000000000000000000000000000000002D
:10D40000000000000000000000000000000000001C
:10D41000000000000000000000000000000000000C
:10D4200000000000000000000000000000000000FC
:10D4300000000000000000000000000000000000EC
:10D4400000000000000000000000000000000000DC
:10D4500000000000000000000000000000000000CC
:10D4600000000000000000000000000000000000BC
:10D4700000000000000000000000000000000000AC
:10D48000000000000000000000000000000000009C
:10D49000000000000000000000000000000000008C
:10D4A000000000000000000000000000000000007C
:10D4B000000000000000000000000000000000006C
:10D4C000000000000000000000000000000000005C
:10D4D000000000000000000000000000000000004C
:10D4E000000000000000000000000000000000003C
:10D4F000000000000000000000000000000000002C
:10D50000000000000000000000000000000000001B
:10D51000000000000000000000000000000000000B
:10D5200000000000000000000000000000000000FB
:10D5300000000000000000000000000000000000EB
:10D5400000000000000000000000000000000000DB
:10D5500000000000000000000000000000000000CB
:10D5600000000000000000000000000000000000BB
:10D5700000000000000000000000000000000000AB
:10D58000000000000000000000000000000000009B
:10D59000000000000000000000000000000000008B
:10D5A000000000000000000000000000000000007B
:10D5B000000000000000000000000000000000006B
:10D5C000000000000000000000000000000000005B
:10D5D000000000000000000000000000000000004B
:10D5E000000000000000000000000000000000003B
:10D5F000000000000000000000000000000000002B
:10D60000000000000000000000000000000000001A
:10D61000000000000000000000000000000000000A
:10D6200000000000000000000000000000000000FA
:10D6300000000000000000000000000000000000EA
:10D6400000000000000000000000000000000000DA
:10D6500000000000000000000000000000000000CA
:10D6600000000000000000000000000000000000BA
:10D6700000000000000000000000000000000000AA
:10D68000000000000000000000000000000000009A
:10D69000000000000000000000000000000000008A
:10D6A000000000000000000000000000000000007A
:10D6B000000000000000000000000000000000006A
:10D6C000000000000000000000000000000000005A
:10D6D000000000000000000000000000000000004A
:10D6E000000000000000000000000000000000003A
:10D6F000000000000000000000000000000000002A
:10D700000000000000000000000000000000000019
:10D710000000000000000000000000000000000009
:10D7200000000000000000000000000000000000F9
:10D7300000000000000000000000000000000000E9
:10D7400000000000000000000000000000000000D9
:10D7500000000000000000000000000000000000C9
:10D7600000000000000000000000000000000000B9
:10D7700000000000000000000000000000000000A9
:10D780000000000000000000000000000000000099
:10D790000000000000000000000000000000000089
:10D7A0000000000000000000000000000000000079
:10D7B0000000000000000000000000000000000069
:10D7C0000000000000000000000000000000000059
:10D7D0000000000000000000000000000000000049
:10D7E0000000000000000000000000000000000039
:10D7F0000000000000000000000000000000000029
:10D800000000000000000000000000000000000018
:10D810000000000000000000000000000000000008
:10D8200000000000000000000000000000000000F8
:10D8300000000000000000000000000000000000E8
:10D8400000000000000000000000000000000000D8
:10D8500000000000000000000000000000000000C8
:10D8600000000000000000000000000000000000B8
:10D8700000000000000000000000000000000000A8
:10D880000000000000000000000000000000000098
:10D890000000000000000000000000000000000088
:10D8A0000000000000000000000000000000000078
:10D8B0000000000000000000000000000000000068
:10D8C0000000000000000000000000000000000058
:10D8D0000000000000000000000000000000000048
:10D8E0000000000000000000000000000000000038
:10D8F0000000000000000000000000000000000028
:10D900000000000000000000000000000000000017
:10D910000000000000000000000000000000000007
:10D9200000000000000000000000000000000000F7
:10D9300000000000000000000000000000000000E7
:10D9400000000000000000000000000000000000D7
:10D9500000000000000000000000000000000000C7
:10D9600000000000000000000000000000000000B7
:10D9700000000000000000000000000000000000A7
:10D980000000000000000000000000000000000097
:10D990000000000000000000000000000000000087
:10D9A0000000000000000000000000000000000077
:10D9B0000000000000000000000000000000000067
:10D9C0000000000000000000000000000000000057
:10D9D0000000000000000000000000000000000047
:10D9E0000000000000000000000000000000000037
:10D9F0000000000000000000000000000000000027
:10DA00000000000000000000000000000000000016
:10DA10000000000000000000000000000000000006
:10DA200000000000000000000000000000000000F6
:10DA300000000000000000000000000000000000E6
:10DA400000000000000000000000000000000000D6
:10DA500000000000000000000000000000000000C6
:10DA600000000000000000000000000000000000B6
:10DA700000000000000000000000000000000000A6
:10DA80000000000000000000000000000000000096
:10DA90000000000000000000000000000000000086
:10DAA0000000000000000000000000000000000076
:10DAB0000000000000000000000000000000000066
:10DAC0000000000000000000000000000000000056
:10DAD0000000000000000000000000000000000046
:10DAE0000000000000000000000000000000000036
:10DAF0000000000000000000000000000000000026
:10DB00000000000000000000000000000000000015
:10DB10000000000000000000000000000000000005
:10DB200000000000000000000000000000000000F5
:10DB300000000000000000000000000000000000E5
:10DB400000000000000000000000000000000000D5
:10DB500000000000000000000000000000000000C5
:10DB600000000000000000000000000000000000B5
:10DB700000000000000000000000000000000000A5
:10DB80000000000000000000000000000000000095
:10DB90000000000000000000000000000000000085
:10DBA0000000000000000000000000000000000075
:10DBB0000000000000000000000000000000000065
:10DBC0000000000000000000000000000000000055
:10DBD0000000000000000000000000000000000045
:10DBE0000000000000000000000000000000000035
:10DBF0000000000000000000000000000000000025
:10DC00000000000000000000000000000000000014
:10DC10000000000000000000000000000000000004
:10DC200000000000000000000000000000000000F4
:10DC300000000000000000000000000000000000E4
:10DC400000000000000000000000000000000000D4
:10DC500000000000000000000000000000000000C4
:10DC600000000000000000000000000000000000B4
:10DC700000000000000000000000000000000000A4
:10DC80000000000000000000000000000000000094
:10DC90000000000000000000000000000000000084
:10DCA0000000000000000000000000000000000074
:10DCB0000000000000000000000000000000000064
:10DCC0000000000000000000000000000000000054
:10DCD0000000000000000000000000000000000044
:10DCE0000000000000000000000000000000000034
:10DCF0000000000000000000000000000000000024
:10DD00000000000000000000000000000000000013
:10DD10000000000000000000000000000000000003
:10DD200000000000000000000000000000000000F3
:10DD300000000000000000000000000000000000E3
:10DD400000000000000000000000000000000000D3
:10DD500000000000000000000000000000000000C3
:10DD600000000000000000000000000000000000B3
:10DD700000000000000000000000000000000000A3
:10DD80000000000000000000000000000000000093
:10DD90000000000000000000000000000000000083
:10DDA0000000000000000000000000000000000073
:10DDB0000000000000000000000000000000000063
:10DDC0000000000000000000000000000000000053
:10DDD0000000000000000000000000000000000043
:10DDE0000000000000000000000000000000000033
:10DDF0000000000000000000000000000000000023
:10DE00000000000000000000000000000000000012
:10DE10000000000000000000000000000000000002
:10DE200000000000000000000000000000000000F2
:10DE300000000000000000000000000000000000E2
:10DE400000000000000000000000000000000000D2
:10DE500000000000000000000000000000000000C2
:10DE600000000000000000000000000000000000B2
:10DE700000000000000000000000000000000000A2
:10DE80000000000000000000000000000000000092
:10DE90000000000000000000000000000000000082
:10DEA0000000000000000000000000000000000072
:10DEB0000000000000000000000000000000000062
:10DEC0000000000000000000000000000000000052
:10DED0000000000000000000000000000000000042
:10DEE0000000000000000000000000000000000032
:10DEF0000000000000000000000000000000000022
:10DF00000000000000000000000000000000000011
:10DF10000000000000000000000000000000000001
:10DF200000000000000000000000000000000000F1
:10DF300000000000000000000000000000000000E1
:10DF400000000000000000000000000000000000D1
:10DF500000000000000000000000000000000000C1
:10DF600000000000000000000000000000000000B1
:10DF700000000000000000000000000000000000A1
:10DF80000000000000000000000000000000000091
:10DF90000000000000000000000000000000000081
:10DFA0000000000000000000000000000000000071
:10DFB0000000000000000000000000000000000061
:10DFC0000000000000000000000000000000000051
:10DFD0000000000000000000000000000000000041
:10DFE0000000000000000000000000000000000031
:10DFF0000000000000000000000000000000000021
:10E000000000000000000000000000000000000010
:10E010000000000000000000000000000000000000
:10E0200000000000000000000000000000000000F0
:10E0300000000000000000000000000000000000E0
:10E0400000000000000000000000000000000000D0
:10E0500000000000000000000000000000000000C0
:10E0600000000000000000000000000000000000B0
:10E0700000000000000000000000000000000000A0
:10E080000000000000000000000000000000000090
:10E090000000000000000000000000000000000080
:10E0A0000000000000000000000000000000000070
:10E0B0000000000000000000000000000000000060
:10E0C0000000000000000000000000000000000050
:10E0D0000000000000000000000000000000000040
:10E0E0000000000000000000000000000000000030
:10E0F0000000000000000000000000000000000020
:10E10000000000000000000000000000000000000F
:10E1100000000000000000000000000000000000FF
:10E1200000000000000000000000000000000000EF
:10E1300000000000000000000000000000000000DF
:10E1400000000000000000000000000000000000CF
:10E1500000000000000000000000000000000000BF
:10E1600000000000000000000000000000000000AF
:10E17000000000000000000000000000000000009F
:10E18000000000000000000000000000000000008F
:10E19000000000000000000000000000000000007F
:10E1A000000000000000000000000000000000006F
:10E1B000000000000000000000000000000000005F
:10E1C000000000000000000000000000000000004F
:10E1D000000000000000000000000000000000003F
:10E1E000000000000000000000000000000000002F
:10E1F000000000000000000000000000000000001F
:10E20000000000000000000000000000000000000E
:10E2100000000000000000000000000000000000FE
:10E2200000000000000000000000000000000000EE
:10E2300000000000000000000000000000000000DE
:10E2400000000000000000000000000000000000CE
:10E2500000000000000000000000000000000000BE
:10E2600000000000000000000000000000000000AE
:10E27000000000000000000000000000000000009E
:10E28000000000000000000000000000000000008E
:10E29000000000000000000000000000000000007E
:10E2A000000000000000000000000000000000006E
:10E2B000000000000000000000000000000000005E
:10E2C000000000000000000000000000000000004E
:10E2D000000000000000000000000000000000003E
:10E2E000000000000000000000000000000000002E
:10E2F000000000000000000000000000000000001E
:10E30000000000000000000000000000000000000D
:10E3100000000000000000000000000000000000FD
:10E3200000000000000000000000000000000000ED
:10E3300000000000000000000000000000000000DD
:10E3400000000000000000000000000000000000CD
:10E3500000000000000000000000000000000000BD
:10E3600000000000000000000000000000000000AD
:10E37000000000000000000000000000000000009D
:10E38000000000000000000000000000000000008D
:10E39000000000000000000000000000000000007D
:10E3A000000000000000000000000000000000006D
:10E3B000000000000000000000000000000000005D
:10E3C000000000000000000000000000000000004D
:10E3D000000000000000000000000000000000003D
:10E3E000000000000000000000000000000000002D
:10E3F000000000000000000000000000000000001D
:10E40000000000000000000000000000000000000C
:10E4100000000000000000000000000000000000FC
:10E4200000000000000000000000000000000000EC
:10E4300000000000000000000000000000000000DC
:10E4400000000000000000000000000000000000CC
:10E4500000000000000000000000000000000000BC
:10E4600000000000000000000000000000000000AC
:10E47000000000000000000000000000000000009C
:10E48000000000000000000000000000000000008C
:10E49000000000000000000000000000000000007C
:10E4A000000000000000000000000000000000006C
:10E4B000000000000000000000000000000000005C
:10E4C000000000000000000000000000000000004C
:10E4D000000000000000000000000000000000003C
:10E4E000000000000000000000000000000000002C
:10E4F000000000000000000000000000000000001C
:10E50000000000000000000000000000000000000B
:10E5100000000000000000000000000000000000FB
:10E5200000000000000000000000000000000000EB
:10E5300000000000000000000000000000000000DB
:10E5400000000000000000000000000000000000CB
:10E5500000000000000000000000000000000000BB
:10E5600000000000000000000000000000000000AB
:10E57000000000000000000000000000000000009B
:10E58000000000000000000000000000000000008B
:10E59000000000000000000000000000000000007B
:10E5A000000000000000000000000000000000006B
:10E5B000000000000000000000000000000000005B
:10E5C000000000000000000000000000000000004B
:10E5D000000000000000000000000000000000003B
:10E5E000000000000000000000000000000000002B
:10E5F000000000000000000000000000000000001B
:10E60000000000000000000000000000000000000A
:10E6100000000000000000000000000000000000FA
:10E6200000000000000000000000000000000000EA
:10E6300000000000000000000000000000000000DA
:10E6400000000000000000000000000000000000CA
:10E6500000000000000000000000000000000000BA
:10E6600000000000000000000000000000000000AA
:10E67000000000000000000000000000000000009A
:10E68000000000000000000000000000000000008A
:10E69000000000000000000000000000000000007A
:10E6A000000000000000000000000000000000006A
:10E6B000000000000000000000000000000000005A
:10E6C000000000000000000000000000000000004A
:10E6D000000000000000000000000000000000003A
:10E6E000000000000000000000000000000000002A
:10E6F000000000000000000000000000000000001A
:10E700000000000000000000000000000000000009
:10E7100000000000000000000000000000000000F9
:10E7200000000000000000000000000000000000E9
:10E7300000000000000000000000000000000000D9
:10E7400000000000000000000000000000000000C9
:10E7500000000000000000000000000000000000B9
:10E7600000000000000000000000000000000000A9
:10E770000000000000000000000000000000000099
:10E780000000000000000000000000000000000089
:10E790000000000000000000000000000000000079
:10E7A0000000000000000000000000000000000069
:10E7B0000000000000000000000000000000000059
:10E7C0000000000000000000000000000000000049
:10E7D0000000000000000000000000000000000039
:10E7E0000000000000000000000000000000000029
:10E7F0000000000000000000000000000000000019
:10E800000000000000000000000000000000000008
:10E8100000000000000000000000000000000000F8
:10E8200000000000000000000000000000000000E8
:10E8300000000000000000000000000000000000D8
:10E8400000000000000000000000000000000000C8
:10E8500000000000000000000000000000000000B8
:10E8600000000000000000000000000000000000A8
:10E870000000000000000000000000000000000098
:10E880000000000000000000000000000000000088
:10E890000000000000000000000000000000000078
:10E8A0000000000000000000000000000000000068
:10E8B0000000000000000000000000000000000058
:10E8C0000000000000000000000000000000000048
:10E8D0000000000000000000000000000000000038
:10E8E0000000000000000000000000000000000028
:10E8F0000000000000000000000000000000000018
:10E900000000000000000000000000000000000007
:10E9100000000000000000000000000000000000F7
:10E9200000000000000000000000000000000000E7
:10E9300000000000000000000000000000000000D7
:10E9400000000000000000000000000000000000C7
:10E9500000000000000000000000000000000000B7
:10E9600000000000000000000000000000000000A7
:10E970000000000000000000000000000000000097
:10E980000000000000000000000000000000000087
:10E990000000000000000000000000000000000077
:10E9A0000000000000000000000000000000000067
:10E9B0000000000000000000000000000000000057
:10E9C0000000000000000000000000000000000047
:10E9D0000000000000000000000000000000000037
:10E9E0000000000000000000000000000000000027
:10E9F0000000000000000000000000000000000017
:10EA00000000000000000000000000000000000006
:10EA100000000000000000000000000000000000F6
:10EA200000000000000000000000000000000000E6
:10EA300000000000000000000000000000000000D6
:10EA400000000000000000000000000000000000C6
:10EA500000000000000000000000000000000000B6
:10EA600000000000000000000000000000000000A6
:10EA70000000000000000000000000000000000096
:10EA80000000000000000000000000000000000086
:10EA90000000000000000000000000000000000076
:10EAA0000000000000000000000000000000000066
:10EAB0000000000000000000000000000000000056
:10EAC0000000000000000000000000000000000046
:10EAD0000000000000000000000000000000000036
:10EAE0000000000000000000000000000000000026
:10EAF0000000000000000000000000000000000016
:10EB00000000000000000000000000000000000005
:10EB100000000000000000000000000000000000F5
:10EB200000000000000000000000000000000000E5
:10EB300000000000000000000000000000000000D5
:10EB400000000000000000000000000000000000C5
:10EB500000000000000000000000000000000000B5
:10EB600000000000000000000000000000000000A5
:10EB70000000000000000000000000000000000095
:10EB80000000000000000000000000000000000085
:10EB90000000000000000000000000000000000075
:10EBA0000000000000000000000000000000000065
:10EBB0000000000000000000000000000000000055
:10EBC0000000000000000000000000000000000045
:10EBD0000000000000000000000000000000000035
:10EBE0000000000000000000000000000000000025
:10EBF0000000000000000000000000000000000015
:10EC00000000000000000000000000000000000004
:10EC100000000000000000000000000000000000F4
:10EC200000000000000000000000000000000000E4
:10EC300000000000000000000000000000000000D4
:10EC400000000000000000000000000000000000C4
:10EC500000000000000000000000000000000000B4
:10EC600000000000000000000000000000000000A4
:10EC70000000000000000000000000000000000094
:10EC80000000000000000000000000000000000084
:10EC90000000000000000000000000000000000074
:10ECA0000000000000000000000000000000000064
:10ECB0000000000000000000000000000000000054
:10ECC0000000000000000000000000000000000044
:10ECD0000000000000000000000000000000000034
:10ECE0000000000000000000000000000000000024
:10ECF0000000000000000000000000000000000014
:10ED00000000000000000000000000000000000003
:10ED100000000000000000000000000000000000F3
:10ED200000000000000000000000000000000000E3
:10ED300000000000000000000000000000000000D3
:10ED400000000000000000000000000000000000C3
:10ED500000000000000000000000000000000000B3
:10ED600000000000000000000000000000000000A3
:10ED70000000000000000000000000000000000093
:10ED80000000000000000000000000000000000083
:10ED90000000000000000000000000000000000073
:10EDA0000000000000000000000000000000000063
:10EDB0000000000000000000000000000000000053
:10EDC0000000000000000000000000000000000043
:10EDD0000000000000000000000000000000000033
:10EDE0000000000000000000000000000000000023
:10EDF0000000000000000000000000000000000013
:10EE00000000000000000000000000000000000002
:10EE100000000000000000000000000000000000F2
:10EE200000000000000000000000000000000000E2
:10EE300000000000000000000000000000000000D2
:10EE400000000000000000000000000000000000C2
:10EE500000000000000000000000000000000000B2
:10EE600000000000000000000000000000000000A2
:10EE70000000000000000000000000000000000092
:10EE80000000000000000000000000000000000082
:10EE90000000000000000000000000000000000072
:10EEA0000000000000000000000000000000000062
:10EEB0000000000000000000000000000000000052
:10EEC0000000000000000000000000000000000042
:10EED0000000000000000000000000000000000032
:10EEE0000000000000000000000000000000000022
:10EEF0000000000000000000000000000000000012
:10EF00000000000000000000000000000000000001
:10EF100000000000000000000000000000000000F1
:10EF200000000000000000000000000000000000E1
:10EF300000000000000000000000000000000000D1
:10EF400000000000000000000000000000000000C1
:10EF500000000000000000000000000000000000B1
:10EF600000000000000000000000000000000000A1
:10EF70000000000000000000000000000000000091
:10EF80000000000000000000000000000000000081
:10EF90000000000000000000000000000000000071
:10EFA0000000000000000000000000000000000061
:10EFB0000000000000000000000000000000000051
:10EFC0000000000000000000000000000000000041
:10EFD0000000000000000000000000000000000031
:10EFE0000000000000000000000000000000000021
:10EFF0000000000000000000000000000000000011
:10F000000000000000000000000000000000000000
:10F0100000000000000000000000000000000000F0
:10F0200000000000000000000000000000000000E0
:10F0300000000000000000000000000000000000D0
:10F0400000000000000000000000000000000000C0
:10F0500000000000000000000000000000000000B0
:10F0600000000000000000000000000000000000A0
:10F070000000000000000000000000000000000090
:10F080000000000000000000000000000000000080
:10F090000000000000000000000000000000000070
:10F0A0000000000000000000000000000000000060
:10F0B0000000000000000000000000000000000050
:10F0C0000000000000000000000000000000000040
:10F0D0000000000000000000000000000000000030
:10F0E0000000000000000000000000000000000020
:10F0F0000000000000000000000000000000000010
:10F1000000000000000000000000000000000000FF
:10F1100000000000000000000000000000000000EF
:10F1200000000000000000000000000000000000DF
:10F1300000000000000000000000000000000000CF
:10F1400000000000000000000000000000000000BF
:10F1500000000000000000000000000000000000AF
:10F16000000000000000000000000000000000009F
:10F17000000000000000000000000000000000008F
:10F18000000000000000000000000000000000007F
:10F19000000000000000000000000000000000006F
:10F1A000000000000000000000000000000000005F
:10F1B000000000000000000000000000000000004F
:10F1C000000000000000000000000000000000003F
:10F1D000000000000000000000000000000000002F
:10F1E000000000000000000000000000000000001F
:10F1F000000000000000000000000000000000000F
:10F2000000000000000000000000000000000000FE
:10F2100000000000000000000000000000000000EE
:10F2200000000000000000000000000000000000DE
:10F2300000000000000000000000000000000000CE
:10F2400000000000000000000000000000000000BE
:10F2500000000000000000000000000000000000AE
:10F26000000000000000000000000000000000009E
:10F27000000000000000000000000000000000008E
:10F28000000000000000000000000000000000007E
:10F29000000000000000000000000000000000006E
:10F2A000000000000000000000000000000000005E
:10F2B000000000000000000000000000000000004E
:10F2C000000000000000000000000000000000003E
:10F2D000000000000000000000000000000000002E
:10F2E000000000000000000000000000000000001E
:10F2F000000000000000000000000000000000000E
:10F3000000000000000000000000000000000000FD
:10F3100000000000000000000000000000000000ED
:10F3200000000000000000000000000000000000DD
:10F3300000000000000000000000000000000000CD
:10F3400000000000000000000000000000000000BD
:10F3500000000000000000000000000000000000AD
:10F36000000000000000000000000000000000009D
:10F37000000000000000000000000000000000008D
:10F38000000000000000000000000000000000007D
:10F39000000000000000000000000000000000006D
:10F3A000000000000000000000000000000000005D
:10F3B000000000000000000000000000000000004D
:10F3C000000000000000000000000000000000003D
:10F3D000000000000000000000000000000000002D
:10F3E000000000000000000000000000000000001D
:10F3F000000000000000000000000000000000000D
:10F4000000000000000000000000000000000000FC
:10F4100000000000000000000000000000000000EC
:10F4200000000000000000000000000000000000DC
:10F4300000000000000000000000000000000000CC
:10F4400000000000000000000000000000000000BC
:10F4500000000000000000000000000000000000AC
:10F46000000000000000000000000000000000009C
:10F47000000000000000000000000000000000008C
:10F48000000000000000000000000000000000007C
:10F49000000000000000000000000000000000006C
:10F4A000000000000000000000000000000000005C
:10F4B000000000000000000000000000000000004C
:10F4C000000000000000000000000000000000003C
:10F4D000000000000000000000000000000000002C
:10F4E000000000000000000000000000000000001C
:10F4F000000000000000000000000000000000000C
:10F5000000000000000000000000000000000000FB
:10F5100000000000000000000000000000000000EB
:10F5200000000000000000000000000000000000DB
:10F5300000000000000000000000000000000000CB
:10F5400000000000000000000000000000000000BB
:10F5500000000000000000000000000000000000AB
:10F56000000000000000000000000000000000009B
:10F57000000000000000000000000000000000008B
:10F58000000000000000000000000000000000007B
:10F59000000000000000000000000000000000006B
:10F5A000000000000000000000000000000000005B
:10F5B000000000000000000000000000000000004B
:10F5C000000000000000000000000000000000003B
:10F5D000000000000000000000000000000000002B
:10F5E000000000000000000000000000000000001B
:10F5F000000000000000000000000000000000000B
:10F6000000000000000000000000000000000000FA
:10F6100000000000000000000000000000000000EA
:10F6200000000000000000000000000000000000DA
:10F6300000000000000000000000000000000000CA
:10F6400000000000000000000000000000000000BA
:10F6500000000000000000000000000000000000AA
:10F66000000000000000000000000000000000009A
:10F67000000000000000000000000000000000008A
:10F68000000000000000000000000000000000007A
:10F69000000000000000000000000000000000006A
:10F6A000000000000000000000000000000000005A
:10F6B000000000000000000000000000000000004A
:10F6C000000000000000000000000000000000003A
:10F6D000000000000000000000000000000000002A
:10F6E000000000000000000000000000000000001A
:10F6F000000000000000000000000000000000000A
:10F7000000000000000000000000000000000000F9
:10F7100000000000000000000000000000000000E9
:10F7200000000000000000000000000000000000D9
:10F7300000000000000000000000000000000000C9
:10F7400000000000000000000000000000000000B9
:10F7500000000000000000000000000000000000A9
:10F760000000000000000000000000000000000099
:10F770000000000000000000000000000000000089
:10F780000000000000000000000000000000000079
:10F790000000000000000000000000000000000069
:10F7A0000000000000000000000000000000000059
:10F7B0000000000000000000000000000000000049
:10F7C0000000000000000000000000000000000039
:10F7D0000000000000000000000000000000000029
:10F7E0000000000000000000000000000000000019
:10F7F0000000000000000000000000000000000009
:10F8000000000000000000000000000000000000F8
:10F8100000000000000000000000000000000000E8
:10F8200000000000000000000000000000000000D8
:10F8300000000000000000000000000000000000C8
:10F8400000000000000000000000000000000000B8
:10F8500000000000000000000000000000000000A8
:10F860000000000000000000000000000000000098
:10F870000000000000000000000000000000000088
:10F880000000000000000000000000000000000078
:10F890000000000000000000000000000000000068
:10F8A0000000000000000000000000000000000058
:10F8B0000000000000000000000000000000000048
:10F8C0000000000000000000000000000000000038
:10F8D0000000000000000000000000000000000028
:10F8E0000000000000000000000000000000000018
:10F8F0000000000000000000000000000000000008
:10F9000000000000000000000000000000000000F7
:10F9100000000000000000000000000000000000E7
:10F9200000000000000000000000000000000000D7
:10F9300000000000000000000000000000000000C7
:10F9400000000000000000000000000000000000B7
:10F9500000000000000000000000000000000000A7
:10F960000000000000000000000000000000000097
:10F970000000000000000000000000000000000087
:10F980000000000000000000000000000000000077
:10F990000000000000000000000000000000000067
:10F9A0000000000000000000000000000000000057
:10F9B0000000000000000000000000000000000047
:10F9C0000000000000000000000000000000000037
:10F9D0000000000000000000000000000000000027
:10F9E0000000000000000000000000000000000017
:10F9F0000000000000000000000000000000000007
:10FA000000000000000000000000000000000000F6
:10FA100000000000000000000000000000000000E6
:10FA200000000000000000000000000000000000D6
:10FA300000000000000000000000000000000000C6
:10FA400000000000000000000000000000000000B6
:10FA500000000000000000000000000000000000A6
:10FA60000000000000000000000000000000000096
:10FA70000000000000000000000000000000000086
:10FA80000000000000000000000000000000000076
:10FA90000000000000000000000000000000000066
:10FAA0000000000000000000000000000000000056
:10FAB0000000000000000000000000000000000046
:10FAC0000000000000000000000000000000000036
:10FAD0000000000000000000000000000000000026
:10FAE0000000000000000000000000000000000016
:10FAF0000000000000000000000000000000000006
:10FB000000000000000000000000000000000000F5
:10FB100000000000000000000000000000000000E5
:10FB200000000000000000000000000000000000D5
:10FB300000000000000000000000000000000000C5
:10FB400000000000000000000000000000000000B5
:10FB500000000000000000000000000000000000A5
:10FB60000000000000000000000000000000000095
:10FB70000000000000000000000000000000000085
:10FB80000000000000000000000000000000000075
:10FB90000000000000000000000000000000000065
:10FBA0000000000000000000000000000000000055
:10FBB0000000000000000000000000000000000045
:10FBC0000000000000000000000000000000000035
:10FBD0000000000000000000000000000000000025
:10FBE0000000000000000000000000000000000015
:10FBF0000000000000000000000000000000000005
:10FC000000000000000000000000000000000000F4
:10FC100000000000000000000000000000000000E4
:10FC200000000000000000000000000000000000D4
:10FC300000000000000000000000000000000000C4
:10FC400000000000000000000000000000000000B4
:10FC500000000000000000000000000000000000A4
:10FC60000000000000000000000000000000000094
:10FC70000000000000000000000000000000000084
:10FC80000000000000000000000000000000000074
:10FC90000000000000000000000000000000000064
:10FCA0000000000000000000000000000000000054
:10FCB0000000000000000000000000000000000044
:10FCC0000000000000000000000000000000000034
:10FCD0000000000000000000000000000000000024
:10FCE0000000000000000000000000000000000014
:10FCF0000000000000000000000000000000000004
:10FD000000000000000000000000000000000000F3
:10FD100000000000000000000000000000000000E3
:10FD200000000000000000000000000000000000D3
:10FD300000000000000000000000000000000000C3
:10FD400000000000000000000000000000000000B3
:10FD500000000000000000000000000000000000A3
:10FD60000000000000000000000000000000000093
:10FD70000000000000000000000000000000000083
:10FD80000000000000000000000000000000000073
:10FD90000000000000000000000000000000000063
:10FDA0000000000000000000000000000000000053
:10FDB0000000000000000000000000000000000043
:10FDC0000000000000000000000000000000000033
:10FDD0000000000000000000000000000000000023
:10FDE0000000000000000000000000000000000013
:10FDF0000000000000000000000000000000000003
:10FE000000000000000000000000000000000000F2
:10FE100000000000000000000000000000000000E2
:10FE200000000000000000000000000000000000D2
:10FE300000000000000000000000000000000000C2
:10FE400000000000000000000000000000000000B2
:10FE500000000000000000000000000000000000A2
:10FE60000000000000000000000000000000000092
:10FE70000000000000000000000000000000000082
:10FE80000000000000000000000000000000000072
:10FE90000000000000000000000000000000000062
:10FEA0000000000000000000000000000000000052
:10FEB0000000000000000000000000000000000042
:10FEC0000000000000000000000000000000000032
:10FED0000000000000000000000000000000000022
:10FEE0000000000000000000000000000000000012
:10FEF0000000000000000000000000000000000002
:10FF000000000000000000000000000000000000F1
:10FF100000000000000000000000000000000000E1
:10FF200000000000000000000000000000000000D1
:10FF300000000000000000000000000000000000C1
:10FF400000000000000000000000000000000000B1
:10FF500000000000000000000000000000000000A1
:10FF60000000000000000000000000000000000091
:10FF70000000000000000000000000000000000081
:10FF80000000000000000000000000000000000071
:10FF90000000000000000000000000000000000061
:10FFA0000000000000000000000000000000000051
:10FFB0000000000000000000000000000000000041
:10FFC0000000000000000000000000000000000031
:10FFD0000000000000000000000000000000000021
:10FFE0000000000000000000000000000000000011
:10FFF0000000000000000000000000000000000001
:020000022000DC
:100000000000403F1C00403F7800FB3FFFFF80FFA7
:1000100000008000FFFF7FFF00800000FF7FFFFFE8
:10002000FF80FFFFFFFFFEFF00000100FFEFFFFF6B
:10003000FFDFFFFFFFFFF7FFFFFFEFFFFFFFDFFF28
:10004000FFFFBFFFFFFFFFFEFFFFFF8000000080FC
:100050000000F43F00000400FFFFFBFF0000F43F3E
:100060000000F53F00E0F63F0000F53F00000060B3
:100070000000016000E00260F0490200B38100006E
:100080007080F43FB080F43F40420F00F8CF004052
:100090003C00F03F83DE1B430060F63F00B4C40425
:1000A0005080F43F006889099006403FC406403FF5
:1000B0000088F43F00000C00000000129C30FB3F61
:1000C00020B381000000FB3F00000050C408403F07
:1000D0003000403FA001403F547D00400C02403FB3
:1000E0001402403F2002403FFFFF7F40FFFF3F40A0
:1000F000FFFF0C40FFFF7F3FA03E0D4000000D4082
:10010000FFFFFF01FFFF00000000413F0000403FF4
:10011000EC08403FA430FB3F2031FB3F4CC4004083
:10012000D02E0040C8C20040E001FE3FF815FB3F62
:10013000367C0300088C1A06C000F03F1C00F03F1C
:10014000CC00F03FF013E500ACF0F43F00002000DD
:10015000ACD0F63FC400F03F2000F03FD481004017
:10016000002A01003409403FB880F43F3431FB3F9E
:100170000020000000F0F53FFFBFFFFF70F0F53FEB
:100180008CF0F53F90F0F53F84F0F53F88F0F53FB7
:1001900094F0F53FA4F0F53FFF1F00E000000500DC
:1001A000000800C04C31FB3FBC00FB3F3402403F25
:1001B0000000FE3F5031FB3FC731FB3F6831FB3F42
:1001C000041DFB3FDC200840FFFFC1FFFFFFFF7F56
:1001D0000080F8BFFF1F03000000F4BFFF1F0000F6
:1001E000FC09403F701D0840FFFF3FC06431FB3FEA
:1001F000ECC100401C68004000080300000800003B
:10020000140A403F4C0A403FFF00FCFF7C80F43F53
:1002100000C03F00FFFF01FEFF8FFFFF44E00060D2
:1002200000FF0300FFFFFDFFB831FB3FC5B3A29104
:10023000FFFF0FFF045F0840900D403FA002403FCA
:100240000000400000000002000000040000000662
:10025000FF1FFCFFB931FB3F5C190840783C0D40A3
:10026000FFFFFF0E6C15FB3FB415FB3F0090F43F02
:100270005809403F0040F43F0040F43F0C9F0040CD
:10028000680A403F0048F43FDC9E0040840DFB3F7D
:100290006F12833A00000008FFFF0F000C2D0D4085
:1002A000F809403F9002403F9802403F700A403FAB
:1002B000B40A403F700B403FBC0B403F28C6004093
:1002C000364100B14FFFA14FFFA5AC020C021DF05B
:1002D000364100AD02BD032083B0C21801C0C14148
:1002E000C0FC40C2CCE1C0C060E53F031DF000008F
:1002F000364100AD02BD032083B0C21801C0C14128
:10030000C0FC40C2CCE1C0C060E542031DF000006B
:10031000364100D063112083B07218017071417AA8
:10032000732087B082180107E810BD0720A220259E
:10033000FAFFCD07BD03AD02A54A036A627216003B
:100340007073C02087B082180107E811BD07AD02A5
:10035000E5F7FFCD03BD07AD02A548033D0730B368
:100360002020A220A5F8FF9000000000364100AD3B
:100370000280F340C2C8E1C0C0604B9C2099A0E855
:1003800009BCBED2A00392CC04A099A0222900D01F
:10039000B211A092B092190190914137390A20B25E
:1003A000206534030613000000B0BA80B21B03922C
:1003B000CC04A099A0B269000BDD162D00B79EC534
:1003C000B83A82C8E08080600C190018400089A10A
:1003D000808060802B10870B1A20C06020CC10C05A
:1003E000FC40C2CCE1C0C0604B8CA088A02808BDF6
:1003F00002652F031DF00000364100BD03161304F3
:100400007802AD07254103BD0AD09A11708AB082E7
:10041000180107E8040C4AA5B7B18081418A8A70A7
:10042000A8B0A21A00A088C0871B040C4A25B6B148
:100430009A978219018081E48A88825901AD072543
:10044000EDFF1DF036410078021683053083413000
:100450003024BB333033413A388827803363BD03BF
:10046000AD07A5F0FF2D0A16FA03D06A11708AB005
:1004700082180180814187B3123A3ACD03BD0AAD9B
:1004800007E53103BD0370A72065E6FF6A87921870
:10049000010C1AA09920925801BD02AD07E5230373
:1004A0002D0A8601000C024600000C021DF000001F
:1004B00036410020A22040B420A5F8FFA02A201D2C
:1004C000F000000036410042C4FC7BA37C8880AA77
:1004D000104A33808310A038C030F341A902F92AB2
:1004E0000C08893AB0FF40D2CBE0D0D060B2CBDC70
:1004F000B0B060E0BB117BEBE0B3418602004B98EB
:10050000A099A00C0CC9091B88D728F1B0C0F4CA67
:100510008C8080F4825A010C07725A000C1DD0881E
:1005200020825A01B09FC07C8FF08E102BE8EAEA3F
:100530009090F49A49425E008A8AC25800F0831073
:100540002BC8CACA725C008A8A925800921801D0DD
:100550009920925801A5D9FF1DF000003641008175
:10056000AAFE29081DF0000036410030A32040B447
:1005700020CD05E00200A5B5B2A5CAB236410040C3
:100580004074880207632CC02000989840406400A3
:100590004411A19EFEA09910409920C02000999876
:1005A000C020009898A19AFEA09920C02000999898
:1005B00006040000C020009898A196FEA09910C0E3
:1005C00020009998176314C020009888A193FEA07A
:1005D0009920C0200099884604000000C02000989F
:1005E00088A18EFEA09910C0200099881DF00000FF
:1005F0003641009802C02000889930306480331161
:10060000A188FEA08810308820C0200089991DF0A4
:10061000364100880226335FF64310661302864097
:1006200000662302465400C60100000066430246ED
:100630002700C020009228117CEAA09910C0200059
:10064000926811C020009228117C7AA09910C020D5
:1006500000926811C020009228116CFAA09910C075
:100660002000926811C020009888A16EFEA0991009
:10067000C020009988C65400C020009888A169FE57
:10068000A09910C020009988C020009228110C8ADF
:10069000A09920C02000926811C020009228111C4F
:1006A0000AA09920C02000926811C020009888A25A
:1006B000AFBFA09910C020009988C02000922811D7
:1006C0000C1AA09920C02000926811463F0000003B
:1006D000C020009228111C0AA09920C02000926816
:1006E00011C020009888A14FFEA09910C020009949
:1006F00088C020009888B2AFBFB09910C020009980
:1007000088C020009888A09910C020009988C02037
:10071000009228110C1AA09920C02000926811465E
:100720002A000000C0200098884C0AA09920C02010
:10073000009988C020009228117C7AA09910C020CE
:1007400000926811C020009228111C0AA09920C0B4
:100750002000926811C020009888A132FEA0991054
:10076000C020009988C020009228110C1AA099205E
:10077000C02000926811861400C020009228117CCD
:10078000EAA09910C02000926811C02000922811A0
:100790007C7AA09910C02000926811C02000922895
:1007A000116CFAA09910C02000926811C020009826
:1007B00088A2AFBFA09910C020009988C0200098DF
:1007C00088A119FEA09920C0200099881DF0000082
:1007D0003661009802C020008889C020008901C0CD
:1007E0002000880130A00440AA11B110FEB088108A
:1007F000A08820C020008901C02000880130A10409
:1008000030AA11B10BFEB08810A08820C02000894A
:1008100001C02000880130A204D0AA01B106FEB0B8
:100820008810A08820C020008901C02000880130E5
:10083000A304C0AA01B100FEB08810A08820C02087
:10084000008901C02000880130A404B0AA01B1FBD6
:10085000FDB08810A08820C020008901C020008839
:100860000130A504A0AA01B1F6FDB08810A088202F
:10087000C020008901C02000880130A60490AA0190
:10088000B1E5FDB08810A08820C020008901C020FB
:10089000008801303704803301A1EAFDA0881030C0
:1008A0008820C020008901C020008801C020008964
:1008B000891DF00036410030307420A2202513033A
:1008C000922200308A828080F4C02000A22908B7DA
:1008D000FA09D088118080F4460100007B8880836B
:1008E00041ACB8C02000A899808064808801B1D64E
:1008F000FDB0AA10808A20C020008999C0200088FD
:1009000099A1D2FDA08820C020008999C6030000CB
:10091000C0200088998A88808141C0200089991D63
:10092000F0000000364100880291C9FD979820C070
:1009300020009888A1C8FDA09920C020009988C0F7
:1009400020009888A1C5FDA09910C02000926808D9
:100950001DF00000366100980281BDFD87190C81F1
:10096000C2FD87990EB1BEFDC6020000B1BCFD06F6
:1009700001000000B1BCFDC020008879C0200089C2
:1009800001C020008801808074C02000A22918C006
:100990002000A911DC18C02000A811A0A2A4C0202A
:1009A000008811808DA4871A07C02000880B46F1AB
:1009B000FF1DF0003661008802C020008878C0204A
:1009C000008901C02000880180807582C8808080F5
:1009D000608090F48080F487B4024090F4AD09996F
:1009E000058802919BFD97180B919FFD97980CB17C
:1009F000A0FD460200B19DFDC6000000B19EFD0CA9
:100A000008C602008A93920900C02000990B1B8837
:100A1000A738F01DF00000003661008804A6180217
:100A20008620009802C020008879C020008901C07B
:100A30002000880180A074C02000822918C02000F6
:100A40008911C020008811808DA4C02000981190C9
:100A500092A487B916C020008811808DA4C0200000
:100A600098119092A49088C0060E0000C0200098B3
:100A700011909DA4C0200088118082A487B91AC05B
:100A800020008811808DA492A0809A88C0200098B0
:100A9000119092A49088C04602008C4A82A08046A1
:100AA00000000C0889048802B8049169FD97180BAE
:100AB000916EFD97980DC16AFD860200C168FD0622
:100AC00001000000C168FD0C08460300C02000A81A
:100AD0000C8A93A249003DF01B88B738EE1DF00048
:100AE0003641008167FDC020008808808E152618D9
:100AF0000A66280F2162FD06030000002147FD065B
:100B000001000000215DFD1DF00000003641008164
:100B10005DFDC0200028082090F42080F587991002
:100B20000B827CD987390E2021E42A22CCD24602BE
:100B3000000C028601000C024600000C021DF000B1
:100B4000364100A5FCFF7D0A0C06ED060C4DCD0DCF
:100B50000C3BA2A06DA5D4B75D0AED060C7D0C9CE4
:100B60000C3BA2A06DA5D3B74D0AED060C7D0C8CF5
:100B70000C3BA2A06DA5D2B73D0AED060C5D0C7C26
:100B8000B2A003A2A06DA5D1B74B8A008811803313
:100B9000113088204088202BC580A7828077A281D1
:100BA0003AFD80778280BAA2F0CC01DD0680AA826D
:100BB000BAB78136FDE008002D0A1DF03641002647
:100BC0002237F63222CC7265F4FF2D0A060E0000A1
:100BD0008130FDC020008808808014B62821662856
:100BE0002422A1E00608000065F5FF812AFD802A85
:100BF000A22022D50604000000000C82060200009C
:100C000022A1404600000C021DF000003641008188
:100C10001CFDC02000A808A0AB15262A6FF63A0BD1
:100C2000169A06261A250C4A46180000663A5A25D6
:100C3000F1FF8117FDC0200082280080801416B8C3
:100C40000326183D22A00046170000008111FDC0B8
:100C50002000880880801426180926280EDC185CDD
:100C600002C6030022A0A0460200000022A0F04617
:100C700000000C028105FD802282860A000C484695
:100C800000000C28802AC2460700A2A004E5F2FF5B
:100C900081FEFC802A828100FDC020008228008025
:100CA000809482C8018022C21DF00000364100817C
:100CB000F4FCC020008808808B1526181666380BB7
:100CC000A5F4FFA02141460300000000E5F3FF2D3D
:100CD0000A86000021F2FC1DF0000000364100E50C
:100CE000FCFF2D0A1DF0000036410081EDFCC02004
:100CF0000029081DF00000003641008D020BB20CE7
:100D0000190CBCB73C010C0990907456D90B0C1906
:100D1000F633010C0990907456890B20F44020257D
:100D20004116740B0CC987B90206220091DFFC90B2
:100D300088A08808A0080065EDFF461D0000E5F9C1
:100D4000FF861B0000000065DCFF81CFFC80AA82CB
:100D5000C6170000000081CEFCC0200088088080FB
:100D600014B6280866280CA2A1E0060200A2A14041
:100D7000860000000C0A81C4FC80AA82A0A1410662
:100D80000C000000AD03251900860900AD03651EA7
:100D900000860700AD03251C00860500AD03A50DE8
:100DA00000860300000000AD03E51100C60000004E
:100DB000E5D8FFCCFA7CF2060900000000A1B2FCE5
:100DC000860000A1B8FCA904C604000022A1020606
:100DD0000300000022A102060100000022A1021D62
:100DE000F000000036410082A001F6220282A0003D
:100DF00080807490F4409095419088208C182582D2
:100E00000091AAFCC083118A89A808A904881889BE
:100E1000142033A09033A0882389241DF000000003
:100E200036410091A3FCC02000A83981A2FC808A31
:100E300020C0200089391DF0364100BD028C820C93
:100E40000AA5E4B42D0A86080010112025C9FFCD9B
:100E50000A565A00101120A57C00D2A000A196FCD1
:100E6000B2A07A818AFCE00800A02A20164200ADD8
:100E70000265E7FF1DF0000036410026123D2622E4
:100E80002356D203818EFC880856F800B2A0640C69
:100E90001AA5DFB4E5F4B48189FCA9088188FC288F
:100EA00008C6070000B2A064A2A00125DEB465F365
:100EB000B4A02A208182FCA908C601002170FC464A
:100EC00000000C021DF0000036410026123D2622D3
:100ED0002356D203817AFC881856F800B2A0640C1D
:100EE0002AA5DAB4E5EFB48175FCA9188174FC2851
:100EF00018C6070000B2A064A2A00225D9B465EE0E
:100F0000B4A02A20816EFCA918C601002143FC462A
:100F100000000C021DF000003641002612172622A8
:100F20001F56C202815FFCC02000A2280065EBB4FE
:100F3000A02A20060700A5BAFF2D0A06050000001A
:100F400000A2A40025EFFFE5E9B42D0AC6000000C9
:100F5000000C021DF0000000364100AD0226120B0D
:100F600065F1FF802A114601000000002155FC1D9B
:100F7000F00000003641008142FCC020008808805B
:100F80009D05D7780626191886040000E5B7FF816D
:100F90003EFC802A822022410607000000002568CE
:100FA0000020A22025FBFF8136FCC0200082280003
:100FB000808C241B88802AC21DF00000364100303E
:100FC00030740C98273861906300813EFC99E88C5E
:100FD000D3813DFC8082A098081B999908060300E4
:100FE000813AFC8082A098080B999268008136FCB7
:100FF0008082A08808D60802E032118134FC802269
:10100000A0C22200B133FCA133FC8133FCE0080014
:10101000812EFC3A880C099908812AFC88E880E630
:10102000131020000C0286000022A1021DF0000017
:101030003641000C9827381B9063008122FC99E808
:101040008122FC8082A00C02290890E61310200067
:10105000C600000022A1021DF0000000364100EC95
:1010600092860B00811AFC8087A0C8088117FC803B
:1010700087A0E8088C4ED119FC860000D119FCB17C
:1010800019FCAD02A5CE011B774600000C070C9899
:1010900077B8D0210DFC1DF03641003A320B338178
:1010A00012FC2738528111FC27B814810FFC37B885
:1010B000040C424600000C020C28802220860F00FF
:1010C000810CFC27B8258109FC37B80C8107FC3757
:1010D000B80D0C380C428602000C180C02C6000039
:1010E0000C380C0280222006050000008102FC273B
:1010F000B80A1C02C60100000C424600000C821D0A
:10110000F000000036410081FCFBA1FCFBA0B8C050
:1011100091FCFB908810909A109088C0B718051029
:101120001120E54F00A070F4B0778081F6FB807746
:10113000807070F500771170B720E5F5FF0C09C6D7
:101140000B0000009089A02088B0B808A70B20B839
:1011500038B7370DC828C9480C0CC958B077C046F5
:101160000300B8487ABBB948B85870BBC0B268052C
:101170001B99A639CE1DF00036410081E3FBA1E3A7
:10118000FBA0B8C091DFFB908810909A109088C0A7
:10119000B71805101120A54800A070F4B077808121
:1011A000D9FB8077807070F500771170B720A5EEBD
:1011B000FF0C09C60B0000009089A02088B0B80879
:1011C000A70B20B838B7370DC828C9480C0CC95828
:1011D000B077C0460300B8487ABBB948B85870BB6E
:1011E000C0B268051B99A639CE1DF000364101C278
:1011F000A0780C0BAD0181C9FBE008000C0786103C
:101200000070979081C3FB8099B0A8097087A010E7
:1012100088B0A918B819B928682969386958A9483F
:10122000A839A908B859B968922904997881BCFBF2
:10123000E00800261A02A53E006060F4162600258C
:101240003E001B77A637B9B2A003AD0165EBFF0CDA
:101250003BAD0165F2FF0C18061D00000B9880A83D
:10126000A010AAB0B84A90A9A010AAB0A82AA79B1B
:101270005C80A8A010AAB0B86A90A9A010AAB0A8D3
:101280006AA79B4980A8A010AAB0B87A90A9A0101C
:10129000AAB0A87AA79B3690B9A010BBB07CFAA9D7
:1012A0006B80A8A010AAB0C80AD80BD0CC20C90A5D
:1012B000C81BC91AC83AD83BDACCC93AB84BB94AA4
:1012C000B85A9099A01099B098599A9B995A1B882E
:1012D000A638880C086D0806040000008098A0104D
:1012E00099B098692609011B661B88A638ED81898B
:1012F000FB69080C057D05460A0000005085A0101A
:1013000088B0886826081A70A7A08182FB80AAB0DE
:1013100050B5A02C8C10BBB04BAA8182FBE008001A
:101320001B771B55A635D40C09460700B17AFB90F4
:10133000A9A0B0AAB00C08899A9089A0D08811827F
:10134000C820BA884B8889AA1B997739DEA172FB1D
:101350006545B2771602A52C001DF00036410081CC
:1013600072FB29081DF000003641008170FBA808BF
:101370006521B41DF0000000364100A2A000817775
:10138000FBE00800A2CAF5F63A2A816BFBC02000F8
:1013900098087CF88099308169FBC02000B8087CEF
:1013A000F880BB308167FBC0200088087CFCC0A8A7
:1013B0003046020000A15EFBB2A00F915EFB82AF3F
:1013C000FD8099108160FB808920C15FFBC02000F7
:1013D000922C00D15EFBD09920C02000990CC15CFA
:1013E000FBC02000980CD09920C02000990CC1525D
:1013F000FBC02000D80CD09810D09930C0200099A4
:101400000CC154FBC02000980C808920C0200089AA
:101410000C914AFBC02000C809C08B10C08830C0A6
:1014200020008909914DFBC020008809B08820C0A8
:10143000200089099143FBC02000B809B08A10B090
:101440008830C0200089090C9AE5F6B61DF000002E
:101450003641000C88273833DCA28622000C1800A5
:1014600012400088A1913EFB978861F7E863C7E8C6
:101470002A0C02461C000C8827380A813AFB80821D
:10148000A08808A008000C02061700001C082738D6
:101490004A0C9887B2C60C020613000082C3FC8077
:1014A000F84080854192C3F790F94090954190882B
:1014B00020ECC882C3FBB6282C0C32460A000C6212
:1014C0000609000C52C607000CA28606000C7246E4
:1014D00005000C920604000C82C602000C02860174
:1014E000002D034600002D031DF000003641008151
:1014F0001EFB0C09C0200099081DF0003641008138
:101500001AFBC0200088088090E58020E4808F319D
:101510001B882099C00C1A90A983A088208C080CE5
:10152000021DF00036410065FDFFA07A20A2A00058
:10153000810BFBE00800BD0765F1FF810CFBA908EA
:101540008C17A5FAFF1DF0003641000C170611009C
:1015500000A1F9FAC02000822A009105FB908820A2
:10156000C02000826A0081FBFAC0200099080C09A3
:10157000C02000990891FFFAC02000822912A1FE24
:10158000FAA08810C02000826912A2A00325E1B64B
:101590000B777070748CB70C3A65DFB6BD0A16FA1B
:1015A000FA46F9FF81F6FA0C02C02000290891F4EE
:1015B000FAC02000290991F3FAC0200029097CF91A
:1015C000A1F2FAC02000990AA1F1FAC02000990AFC
:1015D00091F0FA0C1AC02000A909A1EEFAC020006F
:1015E000980A0C8BB09920C02000990AC02000985E
:1015F00008A1E9FAA09910A1E9FAA09920C0200059
:101600009908C020009808A1E6FAA09920C02000FF
:1016100099081DF036410025F3FF0C021DF0000073
:101620003641006504000000364100AD0281DDFA5C
:101630008808E008000C021DF00000003641003070
:10164000B32020A07425FEFF22A00090000000001F
:1016500036410081D4FA290891D4FA8209020C2A71
:10166000A088208249021DF0364100A1D0FAE5345D
:10167000B20C4AE591B00000364100C2AFF8B1CEDD
:10168000FAC0BB1081CBFAB088C0C0C810A1C9FA9B
:1016900025E3FE22A00090000000000036410081FA
:1016A000C7FAC8088D0C0C0B460A000098089090E9
:1016B00005A802A0A005973A1E9808A802A0993094
:1016C00007F90DA808A0A14592220090914597BA6C
:1016D00006BD0888285638FD8C0CCC8B892281B732
:1016E000FA2908C60000292B89221DF03641009DE9
:1016F0000281B2FA280846040088028080053798E3
:10170000078802808145971804282256A2FE1DF002
:101710003641003A2281AAFA8022B0281281A9FA21
:101720008022C00C182028931DF000003641007D57
:1017300002BD03AD0265FBFFA02A2056DA030CCAE6
:10174000E5F5B12D0ABC3AC2A00CB2A0008173FA33
:10175000E00800707044F077018802919BFA90884D
:10176000107088208902303004003311912EFA90D5
:1017700088103088208902AD0225F2FF1DF000009C
:10178000364100AD02818DFA2808C614008292000D
:101790000C49908810808823DC488802E0881180FA
:1017A0008831A798388802808005379830C60C00A9
:1017B0008222008080053798249222015629012533
:1017C000E6FF8809908811808823808821A718095E
:1017D000985956C9FE0C084600000C18CC48222225
:1017E000025682FA1DF000003661007802707145E1
:1017F000CD01BD07AD04E55EFF882117E86A0768E3
:1018000002260569880187536A9763078811CC7897
:1018100046190000881126186492920007E9648234
:10182000A00480891080882316D800A2A008A0A94F
:101830001080AA238C1AA5DEFF0C8AA0A91080AA0A
:1018400023564A049C08876344303A0490910497D5
:1018500093410C12C610000040B42070A72025EB65
:10186000FF564A030C12460C000C02060B000C0239
:10187000C60900000C024608000C020607000C0214
:10188000C60500000C024604000C020603000C0210
:10189000C60100000C024600000C021DF000000012
:1018A00036A1000CCCB2A000AD01811CFAE008000A
:1018B000208164CC380CE8802220BD03AD0525ECE6
:1018C000FF7D0ABC1A260407880A808145479819BB
:1018D00040D42030C32020B220AD07E5F0FF8CFAC1
:1018E00088078081458981863D007CF88981C63BD7
:1018F000007CF88981063A00660402C63300BD0305
:10190000AD04A5DEFF7D0ADC3A409044F0990188E1
:1019100001A12DFAA0881090882089017D0140D472
:101920002030C32020B220AD07E5EBFF8C8A88076A
:101930008081458981062A007CF88981462800003B
:10194000BD03AD0665DAFF7D0ADC3A609044F0998C
:10195000018801A11DFAA0881090882089017D01CD
:10196000CBC1BD06AD03E547FFDD04CD03BD02AD30
:101970000765E7FF161A0587623B8297000C4990BE
:101980008810808823AC0888170C09C600001B99B2
:1019900088585688FF889187290582210357A828EF
:1019A000583199916981C60700888166081A883183
:1019B00057280A86040088315728098602005D08E6
:1019C0006981C600005D0869811B66860200498145
:1019D00081FFF989910C950C061CF867280286D7BF
:1019E000FF28811DF0000000368100794149115225
:1019F000610282A30087C302069F00308434162848
:101A00000056862782A10080A31087030E80F6402F
:101A1000808541209F0590882056582688110C19F2
:101A2000809883882180F8408085418709028695C7
:101A300000A7631B9C8681E6F98A8691E6F987B93F
:101A40000E81E5F980868091E5F987B902068F005D
:101A5000308164CCE88C7A0C288033204601000069
:101A60000CE88033206B82F6680A91DDF99088A03B
:101A70008808A008007CF7C606000CF78605001C45
:101A8000074604000C770603001CD7C601000CB7FC
:101A900086000072A0060C8A65C0B14D0A161A1F96
:101AA000806300893180EB03808D048901DD02CDE4
:101AB00007BD08AD03A5DEFF5D0A660A1288318006
:101AC000E613102000AD04A5BCB16CD20671000075
:101AD000B22100A5C5FFA07A20DC0A883180E61378
:101AE000102000AD04A5BAB17C4286690087E302EC
:101AF000862200A2A018A5BAB1A26105561A0188D3
:101B00003180E613102000AD0465B8B17C428660D8
:101B1000001C8C0C0BA8518181F9E00800B8518899
:101B200011891B8821892B693B8841894B8817893A
:101B30005B2080748A98821B00A2AE01A08810905E
:101B40008820825B00B9178297000C499088208218
:101B500057000C180015400088A190E403908810ED
:101B600090883080E4131020000C0EDD07C19DF931
:101B7000BD0E50A52025AEB0C6160000000082A004
:101B800008825A001636020C180015400088A190F1
:101B9000E40390881090883080E4131020000C0E2D
:101BA000D841CD06BD0EAD05E5AAB09763151CF86A
:101BB00057B802E5A6FF0C1A00154000AAA1818CB7
:101BC000F9E00800209074A099018807A187F9A086
:101BD00088109088208907A763298297000C299094
:101BE00088208257009181F988019098A0A8090C5B
:101BF000180015400088A1A08810A088308909C667
:101C0000080000008297007CD990881082570081DC
:101C100077F998018089A098080C1A00154000AA4D
:101C2000A1A09920990896B200CD05BD02A8018116
:101C300071F9E008007264008227018264010C18C7
:101C40000015400088A190E40390882080E41310E0
:101C50002000B76304AD0465B0AF883180E613108F
:101C600020008221108C5849080C02460900AD045E
:101C7000E5A1B10C02C606006CA28605006CA24666
:101C800004006CA2060300006CA28601006CA24650
:101C900000007C421DF00000366100AD02BD03ED86
:101CA00004FD0569010C0DCD0DE5D3FF2D0A1DF0D6
:101CB0003641000CD82738548152F98022A088027E
:101CC000A008002C020613001C02C611002128F9EE
:101CD00046100021D1F8C60E0022A100460D000CCE
:101CE00022060C004C02C60A0021CFF8460900214A
:101CF000CAF8C6070022A406460600213FF9C6041A
:101D00000022A3C9460300213DF9C601000C02864A
:101D1000000021BFF81DF000364100AD030CE8378C
:101D2000282582C3F7F658073106F906010000009E
:101D30003102F9E5F7FF163301C02000822300A726
:101D4000880F22A001C602000C328601000C324628
:101D500000000C221DF00000364100207014A1F696
:101D6000F8C02000880A9102F9908820C0200089DC
:101D70000A81F8F8C0200099080C09C02000926878
:101D80000091FCF8C02000822912A1FBF8A0881065
:101D9000C020008269120C3666172C66120A0C1AD3
:101DA000A522B38602000000000C988792026525E8
:101DB000B3B2A4000C2A65EDB3DC5A0B86E61624F8
:101DC0006CD2C60A000000006627060C1BAD0B256E
:101DD00024B3AD07A52DB3B2A400A2A000E5EAB3D9
:101DE000060100000080682016CAFAE5EFFE22A076
:101DF000009000003661008103F9922800822801DA
:101E000099018911882282410098129090948099BA
:101E1000118801A1FDF8A08810908820890191FB0C
:101E2000F8C020008809A1FAF8A08820C020008905
:101E300009A193F8C02000880A91F6F890881092C2
:101E40000105F09901908820C02000890AC0200077
:101E5000880A91F1F890981088018086250B8840B7
:101E60008811808C24408811808920C02000890A34
:101E700081EBF8C020009808A1EAF8A09920C020C2
:101E8000009908C020009808A1E7F8A09910C02088
:101E9000009908C020009808A1B8F8A09910C020A7
:101EA000009908220100AD026543B3A177F8A0A212
:101EB000826505AF1DF0000036810081DBF88208E5
:101EC0000056C800AD02E5F2FF81D7F80C19924820
:101ED000000C0A2520AFAD01A535B3B2C110A81280
:101EE000A52EB3165A079841822200879972706313
:101EF00000A2C110255FB3A0EA03881280BAA2C86D
:101F0000310C0D80AA828161F8E00800A0EA13700C
:101F1000E61310200025F1AEC0AA1181C4F880AAF2
:101F2000A2A090F5A0A4B5B14AF8C02000885B80BB
:101F300084B5C0880180AA20C02000A95BC0200011
:101F4000885B909034C09901A1BAF8A0881090885D
:101F500020C02000895B0C02C60100006CA2460074
:101F6000006CA21DF00000003641003C3887130FC2
:101F70003C488713173C2887131D6CA206120000EB
:101F8000A8342520B30C02460F00000000A2041064
:101F900065DCFF2D0AC60B008824913BF887B90841
:101FA000913DF89088A28082D5892488149136F8D2
:101FB00087B9089138F89088A28082D58264014060
:101FC000A42065EFFFA02A201DF000003641003C50
:101FD0005887133137280C3C3887130F3C48871338
:101FE00017460D003C68871326460B000C0A65F85F
:101FF000FEA904460A000000000C0AE5F1FEA9044F
:102000000607000000000C1AA5F6FEA904C603008E
:102010000C1A65F0FEA90446010025BFFEA264006B
:1020200022A000900000000036410020A22030B322
:102030002065CEFF261A110CE8372807AD03253B93
:10204000B6060100AD03A56DB60C021DF000000040
:1020500036410020A22030B320E5CBFF262A110C08
:10206000E8372807AD032535B6060100AD03A53CCA
:10207000B60C021DF00000003641007812A52EFFBC
:10208000AD0765E3FF2D0A569A04A837650FB3A282
:10209000071065CCFFA02A20FC8AE52DFFA126F8B9
:1020A000C02000880A9132F8908820C02000890A58
:1020B0008129F8C0200099080C09C02000990891D6
:1020C0002DF8C02000822912A12CF8A08810C02071
:1020D000008269121DF00000364100A156F8255714
:1020E000FFA154F86547FE1DF0000000364100A135
:1020F00052F8A567B1168A00E5FDFF22A000460050
:10210000006CD21DF0000000364100A14CF8208286
:10211000F0A088B09808C02000B8092D08A8280CA5
:1021200038001A400088A1B08810B08830303014D0
:10213000001A400033A1308820C0200089091DF01A
:102140003641005653022082F0913CF89088B0B29C
:102150002800C02000922B008818808920C0200011
:10216000890B0C0BAD0225FAFFC6070066131CC1D4
:1021700033F82082F0C088B09808C02000B80988E1
:1021800018B08810B08830C0200089091DF0000008
:102190003641002082F09129F89088B088B8ACE8E8
:1021A000BD092092F0B099B0A809C02000C80A2D3E
:1021B00009B8C9001B400098A1C09910C0993030DF
:1021C0008810001B400088A1808920C02000890A57
:1021D0001DF0000036410088020C0BC6050000000F
:1021E00037980E30C32020A220E5860122A00106E8
:1021F0000200BD0888085668FE0C021DF0000000B1
:1022000036410082220016080130B320AD0265FC81
:10221000FFCCDACCD46CA2460800CC646CA2860653
:1022200000008CF48802890339028812CCA8391284
:102230000C028601000C024600000C021DF000009A
:1022400036410081C2F787122E81FDF787921081F7
:10225000FDF787132781FCF78793260C52C60C00E5
:1022600081FAF787132181F9F787132081F6F78721
:10227000931F0C22060700000C028605000C424644
:1022800004006CA2060300000C128601000C32460A
:1022900000006CA21DF00000366100AD0430307407
:1022A000681288366618091CF837B8090C07C60189
:1022B000000C0786000072A020707380B2AFBFB020
:1022C000B510E5F7FFA02A2096DA0EA06300981655
:1022D00082C7209098A0C02000B829C1DDF7C0BBFC
:1022E00010C02000B92998169088A0C02000982816
:1022F000B2AC7FB09910C0200099288836DC1898BD
:10230000160C180013400088A1C0200082691346F3
:102310000D00B8160C190013400099A1C0200082CE
:102320002B16C020008901C020008801909074C243
:10233000AF00C08810908820C020008901C0200014
:102340008801C02000826B16881692C7208099A051
:10235000C02000882920B02490BB11C2AC7FC08867
:1023600010B08820C020008929164204881690F5F4
:1023700003920910DCD972C7208077A0C0200088A2
:102380002791B3F79088109124F7908820C02000FF
:102390008927C6060072C7208077A0C02000882742
:1023A00091ACF79088109172F7908820C020008936
:1023B00027A0E6131020000C021DF000364100306B
:1023C000B320A2220440C074A2CA0465E3FF2D0A10
:1023D0001DF000003641007D02819EF7820800DC7E
:1023E000980C0EDD02C19CF7B2A4001C6AA58AFFFE
:1023F0002D0ADC0A8198F70C19924800B198F7ADC4
:1024000007E567012D0A1DF0364100A18CF72082F7
:10241000F0A088B09808C02000B8092D08A8280CA2
:1024200038001A400088A1B08810B08830303014CD
:10243000001A400033A1308820C0200089091DF017
:102440003641005653022082F0917CF79088B0B25A
:102450002800C02000922B008818808920C020000E
:10246000890B0C0BAD0225FAFFC6070066131CC1D1
:1024700073F72082F0C088B09808C02000B809889F
:1024800018B08810B08830C0200089091DF0000005
:10249000366100A2A020A0A21082AFFF80823092FD
:1024A000A1FE0018400099A1816EF70002408080D3
:1024B0009180892092A0FF000240909091A0899382
:1024C00007E802C69F0082A0272738148166F72AF2
:1024D00088A20800008A239668000C1BAD0825F628
:1024E000FF2C7827B802869800209074815FF79AB5
:1024F00088920800815EF78A99C020008809A14669
:10250000F7A08810A11BF7A08820C0200089091718
:1025100063398155F72A888208009154F79A88C058
:1025200020009808A2AF7FA09910C02000990881D0
:1025300050F78082A09808C020008809A2A100A0BE
:102540008820C020008909460E00000027633481DE
:1025500046F72A888208009145F79A88C02000989B
:1025600008A2AEFFA09910C0200099088141F78011
:1025700082A09808C020008809A2A080A08820C05E
:102580002000890967E3024648002C0AA0A2107CBB
:10259000F88082300C690018400099A18131F70061
:1025A00002408080918089200C39000240909091F7
:1025B000A0899307E802C6650047631B82C2209189
:1025C0002DF79088A0C0200098280C4AA09920C020
:1025D000200099280606000082C2209126F79088E4
:1025E000A0C0200098287CBAA09910C0200099288B
:1025F00077632C1CF82738130C180012400088A1B0
:10260000911DF7C020008929061000000C18001247
:10261000400088A19118F7C020008959060B0000DE
:102620008763281CF82738130C180012400088A173
:102630009111F7C020008939060400000C1800121F
:10264000400088A1910CF7C0200089691CF8273848
:10265000120C180012400088A19107F7C0200089D1
:1026600099060D00A105F7C0200088CAC020008986
:10267000110C190012400099A1C0200088119090FF
:1026800074B2AF00B08810908820C020008911C0BB
:1026900020008811C0200089CA0C0DCD0DB2A10008
:1026A000AD0281F6F6E008000614000097E34C1C2A
:1026B000F82738120C180012400088A191EFF6C0DC
:1026C000200089A9060D00A1ECF6C0200088DAC020
:1026D000200089010C190012400099A1C020008837
:1026E00001909074B2AF00B08810908820C0200094
:1026F0008901C020008801C0200089DA5763218148
:10270000DAF62A8882080091D9F69A88C0200098C3
:1027100008A2A200A09920C0200099080C02860DF2
:1027200000A7E33181D1F62A8882080091D0F69A79
:1027300088C020009808A2ADFFA09910C020009981
:10274000080C024604006CA2060300006CA286017D
:10275000006CA24600000C021DF000003641002073
:102760006054205684204F842C088022100C18209E
:10277000828391C3F69088A0880816B8133070142D
:1027800026270C6637070C470601000000000C07DF
:1027900030821426180526280A0603000C88807744
:1027A000200601001C0880772082AE018A9590F9EE
:1027B000409095418A8480F840808541870902468F
:1027C0003F0082A1FF8715042C0880772082A1FF9B
:1027D0008714044C08807720308414261805262896
:1027E0000B86030082A08080772046010082A10032
:1027F00080772030861426180626280CC603000091
:1028000082A20080772046010082A4008077208782
:102810006305817AF6807720776735DC120C180023
:1028200016400088A19193F6C0200089290608006F
:102830000C190016400099A1A193F6C02000885AF7
:10284000909074B2AF00B08810908820C0200089AA
:102850005A876738DC120C180016400088A1918551
:10286000F6C020008939C6080092A0010016400079
:1028700099A1A184F6C02000822A06909074B2AF7C
:1028800000B08810908820C02000826A06BD07AD85
:1028900006E5BFFF67670D0C0DCD0DBD04AD0681CC
:1028A00077F6E0080057671D0C0CBD05AD06817674
:1028B000F6E008000C028603006CA246020000004D
:1028C00022AF7A4600000C021DF0000036410030B5
:1028D00030740C07460500002087B0B22801A228FA
:1028E00000A5E7FF96AA0072C7017070743737E73A
:1028F0000C0A2D0A1DF0000036C1002C8CB163F6C5
:10290000AD018108F6E008000C07C60B001087A097
:102910006228006082C08081600006DA40B0FA0060
:1029200008CA40A0FAA53F01A2610C500AFA8158DA
:10293000F65018FA10004B76100A72C7010C9877FF
:10294000A8CA4600002D061DF00000003681006870
:10295000428B76B2C11070A720E5ED00C2C1140C05
:102960000BA8416539FEC851B2C118AD0765EE002C
:10297000A86165F8FFA903BD01AD076500018801E5
:1029800026280C26381256280C824304C603000061
:102990000C288243048601000082A001824304B215
:1029A000C10470A72025F400881126280E263813AC
:1029B0002618024627008243050603000C2882439E
:1029C000050601000C388243058BB1AD0765F600A2
:1029D0008821262827F6380B9C1826181722AF7A4C
:1029E000461F000026381D22AF7AC61C000C088244
:1029F00043064605000C188243064603000C288255
:102A0000430646010082A003824306B2C10C70A7B0
:102A10002065F90088318C7826380D22AF7AC60FF0
:102A2000000C088243070601000C18824307882621
:102A3000C02000922811076920C02000888867689C
:102A40001D0C388243070C024605000022AF7A862F
:102A50000300000022AF7A8601000C024600000C41
:102A6000021DF000366100681228429822C0200042
:102A70008889A108F6A08820C0200089898B721C53
:102A80006BAD07E5F4000C1BAD0765B6FDAD076542
:102A9000ECFDAD07E5E8FD82030426182026281189
:102AA000569815B2A00070A720E5E900C605000001
:102AB00000000C2BAD0725E9008602000000B2A043
:102AC0000370A72025E80082030526281426381D58
:102AD000261802464B000C1BAD07E5DA0086050000
:102AE00000000C2BAD0725DA008602000000B2A022
:102AF0000370A72025D900820306262830F6380B5C
:102B000016280126181B22AF7AC641002638282233
:102B1000AF7A863F00000C0BAD07A5DF00C60700AB
:102B200000000C1BAD07E5DE00C6040000000C2B06
:102B3000AD0725DE00C60100B2A003AD0765DD00CC
:102B40000C0BAD07A5ACFD82030726181126381B18
:102B500056880B0C0CBD0CAD0725A2FDC604000C5D
:102B6000AC0C3BAD0765A1FDC60100000C1BAD0719
:102B7000E5A9FDBD01AD0725CC004BC10C0BA8019B
:102B80006517FEB82298038811160904C0881190B1
:102B900088C2809441A1C0F5973A31C02000A85B5B
:102BA000409911909C41A0A4B5C0AA0190AA20C050
:102BB0002000A95BC02000985B808034C08801A100
:102BC0009CF5A09910808920C02000895B1C6BAD0A
:102BD0000725CEFD820618CC380C0B4600002C0BC6
:102BE0008206198C780C4880BB20C6000000160BAA
:102BF0000270A720A5BDFD22A00086050022AF7AA5
:102C00000604000022AF7A460200000022AF7A4696
:102C100000000C021DF00000368100324110A84275
:102C2000822A02C02000822807C02000826101C0E1
:102C30002000881180807526E8E5DD010C1CB2C1FA
:102C4000108BAA25D7FD1DF0366100BD03A8420CEC
:102C5000188901982AC020008879C020008911C0F5
:102C60002000881180C074C02000822918C0200074
:102C70008921C020008821808DA4C0200098219047
:102C800092A487B916C020008821808DA4C020009E
:102C900098219092A49088C0860D0000C0200098D2
:102CA00021909DA4C0200088218082A487B91AC0E9
:102CB00020008821808DA492A0809A88C02000984E
:102CC000219092A49088C0C60100CC6C7CF20605CD
:102CD00000008CE810C120A2CA08E5D3FD22A000A4
:102CE000860000007CF21DF036610020A22030B387
:102CF0002010C120A5F9002D0A96DA0088010C0CDD
:102D0000B20804A80865BCFF2D0A1DF036410082F8
:102D10002201B63310663313B2A000A22801A5FC2D
:102D2000FF2D0A0602000C02C600000022AF7A1D29
:102D3000F00000003641007D0258426812B157F59C
:102D400020A220A5F9002D0A960A02A806E5A1B046
:102D50009C6AB826A806A5F600BD05AD0765D0FF9C
:102D60002D0A966A000C024600006CD21DF000008D
:102D700036A100D2C110C2C1300C8EAD02BD0349D4
:102D800061597169817991D911C901E9212503003E
:102D90002D0A1DF036A1008142F5D2C110A22800F3
:102DA000C2C130E2A00420B2203951496159716991
:102DB000817991D911C901E9216500002D0A1DF021
:102DC00036E1009D04820202AD03498129B1599187
:102DD00069A199D159E169C138124D0A17E8024633
:102DE0000502A20A001B84CC1A0604020C072D045B
:102DF00086020000A202001B82CC1A4634022C5923
:102E0000979A0A6202012B22A796124600002D080B
:102E1000B8B172C701E00300D68AFDC6F2010C0EFC
:102E20008D024D0E5D0E1CF92CEB0C9FD120F52D63
:102E3000081C0C57B905061600002D08A2C6E0A70D
:102E40003C5DD0AAA0A80AA00A006202000C1AA049
:102E50005520AA885626FE4618020C2AA055200C9A
:102E60004A620200A055205050F41B8856A6FC462A
:102E700012026202000C8AA055201B8856A6FB464F
:102E80000E026202001C0AA055201B8856A6FA46B4
:102E90000A02A2A07F57BA020638004600002D0899
:102EA000A2C6D0A73F3D4C0CC705200C9C62020077
:102EB000E0EEA0A0EE901B88CC1686FF01A2C6D043
:102EC0002D08A7BCE7C6060000002D084044A062FC
:102ED0000200A044902C0AA055201B8856E6FB4611
:102EE000F6012D082CAAA79672D8C14BAD676528AC
:102EF0001C8CA72C06C8E1A9C1460300D7AC02C6AA
:102F000000002C0D2C4AC8D1A9C1620200DAACE83D
:102F10000A1B8856D60E86E8011C4CD72C06C8E141
:102F2000A9C1C603001C8CD7AC02C600002C0D2C16
:102F30004AC8D1A9C1DAAC480A62020096C4002C82
:102F40000AA055201B8856260AC6DB012C8A404061
:102F500060A055201B88562609C6D701B716024621
:102F6000BD014C0AA7050246D901620200A0A520B6
:102F7000A050F41B885656F206D00100A2C6B4A792
:102F8000BB02C6B801C1CAF4C0AAA0A80AA00A0020
:102F9000AD0877650AC2A200C05520460000AD0802
:102FA000620A001B88A2A080A055202D0856B6FCFE
:102FB00086C20100AD0887650AC2A200C05520463E
:102FC0000000AD08620A001B88A2A100A055202DB8
:102FD000085676FA86B9010000620800A2A2801B9A
:102FE00088A055202D085626F946B401A2C6D00C5B
:102FF0009CA73C0286B4FFC6B9FF6202001B88CCC6
:1030000016C6AD012D0806A2FF00006202001B8853
:103010005686E146A9010C0B82CA9F80F840808544
:1030200041B08820808074D67E00B2AFBFB055100A
:103030000C0E9CF888C17C8A7B88A088108B98999C
:10304000C11C8A97AA06872A032C8889C16196F435
:103050000C7886200082C69D1C2B87BB02C67B0095
:10306000B195F4B088A08808A00800B8C11C884BAE
:10307000ABA7280788E1A9C106040000B7A804A9E6
:10308000C14601002C482C0B89C188D1BA88A808F8
:103090006D010C18A24100460F00B8C11C884BAB53
:1030A000A7280888E1A9C14604000000B7A804A920
:1030B000C14601002C482C0B89C188D1BA88680808
:1030C000A179F4508604606A837CFB80BE93AD06D0
:1030D000817BF4E008008D0ABD0437E53247B82F44
:1030E00069F17261106D0878B15D044600004D0A07
:1030F000BD07A2A020E0030096EA4E0BA4A736ED80
:103100007221108D061B975A9968F14079C0BD0A4B
:103110002261114D0728B17A5889F1B26110460435
:10312000004087C08A86A20800BD021B77E003002A
:10313000966A4B5797EA06250177655997652C885B
:10314000C17C8A7B88A088108B9899C11C8A972A99
:1031500006A8E10603000000872A052C892C08999F
:10316000C1A8D18A8AA808B818461A00B8C11C8814
:103170004BABA7280688E1A9C1C60300B7A804A9DC
:10318000C14601002C482C0B89C188D1BA88A808F7
:10319000A0BF31C60F00B8C11C884BABA728088858
:1031A000E1A9C14604000000B7A804A9C146010076
:1031B0002C482C0B89C188D1BA88A80887E5040659
:1031C0000400000097650800AA23A0BF3146010053
:1031D00080AA23A0BF316CF8808510D6EB010C1CAF
:1031E000D2A400A0CA83B0B060D088204C0FC0BB6E
:1031F000C0A0A0608080F4F0F5100606004C0FB06F
:10320000CA20F0F510CCDC4C0AA0F510A705021678
:103210009E140C0ABD0A10C120D2A00AF26111E26C
:10322000611082610F65B500F2211188F1E2211071
:1032300010CAC0561F13C649006CF88055100CAD5B
:10324000860F001C08805520DD0862A078460C001F
:1032500082A078879A0A60AAC01C0880DA20060833
:103260000058B1A2A02550B520E0030096AA37BDB2
:1032700005AD062B77E00300D68AB7C6DA000C8DC1
:103280000C0677655797652B88C17C8A7B88A08858
:10329000108B9899C11C8A972A05A8E1C6020000E4
:1032A000872A052C892C0899C1A8D18A8AA808B830
:1032B00018C61A00B8C11C884BABA7280688E1A91C
:1032C000C1C60300B7A804A9C14601002C482C0BB5
:1032D00089C188D1BA88A8080C0B861000B8C11C17
:1032E000884BABA7280688E1A9C1C60300B7A8048C
:1032F000A9C14601002C482C0B89C188D1BA88C2CB
:10330000A100A808C0B510C7051582A20080B5109D
:10331000870509A0A0740C0B0601000000A0A0F412
:103320004C08B0CA20808510CCDC80A60407EA02D5
:1033300046C00056EE2F460E0010C120826110E2FA
:10334000610FA5A300822110E2210F10CAC0ECF882
:103350007C9880851047E56F862300006CE88085A7
:1033600010DD0C461C0000008081E48A88C0DE531A
:103370000619000C8880E51087850246C400068483
:10338000005083C4D08811E7AC31DCA66C888085FE
:10339000103765688601000056860637655EE04492
:1033A000C06D0706730000004765582BDE376502C5
:1033B00006310047AD0286420086970047E508C601
:1033C000B700DD0CC6AF00000C8AA0A81016F604EA
:1033D0002BDC562A0A0623000C8AB2A406A0A810E9
:1033E000B708251BDDBCFA0616000C8AA0B810A78A
:1033F0008802862800C044C06D07065200DD0E0C0E
:103400000686A000AD0EC60000AD0EED0D0C8BB013
:10341000B81016AB06E044C06D07ED0A86490000FF
:103420001BDCAC3AC60D0000076811D0B4C0ED0C2F
:10343000472D02469100BAECBD0A868F0047AD02C7
:10344000062000D044C006430007680FD0E4C04700
:103450002D02862E00EAEC4D06C62D00472D64D0C5
:1034600044C006670007680CD084C0472D454D084E
:10347000ED0C862700472D4BD044C04625000000A8
:10348000076808E084C0472E2C860800472E30E0ED
:1034900044C0ED0A861C0000076808C084C0472CA1
:1034A00014860200DD0C472C1AC044C08616004D5D
:1034B000084637001C0B8AEC0C04566B05461200BC
:1034C000DD0EED0A7261135D0D78B189F1E26110D4
:1034D000D26111C261124600005D0A70B720A2A03D
:1034E00020E00300962A101BA5472AEC722113D274
:1034F00021111B9788F1D099C0E22110C221125AE4
:1035000079A044C047E80CC610006D07860D000086
:103510004D0EED0CB8B13C0AC26110E9F1E00300B8
:10352000966A0CE8F1C22110CC461B6786050000A4
:10353000B8B1AD06C26110E9F1E00300E8F1C221C3
:10354000102B67963A0A7D06E7AC46060900A2A44E
:10355000066D07A708EF80B1042C0A2CBDB0DA83F2
:10356000808A042CDAB8B1C26110E9F180AD83061B
:103570002600006AEE58B1C07EC0C9F1BD053C0A04
:103580001B66E00300961A067796F0C8F146000025
:10359000CD0E0B5C5A517261100B617D05C9F1585B
:1035A000B1060300A20700BD05E003000B77968A71
:1035B000037796EFC8F17221107ACC060700BD069A
:1035C0002C0A72C701E00300D65A01C6060088F132
:1035D000B22110222111804BC0CD0768B17D0C4A69
:1035E0004C7084C0E618D64602FEA8B192A00482B0
:1035F0000A02908820824A027CF20635002D0AC613
:103600003300B8B1C26110E9F13C0AE00300E8F10F
:10361000C221101B67D6DAF286F3FFB8B13C0AC2AA
:103620006110E9F1D044C0E00300E8F1C22110D6F6
:10363000DAEF06EDFF0C0ACD01BD0A826110E261EE
:103640000FA57300822110E8F110CAC056E8056C7E
:10365000988085108664FF00A2C6B4A73B0AC116F5
:10366000F3C0AAA0A80AA00A002C0AA0A62082CA19
:103670009B0C1BF638028667FE4666FE4D0B06B5B0
:10368000FFD044C086A0FF47AD02868DFF06FCFF39
:10369000E6140246BEFF6C88808510CD0EDD0E4616
:1036A00088FF37E5024646FFC044C0C6B8FF6C88B5
:1036B000808510E7AC028637FF46F9FF2D080C061F
:1036C000D6DEB982AFBF8055102C0AED06C6DFFEEC
:1036D0002D071DF03641001DF0000000364100D0DE
:1036E00033114B333A221DF0364100D09311208321
:1036F000B082180387931D98320C1800144000887C
:10370000A190881090883089324B442044A00C0846
:103710008904C607009A92A219024B442044A0894A
:1037200004D09A116B999A92825900D088114B88D3
:103730008A22A252001DF0003641004B842088A04E
:10374000B808ECBB88320C190014400099A190888D
:103750002089324B442044A03904D083114B989ADD
:10376000923030F43259006B888A82325800860ACF
:1037700000D08B114B888A82921800D0A3114BCABB
:10378000CAC2925C006BAAAAA2B25A00D099116B6D
:10379000999A223030F43252003258001DF0000065
:1037A000364100D083112B888A82A21800A0A14143
:1037B0003094C04033C0AA339090F49AA9A2580024
:1037C000D0A4112B8A8A823030F43AB3B25800AABE
:1037D000A2925A008218008081418A442024B0328B
:1037E00052001DF0364100D083112B888A82B21816
:1037F00000B0B141D0A4112BAAAAA2921A009091B4
:1038000041BA999AB9B25800821A008081418A441B
:103810002024B09252001DF036410032C3FC202318
:10382000C02023411DF000003641001DF0000000C3
:103830003641001DF00000003641008802C0200023
:103840008888B7F8060CB88903C600000C488903BD
:103850001DF000003661008802C020008858C0209A
:10386000008901C04411C020008801408811808C6B
:1038700041C08811C0200098019094359088208024
:1038800044C249031DF00000364100880266332817
:10389000C020009228110C4AA09920C020009268F4
:1038A00011C020009888A2AFCFA099101C0AA0993F
:1038B00020C020009988460A00C020009228117C70
:1038C000BAA09910C02000926811C02000988830DA
:1038D0003014C03311A2AFCFA09910309920C0206E
:1038E0000099881DF00000003641008802C02000C9
:1038F000922811276911C0200098889094146619A5
:10390000060C388903460200C02000888880841491
:1039100089031DF03641009802C0200088893030AC
:1039200014E033117C3AA08810308820C020008930
:10393000891DF0003641008802C0200088888082FE
:103940001489031DF000000036410098029C33C02A
:103950002000888930A0047CEBB08810A08820C0AB
:1039600020008989C0200088893031043A337CDA0C
:10397000A08810308820C0200089891DF000000038
:103980003641008802C020009888176911C02000C5
:1039900088888080040C299088208903C600000C48
:1039A0000889031DF000000036410088020C0999C7
:1039B00003C0200098987779030C199903C0200060
:1039C0008888F7680888030C2990882089031DF0EF
:1039D0003641009802C020008899303064A2AF8040
:1039E000A08810308820C0200089991DF0000000B8
:1039F0003641008802C020009888909214C02000B0
:103A0000A22811276A0AC02000A888A0A414261A98
:103A10000AC02000B888B0B4144600000C3BC02097
:103A200000A888176A0FC02000A888A0A0040C284E
:103A300080AA204600000C0A6B99B62B040C28467D
:103A400000000C189A888080740C12A02A838A22A5
:103A50002020741DF0000000364100CCE38804896A
:103A600002981297941189120603000000880489B5
:103A700003881287940139120C0889041DF0000094
:103A80003641007D020C3BAD02E003002D0AA0AFE1
:103A90000582A0868A820C19809883978A0D0C1B58
:103AA000AD07E003002D0A961A000C021DF000007D
:103AB000364100B802AC5B780BACD7ECBB7D0BC6D3
:103AC0000900882B40C810470806881BAD03E00892
:103AD000008CF788078CD8CCB78D07C601007D0B0A
:103AE000860100008D07BD077D08564BFD1DF000C7
:103AF00036410088129838CCA98828C0200088F860
:103B000089030603008828C0200082281080807462
:103B100089030C021DF000003641008812A06300EA
:103B20009838DC698828C020009818404930304413
:103B300010904430C020004918C60A00B828C020A0
:103B400000884B80807430307480931080993040AE
:103B50003310C02000884B309920C2AF00C08810BD
:103B6000908820C02000894BA0E6131020000C0292
:103B70001DF0000036410088129838CC998828C082
:103B800020003928060600009828C02000885930F7
:103B90003074A2AF00A08810308820C0200089595E
:103BA0000C021DF036410088129838CC998828C044
:103BB00020003938060600009828C02000886930A7
:103BC0003074A2AF00A08810308820C0200089691E
:103BD0000C021DF03641009812806300A839DC0AFF
:103BE000A829C02000981A309930C02000991A8660
:103BF0000800B829C02000984B909074309930C0CC
:103C00002000A84B909074C2AF00C0AA10909A20D8
:103C1000C02000994B80E6131020000C021DF0001C
:103C2000366100881290F503920910A838DC4A88A2
:103C300018CC79C0200022281A860D00C02000224E
:103C40002818460B008818DC59C0200082281FC0A5
:103C500020008911C020002811202074C604000013
:103C6000C0200082281DC020008901C0200028013A
:103C70002020741DF0000000364100B6430522AF3D
:103C80007A4600000C021DF03641000C021DF000C7
:103C900036410030307488028904460200920805DB
:103CA0003719158B8889048804A802920204A09908
:103CB000B09738E87CE24600000C021DF0000000DE
:103CC000364100AD02BD03882288088C68E00800F8
:103CD0002D0A86000022AFA81DF000003641007DAD
:103CE000020C3BAD02E003002D0AA0AF0582A086C6
:103CF0008A820C19809883978A0D0C1BAD07E0030C
:103D0000002D0A961A000C021DF0000036410088B2
:103D1000428828C0200028280CC88022101DF000EE
:103D20003621005012FA5023FA7032FAB042FA30BB
:103D300051FA30546A0063FA0072FAB021FA6065F1
:103D40006A3051FA3000FA6082FA60546A30086AC8
:103D5000D071FA60656A00846A3031FA60346A6052
:103D6000086A6022FA60636A00246AF007FAE06772
:103D7000FA60027A4020FA1DF0000000364100503F
:103D80008044668802C63D0052C5C95050605090BC
:103D90007466B802862F000C9A0C1B0C0C00424073
:103DA00020D38100414020F38130E241FADD3031FF
:103DB0004120807430EE80F7BD02E2CE0100444025
:103DC000D0FE81E03441DAFFE03380D7BF0232C356
:103DD00001004840F0D38130E841FADD30EE80F751
:103DE000BD011BEE104040D0FE81E030F5DAFFEA65
:103DF00033D7BF011B33FA23F7B2011B3300434013
:103E000020238120D2A0DADDD088C08080743033B6
:103E10004187BA2F1BE2FD0B273E01FD0CD2C8F6ED
:103E2000D0D0742D0E3A3FD73A0A82C82682440079
:103E30001B44C6D9FFDAD9D2CD30D244001B448608
:103E4000D6FF000082C8308244003082201B441616
:103E50007804C6D1FF000C9C20803400444020230D
:103E60008130344130A22080B98087BC02B0807498
:103E700082C8308244001B4456CAFDC606000000BA
:103E800020802482C8300043402023813033418287
:103E900044003082201B445658FE2D041DF00000C3
:0400000540083E7CF5
:00000001FF
